road_id,name,highway,lanes,maxspeed,surface,oneway,bridge,tunnel,osm_id,length_m,geometry_wkt
1,Velachery Bypass Road,primary,2,50,asphalt,yes,,,way/22688386,466.45,"LINESTRING (80.2196271 12.9914386, 80.2195551 12.9913215, 80.2192915 12.9905341, 80.2191001 12.9900216, 80.2189178 12.9895322, 80.2187315 12.9890468, 80.2185724 12.9885725, 80.2185055 12.9883073, 80.2184435 12.9879886, 80.2183524 12.9874273)"
2,RajaLaxmi Nagar 3rd Main Road,tertiary,2,,asphalt,,,,way/23079581,126.35,"LINESTRING (80.217938 12.9842224, 80.2185792 12.9843056, 80.2187995 12.9843314, 80.218905 12.9843438, 80.2189374 12.9843476, 80.219046 12.9843603, 80.2190934 12.9843659)"
3,Sabari Salai,secondary,,40,asphalt,no,,,way/23227994,521.09,"LINESTRING (80.1914144 12.9654063, 80.1915804 12.9653705, 80.1916717 12.9653567, 80.192765 12.9651246, 80.192895 12.9651357, 80.1930928 12.9651365, 80.1932712 12.9651208, 80.1935116 12.9650946, 80.1940099 12.9649849, 80.1948869 12.9647829, 80.1949409 12.9647764, 80.1950267 12.9648228, 80.1951179 12.9648254, 80.195248 12.9648059, 80.1961207 12.964658)"
4,Lakeview Street,tertiary,,,,,,,way/25504312,405.44,"LINESTRING (80.1985794 12.9915007, 80.1986614 12.9914752, 80.1994991 12.9911157, 80.2001288 12.9908129, 80.2002242 12.990724, 80.2004867 12.9904333, 80.2007045 12.9902435, 80.2009962 12.9901041, 80.2012493 12.9899836, 80.201518 12.9899032, 80.2016592 12.9898244, 80.2018045 12.9897433)"
5,Masthan Gori Road,residential,,,,,,,way/25504441,322.15,"LINESTRING (80.20266957714385 12.9924, 80.2026415 12.9921734, 80.2026418 12.9921029, 80.2026436 12.9917285, 80.2026431 12.9917043, 80.2026372 12.9914273, 80.2026335 12.9912547, 80.2025973 12.9909693, 80.2025333 12.9902239, 80.2025241 12.9901123, 80.2024923 12.9897524, 80.2024739 12.989497)"
6,West Karikalan Street,residential,,,,,,,way/25504467,348.62,"LINESTRING (80.1988838 12.9922217, 80.1983434 12.9922984, 80.1982468 12.992309, 80.1977887 12.992359, 80.1973828 12.9923877, 80.1968929 12.9923784, 80.1964766 12.9923131, 80.1960197 12.9922588, 80.1956929 12.9922102)"
7,Nanganallur 1st Main Road,tertiary,,,asphalt,no,,,way/25552951,716.26,"LINESTRING (80.1891 12.982991884678846, 80.189465 12.9829864, 80.1900741 12.9829633, 80.1902943 12.982953, 80.1909052 12.9829245, 80.1920289 12.9828515, 80.1924205 12.9827848, 80.1927556 12.9827267, 80.1931421 12.9826464, 80.1935473 12.9825533, 80.1938674 12.9824786, 80.193961 12.9824313, 80.1940745 12.9822011, 80.1946212 12.9816924, 80.194813 12.9815509, 80.1948803 12.9815154, 80.1949583 12.9814809, 80.1950376 12.9814722, 80.1951201 12.9814755, 80.195227 12.9814808)"
8,Nanganallur 100ft Road,residential,,,asphalt,,,,way/25553310,263.1,"LINESTRING (80.1911932 12.975427, 80.1904302 12.9758802, 80.1896456 12.9763167, 80.1893527 12.9764882, 80.1891 12.976627259763315)"
9,Kakkan Nagar Main Road,tertiary,,,,,,,way/25556182,443.5,"LINESTRING (80.20600525758898 12.9924, 80.2058473 12.9919874, 80.2058126 12.9919179, 80.2055741 12.9914413, 80.2052312 12.9905523, 80.2051628 12.9903304, 80.2049944 12.9894652, 80.2048999 12.9891277, 80.2048546 12.9889661, 80.2048306 12.9885877)"
10,Madipakkam Main Road,residential,,,,no,,,way/25561949,757.91,"LINESTRING (80.1899181 12.9690131, 80.1909282 12.9687151, 80.1914592 12.9685655, 80.1916274 12.9685121, 80.1920509 12.9684122, 80.1922207 12.9683719, 80.1926786 12.9682775, 80.1930615 12.9681903, 80.1936371 12.9680625, 80.1941148 12.9679483, 80.1941422 12.9679417, 80.1941691 12.9679287, 80.1941832 12.9679169, 80.1941905 12.9678973, 80.1941952 12.9678803, 80.1941925 12.9678509, 80.1941779 12.9677225, 80.1941449 12.9674327, 80.1941449 12.9674144, 80.1941549 12.9673961, 80.194167 12.9673837, 80.1941825 12.9673713, 80.1947011 12.9672861, 80.196145 12.9670161)"
11,Anna Salai,residential,,,,,,,way/25562013,267.37,"LINESTRING (80.1917865 12.9804971, 80.1917248 12.9799745, 80.1915966 12.9792583, 80.1915137 12.9788498, 80.1914434 12.9784695, 80.1913825 12.9781139)"
12,Lakshmi Nagar 9th Street,residential,,,asphalt,,,,way/25562252,21.05,"LINESTRING (80.1892939 12.9758326, 80.1891 12.975839802772933)"
13,விக்னேஷ்வரா நகர் 1வது தெரு,residential,2,,asphalt,,,,way/25562280,183.44,"LINESTRING (80.1907954 12.9710173, 80.1902388 12.9711435, 80.189159 12.9714332)"
14,Gangai Amman Koil Street,residential,,,,,,,way/25562473,351.58,"LINESTRING (80.2184145 12.9883099, 80.2176869 12.9884057, 80.2171809 12.9884853, 80.2169403 12.9885383, 80.2167365 12.9886324, 80.2165581 12.9887474, 80.2164227 12.9888454, 80.2163878 12.9889068, 80.2163098 12.989104, 80.2162966 12.9891825, 80.2162567 12.9895385, 80.2162505 12.9896216, 80.2162177 12.9899355)"
15,Ponniamman Koil Street,tertiary,,20,,,,,way/25562487,847.22,"LINESTRING (80.1972991 12.9794004, 80.1973276 12.9790557, 80.1973482 12.9786197, 80.1974382 12.9774805, 80.1973938 12.976972, 80.1974293 12.9763815, 80.1974719 12.9755516, 80.19747 12.9749463, 80.1974716 12.974645, 80.1974675 12.974293, 80.1974729 12.9741749, 80.1974331 12.9740374, 80.1970519 12.973976, 80.1969085 12.9734591, 80.1968764 12.973329, 80.196837 12.9730978, 80.1966301 12.973108, 80.1966186 12.9731049, 80.1966067 12.9730963, 80.1965978 12.9730812, 80.1965538 12.9728369, 80.1964637 12.9723418)"
16,2nd Main Road,tertiary,2,,asphalt,,,,way/25562494,1030.1,"LINESTRING (80.1933682 12.9896609, 80.1933468 12.9895457, 80.193284 12.9892158, 80.1931656 12.9888103, 80.1931488 12.9887276, 80.1930787 12.9883611, 80.1929731 12.9879587, 80.1928615 12.987468, 80.1927293 12.9869088, 80.1926876 12.9867322, 80.1926089 12.9863992, 80.1925544 12.986218, 80.1924964 12.985956, 80.1924217 12.9856126, 80.1923461 12.9852205, 80.192301 12.9849919, 80.1922325 12.9844068, 80.1922253 12.9843357, 80.1921244 12.9836568, 80.1921145 12.9835214, 80.1920289 12.9828515, 80.1919233 12.9818677, 80.1918766 12.9812454, 80.1917865 12.9804971)"
17,,residential,,,,yes,,,way/25562576,88.72,"LINESTRING (80.1935687 12.9912744, 80.1943719 12.9911235)"
18,Murugan Street,residential,,,,,,,way/25562663,260.67,"LINESTRING (80.1962043 12.9697463, 80.1941564 12.9699878, 80.1938197 12.9700333)"
19,Arul Jothi Street,residential,,,asphalt,no,,,way/25562666,280.05,"LINESTRING (80.1920509 12.9684122, 80.1921766 12.9688566, 80.1922025 12.9689916, 80.1923038 12.9695604, 80.1923574 12.9698781, 80.1924178 12.9702875, 80.192517 12.9708996)"
20,Kannagi Street,residential,,,,no,,,way/25562669,430.95,"LINESTRING (80.1962068 12.968966, 80.1952233 12.9690648, 80.1951957 12.9690807, 80.1951434 12.9691382, 80.1950968 12.9691533, 80.1948858 12.9691841, 80.1943778 12.9692581, 80.19426 12.9692753, 80.1923038 12.9695604)"
21,M. G. R. Street,residential,,,asphalt,,,,way/25689285,486.54,"LINESTRING (80.1919642 12.9779758, 80.1918711 12.97758, 80.1917295 12.9771214, 80.1915667 12.9765938, 80.1914381 12.9761773, 80.1912378 12.9755935, 80.1911932 12.975427, 80.1910624 12.9751106, 80.1910436 12.975027, 80.191053 12.9750022, 80.1910892 12.9749617, 80.1912233 12.9749042, 80.191344 12.9748859, 80.1915345 12.9748963, 80.1916166 12.9748886, 80.1916476 12.9748648, 80.1916632 12.9748257, 80.1916866 12.9747021, 80.1917138 12.9746643, 80.1917525 12.9746445, 80.1918056 12.9746292, 80.1921479 12.9745312)"
22,Murugappa Street,tertiary,,,asphalt,,,,way/25689603,573.41,"LINESTRING (80.1922824 12.9748662, 80.1923802 12.9748352, 80.1929939 12.9747282, 80.1931486 12.9747419, 80.1935017 12.9747978, 80.1939175 12.9748579, 80.1943202 12.974953, 80.1951784 12.9751309, 80.1957908 12.9752132, 80.196519 12.975369, 80.1969892 12.9754597, 80.1974719 12.9755516)"
23,Puzhuthivakkam Road,tertiary,,,,,,,way/25689605,557.47,"LINESTRING (80.1964637 12.9723418, 80.195986 12.9723883, 80.1958193 12.9723893, 80.1954423 12.9723925, 80.195236 12.9723983, 80.1949692 12.9724059, 80.1947133 12.9724132, 80.1941674 12.9724337, 80.1939431 12.9726167, 80.1938448 12.9726788, 80.1938041 12.9727036, 80.1937584 12.9727194, 80.1937096 12.9727264, 80.1936 12.9727269, 80.193429 12.9727276, 80.1930807 12.9726555, 80.1928504 12.9725745, 80.1926551 12.9725151, 80.1925334 12.9724986, 80.1924148 12.9724956, 80.1916116 12.972605, 80.1915389 12.9726258, 80.1914709 12.9726442)"
24,Taramani Link Road,primary,2,50,asphalt,yes,,,way/25689918,295.73,"LINESTRING (80.2227628 12.9769934, 80.223144 12.9772234, 80.2235307 12.9774565, 80.2246021 12.9781163, 80.224769 12.9782125, 80.2250841 12.9783943)"
25,Moovarasampettai Main Road,tertiary,,,,,,,way/25690464,89.71,"LINESTRING (80.1891 12.969300135422742, 80.1891916 12.9692758, 80.1893045 12.9692458, 80.1898774 12.9690267)"
26,,residential,,,,,,,way/25774686,194.14,"LINESTRING (80.1922772 12.9734183, 80.1924071 12.9737594, 80.1925662 12.9741746, 80.1925954 12.9742076, 80.192641 12.9742281, 80.1926795 12.9742361, 80.193511 12.9742564)"
27,Union Carbide Colony Main Road,residential,,,,,,,way/25774690,320.42,"LINESTRING (80.1953555 12.973876, 80.19423 12.9738373, 80.1939205 12.9738443, 80.1935233 12.9738477, 80.1934283 12.9738454, 80.1930318 12.9738003, 80.1924071 12.9737594)"
28,,residential,,,,,,,way/25774695,204.63,"LINESTRING (80.1957902 12.9743994, 80.1939059 12.9743191)"
29,,residential,,,,,,,way/25774706,400.7,"LINESTRING (80.1941375 12.9727647, 80.194108 12.9731756, 80.1944721 12.9732432, 80.1948617 12.9733131, 80.1948924 12.9733192, 80.1954742 12.9734341, 80.1955004 12.9734299, 80.1955188 12.9734238, 80.1955326 12.9734099, 80.19556 12.9730917, 80.1955519 12.9730548, 80.1955285 12.9730293, 80.1947401 12.9728772, 80.1941375 12.9727647)"
30,Venkatesa Nagar Main Road,residential,,,asphalt,,,,way/25774708,127.05,"LINESTRING (80.1930807 12.9726555, 80.1930419 12.9728996, 80.1930246 12.9731353, 80.1930309 12.9733682, 80.1930318 12.9738003)"
31,Bhagat Singh Street,residential,,,,,,,way/25774714,260.14,"LINESTRING (80.1941674 12.9724337, 80.1941003 12.9719784, 80.1940767 12.9718188, 80.1940676 12.9717567, 80.1940059 12.9713382, 80.1939959 12.9712705, 80.1939295 12.9708202, 80.1939196 12.9707527, 80.1938687 12.9704077, 80.1938243 12.9701065)"
32,Lakshmi Nagar 4th Stage 2nd Cross Street,residential,,,asphalt,,,,way/25774722,4.67,"LINESTRING (80.189143 12.9718216, 80.1891 12.97182073519553)"
33,பாலாஜி நகர் 7வது தெரு,residential,,,asphalt,,,,way/25774730,166.34,"LINESTRING (80.1915774 12.9729215, 80.1908834 12.9729277, 80.1903696 12.9729522, 80.1900453 12.9729677)"
34,பாலாஜி நகர் 6வது தெரு,residential,2,,asphalt,,,,way/25774733,110.57,"LINESTRING (80.1904079 12.9739509, 80.1903914 12.9734661, 80.1903804 12.9731423, 80.1903696 12.9729522)"
35,பாலாஜி நகர் 10வது தெரு,residential,2,20,asphalt,no,,,way/25774736,144.77,"LINESTRING (80.1898001 12.971682, 80.1898721 12.972016, 80.1899095 12.9721893, 80.1899723 12.9724809, 80.1900361 12.9729063, 80.1900453 12.9729677)"
36,New Colony Main Road,tertiary,,,,,,,way/26551233,294.74,"LINESTRING (80.2018045 12.9897433, 80.2017814 12.9893621, 80.2022449 12.9890777, 80.2028615 12.9887185, 80.2035104 12.9883377, 80.2037983 12.9882327)"
37,,residential,,,,,,,way/26551244,243.23,"LINESTRING (80.2052351 12.9769709, 80.2055517 12.9767181, 80.2056456 12.976624, 80.205667 12.9765011, 80.205659 12.9763548, 80.2055979 12.9759394, 80.2055371 12.9754912, 80.2055075 12.9753492, 80.2054594 12.9749736)"
38,Lake View Road,residential,,,,,,,way/26551307,888.93,"LINESTRING (80.2054838 12.9878045, 80.2069894 12.9876176, 80.2075579 12.9876223, 80.20858 12.9876315, 80.209207 12.987637, 80.2104598 12.9873965, 80.2104945 12.9873945, 80.2114078 12.9873145, 80.2120309 12.9872523, 80.213009 12.9870544, 80.2136016 12.9869345)"
39,Karuneegar Street,residential,,,concrete,,,,way/27273977,256.57,"LINESTRING (80.2009962 12.9901041, 80.2012047 12.991322, 80.2012462 12.9917967, 80.2012327 12.9918303, 80.20128118363482 12.9924)"
40,Ramakrishnapuram 3rd Street,residential,,,,,,,way/27274005,384.14,"LINESTRING (80.2024739 12.989497, 80.2028097 12.9893489, 80.2032355 12.9892153, 80.2038033 12.9891538, 80.2042144 12.9891191, 80.2045338 12.9890615, 80.2048546 12.9889661, 80.2059355 12.9889256)"
41,,residential,,,,,,,way/27274014,110.26,"LINESTRING (80.204218 12.9863579, 80.2052195 12.9861882)"
42,,residential,,,,,,,way/27274040,164.7,"LINESTRING (80.2053913 12.9873359, 80.2044949 12.9874889, 80.2042401 12.9875281, 80.204106 12.9875386, 80.2038903 12.9875332)"
43,,residential,,,,,,,way/27274042,100.92,"LINESTRING (80.2053283 12.9868615, 80.2044107 12.9870115)"
44,Mohanapuri 5th Street,residential,,,,,,,way/27274044,397.57,"LINESTRING (80.2050952 12.9854653, 80.2059396 12.98529, 80.2068834 12.9851028, 80.2077348 12.984934, 80.2086973 12.9848169)"
45,Mohanapuri 4th Street,residential,,,,,,,way/27274048,564.43,"LINESTRING (80.2051565 12.9858202, 80.206003 12.9856578, 80.2067576 12.9855723, 80.2074303 12.9855181, 80.2078212 12.9854249, 80.2083647 12.985382, 80.2091043 12.9854953, 80.2096768 12.9855017, 80.2098972 12.9855041, 80.2103135 12.9855017)"
46,,residential,,,,,,,way/27274050,234.68,"LINESTRING (80.2048945 12.9839602, 80.2053707 12.9839193, 80.205774 12.9838871, 80.2063772 12.9838201, 80.2067096 12.9837927, 80.2070478 12.9837605)"
47,,residential,,,,,,,way/27274055,208.88,"LINESTRING (80.2068777 12.9818813, 80.2069192 12.9821505, 80.20697 12.9826033, 80.2070151 12.9830658, 80.2070284 12.9831996, 80.2070307 12.9832652, 80.2070382 12.9834838, 80.2070478 12.9837605)"
48,,residential,,,,,,,way/27274056,180.72,"LINESTRING (80.2070151 12.9830658, 80.2078659 12.9830097, 80.2086777 12.9829656)"
49,,residential,,,,,,,way/27274066,520.11,"LINESTRING (80.2035104 12.9883377, 80.2035472 12.9878003, 80.2036001 12.9874439, 80.2037122 12.9865969, 80.2037232 12.9864964, 80.2037857 12.9860507, 80.2037934 12.9859081, 80.2037385 12.9855823, 80.2037123 12.9854255, 80.2036677 12.9849758, 80.2038549 12.9849092, 80.204423 12.9848032, 80.2049754 12.9847007)"
50,New Colony 8th Street,residential,,,,,,,way/27274085,287.81,"LINESTRING (80.2037123 12.9854255, 80.2033977 12.9854287, 80.2031449 12.9854858, 80.2027189 12.9855731, 80.2025983 12.9856, 80.2024403 12.9856198, 80.2021283 12.9857016, 80.2017805 12.9857785, 80.2011064 12.9858742)"
51,,residential,,,,,,,way/27274104,373.95,"LINESTRING (80.2014447 12.9839387, 80.2025353 12.9837595, 80.2031816 12.9836471, 80.2048598 12.9835031)"
52,Vallalar Street,residential,2,20,asphalt,,,,way/27274109,468.82,"LINESTRING (80.2017092 12.9854567, 80.2016092 12.985005, 80.2015384 12.9846043, 80.2015316 12.984566, 80.2014761 12.984165, 80.2014447 12.9839387, 80.2014275 12.9837882, 80.2014097 12.9835353, 80.2013754 12.9831618, 80.2013375 12.9828717, 80.2013192 12.9827704, 80.2012653 12.9824084, 80.2011614 12.9818729, 80.2010954 12.9812657)"
53,,residential,,,,,,,way/27274122,209.05,"LINESTRING (80.2011064 12.9858742, 80.2003521 12.9860626, 80.2002149 12.9861402, 80.1997371 12.9861828, 80.199227 12.9861999)"
54,,residential,,,,,,,way/27274123,100.24,"LINESTRING (80.2011758 12.9863045, 80.2002722 12.9864936)"
55,,residential,,,,,,,way/27274148,267.45,"LINESTRING (80.2022449 12.9890777, 80.2021444 12.9885875, 80.2021119 12.9883518, 80.2020933 12.9881033, 80.2020191 12.9876261, 80.2019833 12.9874735, 80.2019468 12.987076, 80.2019672 12.9866844)"
56,New Colony 5th Street,residential,,,,,,,way/27274149,267.32,"LINESTRING (80.201276 12.9867758, 80.2016549 12.9867257, 80.2019672 12.9866844, 80.2024428 12.9866421, 80.2029565 12.9865838, 80.2037232 12.9864964)"
57,,residential,,,,,,,way/27274150,375.01,"LINESTRING (80.2003915 12.9869243, 80.2004509 12.987488, 80.2004495 12.9875544, 80.2004228 12.9876458, 80.2003528 12.987963, 80.2003357 12.9880537, 80.2003093 12.9881933, 80.2002892 12.9882848, 80.2002892 12.9884168, 80.2003482 12.9887419, 80.2004284 12.9891841, 80.2004495 12.9893302, 80.2004555 12.989372, 80.2005456 12.9898237, 80.2005625 12.9898682, 80.2007045 12.9902435)"
58,,residential,,,,,,,way/27274151,107.73,"LINESTRING (80.1994648 12.9876028, 80.2004509 12.987488)"
59,Parthasarathy Nagar 3rd Street,residential,,,asphalt,,,,way/27274156,177.06,"LINESTRING (80.2012493 12.9899836, 80.2008422 12.9884337)"
60,,residential,,,,,,,way/27274160,105.0,"LINESTRING (80.2008422 12.9884337, 80.2009709 12.988397, 80.2008183 12.9875931)"
61,,residential,,,,,,,way/27274184,126.73,"LINESTRING (80.2049417 12.9843539, 80.2037804 12.9844771)"
62,5 Cross Street,residential,,,asphalt,,,,way/27274185,95.21,"LINESTRING (80.2049417 12.9843539, 80.2058157 12.984276)"
63,,service,,,,,,,way/27274192,83.8,"LINESTRING (80.2094527 12.9830039, 80.2094282 12.9833146, 80.2094271 12.9833799, 80.2094207 12.9837604)"
64,,residential,,,,,,,way/27274195,354.19,"LINESTRING (80.2104135 12.987002, 80.2103908 12.9866539, 80.2103774 12.9861877, 80.2103282 12.9857053, 80.2103135 12.9855017, 80.2103678 12.9852584, 80.2103715 12.9850561, 80.2103783 12.9846867, 80.2104068 12.9843444, 80.2104087 12.9838112)"
65,4th Main Road,residential,,,,,,,way/27274197,172.21,"LINESTRING (80.205299 12.9820093, 80.205777 12.9819954, 80.2060319 12.9819483, 80.2063373 12.9819114, 80.2067214 12.9818777, 80.2068777 12.9818813)"
66,Mahalakshmi Nagar 8th Cross Street,residential,,,,,,,way/27274198,147.72,"LINESTRING (80.2064929 12.9832378, 80.20644 12.9827525, 80.2064137 12.9825588, 80.2063881 12.9823833, 80.2063373 12.9819114)"
67,,residential,,,,,,,way/27274201,64.77,"LINESTRING (80.2053707 12.9839193, 80.2053282 12.9833353)"
68,,residential,,,,,,,way/27274204,126.82,"LINESTRING (80.2053282 12.9833353, 80.2064929 12.9832378)"
69,,residential,,,,,,,way/27274218,176.11,"LINESTRING (80.2092987 12.9890682, 80.2093816 12.9894987, 80.2094438 12.9898546, 80.2095183 12.9902409, 80.2095861 12.9905645, 80.2095996 12.9906324)"
70,main road,residential,,,,,,,way/27319407,298.55,"LINESTRING (80.2115508 12.9720213, 80.2106706 12.9721615, 80.2094859 12.9723131, 80.2093767 12.972321, 80.2093363 12.9722852, 80.2093394 12.9717936)"
71,3rd main road sivaram Street,residential,,,,,,,way/27319409,283.06,"LINESTRING (80.2116252 12.9662165, 80.2090356 12.9665268)"
72,ramnagarst 1st main road,residential,,,,,,,way/27319410,287.77,"LINESTRING (80.2117073 12.9667286, 80.2090742 12.9670407)"
73,Subramaniyan Street,residential,,,,,,,way/27319412,290.4,"LINESTRING (80.2117899 12.9672438, 80.2091323 12.9675553)"
74,ramalinganagar street,residential,,,,,,,way/27319413,276.09,"LINESTRING (80.2115442 12.9657114, 80.209014 12.965977)"
75,kalaivanar street,residential,,,,,,,way/27319415,267.51,"LINESTRING (80.2114573 12.9651697, 80.2090117 12.9654764)"
76,4th cross road,residential,,,,,,,way/27319417,299.26,"LINESTRING (80.2118718 12.9677548, 80.2116744 12.967805, 80.2102473 12.9679792, 80.2091397 12.9681144)"
77,n 3rd Street,residential,,,,,,,way/27319418,276.56,"LINESTRING (80.2117124 12.9683291, 80.2091835 12.9686419)"
78,6th Street,residential,,,,,,,way/27319419,285.22,"LINESTRING (80.2118118 12.968817, 80.2092088 12.9691775)"
79,srinivasapuram road,residential,,,,,,,way/27319420,138.74,"LINESTRING (80.2118594 12.9690386, 80.2118118 12.968817, 80.211768 12.9686406, 80.2117124 12.9683291, 80.2117323 12.9682314, 80.2116744 12.967805)"
80,,residential,,,,,,,way/27319423,361.89,"LINESTRING (80.2113537 12.9645233, 80.2114161 12.9649122, 80.2114573 12.9651697, 80.2115268 12.9656028, 80.2115442 12.9657114, 80.2116032 12.9660797, 80.2116252 12.9662165, 80.2116463 12.9663481, 80.2116846 12.9665873, 80.2117073 12.9667286, 80.2117547 12.9670243, 80.2117899 12.9672438, 80.2118718 12.9677548)"
81,,residential,,,,,,,way/27319430,325.72,"LINESTRING (80.2118594 12.9690386, 80.2119027 12.9693065, 80.2118783 12.9693541, 80.211756 12.9693914, 80.209234 12.969712)"
82,Ramasamy Street,residential,,,,,,,way/27319431,279.47,"LINESTRING (80.2118092 12.969897, 80.2113022 12.9699777, 80.2092625 12.9702758)"
83,,residential,,,,,,,way/27319432,420.15,"LINESTRING (80.2119021 12.9703914, 80.2110424 12.9705179, 80.2092853 12.9707242, 80.2088952 12.9707919, 80.2088738 12.9707988, 80.2088597 12.9708105, 80.2088545 12.9708272, 80.2088683 12.9709795, 80.2089384 12.9715862)"
84,,residential,,,,,,,way/27319434,307.09,"LINESTRING (80.212148 12.97145, 80.2105672 12.9716524, 80.2093394 12.9717936)"
85,Srinivasapuram Road,residential,,,,,,,way/27319437,661.03,"LINESTRING (80.2147828 12.9660328, 80.2150322 12.9665404, 80.2150881 12.9667124, 80.2151936 12.9670369, 80.2152436 12.9671854, 80.2153813 12.9675493, 80.2154705 12.9676709, 80.2155408 12.9678512, 80.2155492 12.9679044, 80.215484 12.9680091, 80.2151226 12.9683632, 80.2149414 12.9685545, 80.2143523 12.9685936, 80.2136217 12.9687455, 80.2131771 12.9688213, 80.2128227 12.9688818, 80.2123929 12.9689551, 80.2118594 12.9690386)"
86,,residential,,,,,,,way/27319439,156.17,"LINESTRING (80.2131293 12.9702609, 80.212893 12.9692349, 80.2128227 12.9688818)"
87,Padmavathi Street,residential,,,,,,,way/27319440,366.38,"LINESTRING (80.2147828 12.9660328, 80.2145305 12.9660916, 80.2137445 12.9662852, 80.213715 12.9662761, 80.2136935 12.9662526, 80.2136224 12.9660343, 80.2136023 12.9660199, 80.2135795 12.9660173, 80.2129966 12.9661173, 80.2116463 12.9663481)"
88,Vallal Kumaran Street,residential,,,,,,,way/27319442,322.54,"LINESTRING (80.2144565 12.9651088, 80.2143519 12.965124, 80.212854 12.9653772, 80.2115268 12.9656028)"
89,Vallal Adiyamman Street,residential,,,,,,,way/27319443,316.36,"LINESTRING (80.2143232 12.9646665, 80.214195 12.964657, 80.2127749 12.9649287, 80.2114573 12.9651697)"
90,N 1st Street,residential,,,,,,,way/27319445,124.91,"LINESTRING (80.2129962 12.9675122, 80.2118718 12.9677548)"
91,,residential,,,,,,,way/27319662,320.72,"LINESTRING (80.207117 12.9781124, 80.2090154 12.9779863, 80.2093168 12.9779739, 80.2100678 12.9779429)"
92,,residential,,,,,,,way/27319724,225.7,"LINESTRING (80.2104609 12.9775817, 80.2122065 12.977805, 80.2125242 12.9778418)"
93,,residential,,,,,,,way/27319745,95.61,"LINESTRING (80.2122525 12.9773865, 80.2122065 12.977805, 80.2121558 12.9782455)"
94,,residential,,,,,,,way/27319759,191.96,"LINESTRING (80.2104943 12.9771928, 80.2118465 12.9773366, 80.2122001 12.9773801, 80.2122525 12.9773865)"
95,Chokkalingam Nagar Road,residential,,,,,,,way/27319829,190.91,"LINESTRING (80.2127891 12.9791936, 80.2128289 12.9783732, 80.2129009 12.9775035, 80.2129033 12.9774872, 80.212909 12.977473)"
96,,residential,,,,,,,way/27319879,90.38,"LINESTRING (80.2105243 12.976905, 80.2104943 12.9771928, 80.2104609 12.9775817, 80.2104521 12.9777188)"
97,,residential,,,,,,,way/27319880,20.22,"LINESTRING (80.2103521 12.9768351, 80.2105243 12.976905)"
98,kalki nagar main road,residential,,,,,,,way/27319881,254.48,"LINESTRING (80.2095962 12.9752217, 80.2100305 12.9752216, 80.2100871 12.9752215, 80.2102041 12.9752215, 80.2103144 12.975254, 80.2103431 12.9753018, 80.2103515 12.9753158, 80.2103563 12.9754807, 80.2103588 12.9755589, 80.2103578 12.9758889, 80.2103576 12.9759411, 80.2103555 12.9763208, 80.2103521 12.9768351)"
99,anna nagar 2nd street,residential,,,,,,,way/27319883,212.9,"LINESTRING (80.207117 12.9781124, 80.2071222 12.9781252, 80.2071889 12.978465, 80.2072713 12.9788956, 80.2073446 12.979261, 80.2073716 12.9793955, 80.2074433 12.979753, 80.2074906 12.9800014)"
100,,residential,,,,,,,way/27319884,146.07,"LINESTRING (80.2058294 12.9783687, 80.2064199 12.978023, 80.2069998 12.9777167)"
101,Bhuvaneswari Nager 3rd Street,residential,,,,,,,way/27319889,241.55,"LINESTRING (80.2071889 12.978465, 80.2067535 12.9786626, 80.2058779 12.9791928, 80.205174 12.9793295)"
102,,residential,,,,,,,way/27319890,338.58,"LINESTRING (80.210307 12.97835, 80.2089787 12.9784245, 80.2071889 12.978465)"
103,,residential,,,,,,,way/27319891,185.25,"LINESTRING (80.2089784 12.978862, 80.2072713 12.9788956)"
104,,residential,,,,,,,way/27319894,144.51,"LINESTRING (80.2103069 12.9787681, 80.2089784 12.978862)"
105,,residential,,,,,,,way/27319895,183.87,"LINESTRING (80.2106496 12.9791583, 80.2104884 12.9791713, 80.2089583 12.9792644)"
106,,residential,,,,,,,way/27319897,85.46,"LINESTRING (80.2116564 12.9781717, 80.2116397 12.9785906, 80.2116257 12.9789436)"
107,,residential,,,,,,,way/27319898,241.72,"LINESTRING (80.2106066 12.9813511, 80.2106151 12.9810297, 80.2105501 12.980468, 80.2104884 12.9791713)"
108,Nethaji Colony 6th Cross Street,residential,,,,,,,way/27319899,320.85,"LINESTRING (80.210983 12.982113, 80.2109996 12.9817102, 80.2110351 12.9813117, 80.2110627 12.9806808, 80.2111118 12.9799106, 80.2111385 12.9795738, 80.2111804 12.9792201)"
109,,residential,,,,,,,way/27319901,333.37,"LINESTRING (80.2100629 12.9775665, 80.209302 12.9775255, 80.2091524 12.9775427, 80.208253 12.9776263, 80.2069998 12.9777167)"
110,,residential,,,,,,,way/27319902,136.61,"LINESTRING (80.208253 12.9776263, 80.2082012 12.9772085, 80.2081329 12.9768013, 80.2081252 12.9764001)"
111,mahalakshmi nagar 3rd main road,residential,,,,,,,way/27319905,257.48,"LINESTRING (80.2085845 12.9801897, 80.2086128 12.9807036, 80.2086156 12.9807544, 80.208618 12.9811459, 80.2086588 12.9815502, 80.2086469 12.9818026, 80.2086957 12.9825124)"
112,,residential,,,,,,,way/27319906,227.93,"LINESTRING (80.2138286 12.9820912, 80.2138456 12.9817255, 80.2138483 12.9816848, 80.21387 12.9813007, 80.213859 12.9811603, 80.2138631 12.9808884, 80.2138585 12.9807758, 80.2138545 12.9807628, 80.2138425 12.9807451, 80.213825 12.9807373, 80.2138035 12.9807366, 80.213181 12.980692, 80.213126 12.9807085)"
113,,residential,,,,,,,way/27319907,613.44,"LINESTRING (80.2165878 12.9826623, 80.2159299 12.9825931, 80.2132334 12.9824483, 80.212877 12.9824113, 80.2125653 12.9823812, 80.2121849 12.9823292, 80.212099 12.9822656, 80.2117868 12.982194, 80.210983 12.982113)"
114,,residential,,,,,,,way/27319908,90.09,"LINESTRING (80.2138631 12.9808884, 80.2145667 12.9809486, 80.2146907 12.9809449)"
115,,residential,,,,,,,way/27319909,288.63,"LINESTRING (80.2154167 12.9809614, 80.2159569 12.9809778, 80.2180746 12.9810724)"
116,,residential,,,,,,,way/27319910,266.26,"LINESTRING (80.2153619 12.9764425, 80.2153643 12.9767775, 80.2152943 12.9773901, 80.215227 12.9777648, 80.2151511 12.9781009, 80.2150757 12.9784772, 80.2150165 12.9788194)"
117,6th Main Road,residential,,,,,,,way/27319912,227.69,"LINESTRING (80.2185631 12.9741889, 80.2171697 12.9741773, 80.2164666 12.9742305)"
118,,residential,,,,,,,way/27319913,110.45,"LINESTRING (80.2185729 12.9738228, 80.2185631 12.9741889, 80.2185705 12.9744638, 80.2185518 12.9748205)"
119,11th Main Road,residential,,,,,,,way/27319916,231.13,"LINESTRING (80.2170494 12.9718764, 80.2176075 12.9718357, 80.2180806 12.9718013, 80.219175 12.9717386)"
120,,residential,,,,,,,way/27319920,154.22,"LINESTRING (80.2180806 12.9718013, 80.2181057 12.9722677, 80.2181858 12.9726714, 80.2181852 12.9731871)"
121,13th Main Road,residential,,,,,,,way/27319921,200.16,"LINESTRING (80.218843 12.9709191, 80.217994 12.970997, 80.2175333 12.9710802, 80.2171442 12.9711482, 80.2170859 12.9711815, 80.2170421 12.9712231)"
122,,residential,,,asphalt,,,,way/27319922,89.48,"LINESTRING (80.217994 12.970997, 80.2180343 12.9713557, 80.2180806 12.9718013)"
123,VGP Selva Nagar Main Road,residential,,,,,,,way/27319923,129.28,"LINESTRING (80.2205423 12.9716815, 80.2199798 12.9717808, 80.2193682 12.9718808)"
124,Chennai Silks Parking,service,,,,,,,way/27319924,62.09,"LINESTRING (80.2188139 12.970198, 80.2193649 12.9700465)"
125,VGP Selva Nagar 1st Street,residential,,,,,,,way/27319925,196.02,"LINESTRING (80.2195067 12.9702608, 80.2195539 12.9702703, 80.2196875 12.9702817, 80.2197769 12.9702891, 80.2198786 12.971114, 80.2199798 12.9717808)"
126,VGP Selva Nagar 2nd Street,residential,,,,,,,way/27319926,74.73,"LINESTRING (80.2205423 12.9716815, 80.2205079 12.9714412, 80.2204437 12.971013)"
127,Perungudi Station Road,tertiary,,,,yes,,,way/27319930,222.7,"LINESTRING (80.2284 12.972517567640523, 80.2269419 12.9711007)"
128,Bhavathi Amman Koil Street,residential,,,,,,,way/27319933,423.43,"LINESTRING (80.2128493 12.9833068, 80.2128366 12.983775, 80.2128366 12.9837946, 80.2128431 12.9838104, 80.2128517 12.9838171, 80.2128667 12.9838211, 80.2128989 12.9838266, 80.2129244 12.9838305, 80.212941 12.9838368, 80.2129465 12.983856, 80.2129452 12.9838808, 80.212922 12.9844852, 80.2129242 12.9847857, 80.2129209 12.9848925, 80.2129224 12.9851812, 80.2129313 12.9852878, 80.2129323 12.9856616, 80.2129368 12.985754, 80.2129426 12.9860566, 80.2129803 12.9865039, 80.213009 12.9870544)"
129,,residential,,,,,,,way/27319935,163.35,"LINESTRING (80.2165533 12.9830393, 80.2151713 12.9829623, 80.2150836 12.9829628, 80.2150505 12.982969)"
130,,residential,,,,,,,way/27319949,36.21,"LINESTRING (80.2085752 12.9920818, 80.20865323439179 12.9924)"
131,,residential,,,,,,,way/27319958,176.1,"LINESTRING (80.2041202 12.990314, 80.2037566 12.9903427, 80.2032722 12.9902995, 80.2025241 12.9901123)"
132,,residential,,,,,,,way/27319959,167.56,"LINESTRING (80.2041735 12.9911421, 80.2033944 12.9911868, 80.2026335 12.9912547)"
133,,residential,,,,,,,way/27319960,330.2,"LINESTRING (80.2055741 12.9914413, 80.2049388 12.9916639, 80.2045125 12.9918345, 80.2043291 12.9919068, 80.2042017 12.9919233, 80.2035713 12.9919903, 80.2031728 12.9920683, 80.2029948 12.9921035, 80.2026415 12.9921734)"
134,4th Cross Street,residential,,,,,,,way/27319964,218.75,"LINESTRING (80.2091241 12.9851536, 80.2091043 12.9854953, 80.2090937 12.9858919, 80.2090418 12.9862476, 80.2090648 12.9866965, 80.2090506 12.9870721, 80.2090681 12.987123)"
135,,residential,,,,,,,way/27319965,246.92,"LINESTRING (80.2086941 12.9839509, 80.2079165 12.9840265, 80.2078765 12.9840319, 80.2070838 12.9841423, 80.2064368 12.9842325)"
136,,residential,,,,,,,way/27319966,239.97,"LINESTRING (80.2086685 12.9843653, 80.2079238 12.9844213, 80.2076556 12.984469, 80.2068082 12.984646, 80.2064893 12.9847126)"
137,,residential,,,,,,,way/27319967,139.17,"LINESTRING (80.2086777 12.9829656, 80.2086549 12.9834742, 80.2078917 12.9834999)"
138,,residential,,,,,,,way/27319968,89.03,"LINESTRING (80.2074906 12.9800014, 80.2075431 12.9802622, 80.2076095 12.9807972)"
139,,residential,,,,,,,way/27319969,44.99,"LINESTRING (80.2144024 12.9799048, 80.2143804 12.9794987)"
140,,residential,,,,,,,way/27319970,309.75,"LINESTRING (80.2146268 12.9795088, 80.2148831 12.9795185, 80.2156282 12.9795467, 80.2159163 12.9795588, 80.2161314 12.9795652, 80.216261 12.9795696, 80.2165937 12.9795799, 80.2168711 12.9795877, 80.2174796 12.9796167)"
141,,residential,,,,,,,way/27319972,64.06,"LINESTRING (80.2153232 12.9799251, 80.2148843 12.9798909, 80.2147341 12.9798896)"
142,,residential,,,,,,,way/27319973,312.4,"LINESTRING (80.2172795 12.9803032, 80.2163075 12.9803526, 80.2159884 12.9803167, 80.2156079 12.9802572, 80.2152311 12.9801914, 80.2144181 12.9801133)"
143,MGR Nagar 5th Main Road,residential,,,,,,,way/27319974,124.93,"LINESTRING (80.2132697 12.9801645, 80.2144188 12.9802379)"
144,4th Cross Street,residential,,,,,,,way/27319977,232.38,"LINESTRING (80.2159843 12.9818408, 80.2138456 12.9817255)"
145,,residential,,,,,,,way/27319978,392.32,"LINESTRING (80.2159642 12.9822399, 80.2138286 12.9820912, 80.2131876 12.9820315, 80.2131477 12.9820173, 80.2131236 12.9819976, 80.2131169 12.9819585, 80.2131141 12.9818737, 80.2126276 12.9818906, 80.2124841 12.9818968)"
146,,residential,,,,,,,way/27319981,210.12,"LINESTRING (80.2088124 12.9767435, 80.2081329 12.9768013, 80.2068915 12.9769798)"
147,,residential,,,,,,,way/27319982,181.71,"LINESTRING (80.2046298 12.9815938, 80.2042226 12.9816467, 80.2040478 12.9816695, 80.2040069 12.9816748, 80.2036108 12.9817263, 80.2033824 12.9817497, 80.2029673 12.9817913)"
148,,residential,,,,,,,way/27319983,232.18,"LINESTRING (80.2044389 12.9804424, 80.2034994 12.9805618, 80.2036108 12.9817263)"
149,10th Street,residential,,,,,,,way/27319984,145.4,"LINESTRING (80.2030449 12.9802073, 80.2034594 12.9801724, 80.204373 12.9800357)"
150,,residential,,,,,,,way/27319986,91.29,"LINESTRING (80.2020146 12.9793742, 80.202126 12.9797206, 80.2023213 12.980141)"
151,,residential,,,,,,,way/27319988,149.17,"LINESTRING (80.2013908 12.9798954, 80.2014524 12.9803207, 80.2014982 12.9808352, 80.2015602 12.9812329)"
152,,residential,,,,,,,way/27319989,250.07,"LINESTRING (80.2020827 12.9811832, 80.2015602 12.9812329, 80.2010954 12.9812657, 80.2005681 12.9813224, 80.2001733 12.9813785, 80.1997903 12.9814132)"
153,,residential,,,,,,,way/27319995,133.45,"LINESTRING (80.2030373 12.9824181, 80.2034251 12.982354, 80.2042508 12.9822212)"
154,,residential,,,,,,,way/27319997,93.5,"LINESTRING (80.2042508 12.9822212, 80.2042975 12.9826199, 80.204353 12.9830604)"
155,,residential,,,,,,,way/27319999,227.72,"LINESTRING (80.2000801 12.9851913, 80.2009618 12.985064, 80.2016092 12.985005, 80.2021591 12.9849144)"
156,,residential,,,,,,,way/27320005,187.59,"LINESTRING (80.2030787 12.98287, 80.2025495 12.9829607, 80.2013754 12.9831618)"
157,9th Cross Street,residential,,,,,,,way/27320008,106.99,"LINESTRING (80.20644 12.9827525, 80.2054567 12.9828264)"
158,,residential,,,,,,,way/27320009,195.55,"LINESTRING (80.2076556 12.984469, 80.2077348 12.984934, 80.2078212 12.9854249, 80.2078561 12.9862222)"
159,,residential,,,,,,,way/27320010,36.29,"LINESTRING (80.2103144 12.9824436, 80.2103144 12.9827716)"
160,Parthiban Street,residential,,,,,,,way/27320012,908.88,"LINESTRING (80.2023693 12.9785065, 80.2023468 12.9785184, 80.2023164 12.9785284, 80.2019594 12.9785934, 80.2012346 12.9787196, 80.2002176 12.9787847, 80.2001314 12.9787838, 80.199858 12.9787811, 80.19981 12.978775, 80.1995597 12.9787434, 80.1994603 12.9787336, 80.1990724 12.9787004, 80.1986986 12.978683, 80.1977971 12.978641, 80.1973482 12.9786197, 80.1969561 12.9785979, 80.196916 12.9785951, 80.1965521 12.9785696, 80.1965217 12.9785675, 80.1962351 12.9785474, 80.1958182 12.9785347, 80.1953647 12.9785189, 80.1946445 12.9785533, 80.1940542 12.9787324)"
161,,residential,,,,,,,way/27320013,918.72,"LINESTRING (80.2019078 12.9781968, 80.2019016 12.9781249, 80.2019139 12.9778642, 80.2018697 12.9778191, 80.2018214 12.977791, 80.2015462 12.9777621, 80.2012086 12.9777493, 80.2009416 12.9777315, 80.1991363 12.9776141, 80.1989348 12.9776056, 80.1982689 12.9775696, 80.1978869 12.9775489, 80.1974382 12.9774805, 80.1970052 12.9774959, 80.1968482 12.9774987, 80.1966734 12.9775157, 80.1964115 12.977541, 80.196351 12.9775442, 80.1959206 12.9775391, 80.1956401 12.9775397, 80.1946417 12.9775619, 80.1945422 12.9775861, 80.1938746 12.9776901, 80.1938413 12.9776951)"
162,,residential,,,,,,,way/27320014,319.14,"LINESTRING (80.1989345 12.9770593, 80.1973938 12.976972, 80.1969213 12.9769277, 80.1963926 12.9768863, 80.1959994 12.9768853)"
163,2nd Street,residential,,,,,,,way/27320015,276.08,"LINESTRING (80.1998688 12.9791734, 80.1995381 12.9791454, 80.1990536 12.9791407, 80.1973276 12.9790557)"
164,Drowpathi Amman Koil Street,residential,,,asphalt,,,,way/27320016,271.06,"LINESTRING (80.1997832 12.9795034, 80.1987486 12.9794544, 80.1984526 12.9794912, 80.1978443 12.9794903, 80.1975377 12.9794685, 80.1972991 12.9794004)"
165,Hindu Colony 2nd Main Road,residential,,,,,,,way/27320018,479.02,"LINESTRING (80.1974716 12.974645, 80.1979023 12.9746033, 80.1986963 12.9745238, 80.1989309 12.9745038, 80.1990768 12.9745016, 80.1991448 12.9745025, 80.1991922 12.9745304, 80.1992834 12.9745696, 80.1994443 12.9745984, 80.1998947 12.9746197, 80.2006919 12.9746271, 80.2008356 12.9746725, 80.2009378 12.9747047, 80.201697 12.9750957, 80.2017427 12.9751207)"
166,Hindu Colony 1st Main Road,residential,,,,,,,way/27320019,434.71,"LINESTRING (80.2014276 12.9754137, 80.2006345 12.9751908, 80.1998445 12.9750495, 80.1989839 12.9749677, 80.19747 12.9749463)"
167,Sengazhaniamman Koil Street,residential,,,,,,,way/27320020,476.32,"LINESTRING (80.2007059 12.971742, 80.2005929 12.9715959, 80.1964153 12.9720503)"
168,Otten Street,residential,,,,,,,way/27320021,558.67,"LINESTRING (80.2013376 12.9693534, 80.2009099 12.9693866, 80.200352 12.9694298, 80.1998414 12.9694694, 80.1994832 12.9694971, 80.1991395 12.9695207, 80.1986854 12.969552, 80.1981668 12.9695809, 80.1979362 12.9695968, 80.1962043 12.9697463)"
169,,service,,,,,,,way/27320094,133.92,"LINESTRING (80.2066688 12.9810098, 80.2066071 12.9810222, 80.2061001 12.9811138, 80.2057951 12.9812281, 80.2056896 12.9812683, 80.2056867 12.9812687, 80.2055458 12.9814257)"
170,,residential,,,,,,,way/27320095,228.91,"LINESTRING (80.2131015 12.9844982, 80.2131289 12.9839266, 80.2131584 12.9838639, 80.213196 12.9837828, 80.2132255 12.9836861, 80.213227 12.9829019, 80.2132334 12.9824483)"
171,4th street,residential,,,,,,,way/27320100,326.25,"LINESTRING (80.2048404 12.9693019, 80.2048394 12.9691515, 80.2048392 12.9691256, 80.20491 12.9687878, 80.2052204 12.9687307, 80.2054739 12.9686985, 80.2059623 12.9685907, 80.2065923 12.9684608, 80.2073358 12.9683075)"
172,8th Street,residential,,,,,,,way/27320102,160.2,"LINESTRING (80.1940149 12.9861847, 80.1946099 12.9860038, 80.1953904 12.9856646)"
173,Annai Therasa Nagar 7th Street,residential,,,,,,,way/27320103,473.12,"LINESTRING (80.2032548 12.9709276, 80.2040208 12.9708213, 80.205047 12.9707007, 80.2057224 12.9706214, 80.2064285 12.9705385, 80.2075824 12.9704029)"
174,,residential,,,,,,,way/27320104,261.08,"LINESTRING (80.2032669 12.9704854, 80.2039844 12.9703757, 80.2049809 12.9702515, 80.2056521 12.9701756)"
175,3rd main road,residential,,,,,,,way/27320105,195.35,"LINESTRING (80.2090209 12.9656537, 80.2086205 12.9657171, 80.2076685 12.9659147, 80.207257 12.9660057)"
176,,residential,,,,,,,way/27320106,186.9,"LINESTRING (80.2090085 12.9662371, 80.2073155 12.9665491)"
177,Sivaraman Street,residential,,,,,,,way/27320107,387.16,"LINESTRING (80.2090576 12.9668061, 80.2073617 12.9671366, 80.2060825 12.9673537, 80.2058313 12.9674021, 80.2055516 12.9674561)"
178,,residential,,,,,,,way/27320108,183.76,"LINESTRING (80.2091232 12.9673622, 80.2074539 12.9676431)"
179,Gangai Street,residential,,,,,,,way/27320109,196.96,"LINESTRING (80.2091333 12.9680616, 80.2075618 12.9682632, 80.2073358 12.9683075)"
180,Cauvery Street,residential,,,,,,,way/27320110,194.13,"LINESTRING (80.2091876 12.9687276, 80.2074164 12.9689764)"
181,Vaigai Street,residential,,,,,,,way/27320111,189.73,"LINESTRING (80.2092136 12.9692799, 80.2074802 12.9695059)"
182,,residential,,,,,,,way/27320113,126.58,"LINESTRING (80.2087742 12.9705344, 80.2076141 12.9706553)"
183,,residential,,,,,,,way/27320114,290.48,"LINESTRING (80.2050112 12.9712345, 80.205828 12.9711377, 80.2058615 12.9710998, 80.2059094 12.9710659, 80.2064797 12.9709692, 80.2076402 12.970863)"
184,1st Street,residential,,,,,,,way/27320115,214.52,"LINESTRING (80.2054739 12.9686985, 80.2054976 12.9690176, 80.205556 12.9693907, 80.2056027 12.9697921, 80.2056521 12.9701756, 80.2057224 12.9706214)"
185,28th Street,residential,,,,,,,way/27320116,454.68,"LINESTRING (80.1954333 12.9873565, 80.194536 12.987578, 80.1929731 12.9879587, 80.1913528 12.9882909)"
186,2nd Main Road,residential,,,,,,,way/27320117,309.05,"LINESTRING (80.1932504 12.9834953, 80.1934433 12.9841309, 80.1934717 12.9842397, 80.1936285 12.9847212, 80.1936985 12.9849502, 80.1938098 12.9854081, 80.1938483 12.9855964, 80.1939754 12.9860157, 80.1940149 12.9861847)"
187,,residential,,,,,,,way/27320118,223.04,"LINESTRING (80.1987415 12.986254, 80.1988461 12.9868234, 80.1990205 12.9877555, 80.1991289 12.9882337)"
188,,residential,,,asphalt,,,,way/27320119,299.7,"LINESTRING (80.2164206 12.9736468, 80.2136613 12.9737726)"
189,Main Road,residential,,,,,,,way/27320131,141.26,"LINESTRING (80.21784 12.9844609, 80.2171231 12.9844131, 80.2167196 12.9843949, 80.2165411 12.9843757)"
190,1st Cross Street,residential,,,,,,,way/27320133,200.51,"LINESTRING (80.2165533 12.9830393, 80.2165878 12.9826623, 80.2166103 12.982295, 80.2166544 12.9819307, 80.2166614 12.9819082, 80.2166778 12.9818925, 80.2167056 12.9818847, 80.2167419 12.9818853, 80.2173386 12.9819536)"
191,,residential,,,,,,,way/27320135,381.81,"LINESTRING (80.2210148 12.9810784, 80.2206807 12.9811104, 80.2206398 12.9811248, 80.2206147 12.9811475, 80.2205928 12.9811744, 80.2205841 12.9812084, 80.2205372 12.9816619, 80.2205287 12.9817112, 80.220513 12.9817429, 80.2204835 12.9817573, 80.2204514 12.9817586, 80.2203738 12.9817578, 80.2199103 12.9817464, 80.2195492 12.9816668, 80.2192985 12.9816333, 80.218709 12.9815596, 80.2185799 12.9815404, 80.2180551 12.9814744)"
192,,residential,,,,,,,way/27320137,122.82,"LINESTRING (80.2157799 12.9815059, 80.2147704 12.9814475, 80.2147302 12.9814423, 80.2146806 12.9814358, 80.2146553 12.9814196)"
193,Main Road,residential,,,,,,,way/27320139,303.34,"LINESTRING (80.2165411 12.9843757, 80.2158762 12.9844377, 80.2145014 12.9843623, 80.2137503 12.9843541)"
194,5th Main Road,residential,,,,,,,way/27320141,329.67,"LINESTRING (80.2166119 12.9833932, 80.2150025 12.9833195, 80.2146252 12.9833112, 80.2135758 12.9832734)"
195,4th Main Road,residential,,,,,,,way/27320142,327.99,"LINESTRING (80.2135611 12.9836701, 80.2144203 12.9836872, 80.214737 12.9836906, 80.2151919 12.9837098, 80.2159977 12.9837437, 80.2165805 12.9837954)"
196,,residential,,,,,,,way/27320146,37.56,"LINESTRING (80.2168711 12.9795877, 80.2168888 12.9799268)"
197,,residential,,,,,,,way/27320147,192.08,"LINESTRING (80.2143845 12.9791439, 80.2161475 12.9793026)"
198,,residential,,,,,,,way/27320148,201.08,"LINESTRING (80.2143406 12.9765472, 80.2143194 12.9769513, 80.214315 12.9770889, 80.2143049 12.9773199, 80.2142734 12.9777082, 80.2142511 12.9779777, 80.2142266 12.978333, 80.2142263 12.9783461, 80.2142331 12.9783595)"
199,,residential,,,,,,,way/27320149,208.36,"LINESTRING (80.2162531 12.976495, 80.2153619 12.9764425, 80.2152203 12.9764706, 80.2143406 12.9765472)"
200,,residential,,,asphalt,,,,way/27320151,138.31,"LINESTRING (80.2155765 12.9774084, 80.2152943 12.9773901, 80.2143049 12.9773199)"
201,,residential,,,,,,,way/27320153,157.28,"LINESTRING (80.2151155 12.9742645, 80.2151598 12.9746784, 80.2151671 12.9748185, 80.21515 12.975157, 80.2151578 12.9752233, 80.2151757 12.9753747, 80.2151733 12.9756818)"
202,,residential,,,asphalt,,,,way/27320155,137.38,"LINESTRING (80.2164319 12.9747602, 80.2151671 12.9748185)"
203,Sri Devi Karumari Amman Nagar Avenue,residential,,,,,,,way/27320160,168.96,"LINESTRING (80.216449 12.9752769, 80.2164146 12.9754165, 80.2163132 12.9756844, 80.2163163 12.9757796, 80.2163033 12.9760836, 80.2162909 12.9761855, 80.2162531 12.976495, 80.2162395 12.9766061, 80.216251 12.9767233, 80.2162269 12.9767723)"
204,,residential,,,,,,,way/27320161,97.41,"LINESTRING (80.2186029 12.9795109, 80.2183307 12.979481, 80.2180767 12.9794639, 80.2177081 12.9794415)"
205,Ram Nagar Main Road,residential,,,,,,,way/27320162,462.34,"LINESTRING (80.2161626 12.9711221, 80.216274 12.9715826, 80.2163499 12.9721079, 80.2163977 12.9725623, 80.2164019 12.9726539, 80.2164186 12.9730212, 80.2164253 12.9731675, 80.216417 12.9735621, 80.2164206 12.9736468, 80.2164666 12.9742305, 80.2164319 12.9747602, 80.216449 12.9752769)"
206,Vijayanagar 2nd Main Road,residential,,,asphalt,,,,way/27320164,138.57,"LINESTRING (80.216449 12.9752769, 80.2151757 12.9753747)"
207,Vijayanagar 1st Main Road,residential,,,,,,,way/27320166,370.23,"LINESTRING (80.2171068 12.9757663, 80.2184046 12.9758552, 80.2186878 12.9758716, 80.2189812 12.9758898, 80.219042 12.9759093, 80.2194643 12.9758451, 80.2201188 12.9755981, 80.2202 12.9756064, 80.2202557 12.9756216, 80.2203207 12.9756393, 80.2203991 12.9756813, 80.2204375 12.9757042)"
208,,residential,,,,,,,way/27320167,62.44,"LINESTRING (80.2186582 12.9764353, 80.2186666 12.9762701, 80.2186878 12.9758716)"
209,,residential,,,,,,,way/27320171,298.22,"LINESTRING (80.2136303 12.9724665, 80.2148331 12.972383, 80.2150113 12.9723609, 80.2163499 12.9721079)"
210,,residential,,,,,,,way/27320189,132.3,"LINESTRING (80.2150784 12.9718177, 80.216274 12.9715826)"
211,,residential,,,asphalt,,,,way/27320193,414.58,"LINESTRING (80.2148218 12.9703394, 80.2148143 12.9703536, 80.2148357 12.9704883, 80.2149071 12.9709047, 80.2161213 12.9706674, 80.2168147 12.970532, 80.2180807 12.9702883)"
212,6th Main Road,residential,2,,asphalt,no,,,way/27320194,292.56,"LINESTRING (80.213524 12.971629, 80.2148814 12.9714234, 80.2150899 12.9713288, 80.2161626 12.9711221)"
213,,residential,,,,,,,way/27320196,83.1,"LINESTRING (80.2170241 12.9714307, 80.216274 12.9715826)"
214,,residential,,,,,,,way/27320197,79.99,"LINESTRING (80.2170731 12.9719676, 80.2163499 12.9721079)"
215,7th Main Road,residential,,,,,,,way/27320198,190.33,"LINESTRING (80.2181664 12.9735563, 80.2172131 12.9735438, 80.2171898 12.9735591, 80.216417 12.9735621)"
216,,residential,,,,,,,way/27320311,90.49,"LINESTRING (80.2083647 12.985382, 80.2083455 12.9858, 80.2083328 12.9861993)"
217,,residential,,,,,,,way/27320312,268.28,"LINESTRING (80.2099615 12.9866446, 80.2090648 12.9866965, 80.2085807 12.9866996, 80.2074908 12.9866637)"
218,,residential,,,,,,,way/27320351,178.91,"LINESTRING (80.2032564 12.9841463, 80.2037144 12.9840943, 80.2048945 12.9839602)"
219,Income Tax Main Road,residential,,,,,,,way/27320353,405.27,"LINESTRING (80.2029673 12.9817913, 80.2030373 12.9824181, 80.2030787 12.98287, 80.2031527 12.9832779, 80.2031816 12.9836471, 80.2032564 12.9841463, 80.2033174 12.9847002, 80.2033977 12.9854287)"
220,,residential,,,,,,,way/27320357,165.21,"LINESTRING (80.2029673 12.9817913, 80.2025132 12.9818641, 80.2022465 12.9819069, 80.2021996 12.9818879, 80.202154 12.9818396, 80.2020822 12.98136, 80.2020827 12.9811832)"
221,,residential,,,,,,,way/27320358,90.98,"LINESTRING (80.1997903 12.9814132, 80.199687 12.9815524, 80.1990342 12.9816662)"
222,,residential,,,,,,,way/27320360,159.1,"LINESTRING (80.1990161 12.981547, 80.1981924 12.9816464, 80.1980197 12.9816758, 80.1975653 12.9817533)"
223,,residential,,,,,,,way/27340369,172.04,"LINESTRING (80.1988381 12.9842943, 80.1988857 12.9845223, 80.1988898 12.9845441, 80.1989343 12.9847801, 80.1990184 12.9851011, 80.199099 12.9854417, 80.1991754 12.9858133)"
224,,residential,,,,,,,way/27340390,202.8,"LINESTRING (80.199227 12.9861999, 80.199098 12.9861981, 80.1987415 12.986254, 80.1984342 12.9863238, 80.1979175 12.9864411, 80.1973985 12.9865622)"
225,Parthasarathy Nagar 10th Street,residential,,,asphalt,,,,way/27340402,180.29,"LINESTRING (80.2001297 12.9904909, 80.1985391 12.9909628)"
226,Parthasarathy Nagar 9th Street,residential,,,asphalt,,,,way/27340405,93.31,"LINESTRING (80.1991626 12.9902037, 80.200003 12.9900243)"
227,Parthasarathy Nagar 11th Street,residential,,,asphalt,,,,way/27340407,149.83,"LINESTRING (80.1987627 12.9890893, 80.1988424 12.9894502, 80.1988558 12.9894684, 80.1988788 12.9894705, 80.1993938 12.9894111, 80.1998287 12.9893456)"
228,Shanthi Nagar Main Rd,residential,,,,,,,way/27340420,137.17,"LINESTRING (80.1991289 12.9882337, 80.1985824 12.9883522, 80.1978933 12.9884814, 80.1978903 12.988482)"
229,,residential,,,,,,,way/27340422,148.2,"LINESTRING (80.1988461 12.9868234, 80.1983645 12.986917, 80.1975105 12.9871039)"
230,Shanthi Nagar 1st Street,residential,,,,,,,way/27340438,180.71,"LINESTRING (80.1997082 12.9889268, 80.1992771 12.9889998, 80.1989432 12.9890579, 80.1987627 12.9890893, 80.1985123 12.9891329, 80.1980676 12.9892094)"
231,,residential,,,,,,,way/27340458,65.73,"LINESTRING (80.1985123 12.9891329, 80.198599 12.9895638, 80.198639 12.9897137)"
232,,residential,,,,,,,way/27340466,111.71,"LINESTRING (80.1987389 12.987813, 80.1977251 12.9879898)"
233,6th Street,residential,,,,,,,way/27340485,261.8,"LINESTRING (80.1978403 12.9835733, 80.1980142 12.9844114, 80.1980488 12.9846704, 80.1980811 12.9849124, 80.1981046 12.9850497, 80.1981707 12.9853065, 80.1983209 12.98589)"
234,,residential,,,,,,,way/27340504,86.12,"LINESTRING (80.1981046 12.9850497, 80.1973108 12.9850447)"
235,,residential,,,,,,,way/27340509,93.71,"LINESTRING (80.1980811 12.9849124, 80.1985754 12.9848358, 80.1989343 12.9847801)"
236,,residential,,,,,,,way/27340574,219.01,"LINESTRING (80.1988857 12.9845223, 80.1992519 12.9844426, 80.1994707 12.9844004, 80.1998035 12.9843248, 80.2004645 12.9842122, 80.2008714 12.9841822)"
237,8th Street,residential,,,,,,,way/27340634,148.01,"LINESTRING (80.2003915 12.9869243, 80.1999472 12.9870054, 80.1998949 12.9870002, 80.19986 12.9869728, 80.1998493 12.9869283, 80.1997371 12.9861828)"
238,,residential,,,,,,,way/27340655,111.25,"LINESTRING (80.199099 12.9854417, 80.199674 12.9853702, 80.2001062 12.9852628)"
239,,residential,,,,,,,way/27342698,109.31,"LINESTRING (80.2004228 12.9876458, 80.2008183 12.9875931, 80.2014194 12.9875011)"
240,,residential,,,asphalt,,,,way/27342702,106.98,"LINESTRING (80.201518 12.9899032, 80.2012748 12.9889661)"
241,,residential,,,,,,,way/27342705,67.83,"LINESTRING (80.2016683 12.9904983, 80.201518 12.9899032)"
242,,residential,,,,,,,way/27342714,164.29,"LINESTRING (80.2019262 12.9917936, 80.2019132 12.9915185, 80.2018743 12.990699, 80.2017027 12.9907158, 80.2016683 12.9904983)"
243,Yadhaval Street,residential,,,,,,,way/27342717,68.26,"LINESTRING (80.20212836032799 12.9924, 80.2020755 12.9917852)"
244,,residential,,,,,,,way/27342733,383.36,"LINESTRING (80.2059355 12.9889256, 80.2060242 12.9895234, 80.206063 12.9897845, 80.2061326 12.9901842, 80.2064299 12.9910965, 80.2066589 12.9916884, 80.2068868 12.9922463)"
245,,residential,,,,,,,way/27342737,377.58,"LINESTRING (80.2062417 12.9888864, 80.2063916 12.9894457, 80.2064329 12.9896, 80.2065232 12.9899368, 80.2065549 12.9901136, 80.2066993 12.9906839, 80.206764 12.990901, 80.2067573 12.9909781, 80.2067278 12.9910094, 80.2064299 12.9910965, 80.2060093 12.9912384, 80.2055741 12.9914413)"
246,,residential,,,,,,,way/27342739,462.3,"LINESTRING (80.2111031 12.989393, 80.2094438 12.9898546, 80.2089173 12.9899906, 80.2085196 12.9901144, 80.2081346 12.990239, 80.2077657 12.9903564, 80.2070199 12.9905854)"
247,TNHB Main Road,tertiary,,,,,,,way/27342742,569.03,"LINESTRING (80.2095861 12.9905645, 80.2101377 12.9904151, 80.2110124 12.9901836, 80.2113205 12.9900993, 80.2118526 12.9899628, 80.212227 12.9898633, 80.2125722 12.9897621, 80.2134067 12.9895556, 80.2142763 12.9893444, 80.2146595 12.9892626)"
248,12th Cross Street,residential,,,,,,,way/27342746,250.59,"LINESTRING (80.2082945 12.9886751, 80.2083526 12.9890317, 80.2084013 12.9893309, 80.2084734 12.9897552, 80.2085196 12.9901144, 80.2086308 12.9904976, 80.2087581 12.9908885)"
249,,residential,,,,,,,way/27342747,215.07,"LINESTRING (80.2076226 12.9892312, 80.2076785 12.9895647, 80.207755 12.9899768, 80.2077657 12.9903564, 80.2078836 12.9907532, 80.2079999 12.9911305)"
250,,residential,,,,,,,way/27342751,315.88,"LINESTRING (80.208764 12.988739, 80.2088438 12.9891936, 80.2084013 12.9893309, 80.2080085 12.989458, 80.2076785 12.9895647, 80.2069014 12.9898151, 80.2065232 12.9899368)"
251,,residential,,,,,,,way/27342752,89.17,"LINESTRING (80.2089173 12.9899906, 80.2091452 12.990765)"
252,,residential,,,,,,,way/27342754,249.56,"LINESTRING (80.2056163 12.9902556, 80.2060093 12.9912384, 80.2062495 12.9918504, 80.2064577 12.992355)"
253,,residential,,,,,,,way/27342756,61.89,"LINESTRING (80.2072338 12.9920898, 80.2071648 12.9917854, 80.20711 12.9915437)"
254,,residential,,,,,,,way/27342760,359.43,"LINESTRING (80.2093872 12.9914009, 80.2090865 12.9914982, 80.2082952 12.9917544, 80.2075299 12.9920022, 80.2072338 12.9920898, 80.2070672 12.992181, 80.2068868 12.9922463, 80.2065686 12.9923269, 80.2064577 12.992355, 80.20624087275748 12.9924)"
255,,residential,,,,,,,way/27342765,200.08,"LINESTRING (80.2092877 12.9910826, 80.2089805 12.991192, 80.2082196 12.9914575, 80.207543 12.9916678)"
256,3rd Street,residential,,,,,,,way/27342832,131.04,"LINESTRING (80.2103552 12.9923752, 80.2106883 12.9922864, 80.2109118 12.9922269, 80.2111809 12.9921552, 80.2115225 12.992071)"
257,TNHB Colony 1st Main Road,residential,,,,,,,way/27343036,394.67,"LINESTRING (80.2126459 12.9913653, 80.2137882 12.9910876, 80.2142425 12.9909597, 80.214458 12.9907891, 80.2146511 12.9905772, 80.2147718 12.990412, 80.2148367 12.9902972, 80.21486 12.9901467, 80.2148508 12.9900161, 80.2147968 12.9898055, 80.2146595 12.9892626)"
258,Ezumudaliyar Street,residential,,,,,,,way/27343408,195.49,"LINESTRING (80.2136896 12.9906884, 80.2137882 12.9910876, 80.2138223 12.9912237, 80.213877 12.9914284, 80.2140941 12.9922392, 80.21413719498632 12.9924)"
259,TNHB Colony 2nd Main Road,residential,,,,,,,way/27343410,290.24,"LINESTRING (80.212227 12.9898633, 80.2125424 12.9909922, 80.2126459 12.9913653, 80.2127262 12.9917476, 80.21290673382165 12.9924)"
260,1st Street,residential,,,,,,,way/27343412,44.06,"LINESTRING (80.2102581 12.9920149, 80.2103552 12.9923752, 80.2103618187738 12.9924)"
261,TNHB Colony 1st Avenue,residential,,,,,,,way/27343414,216.03,"LINESTRING (80.2110124 12.9901836, 80.2113094 12.9913117, 80.2114244 12.9917028, 80.2115225 12.992071)"
262,2nd Street,residential,,,,,,,way/27343415,13.08,"LINESTRING (80.2106883 12.9922864, 80.21072160530406 12.9924)"
263,10th Street,residential,,,,,,,way/27343417,63.44,"LINESTRING (80.2123428 12.9918454, 80.21249144220442 12.9924)"
264,TNHB Colony 3rd Avenue,residential,,,,,,,way/27343418,138.36,"LINESTRING (80.2125424 12.9909922, 80.2121689 12.9910872, 80.2118957 12.9911588, 80.2116119 12.9912334, 80.2113094 12.9913117)"
265,,residential,,,,,,,way/27343427,69.57,"LINESTRING (80.2161337 12.9920792, 80.2161186 12.992081, 80.2161022 12.9920908, 80.2159297 12.9922033, 80.2157133 12.9923306, 80.2156035 12.9923886, 80.215584075 12.9924)"
266,Nehru Nagar NSK 2nd Street,living_street,,,,,,,way/27343428,180.94,"LINESTRING (80.2146792 12.9908923, 80.214867 12.9913427, 80.2148833 12.9913974, 80.2148831 12.9914367, 80.2148844 12.9914799, 80.2149005 12.9915361, 80.2149162 12.9915988, 80.2151916 12.9921637, 80.21530305604242 12.9924)"
267,Nehru Nagar NSK 1st Street,residential,,,,,,,way/27343431,192.34,"LINESTRING (80.2150504 12.990738, 80.2153512 12.9916206, 80.2154034 12.9917824, 80.2154263 12.9918824, 80.2154933 12.9921137, 80.2156035 12.9923886)"
268,Veerabandiya Kattabomman Street,residential,,,,,,,way/27343434,26.37,"LINESTRING (80.2159297 12.9922033, 80.21606704772307 12.9924)"
269,,residential,,,,,,,way/27343640,80.47,"LINESTRING (80.20805420646568 12.9924, 80.2080018 12.992201, 80.2075981 12.9922894, 80.2076345410905 12.9924)"
270,,residential,,,,,,,way/27343644,182.04,"LINESTRING (80.2095183 12.9902409, 80.2111251 12.9897669)"
271,1st Street,residential,,,,,,,way/27343646,273.68,"LINESTRING (80.2024923 12.9897524, 80.2046346 12.9895525, 80.2049944 12.9894652)"
272,,residential,,,,,,,way/27343649,99.3,"LINESTRING (80.2026506 12.9879806, 80.2035472 12.9878003)"
273,,residential,,,,,,,way/27343654,95.14,"LINESTRING (80.203084 12.9874346, 80.2030188 12.9870393, 80.2029565 12.9865838)"
274,,residential,,,,,,,way/27343657,196.24,"LINESTRING (80.2019672 12.9866844, 80.2019656 12.9865768, 80.2019648 12.9865129, 80.2019633 12.9864541, 80.2019618 12.9864056, 80.2019583 12.9863109, 80.2019548 12.9862161, 80.2019573 12.9862002, 80.2019656 12.9861848, 80.2019824 12.9861688, 80.2019966 12.986158, 80.2020184 12.9861533, 80.2020396 12.9861515, 80.2027621 12.9860284, 80.2027758 12.9860165, 80.2027832 12.9860028, 80.2027881 12.9859836, 80.2027863 12.9859626, 80.2027189 12.9855731)"
275,,residential,,,,,,,way/27343659,192.74,"LINESTRING (80.2086469 12.9818026, 80.20823 12.9818495, 80.2077601 12.9818813, 80.2075735 12.9818504, 80.2073591 12.9818545, 80.2068777 12.9818813)"
276,,residential,,,,,,,way/27343662,125.4,"LINESTRING (80.2077601 12.9818813, 80.2077758 12.9821266, 80.2078282 12.9825532, 80.2078659 12.9830097)"
277,,residential,,,,,,,way/27343663,184.96,"LINESTRING (80.2067114 12.9814203, 80.2077325 12.9814073, 80.208416 12.9813933)"
278,,residential,,,,,,,way/27343664,374.89,"LINESTRING (80.2089585 12.9796947, 80.2074433 12.979753, 80.206769 12.9798622, 80.2066614 12.9798796, 80.2063148 12.9799431, 80.205618 12.9800708, 80.2055344 12.9800865)"
279,2nd Main Road,residential,,,,,,,way/27343668,261.09,"LINESTRING (80.208957 12.9801723, 80.2085845 12.9801897, 80.2075431 12.9802622, 80.2065607 12.9803784)"
280,Thalambu Street,residential,,,,,,,way/27343672,70.58,"LINESTRING (80.2052002 12.9799068, 80.2045577 12.9800069)"
281,,residential,,,,,,,way/27343676,157.76,"LINESTRING (80.2055848 12.9806775, 80.2055662 12.9806759, 80.2049814 12.9807798, 80.2045304 12.9808604, 80.2041512 12.9809106)"
282,,residential,,,,,,,way/27343677,242.07,"LINESTRING (80.2090154 12.9779863, 80.2089787 12.9784245, 80.2089784 12.978862, 80.2089583 12.9792644, 80.2089558 12.979287, 80.2089585 12.9796947, 80.2089582 12.9798508, 80.208957 12.9801723)"
283,,residential,,,,,,,way/27343679,44.38,"LINESTRING (80.2102878 12.9779493, 80.210307 12.97835)"
284,,residential,,,,,,,way/27343680,238.48,"LINESTRING (80.2023693 12.9785065, 80.202382 12.9784851, 80.202382 12.9784557, 80.202319 12.9780933, 80.2022056 12.9775928, 80.2021844 12.9774031, 80.2021812 12.9773746, 80.2021501 12.9769325, 80.2021294 12.9766252, 80.2021125 12.9763752)"
285,,residential,,,,,,,way/27343683,101.25,"LINESTRING (80.2059179 12.9846927, 80.2049986 12.9848504)"
286,,residential,,,,,,,way/27343688,171.81,"LINESTRING (80.205774 12.9838871, 80.2058157 12.984276, 80.2059179 12.9846927, 80.20594 12.9848459, 80.2059835 12.9848806, 80.2064893 12.9847126)"
287,,residential,,,,,,,way/27343689,71.43,"LINESTRING (80.2076936 12.9834228, 80.2070382 12.9834838)"
288,,residential,,,asphalt,,,,way/27343690,187.57,"LINESTRING (80.2086957 12.9825124, 80.2082557 12.9825494, 80.2078282 12.9825532, 80.20697 12.9826033)"
289,,residential,,,,,,,way/27343691,92.97,"LINESTRING (80.2077758 12.9821266, 80.2069192 12.9821505)"
290,,residential,,,,,,,way/27343693,75.06,"LINESTRING (80.2059255 12.9807464, 80.2066071 12.9806302)"
291,,residential,,,,,,,way/27343694,178.78,"LINESTRING (80.2059599 12.9796693, 80.2059306 12.9795499, 80.2059309 12.9795276, 80.2059354 12.9795063, 80.2059464 12.9794918, 80.2059582 12.9794791, 80.2060837 12.9794172, 80.2072713 12.9788956)"
292,,residential,,,,,,,way/27343695,177.9,"LINESTRING (80.205651 12.9810363, 80.204591 12.9811904, 80.204062 12.981265, 80.2040459 12.9812672, 80.2040307 12.9812756)"
293,,residential,,,,,,,way/27343696,66.94,"LINESTRING (80.2055848 12.9806775, 80.2055969 12.9806875, 80.2056066 12.9807018, 80.205651 12.9810363, 80.2056896 12.9812683)"
294,,residential,,,,,,,way/27343706,296.42,"LINESTRING (80.213507 12.9864783, 80.2132767 12.9864848, 80.2129803 12.9865039, 80.2117347 12.9866121, 80.2117099 12.9861148, 80.2116952 12.9856771)"
295,EB Colony 1st Street,residential,,,,,,,way/27343708,277.29,"LINESTRING (80.2103678 12.9852584, 80.2116851 12.98523, 80.2129224 12.9851812)"
296,Lakshmi Hayagriva 2nd Main Road,residential,,,,,,,way/27343709,282.57,"LINESTRING (80.2103282 12.9857053, 80.2116952 12.9856771, 80.2129323 12.9856616)"
297,Radhar Nagar Extension 2nd Street,residential,,,,,,,way/27343711,127.57,"LINESTRING (80.2140966 12.9849115, 80.2129209 12.9848925)"
298,Radhar Nagar Extension 2nd Street,residential,,,,,,,way/27343713,117.12,"LINESTRING (80.2140108 12.9852962, 80.2129313 12.9852878)"
299,11th Street,residential,,,,,,,way/27343715,61.7,"LINESTRING (80.2141187 12.9856372, 80.2138417 12.9856394, 80.2136902 12.9856444, 80.2136727 12.9856503, 80.2136654 12.9856627, 80.2136593 12.9856744, 80.2136439 12.9857195, 80.2136292 12.985743, 80.213618 12.9857555)"
300,South Street,residential,,,,,,,way/27343720,151.76,"LINESTRING (80.2165459 12.9856943, 80.2173448 12.9853748, 80.2175872 12.9852798, 80.2178505 12.9852018)"
301,2nd Street,residential,,,,,,,way/27343721,158.54,"LINESTRING (80.2166761 12.986056, 80.2166547 12.9860247, 80.2165459 12.9856943, 80.2164802 12.9855331, 80.2163977 12.9852819, 80.2163449 12.9851622, 80.2163294 12.9851532, 80.2163114 12.9851504, 80.2162869 12.9851493, 80.2158587 12.9851742)"
302,Balahi Colony Main Road,residential,,,,,,,way/27343722,206.12,"LINESTRING (80.2148605 12.9864337, 80.2150772 12.986435, 80.2154867 12.9863988, 80.2158843 12.9863751, 80.2162661 12.9864169, 80.2167539 12.9864566)"
303,,residential,,,,,,,way/27343728,118.07,"LINESTRING (80.2102694 12.9807002, 80.2101795 12.9807015, 80.2098995 12.9807046, 80.2094317 12.9807023, 80.2091812 12.980704)"
304,,residential,,,,,,,way/27343730,117.99,"LINESTRING (80.2042521 12.9792317, 80.2031762 12.9793872)"
305,,residential,,,,,,,way/27343733,135.09,"LINESTRING (80.2042975 12.9826199, 80.2030787 12.98287)"
306,,residential,,,,,,,way/27343734,155.73,"LINESTRING (80.2048073 12.982992, 80.204353 12.9830604, 80.2033932 12.9832327)"
307,,residential,,,,,,,way/27343740,115.62,"LINESTRING (80.2051628 12.9903304, 80.2041084 12.9904821)"
308,,residential,,,,,,,way/27343752,84.78,"LINESTRING (80.2028615 12.9887185, 80.2026506 12.9879806)"
309,,residential,,,,,,,way/27343755,174.6,"LINESTRING (80.2020191 12.9876261, 80.2024837 12.9875711, 80.203084 12.9874346, 80.2032809 12.9873921, 80.2036001 12.9874439)"
310,Godavari Street,residential,,,,,,,way/27343757,248.04,"LINESTRING (80.2009618 12.985064, 80.2009188 12.9846482, 80.2008714 12.9841822, 80.2010145 12.9841838, 80.2009901 12.9837907, 80.200948 12.9833967, 80.2009115 12.9829727)"
311,,residential,,,,,,,way/27343759,50.53,"LINESTRING (80.2052131 12.9820078, 80.205183 12.9816929, 80.2051782 12.9815525)"
312,1st Main Road,residential,,,,,,,way/27343760,216.76,"LINESTRING (80.2126363 12.9793447, 80.2118908 12.9793162, 80.2111804 12.9792201, 80.2107593 12.9791649, 80.2106496 12.9791583)"
313,,residential,,,,,,,way/27343765,132.63,"LINESTRING (80.1966263 12.980178, 80.1966584 12.9804298, 80.1967439 12.9809685, 80.1967927 12.9813655)"
314,Gopinathan Street,residential,,,,,,,way/27343769,354.61,"LINESTRING (80.1992494 12.9765824, 80.199249 12.9764904, 80.1989077 12.9765005, 80.1978429 12.9764748, 80.1975533 12.9764489, 80.1974782 12.9764384, 80.1974293 12.9763815, 80.1964727 12.9762944, 80.1961089 12.9762682)"
315,Rajarathinam Street,residential,,,,,,,way/27343770,499.13,"LINESTRING (80.1931466 12.9762925, 80.1931676 12.9762736, 80.1933987 12.9760541, 80.1934248 12.9760472, 80.1934513 12.9760545, 80.1935188 12.9760991, 80.1935604 12.9761259, 80.1936085 12.9761375, 80.1936906 12.976143, 80.1944347 12.9761427, 80.1946296 12.9761327, 80.1956702 12.9760548, 80.1959936 12.9760398, 80.1960312 12.9760398, 80.1960688 12.9760479, 80.1960875 12.9760829, 80.1960942 12.9761287, 80.1961089 12.9762682, 80.1961103 12.9763587, 80.1961009 12.9765168, 80.1960969 12.9765678, 80.1960768 12.9766161, 80.1960433 12.976675, 80.1960097 12.9767847, 80.1959994 12.9768853, 80.1959662 12.9770711, 80.1959206 12.9775391)"
316,Karikalan Street,residential,,,,,,,way/27343771,175.03,"LINESTRING (80.1989337 12.9757978, 80.1989126 12.976143, 80.1989077 12.9765005, 80.1989122 12.976708, 80.198926 12.9768226, 80.1989345 12.9770593, 80.1989402 12.9773782)"
317,Macmillon Colony Main Road,residential,,,asphalt,,,,way/27343773,487.87,"LINESTRING (80.1896456 12.9763167, 80.189653 12.9764149, 80.1896947 12.976681, 80.1897528 12.9770522, 80.1897952 12.9773231, 80.1898098 12.9774493, 80.1898303 12.9777142, 80.1898856 12.9781775, 80.189923 12.9782728, 80.1899459 12.9787088, 80.1899955 12.9794365, 80.1900363 12.9797502, 80.1900515 12.9798511, 80.1900823 12.9800559, 80.1901172 12.9803543, 80.190153 12.9806923)"
318,"1st Main Road, Lakshmi Nagar",residential,,,,,,,way/27343774,66.21,"LINESTRING (80.1891 12.980097672727226, 80.1891306 12.9803797, 80.1891429 12.9806943)"
319,"5th Street, Lakshmi Nagar",residential,,,asphalt,,,,way/27343775,85.38,"LINESTRING (80.1898856 12.9781775, 80.1891 12.97822207875653)"
320,Srinivasan Street,residential,,,asphalt,,,,way/27343779,123.6,"LINESTRING (80.1954016 12.9789185, 80.1948711 12.9789776, 80.1943046 12.9791868)"
321,Kamarajar Street,residential,,,,,,,way/27343784,403.86,"LINESTRING (80.1930302 12.9777148, 80.193117 12.9780962, 80.1932553 12.9785004, 80.1934203 12.9788608, 80.1934845 12.9791583, 80.1936404 12.9795047, 80.1938386 12.9799375, 80.1939676 12.9803053, 80.1940787 12.9805908, 80.1943613 12.9811079)"
322,,residential,,,,,,,way/27344637,174.59,"LINESTRING (80.1996387 12.9920472, 80.2002573 12.9919573, 80.200672 12.9919006, 80.2012327 12.9918303)"
323,,residential,,,asphalt,,,,way/27344639,148.9,"LINESTRING (80.200672 12.9919006, 80.2006311 12.9915863, 80.2006002 12.9914387, 80.200623 12.9914273, 80.2006432 12.9914216, 80.2006913 12.9914123, 80.2007097 12.9914026, 80.2007182 12.9913913, 80.2007213 12.9913703, 80.2006355 12.9908441, 80.2005969 12.9906518)"
324,,residential,,,,,,,way/27344661,98.26,"LINESTRING (80.2118718 12.9813097, 80.211821 12.981838, 80.2117868 12.982194)"
325,2nd Cross Lane,residential,,,,,,,way/27344662,86.04,"LINESTRING (80.216766 12.980646, 80.215973 12.9806523)"
326,,residential,,,,,,,way/27344663,73.22,"LINESTRING (80.2159884 12.9803167, 80.215973 12.9806523, 80.2159569 12.9809778)"
327,,residential,,,,,,,way/27344666,383.5,"LINESTRING (80.2137324 12.9756989, 80.2137619 12.9753365, 80.2137705 12.9753196, 80.2137903 12.9753128, 80.2138128 12.975318, 80.2138452 12.9753355, 80.2138872 12.9753755, 80.2142256 12.9757918, 80.2141867 12.9760316, 80.2141639 12.9761971, 80.2141345 12.9764112, 80.2141213 12.9767272, 80.2140932 12.9767651, 80.2140462 12.9767677, 80.2134475 12.9767242, 80.2134127 12.9767125, 80.2133926 12.9766957, 80.2133717 12.9766625, 80.213395 12.9764168, 80.2129448 12.9763794)"
328,Murugan Nagar Extension 1st Street,residential,,,,,,,way/27344667,263.3,"LINESTRING (80.2130977 12.9736589, 80.2130515 12.9751917, 80.2130423 12.9754953, 80.2130379 12.9755406, 80.2130117 12.9758119, 80.2129794 12.9760344)"
329,,residential,,,,,,,way/27344668,303.81,"LINESTRING (80.2136341 12.9733623, 80.2150547 12.9732116, 80.2164253 12.9731675)"
330,,residential,,,,,,,way/27344671,224.87,"LINESTRING (80.213639 12.9736528, 80.2136341 12.9733623, 80.2136648 12.9728784, 80.2136303 12.9724665, 80.2135734 12.9720386, 80.213524 12.971629)"
331,,residential,,,,,,,way/27344672,191.03,"LINESTRING (80.2116532 12.9738456, 80.2116509 12.9741521, 80.2116467 12.9742309, 80.2116384 12.9745731, 80.2116259 12.9746734, 80.2115839 12.97507, 80.2110771 12.9750225)"
332,,residential,,,,,,,way/27344673,106.91,"LINESTRING (80.2126355 12.9741865, 80.2121054 12.9741776, 80.2116509 12.9741521)"
333,,residential,,,,,,,way/27344675,275.83,"LINESTRING (80.21248 12.9721078, 80.2125386 12.9726672, 80.2125455 12.9727315, 80.2126142 12.9732853, 80.2126274 12.9734, 80.2126642 12.9737212, 80.212276 12.9737665, 80.2121801 12.9738175, 80.2121338 12.9738658, 80.2121054 12.9741776)"
334,,residential,,,,,,,way/27344679,105.16,"LINESTRING (80.2116384 12.9745731, 80.2126071 12.9746042)"
335,,residential,,,,,,,way/27344680,240.38,"LINESTRING (80.2107404 12.9769079, 80.2107616 12.9759394, 80.2114613 12.9759277, 80.2119891 12.9759427)"
336,,residential,,,,,,,way/27344681,36.14,"LINESTRING (80.1953602 12.982758, 80.1950508 12.9828791)"
337,4th Main Road,residential,,,,,,,way/27344682,225.49,"LINESTRING (80.1948837 12.9824209, 80.194965 12.9826617, 80.1950508 12.9828791, 80.1952416 12.9833951, 80.1953325 12.9836978, 80.1955306 12.9843568)"
338,,residential,,,,,,,way/27344683,91.79,"LINESTRING (80.1958362 12.9842771, 80.1955306 12.9843568, 80.1950199 12.9844952)"
339,6th Street,residential,,,,,,,way/27344708,153.57,"LINESTRING (80.1949836 12.9843406, 80.1945475 12.9844728, 80.194321 12.9845684, 80.1941318 12.9846276, 80.1939894 12.9846389, 80.1938459 12.9846625, 80.1936285 12.9847212)"
340,5th Street,residential,,,,,,,way/27344711,157.03,"LINESTRING (80.1948428 12.9837689, 80.1948092 12.9837776, 80.1934433 12.9841309)"
341,Sundaramoorthy Street,residential,,,,,,,way/27344715,190.65,"LINESTRING (80.1953002 12.9814858, 80.1952564 12.9816183, 80.1952545 12.9816276, 80.1952599 12.9816508, 80.1952619 12.9816673, 80.1952757 12.9816903, 80.1952992 12.9817104, 80.1953234 12.9817315, 80.1953477 12.9817527, 80.1953719 12.9817738, 80.1953961 12.9817949, 80.1954177 12.981819, 80.1954394 12.9818431, 80.1954676 12.981884, 80.1954926 12.981928, 80.1955233 12.9819748, 80.1955699 12.9820819, 80.1955912 12.9821307, 80.1956133 12.9822049, 80.1956334 12.9822721, 80.1956604 12.9823626, 80.1956874 12.9824532, 80.1957195 12.9825095, 80.1957507 12.9825645, 80.1957995 12.9826502, 80.1958441 12.9827286, 80.1958733 12.9827799, 80.1958978 12.9828229, 80.1959186 12.9828605, 80.195922 12.9828731, 80.1959169 12.9828874, 80.1958806 12.9829089, 80.1958013 12.9829514)"
342,Nanganallur 3rd Main Road,residential,,,,,,,way/27344719,691.6,"LINESTRING (80.1913528 12.9882909, 80.1913451 12.9877959, 80.1913124 12.9873244, 80.1912934 12.9870527, 80.19127 12.9867174, 80.1912433 12.9863294, 80.1912307 12.9862599, 80.1911744 12.9858435, 80.1911616 12.9857046, 80.191132 12.9854643, 80.1911063 12.9850664, 80.1910996 12.9848558, 80.1910538 12.9844309, 80.1910232 12.984153, 80.1910074 12.9839276, 80.1909997 12.9838181, 80.1909869 12.9836359, 80.1909052 12.9829245, 80.1908508 12.9820622)"
343,29th Street,residential,,,,,,,way/27344720,216.96,"LINESTRING (80.1910996 12.9848558, 80.1900132 12.9848609, 80.1896305 12.9848677, 80.1891 12.984877074740126)"
344,27th Street,residential,,,,,,,way/27344721,208.66,"LINESTRING (80.1910232 12.984153, 80.1901014 12.9841459, 80.1900001 12.9841431, 80.1895184 12.9841465, 80.1891 12.984142938091466)"
345,24th Street,residential,,,,,,,way/27344722,130.86,"LINESTRING (80.1901014 12.9841459, 80.1900741 12.9829633)"
346,17th Street,residential,,,,,,,way/27344723,122.99,"LINESTRING (80.1921145 12.9835214, 80.1909869 12.9836359)"
347,16th Street,residential,,,,,,,way/27344724,127.53,"LINESTRING (80.1922253 12.9843357, 80.1910538 12.9844309)"
348,15th Street,residential,,,,,,,way/27344725,129.88,"LINESTRING (80.192301 12.9849919, 80.1911063 12.9850664)"
349,14th Street,residential,,,,,,,way/27344726,137.09,"LINESTRING (80.1924217 12.9856126, 80.1911616 12.9857046)"
350,13th Street,residential,,,,,,,way/27344727,142.82,"LINESTRING (80.1925544 12.986218, 80.1916072 12.9862847, 80.1912433 12.9863294)"
351,,residential,,,,,,,way/27344728,149.74,"LINESTRING (80.1936985 12.9849502, 80.1923461 12.9852205)"
352,8th Street,residential,,,,,,,way/27344729,135.71,"LINESTRING (80.1934717 12.9842397, 80.1922325 12.9844068)"
353,7th Street,residential,,,,,,,way/27344730,424.25,"LINESTRING (80.1952713 12.982228, 80.1948837 12.9824209, 80.1943865 12.9826684, 80.1941067 12.9827684, 80.1934657 12.9829672, 80.1934209 12.982984, 80.1933976 12.9830157, 80.1933955 12.9830504, 80.1934047 12.983088, 80.1935181 12.9833689, 80.1935213 12.9833911, 80.1935201 12.9834133, 80.1935105 12.9834305, 80.1934993 12.9834437, 80.1934636 12.9834624, 80.1932504 12.9834953, 80.1921244 12.9836568)"
354,10th Street,residential,,,,,,,way/27344731,152.04,"LINESTRING (80.1938483 12.9855964, 80.1933208 12.9857587, 80.1924964 12.985956)"
355,7th Street,residential,,,,,,,way/27344732,151.19,"LINESTRING (80.1951009 12.9848938, 80.19411 12.9852885, 80.1938098 12.9854081)"
356,33rd Street,residential,,,,,,,way/27344733,225.82,"LINESTRING (80.1911744 12.9858435, 80.1900451 12.9859133, 80.1891 12.985819954332946)"
357,34th Street,residential,,,,,,,way/27344734,134.09,"LINESTRING (80.1912307 12.9862599, 80.1899993 12.9863634)"
358,35th Street,residential,,,,,,,way/27344735,235.78,"LINESTRING (80.19127 12.9867174, 80.1899623 12.9867418, 80.1894875 12.9867031, 80.1891 12.98667065248552)"
359,5th Main Road,residential,,,,,,,way/27344736,478.27,"LINESTRING (80.190897 12.9909492, 80.1907514 12.9905148, 80.1905589 12.9899638, 80.1905324 12.9898827, 80.1904502 12.9895142, 80.1903301 12.9889762, 80.1902232 12.988607, 80.1901908 12.988004, 80.1901012 12.9874257, 80.1900797 12.9873563, 80.1899623 12.9867418)"
360,3rd Street,residential,,,,,,,way/27344737,201.93,"LINESTRING (80.211669 12.9843071, 80.212351 12.9844039, 80.212922 12.9844852, 80.2131015 12.9844982, 80.2134468 12.9844872, 80.2134816 12.9844813, 80.2135109 12.9844636)"
361,3rd Street,residential,,,,,,,way/27344738,139.53,"LINESTRING (80.2116644 12.9846804, 80.2112893 12.9846807, 80.2108876 12.9846842, 80.2103783 12.9846867)"
362,,residential,,,,,,,way/27344741,120.67,"LINESTRING (80.1997088370412 12.9924, 80.1996428 12.9920679, 80.1996387 12.9920472, 80.1995071 12.9913274)"
363,Karuneegar Street,residential,,,,,,,way/27344762,91.77,"LINESTRING (80.2020755 12.9917852, 80.2019262 12.9917936, 80.2016872 12.9917825, 80.2012327 12.9918303)"
364,,residential,,,,,,,way/27344764,152.93,"LINESTRING (80.2065549 12.9901136, 80.2061326 12.9901842, 80.2056163 12.9902556, 80.2051628 12.9903304)"
365,Lakeview Street,residential,,,,,,,way/27344778,192.93,"LINESTRING (80.2048306 12.9885877, 80.2059119 12.98851, 80.2061324 12.9884821, 80.206176 12.988486, 80.2062048 12.9885109, 80.2062323 12.9885644, 80.2062417 12.9888864)"
366,,residential,,,,,,,way/27344863,1.63,"LINESTRING (80.20722184215785 12.9924, 80.2072165 12.9923862)"
367,,residential,,,,,,,way/27344864,20.66,"LINESTRING (80.2074128 12.9923326, 80.2075981 12.9922894)"
368,10th Street,residential,,,,,,,way/27344880,129.04,"LINESTRING (80.2118526 12.9899628, 80.2119358 12.990259, 80.2121689 12.9910872)"
369,9th Street,residential,,,,,,,way/27344882,130.19,"LINESTRING (80.2125722 12.9897621, 80.2126489 12.9900362, 80.2128799 12.9908995)"
370,TNHB Colony 7th Street,residential,,,,,,,way/27344887,165.49,"LINESTRING (80.2142763 12.9893444, 80.2143486 12.9896664, 80.2144391 12.9900057, 80.2144637 12.9900979, 80.2144529 12.9901686, 80.2143886 12.9902582, 80.2143242 12.9903568, 80.214172 12.9905426, 80.2141132 12.9905784, 80.2139988 12.9906073)"
371,5th Street,residential,,,,,,,way/27344890,84.52,"LINESTRING (80.2132353357399 12.9924, 80.2130418 12.99166)"
372,,residential,,,,,,,way/27345238,51.26,"LINESTRING (80.2088438 12.9891936, 80.2092987 12.9890682)"
373,,residential,,,,,,,way/27345485,11.39,"LINESTRING (80.19836038207988 12.9924, 80.1983434 12.9922984)"
374,,residential,,,,,,,way/27345487,78.76,"LINESTRING (80.196868 12.9916885, 80.1968929 12.9923784, 80.19689221675054 12.9924)"
375,,residential,,,,,,,way/27345488,147.91,"LINESTRING (80.1959091 12.9917385, 80.1964413 12.9917456, 80.196868 12.9916885, 80.1972659 12.9916444)"
376,,residential,,,,,,,way/27345491,15.93,"LINESTRING (80.19599097953275 12.9924, 80.1960197 12.9922588)"
377,1st Main Road,residential,,,,,,,way/27345492,505.85,"LINESTRING (80.1891667 12.9903527, 80.1892136 12.9904344, 80.1893216 12.9906488, 80.1893498 12.990684, 80.1893941 12.9907115, 80.1897942 12.990817, 80.1898977 12.9908454, 80.1908035 12.9912584, 80.1919625 12.9917296, 80.1929747 12.9920827, 80.193285 12.9922001, 80.1933253 12.9922144)"
378,Inner Ring Road (Southern Sector),primary,,,,yes,,,way/27345518,266.72,"LINESTRING (80.1954013 12.9892144, 80.1954047 12.9896572, 80.195406 12.9898263, 80.1954118 12.9900647, 80.1953159 12.9903976, 80.1952352 12.9905232, 80.1951964 12.9905835, 80.1950119 12.9907504, 80.194898 12.9908403, 80.1946656 12.9910237, 80.1944171 12.9912198)"
379,,residential,,,,,,,way/27345519,91.67,"LINESTRING (80.1891667 12.9903527, 80.1892043 12.9903092, 80.1892691 12.9902467, 80.1893478 12.9902044, 80.1894685 12.9901664, 80.1899367 12.9900652)"
380,Thillai ganga nagar 2nd Main Road,residential,,,,,,,way/27345521,152.59,"LINESTRING (80.1922811 12.9907056, 80.1918104 12.9907833, 80.1914913 12.9908313, 80.190897 12.9909492)"
381,,residential,,,,,,,way/27351780,328.61,"LINESTRING (80.1989139 12.9808014, 80.1989234 12.9808425, 80.1990161 12.981547, 80.1990342 12.9816662, 80.1991011 12.9820924, 80.1991642 12.982462, 80.1992323 12.9828878, 80.1992875 12.983221, 80.1993276 12.9834839, 80.1993682 12.9837378)"
382,,residential,,,,,,,way/27351781,159.93,"LINESTRING (80.1991642 12.982462, 80.1977279 12.9827875)"
383,Sathyanarayanan Street,residential,,,asphalt,,,,way/27351828,188.93,"LINESTRING (80.1955836 12.9754902, 80.1956702 12.9760548, 80.1956973 12.9764884, 80.1956806 12.9768057, 80.1956429 12.9771886)"
384,,residential,,,,,,,way/27351831,112.17,"LINESTRING (80.1939175 12.9748579, 80.1939059 12.9743191, 80.1939205 12.9738443)"
385,Gandhi Street,residential,,,,,,,way/27351841,186.21,"LINESTRING (80.193117 12.9780962, 80.1914434 12.9784695)"
386,Nehru Street,residential,,,,,,,way/27351930,192.9,"LINESTRING (80.1932553 12.9785004, 80.1923504 12.9786878, 80.192333 12.9786914, 80.1919816 12.9787667, 80.191818 12.9788018, 80.1915137 12.9788498)"
387,Cholan Street,residential,,,asphalt,,,,way/27351932,169.47,"LINESTRING (80.1939603 12.9787201, 80.1934203 12.9788608, 80.1926246 12.9790237, 80.1924396 12.9790679)"
388,V. O. C. Street,residential,,,asphalt,,,,way/27351934,233.6,"LINESTRING (80.1920186 12.9795567, 80.1921664 12.9795192, 80.1925303 12.9794268, 80.1927028 12.979383, 80.1934845 12.9791583, 80.1940867 12.9789709)"
389,John Kennady Street,residential,,,asphalt,,,,way/27351936,245.67,"LINESTRING (80.1921031 12.979919, 80.1936404 12.9795047, 80.1942744 12.9792921)"
390,Nanganallur 19th Street,residential,,,,,,,way/27351938,302.66,"LINESTRING (80.1918766 12.9812454, 80.1902238 12.9814482, 80.1891 12.981470777175726)"
391,,residential,,,,,,,way/27351949,163.08,"LINESTRING (80.1943613 12.9811079, 80.194488 12.9809776, 80.1945195 12.9809381, 80.1945393 12.9808824, 80.1945461 12.9808045, 80.1943586 12.9802122, 80.1942618 12.979735)"
392,Alex Street,residential,,,asphalt,,,,way/27351951,210.27,"LINESTRING (80.1945647 12.9796956, 80.19454 12.979944, 80.1945479 12.980114, 80.19461 12.9802874, 80.1946827 12.9804659, 80.1947672 12.980665, 80.1948449 12.9808224, 80.1949997 12.9811735, 80.1950282 12.9812357, 80.1950911 12.9813142, 80.1951201 12.9814755)"
393,Vengat Narayanan Street,residential,,,,,,,way/27351987,255.82,"LINESTRING (80.1954016 12.9789185, 80.1953647 12.9785189, 80.1953787 12.9780843, 80.1953707 12.9780624, 80.1953587 12.9780475, 80.1953423 12.9780391, 80.1946234 12.9780011, 80.1939067 12.9781007)"
394,,residential,,,asphalt,,,,way/27352028,397.01,"LINESTRING (80.1912233 12.9749042, 80.1914898 12.9752543, 80.1915618 12.9753489, 80.1925208 12.9760287, 80.1930127 12.9765968, 80.1930861 12.9766887, 80.193166 12.9768113, 80.193226 12.9769299, 80.1933002 12.9770838, 80.1933502 12.9771749, 80.1935681 12.9775818)"
395,Balaji Nagar 2nd Street,residential,,,asphalt,,,,way/27352031,171.35,"LINESTRING (80.1898878 12.9739081, 80.1898852 12.9743166, 80.1898976 12.9743706, 80.1899315 12.9744096, 80.1899746 12.9744367, 80.1905239 12.9747247, 80.1908379 12.9749346)"
396,,residential,,,,,,,way/27352037,104.6,"LINESTRING (80.1927361 12.9768148, 80.1928577 12.9771454, 80.1930302 12.9777148)"
397,பாலாஜி நகர் 4வது தெரு,residential,,,asphalt,,,,way/27352051,61.64,"LINESTRING (80.1893431 12.9734002, 80.1894324 12.9734015, 80.1899112 12.9734086)"
398,,residential,,,,,,,way/27352061,61.98,"LINESTRING (80.190474 12.9760058, 80.1904302 12.9758802, 80.1903912 12.9758041, 80.1903268 12.9757069, 80.1902318 12.9756263, 80.1901301 12.9755996)"
399,Kalai Magal Street,residential,,,,,,,way/27352071,217.74,"LINESTRING (80.1982009 12.9700127, 80.1970417 12.9701596, 80.1962106 12.970265)"
400,Sreedharan Road,residential,,,,,,,way/27352073,305.69,"LINESTRING (80.1990079 12.9686063, 80.1986019 12.9686503, 80.198537 12.9686567, 80.197782 12.9687588, 80.1962102 12.9689311)"
401,,residential,,,,,,,way/27352077,319.41,"LINESTRING (80.2014464 12.967267, 80.2003799 12.9673369, 80.1999297 12.9673862, 80.1989301 12.9675008, 80.1985165 12.9675408)"
402,,residential,,,,,,,way/27352083,271.3,"LINESTRING (80.2009187 12.9666527, 80.2003232 12.9667089, 80.1996948 12.966872, 80.1984615 12.9670847)"
403,,residential,,,,,,,way/27352085,73.42,"LINESTRING (80.1994753 12.9656355, 80.2001456 12.9655448)"
404,venkatraman Street,residential,,,,,,,way/27352086,221.64,"LINESTRING (80.1996948 12.966872, 80.199636 12.9665829, 80.1996083 12.9663657, 80.1995879 12.9662344, 80.1994933 12.9657445, 80.1994753 12.9656355, 80.1994358 12.9653146, 80.1994025 12.9650862, 80.1993717 12.9648946)"
405,Gopal Street,residential,,,,no,,,way/27352089,178.85,"LINESTRING (80.1961159 12.9661698, 80.1944977 12.9664779)"
406,Adisankaran Street,residential,,,,,,,way/27352102,194.46,"LINESTRING (80.1961121 12.9653701, 80.1958561 12.9654771, 80.1955905 12.9655174, 80.1943742 12.9657789)"
407,Gopal Street,residential,,,,no,,,way/27352105,352.61,"LINESTRING (80.1913384 12.9672232, 80.1924652 12.9669844, 80.1944977 12.9664779)"
408,Bhuvaneshwari Street,residential,,,,no,,,way/27352106,160.17,"LINESTRING (80.1946012 12.9669406, 80.1934103 12.9672257, 80.1931694 12.9672927)"
409,Nehru 2nd Street,residential,,,,,,,way/27352111,86.22,"LINESTRING (80.1930615 12.9681903, 80.1929552 12.9678152, 80.1928562 12.9674374)"
410,Kamaraj Street,residential,,,asphalt,,,,way/27352115,146.01,"LINESTRING (80.1916274 12.9685121, 80.1915403 12.9681021, 80.1914523 12.9676955, 80.1913384 12.9672232)"
411,Anna Street,residential,,,asphalt,,,,way/27352121,286.03,"LINESTRING (80.1905557 12.9661567, 80.190648 12.9668333, 80.1906998 12.9673805, 80.1907463 12.9676591, 80.1908531 12.968271, 80.1909282 12.9687151)"
412,Sethuraman Colony 3rd Street,residential,,,,,,,way/27352124,99.33,"LINESTRING (80.1902022 12.9671378, 80.1901013 12.9662454)"
413,,residential,,,,,,,way/27352168,189.82,"LINESTRING (80.1999674 12.9677839, 80.1989648 12.9678799, 80.1989993 12.9683158, 80.1990079 12.9686063)"
414,Mohanapuri 3rd Street,residential,,,,,,,way/27353603,240.61,"LINESTRING (80.2052195 12.9861882, 80.2060719 12.9860798, 80.2074189 12.9859084)"
415,,residential,,,,,,,way/27353805,363.31,"LINESTRING (80.2050952 12.9854653, 80.2048498 12.9856298, 80.2042914 12.9859104, 80.204218 12.9863579, 80.2041405 12.9866697, 80.2038903 12.9875332, 80.2037983 12.9882327)"
416,,residential,,,,,,,way/27353822,47.16,"LINESTRING (80.2041405 12.9866697, 80.2037122 12.9865969)"
417,,residential,,,,,,,way/27353960,91.43,"LINESTRING (80.2037144 12.9840943, 80.2037804 12.9844771, 80.2038549 12.9849092)"
418,,residential,,,,,,,way/27353970,69.83,"LINESTRING (80.2024072 12.9825471, 80.2026133 12.9825049, 80.2030373 12.9824181)"
419,,residential,,,,,,,way/27353990,116.27,"LINESTRING (80.2019483 12.9822938, 80.2020111 12.9826504, 80.2013192 12.9827704)"
420,,residential,,,,,,,way/27353995,218.86,"LINESTRING (80.1991642 12.982462, 80.199979 12.9822832, 80.2002867 12.982223, 80.2002767 12.9821578, 80.2001733 12.9813785)"
421,,residential,,,,,,,way/27354002,113.65,"LINESTRING (80.1992875 12.983221, 80.1988536 12.9832998, 80.1986509 12.9833366, 80.1984087 12.9834033, 80.1982657 12.9834426)"
422,,residential,,,,,,,way/27354011,150.07,"LINESTRING (80.1982657 12.9834426, 80.1980912 12.9834962, 80.1978403 12.9835733, 80.1970052 12.9839909)"
423,,residential,,,,,,,way/27354024,90.32,"LINESTRING (80.1988381 12.9842943, 80.198469 12.9843468, 80.1980142 12.9844114)"
424,,residential,,,,,,,way/27354061,88.55,"LINESTRING (80.2060719 12.9860798, 80.206003 12.9856578, 80.2059396 12.98529)"
425,Mohanapuri 3rd Street,residential,,,,,,,way/27354087,43.38,"LINESTRING (80.2079238 12.9844213, 80.2078765 12.9840319)"
426,,service,,,,,,,way/27354092,7.65,"LINESTRING (80.2091034 12.9830159, 80.2091027 12.9829893, 80.2091017 12.9829468)"
427,,residential,,,,,,,way/27354110,274.51,"LINESTRING (80.210983 12.982113, 80.210613 12.9821204, 80.210019 12.982145, 80.2099388 12.9821395, 80.2099255 12.9820112, 80.2095459 12.9820134, 80.2094891 12.9820208, 80.2094767 12.9820669, 80.2094825 12.9822277, 80.2094783 12.982398, 80.2094654 12.982918)"
428,,residential,,,,,,,way/27354129,316.34,"LINESTRING (80.213227 12.9829019, 80.212344 12.9828626, 80.212124 12.9828497, 80.2112998 12.9828025, 80.2107427 12.982785, 80.2103144 12.9827716)"
429,,residential,,,,,,,way/27354137,93.85,"LINESTRING (80.2098436 12.9837631, 80.209824 12.9833185, 80.2098115 12.9831575, 80.2098097 12.9829157)"
430,,residential,,,,,,,way/27354139,42.95,"LINESTRING (80.2094282 12.9833146, 80.2095094 12.9833175, 80.209824 12.9833185)"
431,,residential,,,,,,,way/27354144,12.09,"LINESTRING (80.2104087 12.9838112, 80.210398 12.9838001, 80.2103069 12.9837709)"
432,,residential,,,,,,,way/27354150,184.37,"LINESTRING (80.2108876 12.9846842, 80.210863 12.9837731, 80.2108171 12.9837445, 80.210838 12.9833252, 80.2108837 12.9833104, 80.2108896 12.9830757)"
433,,residential,,,,,,,way/27354163,97.52,"LINESTRING (80.2112587 12.9838073, 80.2112544 12.9838829, 80.2112519 12.9842018, 80.211287 12.9842726, 80.2112893 12.9846807)"
434,,residential,,,,,,,way/27354215,142.68,"LINESTRING (80.212351 12.9844039, 80.2123752 12.9843539, 80.2124973 12.9840312, 80.212512 12.9839737, 80.2125179 12.9839422, 80.2125254 12.9838612, 80.2125308 12.9838207, 80.2125348 12.9837998, 80.2125496 12.9837841, 80.212575 12.983775, 80.2126019 12.9837724, 80.212626 12.9837593, 80.2126327 12.9837358, 80.2126341 12.9836848, 80.2126501 12.9832065)"
435,,residential,,,,,,,way/27354235,77.48,"LINESTRING (80.2082557 12.9825494, 80.20823 12.9818495)"
436,,residential,,,,,,,way/27354246,220.87,"LINESTRING (80.2100799 12.9810385, 80.2101332 12.9815697, 80.2094219 12.9816195, 80.2092246 12.9815419, 80.2090469 12.9815445, 80.2086588 12.9815502)"
437,,residential,,,,,,,way/27354253,132.11,"LINESTRING (80.2098313 12.9810452, 80.208618 12.9811459)"
438,,residential,,,,,,,way/27354302,39.26,"LINESTRING (80.2150406 12.9860819, 80.2150772 12.986435)"
439,7th Street,residential,,,,,,,way/27354311,89.24,"LINESTRING (80.21429 12.9861533, 80.2143368 12.9866607, 80.2143413 12.9867297, 80.2143426 12.9867976, 80.2143131 12.9868486, 80.2142335 12.9869134)"
440,6th Street,residential,,,,,,,way/27354313,56.45,"LINESTRING (80.2140671 12.9861673, 80.2141611 12.9861523, 80.2141938 12.9861599, 80.21429 12.9861533, 80.2144177 12.9861338, 80.2145818 12.9861108)"
441,Janakpuri 1st Street,residential,,,,,,,way/27354723,137.9,"LINESTRING (80.2201129 12.9891078, 80.2189178 12.9895322)"
442,Dhandeeshwaram 3rd Main Road,residential,,,,,,,way/27354929,272.15,"LINESTRING (80.2236363 12.9832338, 80.2236553 12.9825453, 80.2236826 12.9818565, 80.2237031 12.9813456, 80.2237221 12.9807753)"
443,Dhandeeshwaram Nagar 4th Cross Street,residential,,,,,,,way/27354930,302.37,"LINESTRING (80.2260831 12.9832676, 80.2257954 12.9832603, 80.2252538 12.9832544, 80.2247555 12.983249, 80.2243439 12.9832445, 80.2242769 12.9832438, 80.2236363 12.9832338, 80.2232963 12.9832337)"
444,Dhandeeswaram Nagar 10th Cross Road,residential,,,,,,,way/27354936,220.74,"LINESTRING (80.222685 12.9794981, 80.2227026 12.9794892, 80.2227245 12.979486, 80.2235009 12.9794855, 80.2237868 12.9795119, 80.2244906 12.9795298, 80.2247155 12.9795375)"
445,Dhandeeshwaram Nagar 3rd Main Road,residential,,,,,,,way/27354978,139.96,"LINESTRING (80.2237868 12.9795119, 80.2237599 12.9801331, 80.223748 12.9804221, 80.2237221 12.9807753)"
446,,residential,,,,,,,way/27354982,176.92,"LINESTRING (80.2237031 12.9813456, 80.2241265 12.981374, 80.2253304 12.9814483)"
447,Dhandeeswaram Nagar 4th Avenue [west],residential,,,,,,,way/27354983,109.45,"LINESTRING (80.2243727 12.9804605, 80.2246817 12.9804795, 80.2253806 12.9804998)"
448,Seethapathy Nagar Extn,residential,,,,,,,way/27354984,288.02,"LINESTRING (80.2262918 12.9818422, 80.2263053 12.9816352, 80.2263311 12.9812397, 80.2263395 12.9808293, 80.2263477 12.9805958, 80.2263689 12.9801177, 80.2265295 12.9798171, 80.2265621 12.9794892, 80.2265993 12.9794126, 80.2266635 12.9793065)"
449,Seethapathy Nagar 3rd Cross Street,residential,,,,,,,way/27354987,112.19,"LINESTRING (80.2273698 12.9807423, 80.2263395 12.9808293)"
450,ThiruVedi Amman Koil Street,residential,,,,,,,way/27354993,248.1,"LINESTRING (80.227654 12.9860201, 80.227647 12.9859448, 80.227638 12.9855451, 80.227636 12.9854589, 80.2276475 12.9849476, 80.2276476 12.9848093, 80.2276515 12.9847106, 80.2276505 12.9840291, 80.2276504 12.9839266, 80.2276486 12.9838169, 80.227646 12.9837782)"
451,Shanti Street,residential,,,,,,,way/27354996,88.79,"LINESTRING (80.2284 12.982945885583943, 80.2281783 12.9829649, 80.2281235 12.9829696, 80.2280382 12.9829806, 80.227964 12.9829889, 80.2276677 12.9830248, 80.2275865 12.9830321)"
452,Usha Street,residential,,,,,,,way/27354998,34.75,"LINESTRING (80.2280823 12.9825986, 80.2284 12.982558711293677)"
453,Rani Street,residential,,,,,,,way/27355015,43.81,"LINESTRING (80.2284 12.981703059566215, 80.2283812 12.9817048, 80.227998 12.9817402)"
454,Ravi Street,residential,,,,,,,way/27355024,290.54,"LINESTRING (80.2269654 12.9811883, 80.2270405 12.9822604, 80.2270502 12.9823596, 80.2270877 12.9827431, 80.2271264 12.9832645, 80.2271657 12.983807)"
455,Seethapathy Nagar 2rd Cross Street,residential,,,,,,,way/27355029,108.22,"LINESTRING (80.2274094 12.9811665, 80.2279514 12.9811039, 80.2283255 12.9810607, 80.2284 12.981052092743925)"
456,Jayanthi street,residential,,,,,,,way/27355030,146.38,"LINESTRING (80.2263001 12.9838672, 80.226573 12.9838384, 80.2271657 12.983807, 80.227646 12.9837782)"
457,Latha Street;Seethapathy Nagar 1st Cross Street,residential,,,,,,,way/27355031,48.81,"LINESTRING (80.2270405 12.9822604, 80.2274885 12.9822199)"
458,Dhandeeshwaram Nagar 2nd Cross Street,residential,,,,,,,way/27355032,151.59,"LINESTRING (80.2247357 12.9840885, 80.2251399 12.9841343, 80.2255887 12.9841616, 80.225603 12.9841625, 80.2261285 12.9841916)"
459,Dhandeeshwaram Nagar 3rd Cross Street,residential,,,,,,,way/27355033,144.77,"LINESTRING (80.2247435 12.9836858, 80.2256132 12.983754, 80.225778 12.9837669, 80.2260739 12.9837862)"
460,Dhandeeswaram Nagar 1st Cross Road,residential,,,asphalt,,,,way/27355034,160.97,"LINESTRING (80.2251366 12.9847842, 80.2251303 12.9847902, 80.2251207 12.9847933, 80.224722 12.9847923, 80.2242405 12.9847953, 80.2237835 12.9848023, 80.223656 12.9848043)"
461,Theradi Street,residential,,,concrete,,,,way/27355047,96.79,"LINESTRING (80.2241779 12.9852689, 80.2236278 12.9854194, 80.2233612 12.985474, 80.2233142 12.9854614)"
462,East Mada Street,residential,,,concrete,,,,way/27355049,149.21,"LINESTRING (80.2241779 12.9852689, 80.2241945 12.9852747, 80.2242047 12.9852836, 80.2242124 12.9852945, 80.2242832 12.985493, 80.2242978 12.9855465, 80.2243359 12.9857412, 80.2243879 12.9859967, 80.2245841 12.9865442)"
463,JagannathaPuram 1st Main road,residential,,,,,,,way/27355065,233.9,"LINESTRING (80.2218285 12.9842286, 80.221748 12.9845724, 80.221753 12.9848498, 80.221748 12.9851327, 80.221439 12.9854589, 80.22094 12.9856707, 80.2207357 12.9857678)"
464,JagannathaPuram 2nd Street,residential,,,,,,,way/27355067,156.94,"LINESTRING (80.2203291 12.9844422, 80.2203694 12.9850342, 80.2204377 12.9858568)"
465,RajaLaxmi Nagar 2nd main Road,residential,,,,,,,way/27355070,298.62,"LINESTRING (80.220674 12.985002, 80.2203694 12.9850342, 80.2198983 12.9850431, 80.2194567 12.9850434, 80.2190836 12.9850341, 80.2185684 12.9850183, 80.2179249 12.984981)"
466,RajaLaxmi Nagar 6th Cross Street,residential,,,,,,,way/27355073,63.51,"LINESTRING (80.2194567 12.9850434, 80.2194255 12.9856167)"
467,RajaLaxmi Nagar 5th cross Street,residential,,,,,,,way/27355075,175.73,"LINESTRING (80.2199068 12.9844386, 80.2198983 12.9850431, 80.2198959 12.986027)"
468,Janakpuri 2nd Street,residential,,,,,,,way/27355078,151.47,"LINESTRING (80.2200337 12.9885531, 80.2187315 12.9890468)"
469,Gandhi Street,residential,,,,,,,way/27355081,266.25,"LINESTRING (80.2174893 12.989678, 80.2169363 12.989812, 80.2162177 12.9899355, 80.2161476 12.9899785, 80.215925 12.9901526, 80.2156755 12.9902542, 80.2155255 12.9903247, 80.2154477 12.9903848, 80.2154016 12.9904626, 80.2153793 12.9905364, 80.2153693 12.990616)"
470,Lakshmipuram Street,residential,,,,,,,way/27355084,313.88,"LINESTRING (80.2216268 12.9866349, 80.2216946 12.9868068, 80.2217006 12.9868316, 80.2216996 12.9868518, 80.2216798 12.9868676, 80.2216597 12.986876, 80.2207679 12.9872524, 80.2205573 12.9873596, 80.2203514 12.9874826, 80.2201224 12.9876066, 80.2199697 12.9876831, 80.2195527 12.9878817, 80.219374 12.987961, 80.2193054 12.9879696)"
471,Lakshmipuram Main Road,residential,1,20,concrete,no,,,way/27355089,224.62,"LINESTRING (80.2229796 12.9859715, 80.2227971 12.9859723, 80.2226357 12.986113, 80.2225723 12.9862448, 80.2223488 12.9863705, 80.2222179 12.9863942, 80.2219883 12.9864374, 80.2218676 12.9865141, 80.2216268 12.9866349, 80.2215338 12.9866742, 80.2211815 12.9868222)"
472,,residential,,,,,,,way/27355096,98.76,"LINESTRING (80.2192985 12.9816333, 80.2193281 12.9819273, 80.2193862 12.9822755, 80.2194002 12.9825196)"
473,,residential,,,,,,,way/27355136,253.12,"LINESTRING (80.2217186 12.9822402, 80.2205961 12.9822366, 80.2199336 12.9822548, 80.2193862 12.9822755)"
474,Dhandeeswaram Nagar 9th Main Road;Tansi Nagar 3rd street,residential,,,,no,,,way/27355140,149.57,"LINESTRING (80.2235055 12.9781336, 80.2235051 12.9785458, 80.2234963 12.9789836, 80.2235009 12.9794855)"
475,Sarathy Nagar 5th street,residential,,,asphalt,,,,way/27355157,139.17,"LINESTRING (80.2224526 12.9750627, 80.222572 12.9748202, 80.222617 12.9748255, 80.2231874 12.9748906, 80.2233897 12.97491, 80.2233983 12.9749097, 80.2234055 12.974906, 80.2234083 12.9748968, 80.2234082 12.9748862, 80.2234069 12.9747411)"
476,Dr.Seetharaman Nagar Main Road,residential,2,20,,no,,,way/27355171,58.08,"LINESTRING (80.2212371 12.9726226, 80.2211844 12.9723157, 80.2211396 12.9721065)"
477,,residential,,,,,,,way/27355192,40.51,"LINESTRING (80.193961 12.9824313, 80.1941067 12.9827684)"
478,,residential,,,,,,,way/27355238,126.74,"LINESTRING (80.1891 12.982360739999995, 80.1891006 12.9823611, 80.1902679 12.9823418)"
479,,residential,,,,,,,way/27359644,251.06,"LINESTRING (80.2033296 12.9743758, 80.2036742 12.9745252, 80.2041549 12.9747856, 80.2045336 12.9750355, 80.2048199 12.9750539, 80.2054594 12.9749736)"
480,Annai Therasa Nagar 2nd Street,residential,,,,,,,way/27359672,156.44,"LINESTRING (80.2048404 12.9693019, 80.2048471 12.9693318, 80.2048769 12.9694651, 80.2049391 12.9698811, 80.2049809 12.9702515, 80.205047 12.9707007)"
481,Sivaprakash Nagar 2nd Street,residential,,,,,,,way/27359679,362.09,"LINESTRING (80.2059658 12.9730097, 80.2059042 12.9723138, 80.2058762 12.9719532, 80.2058347 12.9716997, 80.2058225 12.9716044, 80.2061015 12.9715703, 80.2077053 12.9713807)"
482,,residential,,,,,,,way/27359681,117.42,"LINESTRING (80.2065137 12.9719542, 80.2065211 12.9721404, 80.20654 12.9730152)"
483,,residential,,,,,,,way/27359684,137.84,"LINESTRING (80.20654 12.9730152, 80.2064849 12.973532, 80.2065377 12.9739796, 80.206594 12.9742498)"
484,,residential,,,,,,,way/27359690,125.65,"LINESTRING (80.2069674 12.9718955, 80.2069824 12.9721084, 80.2069863 12.9724308, 80.2070304 12.9725221, 80.2070897 12.9730176)"
485,,residential,,,,,,,way/27359691,107.23,"LINESTRING (80.2078226 12.972315, 80.2077511 12.9723192, 80.2076252 12.9723395, 80.2075018 12.9723707, 80.2074685 12.9723988, 80.2074627 12.972486, 80.2074916 12.9730037)"
486,Annai Therasa Nagar 11th Street,residential,,,,,,,way/27359699,122.47,"LINESTRING (80.2045615 12.9719319, 80.2041593 12.9720064, 80.2039362 12.9720477, 80.2034523 12.9721373)"
487,,residential,,,,,,,way/27359713,74.14,"LINESTRING (80.2048769 12.9694651, 80.205556 12.9693907)"
488,,residential,,,,,,,way/27359725,154.77,"LINESTRING (80.2041867 12.9699602, 80.2049391 12.9698811, 80.2056027 12.9697921)"
489,,residential,,,,,,,way/27359746,51.36,"LINESTRING (80.2050278 12.9690748, 80.2054976 12.9690176)"
490,,residential,,,,,,,way/27359749,257.07,"LINESTRING (80.2074621 12.969365, 80.2060894 12.9695476, 80.2060211 12.9689735, 80.2059623 12.9685907)"
491,,residential,,,,,,,way/27359753,194.84,"LINESTRING (80.2050322 12.9673022, 80.2049463 12.9669377, 80.204837 12.9663713, 80.2047838 12.9660667, 80.2046765 12.9656381, 80.2046618 12.9655796)"
492,1st main road,residential,,,,,,,way/27359756,392.65,"LINESTRING (80.2036753 12.9665376, 80.204837 12.9663713, 80.2064331 12.9660574, 80.2072354 12.9659061)"
493,,residential,,,,,,,way/27359766,439.17,"LINESTRING (80.2038731 12.9687904, 80.2039305 12.9687921, 80.2039919 12.9688242, 80.2040523 12.9688582, 80.204095 12.9688758, 80.2041523 12.9688887, 80.2042024 12.9688941, 80.2042738 12.9688938, 80.20491 12.9687878, 80.2048315 12.9684965, 80.2048077 12.9683834, 80.2047363 12.9681325, 80.2047021 12.9680907, 80.2046491 12.9680757, 80.2043833 12.9681073, 80.2040413 12.968142, 80.2040162 12.9681384, 80.2039975 12.9681241, 80.2039816 12.9681058, 80.2039495 12.9680169, 80.203843 12.9675378, 80.203744 12.9671936, 80.2037257 12.9671298, 80.2035843 12.9668341, 80.2035105 12.9667962, 80.2034622 12.966791)"
494,main Street,residential,,,,,,,way/27359777,394.76,"LINESTRING (80.2037257 12.9671298, 80.2049463 12.9669377, 80.2060733 12.9667474, 80.2073155 12.9665491)"
495,1st Street,residential,,,,,,,way/27359782,131.63,"LINESTRING (80.203843 12.9675378, 80.2050322 12.9673022)"
496,,residential,,,,,,,way/27359785,94.58,"LINESTRING (80.1999674 12.9677839, 80.2000118 12.9682418, 80.2000499 12.968635)"
497,,residential,,,,,,,way/27359789,240.76,"LINESTRING (80.1974923 12.9708593, 80.1982799 12.9707915, 80.1988972 12.9707673, 80.1988349 12.9703692, 80.1987725 12.9699818)"
498,,residential,,,,,,,way/27359814,290.98,"LINESTRING (80.1982689 12.9775696, 80.1982548 12.9779713, 80.1983538 12.9779879, 80.1987114 12.9780081, 80.1990995 12.9780477, 80.1994933 12.978103, 80.1998235 12.9781163, 80.2002417 12.9781332, 80.2005167 12.978105)"
499,,residential,,,,,,,way/27359825,72.27,"LINESTRING (80.1990724 12.9787004, 80.1990995 12.9780477)"
500,Vanuvampet South New Street,residential,,,,,,,way/27359864,202.13,"LINESTRING (80.1957195 12.9816619, 80.1961475 12.9815139, 80.1962222 12.9814839, 80.1963123 12.9814554, 80.1967927 12.9813655, 80.1975289 12.9812549)"
501,,residential,,,,,,,way/27359881,25.61,"LINESTRING (80.1957911 12.9886332, 80.1955636 12.988695)"
502,,residential,,,,,,,way/27359927,68.2,"LINESTRING (80.1961964 12.9875729, 80.1955858 12.9877194)"
503,,residential,,,,,,,way/27359930,239.64,"LINESTRING (80.1930787 12.9883611, 80.1934968 12.9882645, 80.1939747 12.9881498, 80.1946304 12.9879635, 80.1952104 12.9877959)"
504,,residential,,,,,,,way/27359931,249.28,"LINESTRING (80.1931488 12.9887276, 80.1953848 12.9882089)"
505,16th Street,residential,,,,,,,way/27359937,342.47,"LINESTRING (80.1933468 12.9895457, 80.1927948 12.9896633, 80.1927449 12.9893591, 80.1920705 12.9894916, 80.1916953 12.9895959, 80.1915569 12.9896162, 80.19095 12.9897712, 80.1905324 12.9898827)"
506,25th Street,residential,,,,,,,way/27359963,133.6,"LINESTRING (80.1919614 12.9890628, 80.1926852 12.9889145, 80.1931656 12.9888103)"
507,தில்லை கங்கா நகர் 27ஆவது தெரு,residential,,,,,,,way/27359967,305.98,"LINESTRING (80.1903301 12.9889762, 80.190772 12.9888724, 80.1912497 12.9887445, 80.1915405 12.9886717, 80.191873 12.988614, 80.1930787 12.9883611)"
508,2nd Main Road,residential,,,,,,,way/27359976,169.89,"LINESTRING (80.1936398 12.9868141, 80.1941475 12.9866747, 80.1951311 12.9863472)"
509,Godavari Street,residential,,,,,,,way/27360054,91.05,"LINESTRING (80.2009618 12.985064, 80.200991 12.9852258, 80.2010043 12.9853582, 80.2010574 12.9856324, 80.2011064 12.9858742)"
510,,residential,,,,,,,way/27360068,166.53,"LINESTRING (80.1998092 12.983458, 80.1998386 12.9838037, 80.1998694 12.9838443, 80.1999526 12.9838743, 80.2009901 12.9837907)"
511,,residential,,,,,,,way/27360125,278.86,"LINESTRING (80.2047997 12.9795352, 80.2043252 12.9796189, 80.203242 12.9797756, 80.2023213 12.980141)"
512,Nehru Street,residential,,,,,,,way/27360216,114.71,"LINESTRING (80.200497 12.9808999, 80.2007777 12.9806803, 80.2008131 12.980603, 80.2008445 12.9803736, 80.200826 12.9800055)"
513,,residential,,,,,,,way/27360243,118.64,"LINESTRING (80.2026879 12.9848213, 80.2026227 12.9844232, 80.2025353 12.9837595)"
514,,residential,,,,,,,way/27360247,82.14,"LINESTRING (80.2025983 12.9856, 80.2025287 12.9852854, 80.2024377 12.9848744)"
515,Bharathidasan Street,residential,,,,,,,way/27360282,103.69,"LINESTRING (80.2007359 12.9822451, 80.2006025 12.9815258, 80.2005681 12.9813224)"
516,,residential,,,,,,,way/27360404,96.22,"LINESTRING (80.2065607 12.9803784, 80.2065079 12.980308, 80.2064838 12.9802975, 80.2064221 12.9803001, 80.2057266 12.9804385)"
517,,residential,,,,,,,way/27360411,76.8,"LINESTRING (80.2059412 12.9809851, 80.2066278 12.9808161)"
518,,residential,,,,,,,way/27360453,111.35,"LINESTRING (80.20949 12.9763184, 80.2094892 12.9765835, 80.2095206 12.976618, 80.2095374 12.9766853, 80.2095405 12.9767606, 80.2095704 12.9767989, 80.209632 12.9768109, 80.2097208 12.9768201, 80.2097444 12.9768214, 80.2100803 12.9768397)"
519,Veeramamunivar Street,residential,,,,,,,way/27360535,106.59,"LINESTRING (80.1900797 12.9873563, 80.1895241 12.9873138, 80.1892853 12.9872926, 80.1891863 12.987293, 80.1891 12.987288489738686)"
520,,residential,,,,,,,way/27360538,414.33,"LINESTRING (80.1891 12.98806061278817, 80.1892135 12.9880577, 80.1894047 12.9880402, 80.1898169 12.9880212, 80.1901908 12.988004, 80.1903932 12.9879719, 80.1905931 12.9879349, 80.1913451 12.9877959, 80.1924185 12.9875638, 80.1928615 12.987468)"
521,,residential,,,,,,,way/27360554,156.17,"LINESTRING (80.1895554 12.988704, 80.1899367 12.9900652)"
522,17th Street,residential,,,,,,,way/27360562,232.47,"LINESTRING (80.190772 12.9888724, 80.19095 12.9897712, 80.1912812 12.9904021, 80.1914913 12.9908313)"
523,18th Street,residential,,,,,,,way/27360563,102.03,"LINESTRING (80.1912497 12.9887445, 80.1915569 12.9896162)"
524,,residential,,,,,,,way/27360571,206.87,"LINESTRING (80.1920705 12.9894916, 80.192158 12.9897949, 80.1921751 12.989854, 80.1922814 12.9902225, 80.1934053 12.9900877)"
525,Nanganallur 100 Feet Road,residential,,,asphalt,,,,way/27360640,169.32,"LINESTRING (80.190474 12.9760058, 80.189653 12.9764149, 80.1893384 12.9765943, 80.1892817 12.9766267, 80.1891 12.976730293144907)"
526,Iyappa Nagar 1st Street,residential,,,asphalt,yes,,,way/27369669,223.7,"LINESTRING (80.1911308 12.9642261, 80.1902258 12.9644049, 80.1900303 12.9644111, 80.1897234 12.9644209, 80.1891 12.96454396223274)"
527,Iyappa Nagar 2nd Street,residential,,,asphalt,,,,way/27369673,132.27,"LINESTRING (80.1910002 12.9637281, 80.1902886 12.9638825, 80.1901887 12.9638805, 80.1900921 12.9638485, 80.1900485 12.9638433, 80.1898045 12.9638576)"
528,Ganesh Nagar 4th Street,residential,,,asphalt,,,,way/27369674,197.63,"LINESTRING (80.18947854827807 12.9621, 80.1895027 12.9622318, 80.1896026 12.9627702, 80.1896784 12.9631786, 80.1897229 12.9634182, 80.1898045 12.9638576)"
529,Ayyappan Kovil Street,residential,,,asphalt,,,,way/27369787,146.42,"LINESTRING (80.190426 12.9651214, 80.1896938 12.9652605, 80.1891 12.965367253242789)"
530,,residential,,,,,,,way/27369802,51.23,"LINESTRING (80.1891 12.968275093705966, 80.1893151 12.9682366, 80.1894997 12.9681954, 80.1895614 12.9681779)"
531,Balaji Nagar 1st Street,residential,,,asphalt,,,,way/27369853,156.57,"LINESTRING (80.1894858 12.9747886, 80.1898798 12.9748334, 80.189937 12.9748538, 80.1899931 12.9748755, 80.1903362 12.9750636, 80.1903596 12.9750729, 80.1903825 12.9750804, 80.1904087 12.9750833, 80.1904396 12.9750815, 80.1908379 12.9749346)"
532,Navalar Street,residential,,,,,,,way/27369855,159.33,"LINESTRING (80.189923 12.9782728, 80.1905301 12.9782037, 80.1909725 12.9781611, 80.1913825 12.9781139)"
533,,residential,,,,,,,way/27369869,127.53,"LINESTRING (80.1941978 12.9899849, 80.1942615 12.990304, 80.1943106 12.9906277, 80.1943248 12.9907214, 80.194373 12.9910391, 80.1943719 12.9911235)"
534,,tertiary,,,,,,,way/27369871,198.3,"LINESTRING (80.1971548 12.9887147, 80.1967186 12.9888451, 80.19635 12.9889488, 80.1959898 12.9890502, 80.1955541 12.989151, 80.1954013 12.9892144)"
535,,residential,,,,,,,way/27369882,278.29,"LINESTRING (80.1969712 12.9912251, 80.195809 12.9914007, 80.1957171 12.9913963, 80.1944281 12.9915391)"
536,,residential,,,,,,,way/27369883,242.21,"LINESTRING (80.1934053 12.9900877, 80.1941978 12.9899849, 80.1942288 12.9899724, 80.1942461 12.989957, 80.1942611 12.9899364, 80.1942684 12.9899138, 80.1942496 12.9897513, 80.1946392 12.9897053, 80.1952087 12.9896707, 80.1954047 12.9896572)"
537,,residential,,,,,,,way/27370084,63.83,"LINESTRING (80.2116234 12.9813169, 80.2110351 12.9813117)"
538,,residential,,,,,,,way/27370086,221.44,"LINESTRING (80.213126 12.9807085, 80.2126891 12.9806932, 80.2126629 12.9810686, 80.2126615 12.9810806, 80.2126668 12.9810921, 80.2126786 12.981097, 80.2126981 12.9810983, 80.2131373 12.9811159, 80.213859 12.9811603)"
539,,residential,,,,,,,way/27370088,48.44,"LINESTRING (80.2146381 12.9828735, 80.2146252 12.9833112)"
540,,residential,,,,,,,way/27370091,41.52,"LINESTRING (80.2147309 12.9840659, 80.214737 12.9836906)"
541,,residential,,,,,,,way/27370092,101.49,"LINESTRING (80.2137955 12.9839867, 80.2143252 12.9840338, 80.2143721 12.984022, 80.2144097 12.9839776, 80.2144203 12.9836872)"
542,,residential,,,,,,,way/27370104,166.33,"LINESTRING (80.2210238 12.9843099, 80.2210173 12.9837531, 80.2219798 12.9836808)"
543,Pillaiyar Koil Street,residential,,,,,,,way/27370109,114.39,"LINESTRING (80.2186299 12.9825879, 80.2186143 12.9824291, 80.218709 12.9815596)"
544,Dhandeeshwaram Nagar 9th Cross Avenue,residential,,,asphalt,,,,way/27370113,75.02,"LINESTRING (80.2231107 12.9800888, 80.2230827 12.9807664)"
545,,residential,,,,,,,way/27370115,70.62,"LINESTRING (80.2230327 12.9818215, 80.2236826 12.9818565)"
546,Dhandeeshwaram 1st Main Road Extension,residential,,,,,,,way/27370117,64.46,"LINESTRING (80.2222234 12.9825239, 80.2222307 12.9820341, 80.2222305 12.9819413)"
547,,residential,,,,,,,way/27370123,56.08,"LINESTRING (80.225778 12.9837669, 80.2257954 12.9832603)"
548,Dhandeeshwaram Nagar 5th Main Road,residential,,,asphalt,,,,way/27370125,171.69,"LINESTRING (80.2242769 12.9832438, 80.2242615 12.9838423, 80.2242405 12.9847953)"
549,3rd Main Road,residential,,,,,,,way/27370153,67.8,"LINESTRING (80.2233612 12.985474, 80.2235811 12.9860477)"
550,5th Street,residential,,,,,,,way/27370156,44.91,"LINESTRING (80.2145819 12.9854935, 80.2145572 12.9854556, 80.2145451 12.985415, 80.2145652 12.9851197, 80.2145732 12.9850984)"
551,Andal Nagar Extension 2nd Street,residential,,,,,,,way/27370164,235.96,"LINESTRING (80.2132697 12.9801645, 80.2125847 12.9801209, 80.2123939 12.9800937, 80.2120755 12.9800484, 80.2117611 12.9800036, 80.2111118 12.9799106)"
552,,residential,,,,,,,way/27370168,57.73,"LINESTRING (80.2172583 12.9799808, 80.2172795 12.9803032, 80.2172914 12.9805016)"
553,,residential,,,,,,,way/27370170,88.68,"LINESTRING (80.2146961 12.9804638, 80.2151711 12.9804998, 80.2152073 12.9804841, 80.21522 12.9804557, 80.2152311 12.9801914)"
554,Vaigai Street,residential,,,,no,,,way/27370171,137.67,"LINESTRING (80.2181637 12.977869, 80.2176459 12.9778406, 80.2168982 12.9777794)"
555,,residential,,,,,,,way/27370175,98.59,"LINESTRING (80.2151511 12.9781009, 80.2142511 12.9779777)"
556,,residential,,,,,,,way/27370180,202.44,"LINESTRING (80.2142734 12.9777082, 80.215227 12.9777648, 80.2158282 12.9778561, 80.2161272 12.977899)"
557,Golden Avenue Main Road,residential,,,,,,,way/27370187,126.5,"LINESTRING (80.2181769 12.9769447, 80.2170141 12.9768606)"
558,,residential,,,,,,,way/27370209,130.74,"LINESTRING (80.2101311 12.9797055, 80.2101094 12.9796657, 80.2100672 12.9796376, 80.2094349 12.9796572, 80.2094013 12.9796696, 80.2093792 12.9796951, 80.209375 12.9798489, 80.2093889 12.9800922)"
559,,residential,,,,,,,way/27370215,103.54,"LINESTRING (80.2142256 12.9757918, 80.2147317 12.9757331, 80.2151733 12.9756818)"
560,,residential,,,,,,,way/27370224,187.94,"LINESTRING (80.2134296 12.9747523, 80.2137757 12.9747442, 80.214307 12.9747072, 80.2144205 12.9746996, 80.2151598 12.9746784)"
561,,residential,,,,,,,way/27370225,50.97,"LINESTRING (80.2137557 12.9742839, 80.2137757 12.9747442)"
562,,residential,,,,,,,way/27370227,62.95,"LINESTRING (80.2110665 12.9742242, 80.2116467 12.9742309)"
563,,residential,,,,,,,way/27370228,58.05,"LINESTRING (80.2111185 12.973828, 80.2116532 12.9738456)"
564,,residential,,,,,,,way/27370233,59.49,"LINESTRING (80.2202632 12.9826892, 80.2203007 12.9832257)"
565,,residential,,,,yes,,,way/27370234,52.41,"LINESTRING (80.2193495 12.9795442, 80.2194835 12.9791282, 80.2194797 12.9791096, 80.2194611 12.9791066)"
566,,residential,,,,,,,way/27370236,60.41,"LINESTRING (80.2186458 12.9798253, 80.2191856 12.9799592)"
567,Tansi Nagar 20th Street,residential,,,,,,,way/27370250,193.26,"LINESTRING (80.2259433 12.9752532, 80.2257467 12.9766018, 80.2256989 12.9769835)"
568,,residential,,,,,,,way/27370252,181.47,"LINESTRING (80.2234052 12.9743876, 80.2240259 12.9744167, 80.2250735 12.9745014)"
569,Venus Colony 1st street,residential,,,,,,,way/27370255,294.46,"LINESTRING (80.2276129 12.9723255, 80.2275694 12.9726826, 80.2275575 12.9727466, 80.2272821 12.9742244, 80.2272402 12.9743328, 80.2271631 12.9749469)"
570,Veenus Colony 3th Street,residential,,,,,,,way/27370256,152.92,"LINESTRING (80.2282217 12.9729592, 80.2281219 12.9735679, 80.2280917 12.9737523, 80.2280482 12.9739996, 80.2279979 12.9743239)"
571,BalaKrishnan Nagar,residential,,,,,,,way/27370258,31.19,"LINESTRING (80.2281127 12.974331, 80.2284 12.974340986363636)"
572,Jeeva Street,residential,,,,,,,way/27370262,33.86,"LINESTRING (80.2284 12.974709872035493, 80.2280893 12.9746813)"
573,Mahathma Gandhi Street,residential,,,,,,,way/27370265,51.05,"LINESTRING (80.2284 12.97596833461727, 80.2279348 12.9758988)"
574,Kambar Street,residential,,,,,,,way/27370266,63.7,"LINESTRING (80.2284 12.976446063611538, 80.2278161 12.9763861)"
575,Sastri Road,residential,,,,,,,way/27370267,135.79,"LINESTRING (80.2277059 12.9784282, 80.2276855 12.9780531, 80.2276749 12.9776691, 80.2276716 12.9776122, 80.2276788 12.9772974, 80.2276763 12.9772017)"
576,Annai Indira Nagar Sapthagiri Street,residential,,,,,,,way/27370269,77.54,"LINESTRING (80.2284 12.978036112651779, 80.2276855 12.9780531)"
577,Karikalan Street,residential,,,,,,,way/27370270,79.09,"LINESTRING (80.2284 12.977641282459071, 80.2276716 12.9776122)"
578,Kumaran Street,residential,,,,,,,way/27370273,74.36,"LINESTRING (80.2284 12.9768418223323, 80.2277173 12.9767825)"
579,,service,,,,,,,way/27370274,114.98,"LINESTRING (80.226281 12.9759146, 80.2269817 12.9761087, 80.2270466 12.9759946, 80.227102 12.9758077)"
580,Avvai Street,residential,,,,,,,way/27370275,77.29,"LINESTRING (80.2270653 12.9764195, 80.2277605 12.9765721)"
581,Kamarajar Street,residential,,,,,,,way/27370284,44.96,"LINESTRING (80.2284 12.975569343152811, 80.227992 12.9754982)"
582,Varatharajapuram,residential,,,,,,,way/27370286,194.81,"LINESTRING (80.2224858 12.9767092, 80.2228506 12.976741, 80.2236092 12.976767, 80.2239906 12.97678, 80.2240187 12.9767886, 80.2240489 12.9768037, 80.2240662 12.9768195, 80.224183 12.9769487, 80.2242062 12.9769593)"
583,21st Street,residential,,,,,,,way/27370292,80.02,"LINESTRING (80.2242662 12.9758302, 80.2245356 12.9758328, 80.2250034 12.9758494)"
584,,residential,,,,,,,way/27370293,76.21,"LINESTRING (80.2246149 12.9751483, 80.2245356 12.9758328)"
585,,residential,,,,,,,way/27370294,91.39,"LINESTRING (80.2242315 12.9756121, 80.2242575 12.9747864)"
586,Tansi Nagar 17th street,residential,,,,,,,way/27370299,132.81,"LINESTRING (80.2237428 12.9760192, 80.2240014 12.9761044, 80.2242437 12.9761843, 80.2246552 12.9763124, 80.2249129 12.9763685)"
587,Tansi Nagar 9th Street,residential,,,,,,,way/27370313,148.46,"LINESTRING (80.226239 12.9779831, 80.2259087 12.9779799, 80.225733 12.977976, 80.2256653 12.9779546, 80.2253446 12.9777619, 80.2249786 12.9775699)"
588,Sri Devi Karumari Amman Nagar 3rd Street,residential,,,asphalt,,,,way/27370327,71.52,"LINESTRING (80.2156541 12.9756724, 80.2163132 12.9756844)"
589,3rd Street Karthikeyapuram,residential,,20,,no,,,way/27370347,278.3,"LINESTRING (80.1934492 12.9641029, 80.1937835 12.9639287, 80.1942378 12.9637848, 80.1953048 12.9634468, 80.195884 12.9633489)"
590,Lake View Road Karthikeyapuram,residential,,20,asphalt,no,,,way/27370352,326.01,"LINESTRING (80.1938904 12.9643995, 80.1936839 12.9644559, 80.1936718 12.9644558, 80.1936601 12.9644539, 80.1936521 12.9644493, 80.1936444 12.9644405, 80.1936362 12.9644251, 80.1934492 12.9641029, 80.1929532 12.9636944, 80.1928179 12.9635669, 80.1927858 12.9635119, 80.1927629 12.9634375, 80.1926753 12.9626943, 80.19263242676969 12.9621)"
591,"4th Street, Karthikeyapuram",residential,,20,,no,,,way/27370355,302.73,"LINESTRING (80.1938904 12.9643995, 80.1943911 12.9642619, 80.1953767 12.9639615, 80.1954344 12.9639276, 80.1954438 12.9638897, 80.1954304 12.9638505, 80.1953048 12.9634468, 80.1951233 12.962826)"
592,,residential,,,,,,,way/27370364,252.87,"LINESTRING (80.2040568 12.9628966, 80.2040876 12.9630148, 80.2041594 12.9634932, 80.2042667 12.9640099, 80.2044009 12.9645481, 80.2045415 12.9651308)"
593,,residential,,,,,,,way/27370367,343.43,"LINESTRING (80.2055655 12.9622727, 80.2056617 12.9627007, 80.205773 12.9631952, 80.2058931 12.9637292, 80.2059944 12.9641798, 80.2060107 12.9642522, 80.2061432 12.9648414, 80.2062428 12.9653051)"
594,,residential,,,,,,,way/27370369,128.83,"LINESTRING (80.2018631 12.9642341, 80.2018384 12.9643685, 80.2018444 12.9645179, 80.2018126 12.964836, 80.2017569 12.9653921)"
595,5th Main Road,residential,,,,,,,way/27370370,441.96,"LINESTRING (80.2018631 12.9642341, 80.2030257 12.9642182, 80.2030486 12.9642176, 80.2042667 12.9640099, 80.2058931 12.9637292)"
596,MGR 1st Street,residential,,,,,,,way/27370389,123.5,"LINESTRING (80.1998664 12.963884, 80.1999812 12.9649946)"
597,,residential,,,,,,,way/27370906,68.2,"LINESTRING (80.2023931 12.9895267, 80.2018045 12.9897433)"
598,,residential,,,,,,,way/27371012,233.74,"LINESTRING (80.2075579 12.9876223, 80.2075498 12.9871488, 80.2075043 12.986944, 80.2074908 12.9866637, 80.207451 12.9862536, 80.2074189 12.9859084, 80.2074303 12.9855181)"
599,Mohanapuri 2nd Street,residential,,,,,,,way/27371013,559.87,"LINESTRING (80.2053283 12.9868615, 80.20619 12.9866983, 80.20641 12.9866343, 80.2068069 12.9864345, 80.2070325 12.9863353, 80.207451 12.9862536, 80.2078561 12.9862222, 80.2083328 12.9861993, 80.2090418 12.9862476, 80.2092209 12.9862638, 80.2099403 12.9862228, 80.2103774 12.9861877)"
600,,residential,,,,,,,way/27371038,50.06,"LINESTRING (80.2086973 12.9848169, 80.2086685 12.9843653)"
601,Lakshmi Hayagriva 1st Main Road,residential,,,,,,,way/27371077,334.31,"LINESTRING (80.2103774 12.9861877, 80.2117099 12.9861148, 80.2129426 12.9860566, 80.2134553 12.9860485)"
602,Jacod Road,residential,,,,,,,way/27442558,146.74,"LINESTRING (80.1975283 12.9674865, 80.1961952 12.9677102)"
603,6th Street Karthikeyapuram,residential,,,paved,no,,,way/27442560,205.07,"LINESTRING (80.1953112 12.9623581, 80.1948138 12.9624351, 80.1934443 12.962647)"
604,Esswaran Koil Street,residential,,,,,,,way/27442588,317.85,"LINESTRING (80.196079 12.964028, 80.1961157 12.9639656, 80.1961438 12.9639341, 80.1964553 12.9637006, 80.1967834 12.9635155, 80.1970529 12.9634227, 80.1981272 12.9631197, 80.1981052 12.9630006, 80.1980404 12.962667, 80.197983 12.9625105)"
605,,residential,,,,,,,way/27442591,88.39,"LINESTRING (80.19656466194897 12.9621, 80.1966213 12.962337, 80.1966669 12.9625056, 80.1966789 12.9626259, 80.1966789 12.9627762, 80.1966863 12.9628859)"
606,Ethirajulu Street,residential,,,,,,,way/27442594,256.33,"LINESTRING (80.1978712 12.9622201, 80.1976948 12.9622403, 80.1975842 12.9622638, 80.197518 12.9622864, 80.1974621 12.9623109, 80.1973964 12.9623671, 80.1973273 12.9624481, 80.1972395 12.9625331, 80.1971664 12.9625857, 80.1971101 12.9626249, 80.1970826 12.9626585, 80.1970695 12.962685, 80.1970665 12.9627317, 80.1970612 12.9627644, 80.1970477 12.9627945, 80.1970129 12.9628232, 80.1969787 12.9628415, 80.1969251 12.9628526, 80.1966863 12.9628859, 80.1958015 12.963005)"
607,,residential,,,,,,,way/27442596,70.45,"LINESTRING (80.1967834 12.9635155, 80.1966863 12.9628859)"
608,5th,residential,,,,,,,way/27442606,54.94,"LINESTRING (80.1994327 12.9625951, 80.19939323677632 12.9621)"
609,,residential,,,,,,,way/27442607,43.62,"LINESTRING (80.200042 12.9624908, 80.19998838644854 12.9621)"
610,,residential,,,,,,,way/27442608,40.13,"LINESTRING (80.2005096 12.9624615, 80.2004795975216 12.9621)"
611,,residential,,,,,,,way/27442609,13.45,"LINESTRING (80.20572250949417 12.9621, 80.2057539 12.9622176)"
612,,residential,,,,,,,way/27442611,47.08,"LINESTRING (80.2048362 12.9625129, 80.2047373 12.9621247, 80.20473101027324 12.9621)"
613,2nd Street,residential,1,,,no,,,way/27442614,40.96,"LINESTRING (80.2031724 12.9621742, 80.20354225173176 12.9621)"
614,Maruthi Street,residential,,,,,,,way/27442618,130.46,"LINESTRING (80.2031973 12.9626757, 80.2043523 12.9623478)"
615,Ramachandra Road,residential,,,,no,,,way/27442619,108.08,"LINESTRING (80.2031667398401 12.9621, 80.2031724 12.9621742, 80.2031734 12.9622623, 80.2031973 12.9626757, 80.2032334 12.9629061, 80.2032627 12.9630709)"
616,Moorthi Street,residential,1,,,no,,,way/27442621,78.6,"LINESTRING (80.2024792 12.9627693, 80.2031973 12.9626757)"
617,,residential,,,,,,,way/27442623,111.12,"LINESTRING (80.2025245 12.9631009, 80.2024792 12.9627693, 80.2024617 12.962337, 80.20245212013718 12.9621)"
618,Bajanai Koil Street,residential,,,,,,,way/27442626,310.74,"LINESTRING (80.2004322 12.9634309, 80.2006232 12.9633798, 80.2007527 12.9633465, 80.2009094 12.96332, 80.2010447 12.9632992, 80.2011597 12.9632895, 80.2012864 12.9632846, 80.2014169 12.9632748, 80.201778 12.9632666, 80.2018597 12.9632544, 80.2025245 12.9631009, 80.2032334 12.9629061)"
619,,residential,,,,,,,way/27442627,423.73,"LINESTRING (80.2040876 12.9630148, 80.2056617 12.9627007, 80.2065939 12.9625092, 80.2079085 12.9622231)"
620,Ram Nagar 6th cross road,residential,,,sand,no,,,way/27442630,222.33,"LINESTRING (80.20787869957776 12.9621, 80.2079085 12.9622231, 80.207932 12.9623198, 80.2080278 12.9627154, 80.2080603 12.9628642, 80.208169 12.963298, 80.2081822 12.9633527, 80.2082938 12.9638131, 80.208306 12.9638634, 80.2083525 12.9640552)"
621,6th Main Road,residential,2,,,no,,,way/27442631,1170.33,"MULTILINESTRING ((80.1985645 12.9630833, 80.1985135 12.9627304, 80.1987777 12.9626899, 80.1988341 12.9630389, 80.1988324 12.9630513, 80.1988237 12.9630568, 80.1988133 12.9630591, 80.1985645 12.9630833), (80.1985645 12.9630833, 80.1981272 12.9631197, 80.1983319 12.9632671, 80.1984306 12.9634286, 80.1985053 12.963757, 80.1985203 12.9637897, 80.1985384 12.9638103, 80.1985578 12.9638204, 80.1985964 12.9638251, 80.1993214 12.9638573, 80.1995543 12.9638781, 80.1996087 12.9638801, 80.1996434 12.9638813, 80.1998664 12.963884, 80.2002104 12.9638717, 80.2004956 12.9638596, 80.2017794 12.9637585, 80.201871 12.9637518, 80.2027042 12.963689, 80.2028734 12.9636792, 80.2028886 12.9636783, 80.2032766 12.9636218, 80.2041594 12.9634932, 80.205773 12.9631952, 80.2066793 12.9629901))"
622,5th Main Road,residential,,,,,,,way/27442633,251.53,"LINESTRING (80.208169 12.963298, 80.2068021 12.9635391, 80.2058931 12.9637292)"
623,3rd main road,residential,,,,,,,way/27442635,256.28,"LINESTRING (80.2088354 12.9641222, 80.2111363 12.9635985)"
624,,residential,,,,,,,way/27442638,280.35,"LINESTRING (80.2113537 12.9645233, 80.2112685 12.964188, 80.2111772 12.9637368, 80.2111363 12.9635985, 80.2110984 12.9633009, 80.2110628 12.9631362, 80.2110046 12.9628323, 80.2109688 12.9626819, 80.2108972 12.9623629, 80.2108598 12.9623011, 80.2108081 12.9622305, 80.2107947 12.9622136, 80.2107752 12.9621992, 80.2107552 12.962188, 80.210733 12.9621867, 80.2106968 12.9621926, 80.2106559 12.9622031)"
625,Ram Nagar 8th Main road,residential,,,,no,,,way/27442640,111.85,"MULTILINESTRING ((80.2106559 12.9622031, 80.2106217660122 12.9621), (80.20882461030995 12.9621, 80.207932 12.9623198))"
626,4th main road,residential,,,,,,,way/27442642,244.53,"LINESTRING (80.2090372 12.9644991, 80.2091138 12.9644888, 80.2112685 12.964188)"
627,3rd Main Road,residential,,,,,,,way/27442643,421.02,"LINESTRING (80.2083578 12.9644421, 80.2070034 12.9646865, 80.2065451 12.964769, 80.2061432 12.9648414, 80.2045415 12.9651308)"
628,,residential,,,,,,,way/27442645,99.33,"LINESTRING (80.2068911 12.9639988, 80.2059944 12.9641798)"
629,,residential,,,,,,,way/27480303,290.07,"LINESTRING (80.2071813 12.9913918, 80.2070199 12.9905854, 80.2069656 12.9902326, 80.2069014 12.9898151, 80.2068349 12.9894908, 80.2068301 12.9894676, 80.206805 12.9893452, 80.206696 12.988814)"
630,Velachery MRTS Bridge,primary,2,40,asphalt,yes,yes,,way/27480304,690.78,"LINESTRING (80.2164408 12.9647758, 80.2169745 12.9662144, 80.2187432 12.9705968)"
631,Velachery Main Road,secondary,2,,asphalt,no,,,way/27480309,1583.08,"LINESTRING (80.221206 12.9775013, 80.221206 12.9775302, 80.2212061 12.9777428, 80.2212061 12.9777947, 80.2212006 12.9778953, 80.2211832 12.9782163, 80.2211808 12.9782556, 80.2211783 12.9782956, 80.2211625 12.978553, 80.2211596 12.97858, 80.221155 12.9786104, 80.2211496 12.9786619, 80.221148 12.9787549, 80.2211452 12.9789188, 80.2211391 12.9790322, 80.2211311 12.9791794, 80.2211287 12.979223, 80.221109 12.9795872, 80.2211068 12.9796274, 80.2211016 12.9797452, 80.2210909 12.9799885, 80.2210873 12.9800405, 80.2210826 12.9801776, 80.2210755 12.9802805, 80.2210565 12.9805552, 80.2210445 12.9807765, 80.2210148 12.9810784, 80.2210859 12.981247, 80.221117 12.9813206, 80.2215039 12.9818333, 80.2217186 12.9822402, 80.2218538 12.9825674, 80.2218989 12.9827629, 80.2219894 12.9829338, 80.2221099 12.9831615, 80.2225076 12.9838003, 80.2225223 12.9838238, 80.2226277 12.9839929, 80.2226639 12.9840511, 80.2228777 12.9843858, 80.2231255 12.9847671, 80.2232491 12.9850804, 80.2232618 12.9851127, 80.2233058 12.985361, 80.2233142 12.9854614, 80.2230311 12.9857206, 80.2229796 12.9859715, 80.2229732 12.9861768, 80.2229705 12.9864666, 80.2230567 12.9870692, 80.2230821 12.9873016, 80.2230974 12.9876327, 80.2230826 12.9877398, 80.2230746 12.9877973, 80.223065 12.9878213, 80.2230558 12.9878444, 80.2229244 12.9880352, 80.2227406 12.9882717, 80.2223986 12.9886651, 80.222389 12.9886732, 80.2221745 12.9888541, 80.2221549 12.9888707, 80.2220104 12.9889818, 80.2216446 12.9892802, 80.2214745 12.9894189, 80.2213262 12.9895414, 80.2211671 12.989668, 80.2209708 12.989835, 80.2208592 12.9899415, 80.2207226 12.9901027)"
632,Nanganallur 21st Street,residential,,,,,,,way/28125474,124.58,"LINESTRING (80.1891 12.981922693772242, 80.1895275 12.9819172, 80.1899651 12.9819129, 80.1902479 12.9819)"
633,Kannan Nagar 2nd Cross Street,residential,,,,,,,way/28295260,72.2,"LINESTRING (80.1892936 12.9705304, 80.1891394 12.9700261, 80.1891 12.969905984968477)"
634,Kannan Nagar 1st Cross Street,residential,,,,,,,way/28295262,134.11,"LINESTRING (80.1897161 12.9703888, 80.1894999 12.9698004, 80.1893045 12.9692458)"
635,விக்னேஸ்வரா நகர் 2வது தெரு,residential,,,,,,,way/28295263,170.25,"LINESTRING (80.1891 12.971057924564183, 80.1899279 12.9708047, 80.1905976 12.9705984)"
636,Kanniga Colony 1st Street Extension,residential,,,asphalt,,,,way/28305008,72.82,"LINESTRING (80.1893527 12.9764882, 80.1893296 12.9762804, 80.1892939 12.9758326)"
637,"2nd Street, Lakshmi Nagar",residential,,,,,,,way/28305018,97.86,"LINESTRING (80.1891 12.979542354296877, 80.189243 12.9795242, 80.1899955 12.9794365)"
638,,residential,,,,,,,way/28305043,128.48,"LINESTRING (80.1895184 12.9841465, 80.1894885 12.9836689, 80.189465 12.9829864)"
639,Ilangovadigal Street,residential,,,,,,,way/28310454,97.0,"LINESTRING (80.1899862 12.9864878, 80.1895625 12.9864435, 80.1891 12.9863732478052)"
640,"6th Street, Lakshmi Nagar",residential,,,,,,,way/28311752,79.58,"LINESTRING (80.1898303 12.9777142, 80.1891 12.977781083910891)"
641,Vijay Avenue,residential,,,asphalt,,,,way/28500905,36.67,"LINESTRING (80.1891 12.97388905950096, 80.189438 12.9738888)"
642,7th Main Road,service,,,,,,,way/28507313,178.61,"LINESTRING (80.22209623112914 12.9924, 80.2222981 12.9923005, 80.2219588 12.9911665, 80.2218867 12.9909676)"
643,Lakshmi Nagar 4th Stage,residential,,,asphalt,,,,way/28560879,77.79,"LINESTRING (80.189159 12.9714332, 80.1891653 12.9714908, 80.189143 12.9718216, 80.1891 12.972132493805331)"
644,,residential,,,,,,,way/28571968,84.08,"LINESTRING (80.2164186 12.9730212, 80.2171933 12.9730033)"
645,,residential,,,asphalt,,,,way/28571969,83.97,"LINESTRING (80.2176075 12.9718357, 80.2175333 12.9710802)"
646,12th Main Road,residential,,,asphalt,,,,way/28571970,73.99,"LINESTRING (80.2180343 12.9713557, 80.2183747 12.9713278, 80.2187139 12.9713)"
647,9th Main Road,residential,,,,,,,way/28571971,109.01,"LINESTRING (80.2181858 12.9726714, 80.2171823 12.97272)"
648,,residential,,,,,,,way/28571973,206.16,"LINESTRING (80.2195488 12.9738301, 80.2196271 12.9743413, 80.219798 12.974749, 80.2199569 12.9751394, 80.2201188 12.9755981)"
649,Vijayanagar 2nd Main Road,residential,,,,no,,,way/28571974,84.43,"LINESTRING (80.2199569 12.9751394, 80.2192021 12.9753251)"
650,,residential,,,,,,,way/28571975,84.43,"LINESTRING (80.2171758 12.972552, 80.2163977 12.9725623)"
651,10th Main Road,residential,,,,,,,way/28571976,108.11,"LINESTRING (80.2171098 12.9722985, 80.2181057 12.9722677)"
652,,residential,,,,,,,way/28571977,44.09,"LINESTRING (80.2150472 12.9728131, 80.2150547 12.9732116)"
653,,residential,,,,,,,way/28571978,294.21,"LINESTRING (80.2164666 12.9742305, 80.2151155 12.9742645, 80.2149512 12.974262, 80.2144158 12.9742623, 80.2139068 12.9742772, 80.2137557 12.9742839)"
654,,residential,,,,,,,way/29502952,60.37,"LINESTRING (80.2201224 12.9876066, 80.2203267 12.9881142)"
655,RajaLaxmi Nagar 10th Street,residential,,,,,,,way/29503007,73.93,"LINESTRING (80.2190934 12.9843659, 80.2190836 12.9850341)"
656,Bajannai Street,residential,,,,,,,way/29503032,79.7,"LINESTRING (80.2194002 12.9825196, 80.2194177 12.9826813, 80.2194509 12.9831315, 80.2194563 12.9832378)"
657,Telungu Brahmin Street,residential,,,,,,,way/29503047,269.41,"LINESTRING (80.2194177 12.9826813, 80.2199412 12.9826762, 80.2202632 12.9826892, 80.2218989 12.9827629)"
658,Pillaiyar Koil Lane,residential,,,concrete,,,,way/29503164,83.91,"LINESTRING (80.2194002 12.9825196, 80.2186299 12.9825879)"
659,Brahmin Street,residential,,,,,,,way/29503165,376.8,"LINESTRING (80.2186392 12.9832611, 80.2194563 12.9832378, 80.2203007 12.9832257, 80.2218389 12.983189, 80.2221099 12.9831615)"
660,Dandeeswaram Main Road,residential,,,,,,,way/29503189,372.05,"LINESTRING (80.2252797 12.9825829, 80.2247761 12.9825666, 80.2243823 12.9825529, 80.2240867 12.982549, 80.2236553 12.9825453, 80.2231798 12.9825398, 80.2229787 12.9825341, 80.2228474 12.9825323, 80.2226609 12.9825298, 80.2222234 12.9825239, 80.2218538 12.9825674)"
661,Amuda Street,residential,,,,,,,way/29503192,83.41,"LINESTRING (80.2271264 12.9832645, 80.2263595 12.9833181)"
662,,residential,,,,,,,way/29503197,103.4,"LINESTRING (80.2266827 12.9824311, 80.2266781 12.9821232, 80.2266721 12.982097, 80.2266651 12.9820794, 80.2266449 12.982065, 80.2266241 12.9820617, 80.2264229 12.9820658, 80.2263321 12.9820644, 80.2263042 12.9820556, 80.2262832 12.9820292, 80.2262918 12.9818422)"
663,Bharathi Street,residential,,,,,,,way/29503201,151.11,"LINESTRING (80.2252919 12.9823656, 80.2257926 12.9823945, 80.2264729 12.9824337, 80.2266827 12.9824311)"
664,Dhandeeshwaram 4th cross street,residential,,,,,,,way/29503209,130.06,"LINESTRING (80.2241265 12.981374, 80.2241091 12.9818062, 80.2240867 12.982549)"
665,,residential,,,,,,,way/29503211,73.46,"LINESTRING (80.2241091 12.9818062, 80.2247523 12.981854, 80.2247675 12.9818558, 80.2247823 12.9818634)"
666,,residential,,,,,,,way/29503216,128.14,"LINESTRING (80.2230439 12.981597, 80.2227232 12.981573, 80.2227044 12.9815704, 80.2226891 12.98156, 80.2226826 12.9815426, 80.2226816 12.9815246, 80.2227352 12.980757)"
667,Thirumekarai Street,residential,,,concrete,,,,way/29503220,84.36,"LINESTRING (80.2243359 12.9857412, 80.2245258 12.9856618, 80.224664 12.9855915, 80.2248725 12.9854605, 80.2249456 12.9854029, 80.2249745 12.9853803, 80.224993 12.9853488)"
668,Dhandeeshwaram Nagar 3rd Avenue (East),residential,,,,,,,way/29503256,83.74,"LINESTRING (80.2253573 12.9809527, 80.2261256 12.9810254)"
669,Raja Street,residential,,,,,,,way/29503268,207.28,"LINESTRING (80.2281235 12.9829696, 80.2280823 12.9825986, 80.2280324 12.9821752, 80.227998 12.9817402, 80.2279514 12.9811039)"
670,Dhandeeswaram Nagar 7th Avenue(East),residential,,,,,,,way/29503279,130.99,"LINESTRING (80.2265295 12.9798171, 80.2261846 12.9796415, 80.2254699 12.9792498)"
671,Dhandeeswaram Nagar 11th Cross Road,residential,,,,,,,way/29503289,107.78,"LINESTRING (80.2234963 12.9789836, 80.2244896 12.9790009)"
672,Dhandeeswaram Nagar 9th Cross Road,residential,,,,,,,way/29503292,127.69,"LINESTRING (80.2237599 12.9801331, 80.2231107 12.9800888, 80.2226675 12.9800806, 80.2225848 12.9800751)"
673,TNHB Colony 4th Main Road,residential,,,,,,,way/30015053,174.1,"LINESTRING (80.2098751 12.9921125, 80.2102581 12.9920149, 80.2106804 12.9919105, 80.2114244 12.9917028)"
674,11th Street,residential,,,,,,,way/30015054,129.23,"LINESTRING (80.2104311 12.9915472, 80.2102057 12.9906915, 80.2101377 12.9904151)"
675,2nd Cross Street,tertiary,,,,,,,way/30015055,164.08,"LINESTRING (80.2071813 12.9913918, 80.20711 12.9915437, 80.2066589 12.9916884, 80.2062495 12.9918504, 80.2058473 12.9919874)"
676,Dr. Ambedkar Nagar 4th Main Road,tertiary,,,,,,,way/30015056,275.49,"LINESTRING (80.2095996 12.9906324, 80.2091452 12.990765, 80.2088529 12.9908582, 80.2087581 12.9908885, 80.2079999 12.9911305, 80.2074391 12.9913095, 80.2071813 12.9913918)"
677,,residential,,,,,,,way/30015057,153.72,"LINESTRING (80.2143486 12.9896664, 80.2140518 12.9897311, 80.2138209 12.9897778, 80.213812 12.9897807, 80.213807 12.9897853, 80.213805 12.9897926, 80.2138062 12.9898013, 80.2138657 12.9900369, 80.2139988 12.9906073)"
678,,residential,,,,,,,way/30015059,152.67,"LINESTRING (80.2133852 12.9907682, 80.2131517 12.9899457, 80.2131423 12.9899274, 80.2131312 12.9899161, 80.2131108 12.9899124, 80.2130914 12.9899157, 80.2126489 12.9900362)"
679,67th Lane,residential,,,,,,,way/30015060,94.43,"LINESTRING (80.2113874 12.9904087, 80.2116119 12.9912334)"
680,,living_street,,,,,,,way/30015061,48.52,"LINESTRING (80.2119358 12.990259, 80.2116571 12.9903338, 80.211643 12.9903394, 80.2116376 12.9903472, 80.2116352 12.9903543, 80.2116356 12.9903619, 80.2116386 12.9903743, 80.2116683 12.9904731)"
681,,living_street,,,,,,,way/30015062,72.0,"LINESTRING (80.2108458 12.9905196, 80.2102057 12.9906915)"
682,,residential,,,,,,,way/30015064,47.38,"LINESTRING (80.2118028 12.9919889, 80.21192527470147 12.9924)"
683,,residential,,,,,,,way/30015066,28.17,"LINESTRING (80.21125223994954 12.9924, 80.2111809 12.9921552)"
684,40th Lane,residential,,,,,,,way/30015068,54.54,"LINESTRING (80.21357373646154 12.9924, 80.2137891 12.9923401, 80.2138062 12.9923293, 80.2138129 12.9923057, 80.2138075 12.9922757, 80.2137569 12.9920834)"
685,,service,,,,,,,way/30024681,200.37,"LINESTRING (80.22599863342741 12.9924, 80.2259124 12.9905908)"
686,,service,,,,,,,way/30029203,254.3,"LINESTRING (80.22734517063196 12.9924, 80.227332 12.9921006, 80.2273388 12.9916457, 80.2273367 12.9915499, 80.2273343 12.991402, 80.2272198 12.9913513, 80.2272555 12.9901747)"
687,,service,,,,,,,way/30029204,140.97,"LINESTRING (80.2284 12.990882400384168, 80.2277236 12.9908627, 80.2277266 12.9902521)"
688,,service,,,,,,,way/30029206,75.21,"LINESTRING (80.2284 12.988802811829121, 80.2280185 12.9882352)"
689,Playfield Avenue,service,,,asphalt,,,,way/30029209,119.45,"LINESTRING (80.2278409 12.9898696, 80.227879 12.9897978, 80.2280153 12.9894627, 80.228133 12.9892125, 80.2283239 12.9890146, 80.2284 12.98896413527466)"
690,Aerospace Engineering road,living_street,,20,asphalt,,,,way/30029210,115.36,"LINESTRING (80.2284 12.99156266273721, 80.2273367 12.9915499)"
691,,service,,,,,,,way/30029214,41.89,"LINESTRING (80.227332 12.9921006, 80.2271895 12.9923, 80.22709684463277 12.9924)"
692,,service,,,,,,,way/30029245,101.55,"LINESTRING (80.2261963 12.9901153, 80.2262154 12.9891976)"
693,,residential,,,,,,,way/30029246,114.2,"LINESTRING (80.2223986 12.9886651, 80.2226086 12.989031, 80.2228745 12.9895851)"
694,,residential,,,,,,,way/30029249,154.04,"LINESTRING (80.2226086 12.989031, 80.2229019 12.9887585, 80.2230624 12.9886133, 80.223191 12.9885309, 80.223188 12.988398, 80.2231701 12.9881357, 80.2231321 12.9879031)"
695,Sony Nagar 1st Street,residential,,,,,,,way/30029251,115.59,"LINESTRING (80.2281449 12.9858832, 80.2281813 12.9863158, 80.2282384 12.986924)"
696,Sony Nagar 2nd Street,residential,,,,,,,way/30029255,91.61,"LINESTRING (80.2281813 12.9863158, 80.227568 12.9864925, 80.2274852 12.9865186, 80.2273695 12.9865424)"
697,,service,,,,,,,way/30037409,56.29,"LINESTRING (80.2277585 12.9882745, 80.2280185 12.9882352, 80.2282689 12.9881842)"
698,,service,,,,,,,way/30038517,68.62,"LINESTRING (80.2273388 12.9916457, 80.2270396 12.9916525, 80.2270396 12.9919793)"
699,,residential,,,,,,,way/30596411,153.34,"LINESTRING (80.208306 12.9638634, 80.2069127 12.9640957)"
700,,residential,,,,,,,way/30596414,264.86,"LINESTRING (80.2031762 12.9793872, 80.202126 12.9797206, 80.2018579 12.979827, 80.2013908 12.9798954, 80.200826 12.9800055)"
701,Street in Tansi Nagar (anna nagar) Velachery,residential,,,,,,,way/30596415,187.05,"LINESTRING (80.2250848 12.9748448, 80.2260006 12.9748515, 80.2264216 12.9748861, 80.226806 12.9749176)"
702,Amman Koil Street,residential,,,,,,,way/30596539,292.91,"LINESTRING (80.2123318 12.983173, 80.2117985 12.9831438, 80.2117791 12.9831428, 80.2117653 12.983146, 80.21176 12.9831595, 80.2117576 12.9831745, 80.2117183 12.9837493, 80.2116992 12.983839, 80.211669 12.9843071, 80.2116553 12.9844527, 80.2116644 12.9846804, 80.21166 12.9847935, 80.2116851 12.98523)"
703,Yamunai Street,residential,,,,,,,way/30596855,195.53,"LINESTRING (80.207351 12.9685635, 80.2091405 12.9683547)"
704,,residential,,,,,,,way/30596856,296.16,"LINESTRING (80.2093131 12.9712748, 80.2103395 12.9711638, 80.2120179 12.9709179)"
705,,residential,,,,,,,way/30596857,104.93,"LINESTRING (80.2052204 12.9687307, 80.2051113 12.968317, 80.2049968 12.9678081)"
706,,residential,,,,,,,way/30596860,410.26,"LINESTRING (80.2018479 12.9658721, 80.2018268 12.9659395, 80.202122 12.9664411, 80.2023642 12.9669385, 80.2026713 12.9674338, 80.2028425 12.9677978, 80.2030575 12.9681501, 80.2031903 12.9684102, 80.2032147 12.9684383, 80.2032426 12.9684488, 80.2032644 12.9684496, 80.2038304 12.9684059, 80.2040145 12.9683917)"
707,,residential,,,,,,,way/30596863,120.42,"LINESTRING (80.2023642 12.9669385, 80.2028668 12.9668485, 80.2031793 12.9668041, 80.2034622 12.966791)"
708,Main Road,residential,,,,,,,way/30596864,119.38,"LINESTRING (80.2026713 12.9674338, 80.203744 12.9671936)"
709,1st Street,residential,,,,,,,way/30596865,112.3,"LINESTRING (80.2028425 12.9677978, 80.203843 12.9675378)"
710,,residential,,,,,,,way/30596866,97.9,"LINESTRING (80.2030575 12.9681501, 80.2038023 12.9680424, 80.2039495 12.9680169)"
711,1st steet extension,residential,,,,,,,way/30596868,130.22,"LINESTRING (80.206327 12.970035, 80.2075157 12.9698721)"
712,,residential,,,,,,,way/30596870,92.22,"LINESTRING (80.2012055 12.9737991, 80.2013309 12.9737826, 80.2016951 12.9737346, 80.2020479 12.9736881)"
713,,residential,,,,,,,way/30596871,137.97,"LINESTRING (80.2012055 12.9737991, 80.2012919 12.9744027, 80.2013016 12.9744855, 80.2012782 12.9745343, 80.2012462 12.9745506, 80.2010114 12.9745356, 80.2009295 12.9745529, 80.2008748 12.9746075, 80.2008356 12.9746725)"
714,,residential,,,,,,,way/30596872,199.56,"LINESTRING (80.1991112 12.9738934, 80.2005491 12.9737613, 80.2007881 12.973757, 80.200944 12.9737494)"
715,Eswaran Koil Street,residential,,,,,,,way/30596873,812.5,"LINESTRING (80.2032006 12.9737516, 80.2021413 12.9738558, 80.2020479 12.9736881, 80.2019723 12.9733388, 80.2019125 12.9730626, 80.2018072 12.9726544, 80.2017295 12.9725335, 80.201633 12.9724629, 80.2011582 12.9724002, 80.2008077 12.972421, 80.1992782 12.9726693, 80.1991689 12.9727558, 80.1989662 12.9727978, 80.1981943 12.9729523, 80.1978028 12.973, 80.197418 12.9730517, 80.196837 12.9730978)"
716,,residential,,,,,,,way/30596875,237.4,"LINESTRING (80.1991448 12.9745025, 80.1991131 12.9740639, 80.1991112 12.9738934, 80.1987127 12.9736875, 80.1986825 12.9736587, 80.1986108 12.97356, 80.1985746 12.9735424, 80.1982861 12.9735542, 80.1981943 12.9729523)"
717,,residential,,,,,,,way/30596876,107.99,"LINESTRING (80.197418 12.9730517, 80.1974711 12.9734071, 80.1975017 12.973609, 80.1975191 12.9736345, 80.1975406 12.9736528, 80.1975822 12.9736666, 80.1978902 12.9735918)"
718,,residential,,,,,,,way/30596877,61.31,"LINESTRING (80.1974711 12.9734071, 80.1969085 12.9734591)"
719,,residential,,,,,,,way/30596878,66.15,"LINESTRING (80.1978028 12.973, 80.1978902 12.9735918)"
720,,residential,,,,,,,way/30596881,182.69,"LINESTRING (80.2019125 12.9730626, 80.2023738 12.9730002, 80.2025462 12.9729733, 80.2026361 12.9729536, 80.2026562 12.9729086, 80.2026539 12.9727956, 80.2026334 12.9725864, 80.2025838 12.9725426, 80.2025114 12.9725263, 80.2020833 12.9725734)"
721,,residential,,,,,,,way/30596884,76.24,"LINESTRING (80.201633 12.9724629, 80.2018878 12.9723675, 80.2019508 12.9723192, 80.2020028 12.9722181, 80.2019844 12.9719888)"
722,,residential,,,,,,,way/30596885,186.01,"LINESTRING (80.2027398 12.9716408, 80.2027085 12.9718494, 80.2026529 12.9719245, 80.2024203 12.97194, 80.2019844 12.9719888, 80.2012571 12.972078)"
723,,residential,,,,,,,way/30597361,127.99,"LINESTRING (80.2053884 12.9741776, 80.2042957 12.9742553, 80.2042716 12.974235, 80.2042454 12.9741906)"
724,Balaji Nagar 28th Street,residential,,,,,,,way/30597365,98.19,"LINESTRING (80.2042248 12.9740548, 80.2033243 12.9741433)"
725,,residential,,,,,,,way/30597367,152.66,"LINESTRING (80.2042454 12.9741906, 80.2042248 12.9740548, 80.2041294 12.9734235, 80.2041124 12.9733936, 80.2040948 12.9733833, 80.2040514 12.9733832, 80.2035371 12.97344)"
726,,residential,,,,,,,way/30597368,20.56,"LINESTRING (80.2023738 12.9730002, 80.2023941 12.973185)"
727,,residential,,,,,,,way/30597369,38.21,"LINESTRING (80.2026539 12.9727956, 80.2030049 12.9727673)"
728,Sivaprakash Nagar First Street,residential,2,,,,,,way/30597370,233.39,"LINESTRING (80.2061845 12.9725803, 80.2061879 12.9722545, 80.2061861 12.9720482, 80.2062128 12.9720134, 80.2062477 12.9719924, 80.2065137 12.9719542, 80.2069674 12.9718955, 80.2077555 12.9717807)"
729,,residential,,,,,,,way/30597371,241.27,"LINESTRING (80.2071128 12.9745956, 80.2070387 12.974204, 80.2069627 12.9736563, 80.2069488 12.9733918, 80.207378 12.9733836, 80.2075889 12.9733755, 80.2079322 12.9733607)"
730,,residential,,,,,,,way/30597372,139.03,"LINESTRING (80.207378 12.9733836, 80.2073986 12.9735827, 80.2075289 12.9741855, 80.2075646 12.9746245)"
731,,residential,,,,yes,,,way/30597373,122.45,"LINESTRING (80.2084109 12.9747899, 80.2083532 12.9747229, 80.2082921 12.9746857, 80.2080867 12.9746971, 80.2079562 12.9747105, 80.2078937 12.9740954)"
732,Balaji Nagar 25th Street,residential,,,,,,,way/30597374,127.42,"LINESTRING (80.2065882 12.9744382, 80.2058917 12.974489, 80.2054173 12.9745272)"
733,,residential,,,,,,,way/30597375,75.87,"LINESTRING (80.2065377 12.9739796, 80.2058415 12.9740439)"
734,Balaji Nagar 32nd Street,residential,,,,,,,way/30597376,99.1,"LINESTRING (80.2058917 12.974489, 80.2058415 12.9740439, 80.2058188 12.9735965)"
735,,residential,,,,,,,way/30597377,126.19,"LINESTRING (80.2064849 12.973532, 80.2061591 12.9735439, 80.2058188 12.9735965, 80.2053263 12.9735996)"
736,Balaji Nagar 21st Street,residential,,,,,,,way/30597378,122.46,"LINESTRING (80.2055979 12.9759394, 80.2066474 12.975866, 80.2067091 12.9758216)"
737,Balaji Nagar 23rd Street,residential,,,,,,,way/30597381,168.89,"LINESTRING (80.2070887 12.9753681, 80.2069669 12.975378, 80.2066676 12.9754022, 80.2055371 12.9754912)"
738,,residential,,,,,,,way/30597382,35.26,"LINESTRING (80.2052821 12.9754405, 80.2049584 12.9754688)"
739,,residential,,,,,,,way/30597383,48.3,"LINESTRING (80.2048199 12.9750539, 80.2049584 12.9754688)"
740,Brindavan Nagar Main Road,tertiary,,,asphalt,,,,way/30597384,438.31,"LINESTRING (80.2048945 12.9839602, 80.2048598 12.9835031, 80.2048073 12.982992, 80.2047995 12.9828782, 80.2047434 12.9824459, 80.2046926 12.9822006, 80.2046298 12.9815938, 80.204591 12.9811904, 80.2045304 12.9808604, 80.2044389 12.9804424, 80.204373 12.9800357)"
741,Balaji Nagar 19th Street,residential,,,,,,,way/30597387,208.2,"LINESTRING (80.203775 12.9762664, 80.2048329 12.9764789, 80.2049549 12.9764855, 80.2050783 12.9764711, 80.205659 12.9763548)"
742,Murugappa Street,tertiary,,,,,,,way/30597388,706.22,"LINESTRING (80.1974719 12.9755516, 80.1978612 12.9756148, 80.1989337 12.9757978, 80.1997125 12.9759575, 80.2001078 12.9760303, 80.200366 12.9760779, 80.2006251 12.9761242, 80.2007218 12.9761415, 80.2007478 12.9761462, 80.201146 12.9762205, 80.2017598 12.9763161, 80.2021125 12.9763752, 80.2023433 12.976421, 80.2029361 12.9765487, 80.203874 12.9766987)"
743,,residential,,,,,,,way/30597390,95.18,"LINESTRING (80.1978429 12.9764748, 80.1978585 12.9761044, 80.1978612 12.9756148)"
744,,residential,,,,,,,way/30597391,114.45,"LINESTRING (80.1978585 12.9761044, 80.1985369 12.9761316, 80.1989126 12.976143)"
745,,residential,,,,,,,way/30597392,80.14,"LINESTRING (80.200366 12.9760779, 80.2004154 12.9768007)"
746,,residential,,,,,,,way/30597393,74.45,"LINESTRING (80.2007218 12.9761415, 80.2007812 12.9768119)"
747,,residential,,,,,,,way/30597394,276.8,"LINESTRING (80.201146 12.9762205, 80.2011928 12.9770497, 80.2012032 12.9772934, 80.2012086 12.9777493, 80.2012011 12.9783077, 80.2012088 12.9783727, 80.2012346 12.9787196)"
748,,residential,,,,,,,way/30597395,145.65,"LINESTRING (80.2015426 12.9779997, 80.2015462 12.9777621, 80.2015584 12.977426, 80.2015737 12.9770068, 80.2015844 12.9766838)"
749,,residential,,,,,,,way/30597396,104.67,"LINESTRING (80.2011928 12.9770497, 80.2015737 12.9770068, 80.2021501 12.9769325)"
750,,residential,,,,,,,way/30597397,47.23,"LINESTRING (80.2000495 12.9763807, 80.2000714 12.9768071)"
751,,residential,,,,,,,way/30597398,74.66,"LINESTRING (80.2023433 12.976421, 80.2023466 12.976267, 80.2023389 12.9759368, 80.2023414 12.9757463)"
752,,residential,,,,,,,way/30597399,21.82,"LINESTRING (80.2023389 12.9759368, 80.2021379 12.9759291)"
753,,residential,,,,,,,way/30597400,109.01,"LINESTRING (80.2021196 12.9752541, 80.2021115 12.975, 80.2020755 12.9745696, 80.2020602 12.9744971, 80.2020588 12.9743556, 80.2020568 12.9743082, 80.2020688 12.9742739)"
754,,residential,,,,,,,way/30597401,43.47,"LINESTRING (80.2017427 12.9751207, 80.2021196 12.9752541)"
755,Balaji Nagar 1st Cross Street,residential,,,,,,,way/30597402,153.56,"LINESTRING (80.2023466 12.976267, 80.2027639 12.9762466, 80.2032049 12.9762286, 80.2034964 12.9762125, 80.2037563 12.9761659)"
756,Ganesh Nagar 7th Street,residential,,,,,,,way/30597403,53.65,"LINESTRING (80.2027639 12.9762466, 80.2027562 12.9757617)"
757,Ganesh Nagar 8th Street,residential,,,,,,,way/30597404,45.91,"LINESTRING (80.2032049 12.9762286, 80.2031789 12.9758144)"
758,Balaji Nagar 2nd Cross Street,residential,,,,,,,way/30597405,19.77,"LINESTRING (80.2036816 12.9758015, 80.2035046 12.9758438)"
759,Balaji Nagar 3rd Cross Street,residential,,,,,,,way/30597406,66.69,"LINESTRING (80.2036162 12.9755056, 80.2030332 12.9756967)"
760,Balaji Nagar 4th Cross Street,residential,,,,,,,way/30597407,91.49,"LINESTRING (80.2035931 12.9753552, 80.2044357 12.9753236)"
761,A.G.S. Colony 2nd Street,residential,,,,,,,way/30597409,100.58,"LINESTRING (80.2079338 12.9727103, 80.2088469 12.9725533)"
762,,residential,,,,,,,way/30597410,192.21,"LINESTRING (80.2106258 12.9727839, 80.2106164 12.9727315, 80.210603 12.9727119, 80.2105728 12.9727112, 80.209119 12.9728693, 80.2089802 12.9729171, 80.2089273 12.9729112)"
763,A.G.S. Colony 1st Street,residential,,,,,,,way/30597411,105.62,"LINESTRING (80.2087777 12.9721159, 80.2078171 12.9722706)"
764,,residential,,,,,,,way/30597412,130.01,"LINESTRING (80.207748 12.9717209, 80.2082983 12.9716616, 80.2089384 12.9715862)"
765,,residential,,,,,,,way/30597413,222.97,"LINESTRING (80.2139525 12.9639679, 80.2138602 12.9637441, 80.2137788 12.9635472, 80.2136687 12.9632806, 80.2136111 12.9631412, 80.2135533 12.9630015, 80.2134526 12.9627579, 80.213302 12.9623937, 80.2132668 12.9623084, 80.21318060191334 12.9621)"
766,7th Main Road,residential,,,,,,,way/30597414,290.97,"LINESTRING (80.2106559 12.9622031, 80.2080603 12.9628642)"
767,Ram nagar 6th Main Road,residential,,,sand,,,,way/30597415,311.32,"LINESTRING (80.2081822 12.9633527, 80.2109688 12.9626819)"
768,5th Main Road,residential,,,,,,,way/30597416,309.63,"LINESTRING (80.2110628 12.9631362, 80.2082938 12.9638131)"
769,,residential,,,,,,,way/30597417,130.24,"LINESTRING (80.2001456 12.9655448, 80.2002484 12.9661428, 80.2003232 12.9667089)"
770,,residential,,,,,,,way/30597418,139.14,"LINESTRING (80.1983528 12.9666219, 80.1996083 12.9663657)"
771,,residential,,,,,,,way/30597419,259.94,"LINESTRING (80.1971467 12.9661978, 80.1972764 12.9661715, 80.197429 12.9661392, 80.1974924 12.9661262, 80.1978201 12.966071, 80.1981848 12.9660321, 80.1985354 12.9659208, 80.1994933 12.9657445)"
772,Bharathiyar Street,residential,,,,,,,way/30597420,153.91,"LINESTRING (80.1985614 12.9648709, 80.1993442 12.9641124, 80.1995543 12.9638781)"
773,2nd Street,residential,,,,,,,way/30597421,221.18,"LINESTRING (80.1993214 12.9638573, 80.1992775 12.9626195, 80.1994327 12.9625951, 80.200042 12.9624908)"
774,,residential,,,,,,,way/30597422,123.29,"LINESTRING (80.2011773 12.9624683, 80.2009892 12.9624664, 80.2005096 12.9624615, 80.2003617 12.9624696, 80.200042 12.9624908)"
775,,residential,,,,,,,way/30597423,248.56,"LINESTRING (80.2004956 12.9638596, 80.2004322 12.9634309, 80.2004118 12.9633291, 80.2003882 12.9632396, 80.2003605 12.9630789, 80.200436 12.9630539, 80.2018269 12.9628714)"
776,4th Main Road,residential,1,,,no,,,way/30597424,567.96,"LINESTRING (80.2008409 12.9649441, 80.2012214 12.9648832, 80.2015032 12.9648523, 80.2016582 12.9648345, 80.2018126 12.964836, 80.2027394 12.9648137, 80.2031954 12.9647914, 80.2035762 12.9647535, 80.2044009 12.9645481, 80.2060107 12.9642522)"
777,,residential,,,,,,,way/30597425,169.73,"LINESTRING (80.2018444 12.9645179, 80.2016193 12.9645252, 80.201418 12.9645458, 80.2010723 12.9645874, 80.2006701 12.964644, 80.2003056 12.9647141, 80.2002998 12.9647142, 80.2002951 12.964713)"
778,,residential,,,,,,,way/30597426,53.72,"LINESTRING (80.2006194 12.9654851, 80.2005194 12.9650095)"
779,,residential,,,,,,,way/30597428,54.42,"LINESTRING (80.2017794 12.9637585, 80.201778 12.9632666)"
780,,residential,,,,,,,way/30597429,92.09,"LINESTRING (80.2018597 12.9632544, 80.2018269 12.9628714, 80.2018325 12.9628225, 80.2017814 12.9624822, 80.2017701 12.9624284)"
781,Rajaji Nagar Main Road,residential,1,,paved,no,,,way/30597832,347.33,"LINESTRING (80.2032627 12.9630709, 80.203277 12.9631075, 80.2033087 12.9631188, 80.2033803 12.9631025, 80.2040568 12.9628966, 80.2043977 12.9627464, 80.204416 12.9627314, 80.2044211 12.9627206, 80.2044295 12.9626896, 80.2044286 12.9626662, 80.2048362 12.9625129, 80.2055655 12.9622727, 80.2057539 12.9622176, 80.206151 12.9621091, 80.20621502180747 12.9621)"
782,,residential,,,,,,,way/30597834,8.8,"LINESTRING (80.2047373 12.9621247, 80.20481442075356 12.9621)"
783,,residential,,,,,,,way/30597835,1.04,"LINESTRING (80.206151 12.9621091, 80.20614875975457 12.9621)"
784,Bazaar Road,secondary,2,20,asphalt,yes,,,way/30598635,765.39,"LINESTRING (80.2071462 12.9652122, 80.2070951 12.9652204, 80.206552 12.965308, 80.206363 12.9653218, 80.206289 12.9653085, 80.2062428 12.9653051, 80.2061874 12.9653011, 80.2060895 12.9653129, 80.2058648 12.9653441, 80.2046618 12.9655796, 80.2043863 12.9656308, 80.2043452 12.965638, 80.2039051 12.9657147, 80.2035749 12.9657795, 80.2033056 12.9657968, 80.202278 12.9658239, 80.2020665 12.9658297, 80.2019549 12.965833, 80.2018922 12.9658156, 80.2018234 12.9657507, 80.2018046 12.965637, 80.2017839 12.9654916, 80.2017569 12.9653921, 80.2017134 12.9653521, 80.2016547 12.9653251, 80.2015807 12.965309, 80.2014939 12.9653058, 80.2012837 12.9653423, 80.2006194 12.9654851, 80.2005331 12.9655186)"
785,Major Mukund Varadharajan Salai,primary,,40,asphalt,yes,,,way/30598636,49.33,"LINESTRING (80.2164817 12.9645798, 80.2163197 12.9641632)"
786,Velachery MRTS Bridge,primary,2,50,asphalt,yes,yes,,way/30598638,682.94,"LINESTRING (80.2188214 12.9704804, 80.2165229 12.9647335)"
787,,residential,,,,,,,way/30598640,130.02,"LINESTRING (80.2148218 12.9703394, 80.2148372 12.9703296, 80.2160021 12.9701452)"
788,,residential,,,,,,,way/30598642,173.86,"LINESTRING (80.2135734 12.9720386, 80.214614 12.9719631, 80.2146924 12.9719623, 80.2147333 12.9719759, 80.2147666 12.9720004, 80.2148331 12.972383)"
789,,residential,,,,,,,way/30598643,299.4,"LINESTRING (80.2130977 12.9736589, 80.2126642 12.9737212, 80.2126355 12.9741865, 80.2126071 12.9746042, 80.2126029 12.9750123, 80.2125753 12.9754002, 80.2125508 12.9758648, 80.2125413 12.9759941)"
790,,residential,,,,,,,way/30598644,311.03,"LINESTRING (80.2164019 12.9726539, 80.2150515 12.9726837, 80.2150472 12.9728131, 80.2136648 12.9728784)"
791,8th Main Road,residential,,,,,,,way/30598645,198.23,"LINESTRING (80.2172007 12.973194, 80.2181852 12.9731871, 80.2190276 12.9731728)"
792,,residential,,,,,,,way/30598646,219.69,"LINESTRING (80.2170421 12.9712231, 80.2170241 12.9714307, 80.2170494 12.9718764, 80.2170731 12.9719676, 80.2171098 12.9722985, 80.2171758 12.972552, 80.2171823 12.97272, 80.2171933 12.9730033, 80.2172007 12.973194)"
793,,residential,,,,,,,way/30598647,38.72,"LINESTRING (80.2172007 12.973194, 80.2172131 12.9735438)"
794,,residential,,,,,,,way/30598648,68.43,"LINESTRING (80.2171898 12.9735591, 80.2171697 12.9741773)"
795,Kalki Nagar 1st Cross,residential,,,,,,,way/30601304,106.04,"LINESTRING (80.2103576 12.9759411, 80.2093803 12.9759274)"
796,Buhuvaneswary Nagar 2nd Main Road,residential,,,,,,,way/30604286,397.55,"LINESTRING (80.2204517 12.9697776, 80.2229406 12.9698015, 80.2241127 12.9698845)"
797,,residential,,,,,,,way/30604287,107.5,"LINESTRING (80.2221739 12.9722652, 80.2211844 12.9723157)"
798,,residential,,,,,,,way/30604288,198.54,"LINESTRING (80.2212269 12.9735047, 80.2212156 12.9734837, 80.2212145 12.9732757, 80.222376 12.9732368, 80.2228069 12.9732149)"
799,,residential,,,,,,,way/30604289,296.79,"LINESTRING (80.2204048 12.9743682, 80.2207295 12.974324, 80.2210542 12.9742797, 80.2211085 12.9742612, 80.2211474 12.9742337, 80.2211635 12.9742089, 80.2211715 12.9741605, 80.2211675 12.974107, 80.2211474 12.9738142, 80.2211541 12.9737881, 80.2211675 12.9737711, 80.2211983 12.9737659, 80.221614 12.9737478, 80.2220982 12.9737268, 80.2222806 12.9737188, 80.2222954 12.9737252, 80.2223034 12.9737371, 80.2223347 12.9740749)"
800,,residential,,,,,,,way/30604290,125.51,"LINESTRING (80.2233787 12.9761907, 80.2230849 12.9761473, 80.2227091 12.9761274, 80.2226949 12.9761251, 80.2226825 12.9761177, 80.2226771 12.9761048, 80.2226756 12.9760921, 80.2226719 12.9756732)"
801,,residential,,,,,,,way/30604291,29.14,"LINESTRING (80.2231874 12.9748906, 80.2231776 12.9751538)"
802,Sarathy Nagar 5th street,residential,,,asphalt,,,,way/30604294,90.65,"LINESTRING (80.2219008 12.9749637, 80.2221786 12.9749491, 80.2224526 12.9750627, 80.2226906 12.9751649)"
803,Sarathy Nagar 1st Main Road,residential,,,asphalt,,,,way/30604295,167.34,"LINESTRING (80.2218849 12.9747717, 80.2218997 12.974951, 80.2219008 12.9749637, 80.2219211 12.9751715, 80.2219329 12.9752918, 80.221937 12.975391, 80.2219517 12.9757501, 80.2219418 12.9757854, 80.2219323 12.975819, 80.2218618 12.9760699, 80.2217575 12.9762417)"
804,Sarathy Nagar 1st street,residential,,,,,,,way/30604296,36.53,"LINESTRING (80.2219418 12.9757854, 80.2219299 12.9757759, 80.2218331 12.9756672, 80.2216913 12.975568)"
805,Sarathy Nagar 2nd street,residential,,,asphalt,,,,way/30604298,104.73,"LINESTRING (80.2219517 12.9757501, 80.2223191 12.975721, 80.2226719 12.9756732, 80.2228784 12.9756389, 80.2228952 12.9756357, 80.2229061 12.9756271)"
806,Varadarajapuram,residential,,,,,,,way/30604300,56.43,"LINESTRING (80.2222483 12.9765627, 80.2223261 12.9765304, 80.2223481 12.9765252, 80.2223706 12.9765239, 80.2227608 12.9765378)"
807,Velachery Bypass Road,primary,2,50,asphalt,yes,,,way/30604301,831.79,"LINESTRING (80.2184067 12.9800506, 80.2183344 12.9802393, 80.2182592 12.9804939, 80.2181511 12.9808421, 80.2180746 12.9810724, 80.2179509 12.9814509, 80.2179014 12.9817607, 80.2178536 12.982412, 80.2178532 12.9829414, 80.2178474 12.9830905, 80.2178496 12.9833506, 80.2178388 12.983921, 80.21784 12.9844609, 80.2178505 12.9852018, 80.217889 12.9856366, 80.2179865 12.9861744, 80.2180718 12.9865688, 80.2180785 12.986602, 80.2181306 12.9869397, 80.2182229 12.9874624)"
808,Velachery Main Road,secondary,2,30,asphalt,yes,,,way/30604302,96.84,"LINESTRING (80.2194481 12.9916914, 80.21892396976008 12.9924)"
809,Radhakrishnan Street,residential,,,,,,,way/30604303,117.1,"LINESTRING (80.219162 12.9905819, 80.2189459 12.9906531, 80.218732 12.99072, 80.2181347 12.9909067)"
810,Pandian Street,residential,,,,,,,way/30604304,131.59,"LINESTRING (80.2189838 12.9900885, 80.2184966 12.9902449, 80.2178309 12.9904582)"
811,,living_street,,,,,,,way/30604305,198.76,"LINESTRING (80.2184992 12.9886272, 80.2177979 12.9889362, 80.2177652 12.9889439, 80.2177459 12.9889329, 80.2177042 12.9887565, 80.2177122 12.9887225, 80.2177444 12.9887094, 80.2181923 12.9886467, 80.2182728 12.9886336, 80.2183206 12.9886178, 80.2184774 12.9885594)"
812,,residential,,,,,,,way/30604306,288.03,"LINESTRING (80.2179509 12.9814509, 80.2172412 12.9813608, 80.2171457 12.981348, 80.2170693 12.9813479, 80.2169988 12.9813479, 80.2166713 12.9813519, 80.2160289 12.981334, 80.2156531 12.9813145, 80.2153039 12.9813017)"
813,,residential,,,,,,,way/30604307,133.48,"LINESTRING (80.2146081 12.9866988, 80.2145772 12.9863212, 80.2145818 12.9861108, 80.2145819 12.9854935)"
814,3rd Street,residential,,,,,,,way/30604308,132.48,"LINESTRING (80.2163977 12.9852819, 80.2170898 12.9850354, 80.2171811 12.9850367, 80.217224 12.9850589, 80.2172441 12.9850929, 80.2172743 12.9851726, 80.2173051 12.9852445, 80.2173448 12.9853748)"
815,LIC Colony Main Road,residential,,,,,,,way/30605099,161.86,"LINESTRING (80.2226964 12.977566, 80.2224838 12.9775548, 80.2222232 12.977541, 80.2219893 12.9775311, 80.2219607 12.9775298, 80.2213705 12.9775075, 80.2212911 12.9775045, 80.221206 12.9775013)"
816,Dhandeeswaram Nagar 10th Main Road,residential,,,asphalt,,,,way/30605100,95.3,"LINESTRING (80.2244943 12.9786684, 80.2244896 12.9790009, 80.2244906 12.9795298)"
817,Dhandeeswaram Nagar 6th Avenue(East),residential,,,,,,,way/30605103,88.45,"LINESTRING (80.2254419 12.9797346, 80.2261221 12.9797584, 80.2261846 12.9796415)"
818,,residential,,,,,,,way/30605104,65.36,"LINESTRING (80.2254699 12.9792498, 80.2248679 12.9792278)"
819,Dhandeeswaram Nagar 5th Avenue [west],residential,,,,,,,way/30605105,78.27,"LINESTRING (80.2247026 12.9799325, 80.2254229 12.9799712)"
820,Tansi Nagar 2nd Street,residential,,,,,,,way/30605106,265.9,"LINESTRING (80.223144 12.9772234, 80.2231302 12.9773388, 80.2231277 12.9773759, 80.2230877 12.9781489, 80.223146 12.9783488, 80.2231436 12.9791181, 80.2231383 12.9791326, 80.2231302 12.9791429, 80.2231191 12.979149, 80.2231047 12.9791514, 80.2226527 12.9791712)"
821,,living_street,,,,,,,way/30606815,97.0,"LINESTRING (80.2199697 12.9876831, 80.2196329 12.9868709)"
822,,residential,,,,,,,way/30606816,102.18,"LINESTRING (80.2130956 12.9816467, 80.2130987 12.9815567, 80.2130652 12.9815344, 80.2130122 12.9815246, 80.212257 12.9815478)"
823,,residential,,,,,,,way/30606818,145.9,"LINESTRING (80.2103908 12.9866539, 80.211445 12.9866108, 80.2117347 12.9866121)"
824,,residential,,,,,,,way/30606819,170.58,"LINESTRING (80.2100072 12.9870417, 80.2099615 12.9866446, 80.2099403 12.9862228, 80.2098972 12.9855041)"
825,,residential,,,,,,,way/30606823,95.5,"LINESTRING (80.2222179 12.9863942, 80.2222611 12.9865963, 80.2223251 12.9870172, 80.2223641 12.9872452)"
826,Nehru Nagar Lake View Street,residential,,,,,,,way/30606824,125.5,"LINESTRING (80.2153693 12.990616, 80.2150504 12.990738, 80.2146792 12.9908923, 80.2143012 12.9910514)"
827,Mathiazhagan Street,residential,,,,,,,way/30606825,161.57,"LINESTRING (80.2143012 12.9910514, 80.2144647 12.991425, 80.2145557 12.9916488, 80.214623 12.9918142, 80.2147123 12.992014, 80.21487257161206 12.9924)"
828,,residential,,,,,yes,,way/30606826,6.5,"LINESTRING (80.2142926 12.9910379, 80.2142607 12.9909882)"
829,Amnbil Dharmalingam Street,residential,,,,,,,way/30606830,9.35,"LINESTRING (80.21576252076252 12.9924, 80.2157133 12.9923306)"
830,,residential,,,,,,,way/30606837,113.74,"LINESTRING (80.21567 12.9885887, 80.2157293 12.9886611, 80.2157568 12.988738, 80.2157574 12.9887936, 80.2157754 12.9890954, 80.2157772 12.9895472, 80.2157803 12.9895677, 80.2157937 12.9895869)"
831,,residential,,,,,,,way/30606838,49.81,"LINESTRING (80.2162505 12.9896216, 80.2158286 12.9895929, 80.2158108 12.9895935, 80.2157937 12.9895869)"
832,,residential,,,,,,,way/30606839,57.98,"LINESTRING (80.2163098 12.989104, 80.2157754 12.9890954)"
833,,residential,,,,,,,way/30606842,167.75,"LINESTRING (80.2153683 12.9887915, 80.2154108 12.9896321, 80.2154135 12.9896497, 80.2154223 12.9896718, 80.2156755 12.9902542)"
834,Pandidurai Street,residential,,,,,,,way/30606843,89.71,"LINESTRING (80.2183136 12.9878381, 80.2178563 12.9879267, 80.2175131 12.9880357)"
835,Tansi Nagar 13 th street,residential,,,,,,,way/30609121,154.68,"LINESTRING (80.2276749 12.9776691, 80.2262508 12.9776026)"
836,Tansi Nagar 10th Street,residential,,,,,,,way/30609122,87.01,"LINESTRING (80.225402 12.9769774, 80.2253446 12.9777619)"
837,Tansi Nagar 19th Street,residential,,,,,,,way/30609123,310.39,"LINESTRING (80.224884 12.9769811, 80.2249048 12.9765924, 80.2249129 12.9763685, 80.2249692 12.9762857, 80.2250034 12.9758494, 80.2250171 12.9756688, 80.2250304 12.9754939, 80.2250547 12.9752323, 80.2250848 12.9748448, 80.2250735 12.9745014, 80.2250748 12.9741975)"
838,Sarathy Nagar 3rd street,residential,,,asphalt,,,,way/30609125,26.56,"LINESTRING (80.221937 12.975391, 80.2221791 12.9753555)"
839,Baby Nagar 1st Cross Road,residential,,,,,,,way/30609145,71.08,"LINESTRING (80.2284 12.979636814812745, 80.2283079 12.9796363, 80.2282508 12.979636, 80.2282606 12.9796911, 80.2283136 12.9799851, 80.228306 12.9801266)"
840,Dhandeeshwaram Nagar 7th Main Road,residential,,,,,,,way/30609146,443.71,"LINESTRING (80.2254699 12.9792498, 80.2254419 12.9797346, 80.2254229 12.9799712, 80.225412 12.9801076, 80.2253806 12.9804998, 80.2253603 12.980895, 80.2253573 12.9809527, 80.2253337 12.9813316, 80.2253304 12.9814483, 80.2253171 12.9817648, 80.2252919 12.9823656, 80.2252797 12.9825829, 80.2252746 12.9828566, 80.2252538 12.9832544)"
841,Selvi Street,residential,,,,,,,way/30609147,197.21,"LINESTRING (80.2252746 12.9828566, 80.2261238 12.982821, 80.2267022 12.9827907, 80.2270877 12.9827431)"
842,Madavmani Avenue,residential,,,,,,,way/30609149,71.22,"LINESTRING (80.2212104 12.9770381, 80.2218668 12.9770335)"
843,,residential,,,,,,,way/30609150,40.81,"LINESTRING (80.2220233 12.97763, 80.2220093 12.9777635, 80.2220098 12.9777836, 80.2220147 12.9778048, 80.2220318 12.9778109, 80.22221 12.9778207)"
844,Dhandeeshwaram Nagar 2nd Avenue (East),residential,,,,,,,way/30609151,66.58,"LINESTRING (80.2253337 12.9813316, 80.2259448 12.9813864)"
845,Hudson Avenue,residential,,,,,,,way/30609152,45.93,"LINESTRING (80.2263053 12.9816352, 80.2267286 12.981642)"
846,Vellalar Street,residential,,,,,,,way/30609154,81.78,"LINESTRING (80.2276476 12.9848093, 80.2280354 12.9847862, 80.2281808 12.9847775, 80.2284 12.984764488127855)"
847,,residential,,,,,,,way/30609723,18.97,"LINESTRING (80.224993 12.9853488, 80.2249897 12.9853079, 80.2249717 12.9852608, 80.2249374 12.9851881)"
848,,residential,,,,,,,way/30610631,86.25,"LINESTRING (80.2103069 12.9837709, 80.2099873 12.9837655, 80.2098436 12.9837631, 80.2095132 12.9837905)"
849,,residential,,,,,,,way/30610632,110.56,"LINESTRING (80.2103144 12.9827716, 80.2103166 12.9829123, 80.2103069 12.9837709)"
850,,residential,,,,,,,way/30610636,147.06,"LINESTRING (80.2037123 12.9854255, 80.2050456 12.9851861)"
851,New Colony 1st Street,residential,,,,,,,way/30610638,392.79,"LINESTRING (80.2011064 12.9858742, 80.2011685 12.986259, 80.2011758 12.9863045, 80.201276 12.9867758, 80.2014194 12.9875011, 80.2015521 12.9881844, 80.2016053 12.9884429, 80.2016856 12.9888836, 80.2017814 12.9893621)"
852,,residential,,,,,,,way/30610639,122.17,"LINESTRING (80.2058473 12.9919874, 80.20480271678268 12.9924)"
853,,residential,,,,,,,way/30610640,212.78,"LINESTRING (80.2042017 12.9919233, 80.2041876 12.9915319, 80.2041735 12.9911421, 80.2041635 12.9909652, 80.2041557 12.9908286, 80.204134 12.9907302, 80.2041084 12.9904821, 80.2041202 12.990314, 80.2041187 12.9902461, 80.2041029 12.9900054)"
854,,residential,,,,,,,way/30610642,69.28,"LINESTRING (80.2016872 12.9917825, 80.2017456 12.992171, 80.20179225143299 12.9924)"
855,Nethaji Road,tertiary,,,,,,,way/30610643,32.54,"LINESTRING (80.2098751 12.9921125, 80.20993840850291 12.9924)"
856,Annai Therasa Nagar Road,residential,,,,,,,way/34638512,369.46,"LINESTRING (80.2032006 12.9737516, 80.2032609 12.973471, 80.2033321 12.9731974, 80.2034488 12.9729674, 80.2034971 12.9728485, 80.2035239 12.9727138, 80.2034523 12.9721373, 80.2033501 12.9715532, 80.2033144 12.9713495, 80.2032548 12.9709276, 80.2032669 12.9704854)"
857,Ganesh Street,residential,,,asphalt,,,,way/55215044,124.65,"LINESTRING (80.1897659 12.9686351, 80.1908531 12.968271)"
858,Defence Colony,residential,,,,,,,way/55215045,142.47,"LINESTRING (80.1894772 12.9679895, 80.1903148 12.9677691, 80.1907463 12.9676591)"
859,,residential,,,,,,,way/55215223,108.97,"LINESTRING (80.1892355 12.967405, 80.1897759 12.9672552, 80.1902022 12.9671378)"
860,,residential,,,,,,,way/55215224,101.6,"LINESTRING (80.1894565 12.9663919, 80.1897759 12.9672552)"
861,Inner Ring Road (Southern Sector),primary,,,,yes,yes,,way/59909741,305.34,"LINESTRING (80.1959977 12.9838926, 80.1959551 12.9841075, 80.1959448 12.9844256, 80.1959503 12.9856039, 80.1958992 12.9859259, 80.1958444 12.9861965, 80.1957262 12.9866238)"
862,Major Mukund Varadharajan Salai,primary,3,40,asphalt,yes,,,way/82881760,170.54,"LINESTRING (80.21529870526315 12.9621, 80.2158831 12.963531)"
863,Dhroupathy Amman Koil Street,tertiary,,,,,,,way/83912307,516.21,"LINESTRING (80.2230567 12.9870692, 80.2223641 12.9872452, 80.2221845 12.9873185, 80.2219662 12.9874128, 80.2219036 12.987436, 80.221345 12.9876696, 80.2212458 12.9877111, 80.2205954 12.9879964, 80.2203267 12.9881142, 80.2201434 12.9881703, 80.2199253 12.988206, 80.2195555 12.988273, 80.2192208 12.9883431, 80.2185724 12.9885725)"
864,,residential,,,,,,,way/84099117,64.35,"LINESTRING (80.2044286 12.9626662, 80.2043523 12.9623478, 80.20429288559879 12.9621)"
865,Bajanai Koil Street,residential,,,,,,,way/84099120,48.0,"LINESTRING (80.197983 12.9625105, 80.1978712 12.9622201, 80.19784199986263 12.9621)"
866,5th Cross Street,residential,,,,,,,way/84099122,256.83,"LINESTRING (80.2071039 12.9652732, 80.2070951 12.9652204, 80.2070034 12.9646865, 80.2069127 12.9640957, 80.2068911 12.9639988, 80.2068021 12.9635391, 80.2066793 12.9629901)"
867,Ambedkar Salai,residential,,,,,,,way/84099127,26.56,"LINESTRING (80.19871800065447 12.9621, 80.1987382 12.9623393)"
868,Sengazhaniamman Koil Street,residential,,,,,,,way/84099762,75.93,"LINESTRING (80.2008077 12.972421, 80.2007059 12.971742)"
869,madipakkam link road,residential,,20,,no,,,way/84099763,207.52,"LINESTRING (80.1937835 12.9639287, 80.1935881 12.96319, 80.1934443 12.962647, 80.1933776 12.9621581, 80.19337167315084 12.9621)"
870,Thillaiganga Nagar Subway,primary,,,,yes,,,way/84100986,92.7,"LINESTRING (80.1937283 12.9916967, 80.1934898 12.9918826, 80.1934021 12.9920693, 80.1933678 12.992271, 80.19337308285715 12.9924)"
871,Inner Ring Road (Southern Sector),primary,,,,yes,,,way/84100987,267.74,"LINESTRING (80.1950354 12.9909341, 80.1951205 12.990868, 80.1953041 12.9906863, 80.1954497 12.9904962, 80.1955722 12.9901191, 80.1955596 12.9892921, 80.1955541 12.989151, 80.1955636 12.988695)"
872,,residential,,,,,,,way/84100988,84.69,"LINESTRING (80.1956603 12.9880896, 80.1964188 12.9879088)"
873,,residential,,,,,,,way/84100990,376.82,"LINESTRING (80.1959898 12.9890502, 80.1960548 12.9894985, 80.1961371 12.9900664, 80.1961812 12.9904315, 80.1962348 12.9908472, 80.197049 12.9907664, 80.1976324 12.9907364, 80.1978542 12.99073)"
874,,residential,,,,,,,way/84100992,236.72,"LINESTRING (80.195417 12.9887652, 80.193284 12.9892158)"
875,Velachery MRTS,tertiary,,,,,,,way/98639480,404.2,"LINESTRING (80.2180523 12.9683637, 80.2181005 12.9683474, 80.2185792 12.9681708, 80.2185889 12.9681672, 80.2187279 12.9682006, 80.2189807 12.9682613, 80.2196229 12.9681731, 80.2200706 12.9681117, 80.2205543 12.9680453, 80.2208186 12.9680167, 80.2209585 12.9680002, 80.2211544 12.9679161, 80.2213389 12.9678178, 80.2214269 12.9677028, 80.2214908 12.9675346)"
876,Inner Ring Road (Southern Sector),primary,2,40,asphalt,yes,,,way/98639495,881.7,"LINESTRING (80.2157378 12.9685541, 80.215569 12.9687091, 80.2135887 12.9703817, 80.2129776 12.9709104, 80.2122459 12.9715434, 80.2116082 12.9720929, 80.2107077 12.9728689, 80.209942 12.9735511, 80.2098174 12.9736663, 80.2096415 12.9738233)"
877,Inner Ring Road (Southern Sector),primary,,,,yes,yes,,way/102469908,310.29,"LINESTRING (80.1959093 12.9866859, 80.1959762 12.9865219, 80.1960352 12.9863024, 80.1961318 12.9859757, 80.196172 12.9857143, 80.1961652 12.9840946, 80.1962021 12.9839215)"
878,Inner Ring Road (Southern Sector),primary,,,,yes,,,way/102469922,99.34,"LINESTRING (80.1962021 12.9839215, 80.1962966 12.9835478, 80.1963368 12.9834126, 80.1964011 12.9832453, 80.1964824 12.9830692)"
879,Inner Ring Road (Southern Sector),primary,,,,yes,,,way/102469936,113.72,"LINESTRING (80.1963649 12.9829362, 80.1962837 12.9830767, 80.1962233 12.9832066, 80.1960847 12.9835231, 80.1959977 12.9838926)"
880,Thillaiganga Nagar Subway,primary,,,,yes,,,way/103716673,86.38,"LINESTRING (80.19346546655468 12.9924, 80.1934632 12.9922519, 80.1934922 12.9920601, 80.1935776 12.9919292, 80.1938039 12.991753)"
881,,primary_link,,,,,,,way/103716678,16.31,"LINESTRING (80.1955984 12.9874759, 80.1954561 12.9874283)"
882,,residential,,,,,,,way/103716679,218.78,"LINESTRING (80.1914381 12.9761773, 80.1918836 12.9760188, 80.1920198 12.9759472, 80.1920344 12.9759437, 80.192049 12.9759472, 80.1920578 12.975954, 80.192295 12.9762215, 80.1923405 12.9762894, 80.1923431 12.9763067, 80.192338 12.9763246, 80.1923188 12.9763596, 80.1925368 12.976932, 80.1926145 12.977115)"
883,,residential,,,,,,,way/103716691,270.41,"LINESTRING (80.1952782 12.9868698, 80.1944207 12.9870821, 80.1932478 12.9873724, 80.1928615 12.987468)"
884,Lakshmi Nagar 7th Street Extension 1st Cross Street,residential,,,,,,,way/103716699,304.04,"LINESTRING (80.1898098 12.9774493, 80.1904391 12.9774309, 80.1907581 12.9774094, 80.1910438 12.9773545, 80.1910661 12.9773372, 80.1910802 12.9773176, 80.1910893 12.9772893, 80.1910852 12.977205, 80.1910216 12.9769188, 80.1909749 12.9766706, 80.1909019 12.9762439, 80.1908973 12.9762285, 80.1908861 12.9762176, 80.1908653 12.9762141, 80.1905326 12.9762928)"
885,,residential,,,,,,,way/103719118,57.67,"LINESTRING (80.20450136523921 12.9924, 80.2043291 12.9919068)"
886,,residential,,,,,,,way/103719119,54.03,"LINESTRING (80.2037934 12.9859081, 80.2042914 12.9859104)"
887,,residential,,,,,,,way/103730438,98.32,"LINESTRING (80.1976432 12.9916251, 80.1976415 12.9914865, 80.1976324 12.9907364)"
888,,residential,,,,,,,way/103730440,109.05,"LINESTRING (80.1969386 12.9903044, 80.197049 12.9907664, 80.1970571 12.9911061, 80.1970378 12.9912078, 80.1970106 12.9912185, 80.1969712 12.9912251)"
889,,residential,,,,,,,way/103730444,155.33,"LINESTRING (80.1959091 12.9917385, 80.1957753 12.9917497, 80.1957959 12.9916449, 80.1958098 12.9915742, 80.195809 12.9914007, 80.1957427 12.9909011, 80.1956869 12.9904884)"
890,,residential,,,,,,,way/103730447,102.63,"LINESTRING (80.1970389 12.9897937, 80.1966127 12.9899515, 80.1965451 12.9899746, 80.1965073 12.9899875, 80.1961371 12.9900664)"
891,,residential,,,,,,,way/103730451,72.72,"LINESTRING (80.1964413 12.9917456, 80.1964766 12.9923131, 80.19645793930033 12.9924)"
892,,residential,,,,,,,way/103730453,130.54,"LINESTRING (80.1962348 12.9908472, 80.1957427 12.9909011, 80.1950354 12.9909341)"
893,,residential,,,,,,,way/103730456,180.49,"LINESTRING (80.1971548 12.9887147, 80.1976259 12.9902794)"
894,Jeevan Nagar 4th Street,residential,,,,,,,way/103730458,167.25,"LINESTRING (80.1967186 12.9888451, 80.1967845 12.9890704, 80.1968419 12.9892309, 80.1968911 12.989378, 80.1970389 12.9897937, 80.1971984 12.9902815)"
895,,residential,,,,,,,way/103730460,216.32,"LINESTRING (80.1956603 12.9880896, 80.1957364 12.9884666, 80.1957911 12.9886332, 80.1958932 12.9888133, 80.197046 12.988442)"
896,,residential,,,,,,,way/103730463,83.2,"LINESTRING (80.1972659 12.9916444, 80.1973828 12.9923877)"
897,,residential,,,,,,,way/103730464,103.1,"LINESTRING (80.1957364 12.9884666, 80.1966434 12.9881884)"
898,,residential,,,,,,,way/103730465,235.02,"LINESTRING (80.1978342 12.9902413, 80.1976259 12.9902794, 80.1971984 12.9902815, 80.1969386 12.9903044, 80.1967216 12.9903408, 80.1961812 12.9904315, 80.1956869 12.9904884)"
899,,residential,,,,,,,way/108148362,173.15,"LINESTRING (80.2189814 12.9722773, 80.2190144 12.9726125, 80.2190276 12.9731728, 80.2190119 12.9738405)"
900,,residential,,,,,,,way/108148363,100.09,"LINESTRING (80.2193384 12.9722123, 80.2189814 12.9722773, 80.2184256 12.9723398)"
901,Inner Ring Road (Southern Sector),primary,2,40,asphalt,yes,,,way/108328797,1009.56,"LINESTRING (80.2173491 12.9680951, 80.2170199 12.968244, 80.2165066 12.9685244, 80.2164444 12.9685584, 80.2158242 12.9689737, 80.2102022 12.9736447, 80.2100692 12.9737394)"
902,,residential,,,,,,,way/108401294,99.46,"LINESTRING (80.1920705 12.9894916, 80.1919614 12.9890628, 80.191873 12.988614)"
903,19th Street,residential,,,,,,,way/108401295,133.37,"LINESTRING (80.1912812 12.9904021, 80.1918297 12.9902197, 80.1916953 12.9895959)"
904,,service,,,,,,,way/108401687,69.4,"LINESTRING (80.1933253 12.9922144, 80.1933755 12.9919857, 80.1934745 12.9918161, 80.1936026 12.9917105, 80.1936297 12.9916895)"
905,8th Street,residential,,,,,,,way/108401688,105.98,"LINESTRING (80.1919625 12.9917296, 80.1918104 12.9907833)"
906,,residential,,,,,,,way/108401689,46.41,"LINESTRING (80.1935687 12.9912744, 80.1936219 12.9916155, 80.1936297 12.9916895)"
907,,residential,,,,,,,way/108401690,35.68,"LINESTRING (80.1908035 12.9912584, 80.190897 12.9909492)"
908,,residential,,,,,,,way/108401691,24.47,"LINESTRING (80.1931538 12.9912501, 80.1931393 12.9910294)"
909,,residential,,,,,,,way/108401692,83.09,"LINESTRING (80.1935185 12.9909924, 80.1931393 12.9910294, 80.1927564 12.9910672)"
910,7th Street,residential,,,,,,,way/108401693,234.59,"LINESTRING (80.1922811 12.9907056, 80.1923602 12.9911228, 80.1924326 12.9916228, 80.192449 12.9916545, 80.1924711 12.9916668, 80.1925143 12.9916708, 80.193042 12.991662, 80.1936219 12.9916155)"
911,,residential,,,,,,,way/108401694,26.18,"LINESTRING (80.1927804 12.9913027, 80.1927564 12.9910672)"
912,5th Street,residential,,,,,,,way/108401695,47.11,"LINESTRING (80.193042 12.991662, 80.1929747 12.9920827)"
913,,primary,2,40,asphalt,yes,,,way/116953855,690.41,"LINESTRING (80.2163422 12.964664, 80.2163308 12.9648246, 80.2172574 12.9672193, 80.2172994 12.9673213, 80.2173422 12.9674117, 80.2173705 12.9674271, 80.2174131 12.9674286, 80.2175173 12.9673865, 80.2175694 12.9673532, 80.2176058 12.9673192, 80.2176397 12.9672799, 80.2176335 12.9672206, 80.2176133 12.9671489, 80.2175804 12.9670438, 80.2174339 12.9666872, 80.217289 12.966314, 80.2170529 12.9657057, 80.2169861 12.9655335, 80.2166293 12.9646758, 80.2164817 12.9645798)"
914,,residential,,,,,,,way/121014134,152.26,"LINESTRING (80.2018579 12.979827, 80.2020484 12.9808093, 80.2020856 12.9810836, 80.2020827 12.9811832)"
915,Vanuvampet Amman Koil Street,residential,,,,,,,way/121014135,161.06,"LINESTRING (80.197355 12.9816259, 80.1969088 12.9817568, 80.1959361 12.982054)"
916,Balaji Nagar Main Road,tertiary,,,,,,,way/121120054,148.29,"LINESTRING (80.2041456 12.9780086, 80.2041451 12.9778449, 80.2041359 12.9777944, 80.203874 12.9766987)"
917,Balaji Nagar Main Road,tertiary,,,asphalt,,yes,,way/121120057,15.91,"LINESTRING (80.2041942 12.9788303, 80.2041916 12.9786865)"
918,Inner Ring Road (Southern Sector),primary,,40,asphalt,yes,,,way/121120060,675.08,"LINESTRING (80.1988083 12.9806949, 80.1991237 12.9805235, 80.1996775 12.9802645, 80.2002543 12.9800033, 80.2003581 12.9799563, 80.2007975 12.979731, 80.2018433 12.9792802, 80.2034662 12.9785453, 80.2041615 12.9781504, 80.2043852 12.9780035)"
919,,residential,,,,,,,way/126679756,50.14,"LINESTRING (80.200826 12.9800055, 80.2007975 12.979731, 80.2007876 12.979554)"
920,Dr. Srinivasan Street.,residential,,,,,,,way/126679758,66.21,"LINESTRING (80.2008445 12.9803736, 80.2011205 12.9803496, 80.2014524 12.9803207)"
921,Ambedkar Salai,residential,,,,,,,way/130457274,89.41,"LINESTRING (80.1987382 12.9623393, 80.1987295 12.9623887, 80.1987087 12.962406, 80.1986779 12.9624145, 80.1984577 12.9624258, 80.1981195 12.9624513, 80.1980536 12.9624599, 80.197983 12.9625105)"
922,,service,,,,,,,way/131425304,685.76,"LINESTRING (80.2163197 12.9641632, 80.2165666 12.964047, 80.2171549 12.9638374, 80.2172488 12.9638361, 80.2172944 12.9638936, 80.2173199 12.9639315, 80.2174661 12.9643615, 80.2176605 12.964943, 80.2177061 12.9649868, 80.2177973 12.9650058, 80.2178751 12.9649927, 80.2194992 12.964385, 80.2199056 12.9654133, 80.2202746 12.9663471)"
923,,service,,,,,,,way/131425305,342.2,"LINESTRING (80.2194992 12.964385, 80.2196473 12.9642251, 80.2198525 12.9640558, 80.2201874 12.9637022, 80.2204718 12.9642515, 80.2205036 12.9643046, 80.2205927 12.9644535, 80.2206969 12.9647115, 80.220725 12.9647809, 80.2210069 12.9656679)"
924,,residential,,,,,,,way/131909326,69.85,"LINESTRING (80.2119594 12.9749921, 80.2126029 12.9750123)"
925,,residential,,,,,,,way/132192378,267.65,"LINESTRING (80.2074539 12.9676431, 80.2073617 12.9671366, 80.20729 12.9667941, 80.207279 12.9666603, 80.2072857 12.9666054, 80.2073155 12.9665491, 80.2073407 12.9664669, 80.2073327 12.9664029, 80.2073233 12.9663454, 80.207257 12.9660057, 80.2072354 12.9659061, 80.2071726 12.9655759, 80.2071039 12.9652732)"
926,,residential,,,,,,,way/132192382,187.27,"LINESTRING (80.2075157 12.9698721, 80.209234 12.969712)"
927,Bhuvaneswary Nagar 1st Main Road,residential,,,,,,,way/132509243,451.13,"LINESTRING (80.220318 12.9700973, 80.2204467 12.9701126, 80.2229162 12.9702862, 80.2231885 12.9703114, 80.2244578 12.9704653)"
928,Sastri Road,residential,,,,,,,way/132509244,301.63,"LINESTRING (80.2279979 12.9743239, 80.2281127 12.974331, 80.2280893 12.9746813, 80.2280324 12.9751048, 80.2280216 12.9752096, 80.2279986 12.9754343, 80.227992 12.9754982, 80.2279348 12.9758988, 80.2278877 12.9760377, 80.2278407 12.9762448, 80.2278161 12.9763861, 80.2277605 12.9765721, 80.2277173 12.9767825, 80.227689 12.9769046)"
929,VGP Selva Nagar 2nd Street,residential,,,,,,,way/132509245,102.22,"LINESTRING (80.2204437 12.971013, 80.220318 12.9700973)"
930,Balaji Street,residential,,,,,,,way/132509246,86.38,"LINESTRING (80.2278353 12.9784227, 80.227806 12.9791782, 80.2278093 12.97919, 80.2278179 12.9791993)"
931,,residential,,,,,,,way/132509247,53.36,"LINESTRING (80.2229675 12.9722662, 80.2234588 12.9722446)"
932,Sastri Road,residential,,,,,,,way/132509250,32.9,"LINESTRING (80.2276763 12.9772017, 80.227689 12.9769046)"
933,,residential,,,,,,,way/132509251,56.47,"LINESTRING (80.2229899 12.9726131, 80.2235096 12.9725852)"
934,VGP Selva Nagar Extension 4th Street,residential,,,,,,,way/132509252,196.01,"LINESTRING (80.2235031 12.9723584, 80.2252901 12.9726187)"
935,Church Gate Avenue,residential,,,,,,,way/132509253,86.03,"LINESTRING (80.2262241 12.9784054, 80.2263361 12.9784165, 80.2269142 12.9787684)"
936,Baby Nagar 2nd Main Road,residential,,,,,,,way/132509255,0.78,"LINESTRING (80.2284 12.980141644682405, 80.2283929 12.9801425)"
937,,residential,,,,,,,way/132509256,173.6,"LINESTRING (80.2234972 12.9714473, 80.2250879 12.971617)"
938,Church Gate Avenue,residential,,,,,,,way/132509257,63.52,"LINESTRING (80.2268928 12.9793422, 80.2269142 12.9787684)"
939,,residential,,,,,,,way/132509258,112.76,"LINESTRING (80.2204517 12.9697776, 80.2204526 12.9692485, 80.2209508 12.96921)"
940,VGP Selva Nagar 2nd Main Road,residential,,,,,,,way/132509259,400.23,"LINESTRING (80.2235316 12.9709226, 80.2231087 12.9708735, 80.2225309 12.9708188, 80.221988 12.9707746, 80.2204437 12.971013, 80.2198786 12.971114)"
941,,residential,,,,,,,way/132509260,107.14,"LINESTRING (80.222965 12.9693189, 80.2229406 12.9698015, 80.2229162 12.9702862)"
942,,residential,,,,,,,way/132509261,157.55,"LINESTRING (80.2242988 12.9765222, 80.2249048 12.9765924, 80.2257467 12.9766018)"
943,VGP Selva Nagar Ext 5th Street,residential,1,,asphalt,,,,way/132509262,78.04,"LINESTRING (80.222742 12.9718482, 80.222943 12.9718728, 80.2230228 12.9718812, 80.2234566 12.9719286)"
944,Anna Nagar 1st Street,residential,,,,,,,way/132509263,235.44,"LINESTRING (80.2250748 12.9741975, 80.2256153 12.9742391, 80.2260175 12.9742569, 80.2264706 12.9742879, 80.2266091 12.9742974, 80.2268409 12.9743071, 80.2269619 12.9743122, 80.2272402 12.9743328)"
945,Bethel Avenue Main Road,residential,,,,,,,way/132509264,82.06,"LINESTRING (80.222943 12.9718728, 80.2229675 12.9722662, 80.2229899 12.9726131)"
946,,residential,,,,,,,way/132509266,293.27,"LINESTRING (80.2211396 12.9721065, 80.2212586 12.9721012, 80.2216937 12.9720819, 80.2216291 12.9715145, 80.2226729 12.9713685, 80.2227131 12.971839, 80.222742 12.9718482)"
947,,residential,,,,,,,way/132509267,228.54,"LINESTRING (80.2234836 12.9739831, 80.2234776 12.9739658, 80.2234789 12.9739495, 80.2235034 12.9735514, 80.2235311 12.9731723, 80.2235157 12.9729261, 80.2235131 12.9727804, 80.2235096 12.9725852, 80.2235031 12.9723584, 80.2234588 12.9722446, 80.2234566 12.9719286)"
948,Bhuvaneswari Street,residential,,,,,,,way/133602702,95.79,"LINESTRING (80.1934103 12.9672257, 80.1935083 12.9675796, 80.1936371 12.9680625)"
949,Nanganallur 18th Street,residential,2,,asphalt,,,,way/133602705,249.96,"LINESTRING (80.1902554 12.9820512, 80.1908508 12.9820622, 80.1919233 12.9818677, 80.1925255 12.9817328)"
950,Sathsangam Street,residential,,,asphalt,no,,,way/133602706,563.19,"LINESTRING (80.1947011 12.9672861, 80.1946012 12.9669406, 80.1944977 12.9664779, 80.1944076 12.9660071, 80.1932338 12.9662768, 80.1918974 12.96657, 80.1912238 12.9667017, 80.190648 12.9668333)"
951,,residential,,,,,,,way/133604291,120.26,"LINESTRING (80.1912351 12.9800112, 80.1910824 12.9789345)"
952,Lakshmi Nagar 10th Street,residential,,,asphalt,,,,way/133604294,47.51,"LINESTRING (80.1892939 12.9758326, 80.1893023 12.9756097, 80.1893308 12.9755671, 80.1893734 12.975557, 80.189425 12.9755443, 80.1894865 12.9755438)"
953,,residential,,,,,,,way/133604295,153.74,"LINESTRING (80.1907786 12.9800116, 80.1907065 12.978985, 80.1906347 12.9786313)"
954,Ambedkar Street,residential,,,,,,,way/133604298,178.51,"LINESTRING (80.1900823 12.9800559, 80.1907786 12.9800116, 80.1912351 12.9800112, 80.1917248 12.9799745)"
955,Porchezhiyan Street,residential,,,,,,,way/133604301,333.73,"LINESTRING (80.1925255 12.9817328, 80.1924241 12.9811548, 80.1924048 12.9810444, 80.192341 12.9808362, 80.1922053 12.9803932, 80.1921031 12.979919, 80.1920186 12.9795567, 80.1918826 12.9791461, 80.191818 12.9788018)"
956,Service Road,residential,,,,,,,way/139357034,475.63,"LINESTRING (80.2265993 12.9794126, 80.2254874 12.9787481, 80.2250409 12.9784922, 80.2247125 12.9782926, 80.2245012 12.9781672, 80.224276 12.9780426, 80.2239033 12.9778204, 80.223629 12.9776469, 80.2235256 12.977583, 80.2231302 12.9773388, 80.2228785 12.9771439)"
957,Bharathi Street,residential,,,,,,,way/151247559,75.38,"LINESTRING (80.2277059 12.9784282, 80.2278353 12.9784227, 80.2284 12.978398547019188)"
958,Film Street,residential,,,,,,,way/151247562,153.29,"LINESTRING (80.226268 12.9772219, 80.2276788 12.9772974)"
959,Vivekananda Street,residential,,,,,,,way/151247563,101.09,"LINESTRING (80.2274537 12.9784206, 80.2271974 12.9784118, 80.2271887 12.9784095, 80.2271817 12.9784033, 80.2271783 12.9783954, 80.2271783 12.9783857, 80.2271864 12.9780759, 80.227185 12.9780583, 80.227173 12.9780432, 80.2271575 12.9780354, 80.2271408 12.9780341, 80.2268903 12.9780291)"
960,Anna Nagar 4th Main Road,residential,,,,,,,way/151247564,262.23,"LINESTRING (80.2259433 12.9752532, 80.2260006 12.9748515, 80.2260175 12.9742569, 80.2260216 12.9738876, 80.2260266 12.9734479, 80.2260306 12.9730901, 80.2260329 12.9728871)"
961,Gopal Street,residential,,,,,,,way/151247566,137.44,"LINESTRING (80.2274537 12.9784206, 80.2274089 12.9796622)"
962,Pillaiyar Koil Street,residential,,,,,,,way/151332202,40.1,"LINESTRING (80.2284 12.975142838390726, 80.2280324 12.9751048)"
963,Anna Nagar 5th Main Road,residential,,,,,,,way/151332203,214.65,"LINESTRING (80.2273606 12.9726799, 80.2264542 12.972544, 80.2263107 12.9725601, 80.225415 12.9723671)"
964,VPG Selva Nagar Extension 1st Street,residential,,,,,,,way/151332455,174.05,"LINESTRING (80.2235034 12.9735514, 80.2250934 12.9737606)"
965,VGP Selva Nagar Extension 2nd Street,residential,,,,,,,way/151332456,174.11,"LINESTRING (80.2235311 12.9731723, 80.2251227 12.9733737)"
966,VPG Selva Nagar Extension 3rd Street,residential,,,,,,,way/151332578,176.97,"LINESTRING (80.2235131 12.9727804, 80.2251309 12.9729847)"
967,,residential,,,,,,,way/151332579,112.49,"LINESTRING (80.2262577 12.9729228, 80.2260329 12.9728871, 80.2256111 12.9728289, 80.2252326 12.9727709)"
968,Anna Nagar 3rd cross,residential,,,,,,,way/151332580,92.5,"LINESTRING (80.2267568 12.9734739, 80.2266091 12.9742974)"
969,,residential,,,,,,,way/151332581,156.01,"LINESTRING (80.2256111 12.9728289, 80.225614 12.9738129, 80.2256153 12.9742391)"
970,N Home Line,residential,,,,no,,,way/163421079,192.98,"LINESTRING (80.2194883 12.977206, 80.2190408 12.977193, 80.2190472 12.9768919, 80.2190391 12.9767769, 80.2190088 12.9763109, 80.2189812 12.9758898)"
971,,residential,,,,no,,,way/163421112,41.92,"LINESTRING (80.2190391 12.9767769, 80.2194252 12.976792)"
972,7th Street Karthikeyapuram,residential,,20,,no,,,way/164454788,41.22,"LINESTRING (80.19375284507228 12.9621, 80.1933776 12.9621581)"
973,,residential,,20,,no,,,way/164454789,85.94,"LINESTRING (80.1949016 12.9628658, 80.1948138 12.9624351, 80.19477222872884 12.9621)"
974,Adisankaran Street,residential,,,,,,,way/164455236,66.05,"LINESTRING (80.1938904 12.9643995, 80.1940099 12.9649849)"
975,5th Street Karthikeyapuram,residential,,20,,no,,,way/164459502,241.84,"LINESTRING (80.1935881 12.96319, 80.1949016 12.9628658, 80.1951233 12.962826, 80.1957613 12.9627091)"
976,Veenus Colony 4th Cross,residential,,,,,,,way/164933723,38.59,"LINESTRING (80.2284 12.974051003693644, 80.2280482 12.9739996)"
977,,residential,,,,,,,way/164933893,18.22,"LINESTRING (80.2228224 12.972625, 80.2229899 12.9726131)"
978,,residential,,,sand,,,,way/165273142,33.6,"LINESTRING (80.2225268 12.9711222, 80.2225294 12.9711106, 80.2225294 12.9710979, 80.2225309 12.9708188)"
979,Solaiappan Street,residential,,,,no,,,way/165641248,130.6,"LINESTRING (80.1918418 12.9735229, 80.1922772 12.9734183, 80.1929627 12.9733705, 80.1930309 12.9733682)"
980,Karian Ponnan Street,residential,,,asphalt,no,,,way/165642301,148.44,"LINESTRING (80.1916809 12.9729995, 80.1921975 12.9729222, 80.1926637 12.9728916, 80.1930419 12.9728996)"
981,Bharathi Street,residential,,,,,,,way/165642313,117.63,"LINESTRING (80.1930246 12.9731353, 80.193478 12.9731513, 80.194108 12.9731756)"
982,2nd main road,residential,,,,,,,way/177370780,556.6,"LINESTRING (80.2071726 12.9655759, 80.2063676 12.9657361, 80.2047838 12.9660667, 80.203755 12.9662006, 80.2034681 12.9662341, 80.202122 12.9664411)"
983,3rd Main Road,residential,,,,,,,way/178647161,365.54,"LINESTRING (80.2164319 12.9747602, 80.2185518 12.9748205, 80.219798 12.974749)"
984,4th Main Road,residential,,,,,,,way/178647162,117.34,"LINESTRING (80.2196271 12.9743413, 80.2191585 12.9744912, 80.2185705 12.9744638)"
985,5th Main Road,residential,,,,,,,way/178647163,181.58,"LINESTRING (80.2199475 12.9738151, 80.2195488 12.9738301, 80.2190119 12.9738405, 80.2185729 12.9738228, 80.2182756 12.9737998)"
986,Mount - Medavakkam Road,primary,2,40,asphalt,yes,,,way/179253495,1481.79,"LINESTRING (80.1898774 12.9690267, 80.1901075 12.9695105, 80.1904108 12.9701657, 80.1905021 12.9703654, 80.1905976 12.9705984, 80.1907954 12.9710173, 80.1908495 12.9711447, 80.1909183 12.9713159, 80.1910572 12.9716534, 80.1912478 12.9721041, 80.1912881 12.9722223, 80.1914591 12.9726125, 80.1914709 12.9726442, 80.1915774 12.9729215, 80.1915993 12.9730122, 80.1917247 12.9733296, 80.1918836 12.973816, 80.1921479 12.9745312, 80.1921698 12.9745743, 80.1922118 12.9746954, 80.1922316 12.9747448, 80.1922824 12.9748662, 80.1923618 12.9750823, 80.1924994 12.9754042, 80.1926251 12.9756725, 80.1927537 12.9759283, 80.1928434 12.9760163, 80.1929145 12.9761208, 80.1930826 12.9763526, 80.1932761 12.9765991, 80.1935134 12.9769316, 80.1936516 12.9772505, 80.1937262 12.977562, 80.1937559 12.9776871, 80.1938257 12.978112, 80.1938726 12.9783587, 80.1939603 12.9787201, 80.1939982 12.9788099, 80.1940867 12.9789709, 80.1942278 12.9792094, 80.1942744 12.9792921, 80.1945251 12.9796406, 80.1945647 12.9796956, 80.1946639 12.9798227, 80.1949542 12.9802918, 80.1950738 12.9804868, 80.1951455 12.9806986, 80.1952679 12.9809423, 80.1953207 12.981059, 80.1954404 12.9811124)"
987,Lake View Road,residential,,20,asphalt,,,,way/179254230,377.95,"LINESTRING (80.1914144 12.9654063, 80.1913406 12.9650985, 80.1913165 12.9649981, 80.1912553 12.9647427, 80.1911835 12.9644122, 80.1911308 12.9642261, 80.1910002 12.9637281, 80.1909579 12.9635449, 80.1908912 12.9633138, 80.1907832 12.9629399, 80.1906684 12.9625423, 80.1905588 12.9621597, 80.19054137415588 12.9621)"
988,"4th Street, Lakshmi Nagar",residential,,,,,,,way/182052469,38.81,"LINESTRING (80.1891 12.978709993087831, 80.1894577 12.9787095)"
989,Macmillon Colony 4th Street,residential,,,,,,,way/184301030,37.44,"LINESTRING (80.1899955 12.9794365, 80.1903383 12.9793972)"
990,Arumugam Road,residential,,,,,,,way/184469834,103.05,"LINESTRING (80.2145832 12.9630292, 80.2136687 12.9632806)"
991,5th Main Road,residential,,,,,,,way/184469835,252.2,"LINESTRING (80.2110046 12.9628323, 80.2132668 12.9623084)"
992,,residential,,,,,,,way/184469836,289.89,"LINESTRING (80.2121202 12.9638686, 80.2137541 12.9635549, 80.2137788 12.9635472, 80.2147141 12.9632571)"
993,,residential,,,,,,,way/184469837,272.18,"LINESTRING (80.2111772 12.9637368, 80.2136111 12.9631412)"
994,,residential,,,,,,,way/184469839,395.89,"LINESTRING (80.2110984 12.9633009, 80.2134526 12.9627579, 80.2146508 12.9624839)"
995,6th Main road,residential,,,,,,,way/184469905,115.07,"LINESTRING (80.2108972 12.9623629, 80.21192327849153 12.9621)"
996,Bethel Avenue Main Road,residential,1,,gravel,,,,way/188010447,111.88,"LINESTRING (80.2230228 12.9718812, 80.2230569 12.9714526, 80.2230814 12.9711446, 80.2231087 12.9708735)"
997,Alumni Avenue,service,,35,asphalt,,,,way/191207584,75.34,"LINESTRING (80.2284 12.990411184941431, 80.2279914 12.9902901, 80.2277266 12.9902521)"
998,Nathan Subramaniam Colony,residential,,,,,,,way/198142097,260.99,"LINESTRING (80.218542 12.9693871, 80.2186168 12.969357, 80.2191034 12.9691613, 80.2192452 12.9690998, 80.2194598 12.969016, 80.2197558 12.9688793, 80.2199727 12.9687949, 80.2201665 12.968714, 80.2203973 12.9686065, 80.2206092 12.9685256, 80.2207145 12.9684853, 80.220757 12.9684691)"
999,Thirumal Marugan Sannathi Street,residential,,,asphalt,,,,way/200892988,53.96,"LINESTRING (80.1894873 12.975158, 80.1899841 12.9751813)"
1000,Kanniga Colony 2nd Street,residential,,,concrete,,,,way/200892990,41.73,"LINESTRING (80.1891 12.975339407999083, 80.1894846 12.9753355)"
1001,Kanniga Colony 3rd Street,residential,,,asphalt,,,,way/200892993,41.88,"LINESTRING (80.1891 12.974906831009864, 80.1894859 12.9749173)"
1002,,residential,,,,,,,way/202927503,42.18,"LINESTRING (80.1894885 12.9836689, 80.1891 12.983684407352941)"
1003,Velachery Bypass Road,primary,2,50,asphalt,yes,,,way/203214151,455.37,"LINESTRING (80.2182229 12.9874624, 80.2183136 12.9878381, 80.2184145 12.9883099, 80.2184774 12.9885594, 80.2184992 12.9886272, 80.2185515 12.9888528, 80.2185645 12.9888972, 80.2186342 12.9890918, 80.2187914 12.9895792, 80.2189838 12.9900885, 80.219162 12.9905819, 80.2193372 12.9910729, 80.2194492 12.9913927)"
1004,,residential,,,,,,,way/203484947,79.42,"LINESTRING (80.1900132 12.9848609, 80.1900001 12.9841431)"
1005,,residential,,,,,,,way/203488791,116.55,"LINESTRING (80.1900451 12.9859133, 80.1900507 12.9855197, 80.1900415 12.9853588, 80.1900132 12.9848609)"
1006,,residential,,,,,,,way/203488792,117.47,"LINESTRING (80.1900507 12.9855197, 80.191132 12.9854643)"
1007,,residential,,,,,,,way/203488794,92.1,"LINESTRING (80.1899623 12.9867418, 80.1899862 12.9864878, 80.1899993 12.9863634, 80.1900451 12.9859133)"
1008,"3rd Street, Lakshmi Nagar",residential,,,,,,,way/203599063,37.43,"LINESTRING (80.1891 12.979115802713762, 80.1894447 12.9791014)"
1009,"7th Street, Lakshmi Nagar",residential,,,asphalt,,,,way/203599287,75.6,"LINESTRING (80.1891 12.977370099968374, 80.1897801 12.977324, 80.1897952 12.9773231)"
1010,Velachery Main Road,secondary,2,10,paved,yes,,,way/204242709,8.94,"LINESTRING (80.2195487 12.9916507, 80.2195977 12.9915857)"
1011,Velachery Main Road,secondary,,,asphalt,yes,,,way/204242711,80.38,"LINESTRING (80.2200706 12.9908569, 80.2199775 12.990972, 80.2198426 12.9911611, 80.2196951 12.9913448, 80.2196271 12.9914386)"
1012,Road in Baby Nagar,residential,,,,,,,way/204649771,18.46,"LINESTRING (80.2284 12.980145826377948, 80.2283929 12.9801425, 80.228306 12.9801266, 80.2282523 12.9801764)"
1013,Velachery Main Road,secondary,,10,paved,yes,,,way/205773352,9.04,"LINESTRING (80.2195552 12.9915416, 80.2195047 12.9916066)"
1014,,residential,,,,,,,way/206632256,359.99,"LINESTRING (80.1980716 12.965448, 80.1981848 12.9660321, 80.1982496 12.9662814, 80.1983133 12.9664835, 80.1983528 12.9666219, 80.1984615 12.9670847, 80.1985165 12.9675408, 80.1985241 12.9677016, 80.1985614 12.9681737, 80.1986019 12.9686503)"
1015,Karthikeyapuram 1st Cross Street,residential,,,,,,,way/206632257,146.4,"LINESTRING (80.1940957 12.9654073, 80.1949288 12.9652306, 80.194965 12.9652175, 80.1949811 12.9651875, 80.1949784 12.9651443, 80.1949636 12.965092, 80.1948869 12.9647829)"
1016,Kalyana Kandasamy Koil Street,residential,,,,,,,way/206632259,152.56,"LINESTRING (80.1971238 12.9648015, 80.1971875 12.9655909, 80.1972315 12.965878, 80.1972764 12.9661715)"
1017,,residential,,,,,,,way/206632260,144.04,"LINESTRING (80.1949409 12.9647764, 80.194959 12.9646634, 80.1949905 12.9646333, 80.1950166 12.9646189, 80.1961074 12.9643043)"
1018,,residential,,,,,,,way/206634191,71.95,"LINESTRING (80.2143232 12.9646665, 80.2149684 12.9645162)"
1019,,residential,,,,,,,way/206634192,159.72,"LINESTRING (80.2145586 12.9651723, 80.2160083 12.9649216)"
1020,,residential,,,asphalt,,,,way/206634193,51.6,"LINESTRING (80.2157114 12.9641844, 80.2152515 12.9643033)"
1021,,residential,,,,,,,way/206634194,164.27,"LINESTRING (80.2143822 12.9648623, 80.2158597 12.9645381)"
1022,,service,,,,,,,way/206634196,282.11,"LINESTRING (80.2174661 12.9643615, 80.2178175 12.964238, 80.2181551 12.9641194, 80.2189091 12.9638544, 80.2189547 12.9638465, 80.2189862 12.9638491, 80.2190134 12.9639251, 80.2193758 12.9638165, 80.2194294 12.963823, 80.2194737 12.9638452, 80.2196473 12.9642251)"
1023,,residential,,,asphalt,,,,way/206634197,401.4,"LINESTRING (80.2157187 12.9636777, 80.2156695 12.9640147, 80.2157035 12.9641639, 80.2157114 12.9641844, 80.2158597 12.9645381, 80.2160083 12.9649216, 80.2161616 12.9653038, 80.2163081 12.9656893, 80.2164254 12.9659258, 80.2165528 12.9661924, 80.2165836 12.9663271, 80.2166279 12.9666041, 80.2166299 12.9666178, 80.2166386 12.9666773, 80.2166976 12.966791, 80.2168532 12.9670733)"
1024,,residential,,,,,,,way/206634198,320.46,"LINESTRING (80.2152515 12.9643033, 80.2151312 12.9643327, 80.2151003 12.9643275, 80.2150668 12.9643105, 80.2150407 12.9642203, 80.2150038 12.9641955, 80.2149515 12.9641863, 80.214289 12.9643157, 80.2142434 12.9643419, 80.2142461 12.9643863, 80.2143232 12.9646665, 80.2143822 12.9648623, 80.2144565 12.9651088, 80.2145586 12.9651723, 80.2146456 12.9655709, 80.2147828 12.9660328)"
1025,Kambar Street,residential,,,,,,,way/206634199,167.12,"LINESTRING (80.2161616 12.9653038, 80.2146456 12.9655709)"
1026,Kannnapiran Street,residential,,,,,,,way/206634200,169.83,"LINESTRING (80.2163081 12.9656893, 80.2158478 12.9658062, 80.2150233 12.9659816, 80.2147828 12.9660328)"
1027,Vallal Kaari Street,residential,,,,,,,way/206634201,334.88,"LINESTRING (80.2146456 12.9655709, 80.2136992 12.9657224, 80.2132971 12.9657817, 80.2129714 12.9658393, 80.2116032 12.9660797)"
1028,1st cross Street,residential,,,,,,,way/206634202,190.24,"LINESTRING (80.21492928292683 12.9621, 80.2148594 12.9621232, 80.2150467 12.9626706, 80.2154588 12.9636612)"
1029,Brightpathplayschool,residential,,20,,,,,way/206637726,364.26,"LINESTRING (80.2150322 12.9665404, 80.2140944 12.9667515, 80.2139755 12.9667371, 80.2139012 12.9666791, 80.2138388 12.9666646, 80.213277 12.9667689, 80.2129341 12.9668265, 80.2117547 12.9670243)"
1030,Kannadasan street,residential,,,,,,,way/206637727,163.72,"LINESTRING (80.2152436 12.9671854, 80.216339 12.9668736, 80.2166976 12.966791)"
1031,,residential,,,,,,,way/206637728,457.31,"LINESTRING (80.2156342 12.9684184, 80.215484 12.9680091, 80.2141484 12.9682341, 80.211768 12.9686406)"
1032,,residential,,,,,,,way/206637729,116.39,"LINESTRING (80.2154705 12.9676709, 80.2158131 12.9675667, 80.2162079 12.9674467, 80.2164783 12.9673881, 80.2165016 12.9673834)"
1033,Kavimani Street,residential,,,,,,,way/206637730,403.26,"LINESTRING (80.2153813 12.9675493, 80.214206 12.9677952, 80.2132138 12.9680139, 80.2117323 12.9682314)"
1034,N 1st Street,residential,,,,,,,way/206637731,244.15,"LINESTRING (80.2151936 12.9670369, 80.2132979 12.9674525, 80.2129962 12.9675122)"
1035,Bazaar Main Road,secondary,2,30,asphalt,,,,way/206642422,334.71,"LINESTRING (80.2113062 12.9645643, 80.2113537 12.9645233, 80.2114351 12.9644699, 80.2115352 12.9644361, 80.2115531 12.9644301, 80.2115712 12.9644259, 80.2116956 12.964399, 80.2119541 12.9643366, 80.2120966 12.9643086, 80.2123612 12.9642565, 80.2128989 12.9641644, 80.2129469 12.9641496, 80.2129785 12.9641438, 80.2132827 12.9640882, 80.2135142 12.9640459, 80.2138463 12.9639852, 80.2139525 12.9639679, 80.2143004 12.9639105)"
1036,Brindhavan Nagar Road,residential,,,,,,,way/206642423,160.33,"LINESTRING (80.2131771 12.9688213, 80.2134649 12.9700816, 80.2135 12.9702355)"
1037,,residential,,,,,,,way/206642424,117.68,"LINESTRING (80.2073922 12.9688024, 80.206673 12.9689036, 80.2063186 12.9689534)"
1038,,residential,,,,,,,way/206642425,102.11,"LINESTRING (80.207604 12.9655134, 80.2085264 12.9653304)"
1039,,residential,,,,,,,way/206642427,78.33,"LINESTRING (80.2076685 12.9659147, 80.207604 12.9655134, 80.2075506 12.9652162)"
1040,,residential,,,,,,,way/206642428,79.18,"LINESTRING (80.2064331 12.9660574, 80.2063676 12.9657361, 80.2063215 12.9654763, 80.2063255 12.9654442, 80.2063315 12.9654181, 80.2063617 12.9653599)"
1041,,residential,,,,,,,way/206642429,214.89,"LINESTRING (80.2059658 12.9730097, 80.2061924 12.9730165, 80.20654 12.9730152, 80.2070897 12.9730176, 80.2074916 12.9730037, 80.2079458 12.9729885)"
1042,Nakeeran Road,residential,,,,,,,way/206642430,184.18,"LINESTRING (80.2116846 12.9665873, 80.2128439 12.9663745, 80.2133531 12.9662809)"
1043,,residential,,,,,,,way/206642431,175.74,"LINESTRING (80.212148 12.97145, 80.2120179 12.9709179, 80.2119021 12.9703914, 80.2118092 12.969897)"
1044,Arumugam Street,residential,,,,,,,way/206647499,140.28,"LINESTRING (80.1955792 12.9714256, 80.1955268 12.970889, 80.1962685 12.9708418)"
1045,Ayiram Road,residential,,,,,,,way/206647500,156.52,"LINESTRING (80.1962069 12.968261, 80.1976308 12.9680338)"
1046,Church Street,residential,,,,,,,way/206647501,182.23,"LINESTRING (80.1962171 12.9694499, 80.197888 12.9692824)"
1047,David George Street,residential,,,,,,,way/206647502,237.69,"LINESTRING (80.1975283 12.9674865, 80.1975969 12.9678437, 80.1976308 12.9680338, 80.1976928 12.9682824, 80.197782 12.9687588, 80.197888 12.9692824, 80.1979362 12.9695968)"
1048,,residential,,,,,,,way/206647503,116.63,"LINESTRING (80.1962094 12.968078, 80.1951414 12.9681978)"
1049,,residential,,,,,,,way/206647504,97.72,"LINESTRING (80.1962137 12.9693499, 80.1953186 12.9694481)"
1050,,residential,,,,,,,way/206647505,57.35,"LINESTRING (80.2043205 12.9685622, 80.2043571 12.9685834, 80.204396 12.9685919, 80.2048315 12.9684965)"
1051,,residential,,,,,,,way/206647506,66.6,"LINESTRING (80.1961411 12.9669069, 80.1967547 12.9668904)"
1052,,residential,,,,,,,way/206647507,51.2,"LINESTRING (80.1987725 12.9699818, 80.1992404 12.9699215)"
1053,,residential,,,,,,,way/206647508,120.91,"LINESTRING (80.1972315 12.965878, 80.19613 12.966044)"
1054,,residential,,,,,,,way/206647509,212.62,"LINESTRING (80.1961811 12.9675115, 80.1947585 12.9677066, 80.1947367 12.967726, 80.1947355 12.9677543, 80.1947739 12.9680086, 80.194762 12.9680309, 80.1947435 12.9680422, 80.1945888 12.9680561)"
1055,,residential,,,,,,,way/206647510,204.96,"LINESTRING (80.1999323 12.970112, 80.2002097 12.9700802, 80.2006837 12.9700413, 80.2007506 12.9707841, 80.2003795 12.9708282)"
1056,,residential,,,,,,,way/206647511,115.83,"LINESTRING (80.1995321 12.9701793, 80.1999323 12.970112, 80.1998414 12.9694694)"
1057,Manimeghalai Street,residential,,,,,,,way/206647512,447.88,"LINESTRING (80.1962068 12.9685941, 80.1952299 12.9686867, 80.1951823 12.9686939, 80.19515 12.968688, 80.195134 12.9686638, 80.1950911 12.9685756, 80.1950636 12.9685533, 80.1950186 12.9685423, 80.1948121 12.9685579, 80.1940709 12.9686588, 80.1922025 12.9689916)"
1058,,residential,,,,,,,way/206647513,157.98,"LINESTRING (80.1967395 12.967332, 80.1967547 12.9668904, 80.1967561 12.966514, 80.1961345 12.9665257)"
1059,,residential,,,,,,,way/206647514,89.88,"LINESTRING (80.1994034 12.9703039, 80.1988349 12.9703692, 80.198579 12.9703781)"
1060,,residential,,,,,,,way/206647515,222.38,"LINESTRING (80.200341 12.9707158, 80.2002409 12.9703353, 80.1995891 12.9704386, 80.1995556 12.9704281, 80.1995422 12.9703902, 80.1995321 12.9701793, 80.1995111 12.9698858, 80.1994832 12.9694971)"
1061,Ponnurangan Street,residential,,,,,,,way/206647517,135.29,"LINESTRING (80.1963072 12.9713737, 80.1955792 12.9714256, 80.1950656 12.9714835)"
1062,Vanchinathan Street,residential,,,,,,,way/206647518,251.45,"LINESTRING (80.196173 12.96744, 80.1967395 12.967332, 80.1974788 12.9672301, 80.1976313 12.9672036, 80.1984615 12.9670847)"
1063,1st Road,residential,,,,,,,way/206647519,82.87,"LINESTRING (80.2004641 12.9711608, 80.1999796 12.9712297, 80.1997066 12.9712552)"
1064,,residential,,,,,,,way/206649409,138.57,"LINESTRING (80.1940059 12.9713382, 80.1945003 12.9713017, 80.1947106 12.9712828, 80.1950994 12.971248, 80.1951146 12.9712395, 80.1951219 12.9712256, 80.1951122 12.9710824)"
1065,,residential,,,,,,,way/206649411,104.12,"LINESTRING (80.1940767 12.9718188, 80.1931222 12.9719159)"
1066,,residential,,,,,,,way/206649412,54.94,"LINESTRING (80.1940676 12.9717567, 80.1945736 12.971738)"
1067,,residential,,,,,,,way/206649413,115.77,"LINESTRING (80.1939295 12.9708202, 80.1949904 12.9707078)"
1068,,residential,,,,,,,way/206649414,70.77,"LINESTRING (80.1958193 12.9723893, 80.1958323 12.9719429, 80.1958114 12.9717509)"
1069,Elango Street,residential,,,,,,,way/206649415,196.88,"LINESTRING (80.1938243 12.9701065, 80.1938197 12.9700333, 80.1938036 12.9697773, 80.1937573 12.9697289, 80.193695 12.9697185, 80.1923574 12.9698781)"
1070,Yogeshwaran Cross Street,residential,,,,,,,way/206649416,316.26,"LINESTRING (80.1914592 12.9685655, 80.1919663 12.9698126, 80.1919609 12.9698426, 80.1919486 12.969865, 80.1919328 12.9698818, 80.1918966 12.969891, 80.1904921 12.9701449)"
1071,Badhala Vinayagar Koil Street,residential,,,,,,,way/206649417,175.3,"LINESTRING (80.192517 12.9708996, 80.1921689 12.9709411, 80.1909194 12.9711352)"
1072,Jyothi Ramalingam Street,residential,,,asphalt,,,,way/206649418,346.27,"LINESTRING (80.1938243 12.9701065, 80.1924178 12.9702875, 80.1912694 12.9704659, 80.1906667 12.9705595)"
1073,,residential,,,,,,,way/206653761,94.31,"LINESTRING (80.1978275 12.978267, 80.1982251 12.9782911, 80.1986951 12.9783195)"
1074,,residential,,,,,,,way/206653763,122.03,"LINESTRING (80.1969561 12.9785979, 80.1970052 12.9774959)"
1075,,residential,,,,,,,way/206653764,50.11,"LINESTRING (80.1992782 12.9726693, 80.1991806 12.9722266)"
1076,,residential,,,,,,,way/206653765,39.33,"LINESTRING (80.2032213 12.9801305, 80.203242 12.9797756)"
1077,,residential,,,,,,,way/206653766,110.76,"LINESTRING (80.2023213 12.980141, 80.2023987 12.980342, 80.2025248 12.9811185)"
1078,,residential,,,,,,,way/206653767,64.52,"LINESTRING (80.2009482 12.9783147, 80.2009416 12.9777315)"
1079,,residential,,,,,,,way/206653768,58.46,"LINESTRING (80.2061591 12.9735439, 80.2061924 12.9730165)"
1080,,residential,,,,,,,way/206653769,86.06,"LINESTRING (80.1905301 12.9782037, 80.1904391 12.9774309)"
1081,,residential,,,,,,,way/206653770,111.69,"LINESTRING (80.1962351 12.9785474, 80.196351 12.9775442)"
1082,,residential,,,,,,,way/206653772,50.83,"LINESTRING (80.1989662 12.9727978, 80.1988998 12.972343)"
1083,6th Street,residential,,,,,,,way/206653773,100.3,"LINESTRING (80.2069428 12.9774037, 80.2060447 12.9776188)"
1084,Kamban Street,residential,,,asphalt,,,,way/206653774,105.5,"LINESTRING (80.1947089 12.976769, 80.1956806 12.9768057)"
1085,,residential,,,,,,,way/206653775,74.82,"LINESTRING (80.2001314 12.9787838, 80.200158 12.9787484, 80.2001831 12.9787148, 80.2002083 12.9786813, 80.2002417 12.9781332)"
1086,,residential,,,,,,,way/206653776,124.35,"LINESTRING (80.2012088 12.9783727, 80.2019078 12.9781968, 80.202319 12.9780933)"
1087,,residential,,,,,,,way/206653777,69.86,"LINESTRING (80.1994603 12.9787336, 80.1994933 12.978103)"
1088,,residential,,,,,,,way/206653778,117.33,"LINESTRING (80.1966734 12.9775157, 80.1965521 12.9785696)"
1089,,residential,,,,,,,way/206653779,86.84,"LINESTRING (80.2044767 12.977581, 80.2043786 12.976802)"
1090,,residential,,,,,,,way/206653780,56.28,"LINESTRING (80.1966584 12.9804298, 80.1971551 12.9802832)"
1091,,residential,,,,,,,way/206653781,44.54,"LINESTRING (80.1995381 12.9791454, 80.1995597 12.9787434)"
1092,,residential,,,,,,,way/206653782,76.45,"LINESTRING (80.2028792 12.9769361, 80.2035747 12.9770468)"
1093,,residential,,,,,,,way/206653783,46.5,"LINESTRING (80.2065689 12.9748341, 80.2069967 12.9748092)"
1094,North Madhava Perumal Street,residential,,,,,,,way/206653784,105.14,"LINESTRING (80.1935233 12.9738477, 80.193511 12.9742564, 80.1935017 12.9747978)"
1095,,residential,,,,,,,way/206653785,43.15,"LINESTRING (80.1978902 12.9735918, 80.1982861 12.9735542)"
1096,,residential,,,,,,,way/206653786,40.0,"LINESTRING (80.2035368 12.9750529, 80.2038994 12.9749877)"
1097,,residential,,,asphalt,,,,way/206653787,76.49,"LINESTRING (80.1933643 12.9766067, 80.1935357 12.9765343, 80.1940531 12.976503)"
1098,,residential,,,,,,,way/206653788,106.38,"LINESTRING (80.1951784 12.9751309, 80.1951754 12.9747984, 80.19519 12.9747744, 80.1952156 12.9747604, 80.1957968 12.9748124)"
1099,4th Street,residential,,,,,,,way/206653789,78.84,"LINESTRING (80.1909725 12.9781611, 80.1909397 12.9778407, 80.1909417 12.9778198, 80.1909511 12.9777995, 80.1909678 12.9777812, 80.191002 12.9777642, 80.1912869 12.9777069)"
1100,,residential,,,,,,,way/206653790,121.21,"LINESTRING (80.1977971 12.978641, 80.1978275 12.978267, 80.1978869 12.9775489)"
1101,Annai Therasa Nagar 12th Street,residential,,,,,,,way/206653791,89.09,"LINESTRING (80.204113 12.9728249, 80.2040795 12.9727926, 80.2040577 12.9727387, 80.2039362 12.9720477)"
1102,,residential,,,,,,,way/206653792,64.23,"LINESTRING (80.2012011 12.9783077, 80.2009482 12.9783147, 80.2007284 12.9783208, 80.2006093 12.9783241)"
1103,T. R. Balu Street,residential,,,,,,,way/206653793,184.0,"LINESTRING (80.2033296 12.9743758, 80.2033133 12.974376, 80.2031053 12.9743745, 80.2030406 12.974364, 80.2030298 12.9743295, 80.2030329 12.9742844, 80.2030314 12.9742334, 80.2030083 12.9742079, 80.2029516 12.9741991, 80.2021364 12.9742124, 80.2021413 12.9738558)"
1104,,residential,,,,,,,way/206653794,100.12,"LINESTRING (80.196192 12.9794472, 80.1961712 12.979032, 80.1961752 12.9789372, 80.1962076 12.9787661, 80.196226 12.9786024, 80.1962351 12.9785474)"
1105,,residential,,,asphalt,,,,way/206653795,113.93,"LINESTRING (80.1943704 12.9771706, 80.1943969 12.9767516, 80.1944347 12.9761427)"
1106,,residential,,,,,,,way/206653796,60.03,"LINESTRING (80.2032181 12.9749859, 80.2032177 12.9749145, 80.2032168 12.974828, 80.2032121 12.9748114, 80.2031998 12.9747974, 80.2031873 12.974793, 80.2028449 12.9748036)"
1107,,residential,,,,,,,way/206653797,149.46,"LINESTRING (80.2021812 12.9773746, 80.2027696 12.9772735, 80.2028306 12.9772323, 80.2028473 12.9771885, 80.2028792 12.9769361, 80.2029361 12.9765487)"
1108,,residential,,,,,,,way/206653798,47.48,"LINESTRING (80.2032181 12.9749859, 80.2032187 12.9752846, 80.203223 12.975415)"
1109,,residential,,,,,,,way/206653799,153.82,"LINESTRING (80.2041451 12.9778449, 80.2044767 12.977581, 80.2045727 12.9774368, 80.2049294 12.9771859, 80.2052351 12.9769709)"
1110,Thiruvalluvar Street,residential,,,asphalt,,,,way/206653800,211.58,"LINESTRING (80.1936975 12.9772415, 80.1937918 12.9772265, 80.1942678 12.9771727, 80.1943704 12.9771706, 80.1946586 12.9771657, 80.1956429 12.9771886)"
1111,Vembuliamman Koil Street,residential,,,asphalt,,,,way/206653801,107.56,"LINESTRING (80.1949808 12.9801866, 80.1952321 12.9801013, 80.1953133 12.9800843, 80.1954665 12.9801188, 80.195553 12.980125, 80.1956322 12.9801412, 80.1959487 12.9801149)"
1112,,residential,,,,,,,way/206653802,136.76,"LINESTRING (80.2052251 12.9727093, 80.20521 12.9725001, 80.2052229 12.9724501, 80.2052614 12.9724146, 80.2053235 12.9724, 80.2059042 12.9723138, 80.2061879 12.9722545)"
1113,Bhuvaneswari Nager 4th Street,residential,,,,,,,way/206653803,240.76,"LINESTRING (80.2071222 12.9781252, 80.2065702 12.978413, 80.2060192 12.9787244, 80.2057711 12.9788335, 80.2050962 12.9789544)"
1114,,residential,,,,,,,way/206653804,90.46,"LINESTRING (80.2007876 12.979554, 80.200796 12.9793917, 80.2008172 12.9793401, 80.200846 12.9793194, 80.2009125 12.9793003, 80.2012499 12.9792472, 80.2012741 12.9792354, 80.2012908 12.9792074, 80.2012827 12.9791456, 80.2012774 12.9791057)"
1115,Ponnappan Street,residential,,,asphalt,,,,way/206653805,210.96,"LINESTRING (80.1941429 12.9754797, 80.1942659 12.9754871, 80.1945552 12.9755044, 80.1945955 12.9755061, 80.1949469 12.9755206, 80.1950088 12.9755232, 80.1952143 12.9755211, 80.1955836 12.9754902, 80.1960816 12.9754346)"
1116,,service,,,,,,,way/206653806,140.7,"LINESTRING (80.2021413 12.9738558, 80.2022257 12.9739002, 80.2024604 12.9739629, 80.2026632 12.9740058, 80.2028165 12.9740399, 80.2029708 12.9740953, 80.2030468 12.9741588, 80.20322 12.9742612, 80.2033285 12.9743254)"
1117,,residential,,,,,,,way/206653807,109.06,"LINESTRING (80.1989675 12.97538, 80.198387 12.975294, 80.197973 12.9752369)"
1118,,residential,,,,,,,way/206658378,75.77,"LINESTRING (80.2126142 12.9732853, 80.2119183 12.9733426)"
1119,,residential,,,,,,,way/206658379,51.73,"LINESTRING (80.2073446 12.979261, 80.2068961 12.9794196)"
1120,2nd Main Road,residential,,,,,,,way/206658380,245.35,"LINESTRING (80.2103069 12.9787681, 80.2112061 12.9788912, 80.2116257 12.9789436, 80.2125556 12.9789769)"
1121,,residential,,,,,,,way/206658381,47.31,"LINESTRING (80.2170521 12.9785868, 80.2174881 12.9785932)"
1122,,residential,,,,,,,way/206658382,172.29,"LINESTRING (80.2073716 12.9793955, 80.2089558 12.979287)"
1123,3rd Main Road,residential,,,,,,,way/206658383,147.02,"LINESTRING (80.210307 12.97835, 80.2116397 12.9785906)"
1124,,residential,,,,,,,way/206658384,68.13,"LINESTRING (80.2111096 12.9769278, 80.2111245 12.9763121)"
1125,,residential,,,,,,,way/206658385,55.06,"LINESTRING (80.2141345 12.9764112, 80.2136293 12.9763642)"
1126,Mullai Street,residential,,20,,no,,,way/206658386,130.72,"LINESTRING (80.2076771 12.9711564, 80.2083805 12.9710501, 80.2088683 12.9709795)"
1127,,residential,,,,,,,way/206658387,45.72,"LINESTRING (80.2100629 12.9775665, 80.2100771 12.9771535)"
1128,,residential,,,,,,,way/206658388,46.25,"LINESTRING (80.2103069 12.9787681, 80.210307 12.97835)"
1129,,residential,,,,,,,way/206658389,65.79,"LINESTRING (80.2141867 12.9760316, 80.2137668 12.9759882, 80.2135833 12.9759725)"
1130,,residential,,,,,,,way/206658390,50.99,"LINESTRING (80.217557 12.9792803, 80.2175786 12.9790816, 80.2175725 12.9790622, 80.2175494 12.9790406, 80.2173379 12.9790112)"
1131,,residential,,,,,,,way/206658391,192.72,"LINESTRING (80.2144047 12.9805572, 80.2143943 12.9805615, 80.2143825 12.9805618, 80.2135302 12.9805132, 80.2131882 12.980487, 80.2126335 12.9804436)"
1132,,residential,,,,,,,way/206658392,105.27,"LINESTRING (80.2066455 12.9809052, 80.2076095 12.9807972)"
1133,,residential,,,,,,,way/206658393,107.92,"LINESTRING (80.2119891 12.9759427, 80.2125413 12.9759941, 80.2129794 12.9760344)"
1134,,residential,,,,,,,way/206658394,87.54,"LINESTRING (80.2119181 12.9765077, 80.2124851 12.9765599, 80.2125227 12.9765796, 80.2125415 12.9766188, 80.2125362 12.9767664)"
1135,Andal Nagar Extension 1st Street,residential,,,,,,,way/206658395,153.22,"LINESTRING (80.2111385 12.9795738, 80.2125432 12.9797168)"
1136,,residential,,,,,,,way/206658396,176.54,"LINESTRING (80.2126891 12.9806932, 80.2121825 12.9806685, 80.2115587 12.9806824, 80.2110627 12.9806808)"
1137,Ambigapathy Street,residential,,,,,,,way/206658397,138.7,"LINESTRING (80.2075482 12.9701309, 80.2084297 12.9700368, 80.208472 12.9704187)"
1138,,residential,,,,,,,way/206658398,122.42,"LINESTRING (80.2107404 12.9769079, 80.2108681 12.9769097, 80.2111096 12.9769278, 80.2113366 12.9769449, 80.2118634 12.9770087)"
1139,,residential,,,,,,,way/206658399,171.13,"LINESTRING (80.2093168 12.9779739, 80.209302 12.9775255, 80.2093084 12.9771164, 80.2092352 12.9769095, 80.2091671 12.9768286, 80.2090925 12.976783, 80.2089712 12.9767518, 80.2088124 12.9767435)"
1140,,residential,,,,,,,way/206658400,103.09,"LINESTRING (80.212909 12.977473, 80.2129214 12.9774659, 80.2129371 12.9774623, 80.2130122 12.9774708, 80.2130384 12.9774702, 80.2130619 12.9774571, 80.2130793 12.9774408, 80.2130847 12.9774179, 80.2131167 12.977008, 80.2131239 12.9769141, 80.2131218 12.9769085, 80.2131159 12.976905, 80.2131088 12.976904, 80.2129318 12.9768821, 80.2129157 12.9768785, 80.2129042 12.9768736)"
1141,,residential,,,,,,,way/206673796,78.58,"LINESTRING (80.2030188 12.9870393, 80.2023068 12.9871695)"
1142,,residential,,,,,,,way/206673798,58.25,"LINESTRING (80.2064929 12.9832378, 80.2070284 12.9831996)"
1143,Golden Avenue 2nd Street,residential,,,,,,,way/206673799,66.36,"LINESTRING (80.2169641 12.9772296, 80.2163537 12.9771911)"
1144,,residential,,,,,,,way/206673801,131.88,"LINESTRING (80.1901012 12.9874257, 80.1913124 12.9873244)"
1145,,residential,,,,,,,way/206673803,178.59,"LINESTRING (80.2047434 12.9824459, 80.2052949 12.9824138, 80.2063881 12.9823833)"
1146,Sri Devi Karumari Amman Nagar 5th Street,residential,,,asphalt,,,,way/206673808,120.09,"LINESTRING (80.2163033 12.9760836, 80.2155805 12.9760869, 80.2151986 12.9761267)"
1147,,service,,,,,,,way/206673810,106.89,"LINESTRING (80.218081 12.980465, 80.2180926 12.9802647, 80.2180873 12.9802371, 80.2180638 12.9802157, 80.2176232 12.9802026, 80.217598 12.9802075, 80.2175838 12.9802332, 80.2175776 12.9804319, 80.2175871 12.9804502)"
1148,Sri Devi Karumari Amman Nagar 7th Street,residential,,,,,,,way/206673812,140.63,"LINESTRING (80.2170377 12.9765375, 80.2182223 12.9766035, 80.2183318 12.9766096)"
1149,Yamuna Street,residential,,,,,,,way/206673815,78.57,"LINESTRING (80.2169036 12.9778537, 80.21618 12.9778241)"
1150,,residential,,,,,,,way/206673816,81.81,"LINESTRING (80.2083455 12.9858, 80.2090937 12.9858919)"
1151,,residential,,,,,,,way/206673818,36.74,"LINESTRING (80.1992519 12.9844426, 80.1993078 12.9847701)"
1152,,residential,,,,,,,way/206673820,72.63,"LINESTRING (80.2025333 12.9902239, 80.2018755 12.990346)"
1153,,service,,,,,,,way/206673821,53.8,"LINESTRING (80.218081 12.980465, 80.2176051 12.9804586, 80.2175871 12.9804502)"
1154,,residential,,,,,,,way/206673823,171.71,"LINESTRING (80.2014097 12.9835353, 80.2024783 12.9833421, 80.2026093 12.9833098, 80.2025495 12.9829607)"
1155,,residential,,,,,,,way/206673825,68.53,"LINESTRING (80.2153643 12.9767775, 80.2149529 12.9767907, 80.2149388 12.976796, 80.2149311 12.9768089, 80.2149301 12.9768254, 80.2149392 12.9769947)"
1156,,residential,,,,,,,way/206673826,154.2,"LINESTRING (80.1926089 12.9863992, 80.1935272 12.9861415, 80.1939754 12.9860157)"
1157,2nd Street,residential,,,,,,,way/206673827,137.16,"LINESTRING (80.21166 12.9847935, 80.2129242 12.9847857)"
1158,,residential,,,,,,,way/206673829,34.59,"LINESTRING (80.1894174 12.98837, 80.1891 12.988399199967203)"
1159,,residential,,,,,,,way/206673830,67.63,"LINESTRING (80.1987557 12.9838512, 80.1993682 12.9837378)"
1160,,residential,,,,,,,way/206673832,113.27,"LINESTRING (80.1991011 12.9820924, 80.1996902 12.9819428, 80.199742 12.9819056, 80.1997595 12.9818481, 80.199687 12.9815524)"
1161,,residential,,,,,,,way/206673836,90.1,"LINESTRING (80.1992323 12.9828878, 80.2000351 12.9826793)"
1162,,residential,,,,,,,way/206673838,169.78,"LINESTRING (80.2025973 12.9909693, 80.2041557 12.9908286)"
1163,,residential,,,,,,,way/206673840,102.53,"LINESTRING (80.2084734 12.9897552, 80.2093816 12.9894987)"
1164,,residential,,,,,,,way/206673842,80.12,"LINESTRING (80.204134 12.9907302, 80.2048626 12.9906121)"
1165,,residential,,,,,,,way/206673844,123.74,"LINESTRING (80.1998092 12.983458, 80.200948 12.9833967)"
1166,,residential,,,,,,,way/206673845,87.48,"LINESTRING (80.2081346 12.990239, 80.2080085 12.989458)"
1167,,residential,,,,,,,way/206673848,74.14,"LINESTRING (80.1994707 12.9844004, 80.1994283 12.9841265, 80.1993682 12.9837378)"
1168,,residential,,,,,,,way/206673850,67.42,"LINESTRING (80.2143194 12.9769513, 80.2149392 12.9769947)"
1169,,residential,,,,,,,way/206673851,96.19,"LINESTRING (80.214315 12.9770889, 80.2139301 12.9770665, 80.21343 12.9770374)"
1170,Narmadha Street,residential,,,,,,,way/206673853,115.03,"LINESTRING (80.2169049 12.977546, 80.2161665 12.977495, 80.216139 12.9774708, 80.2161203 12.9774395, 80.2161219 12.9771982)"
1171,,residential,,,,,,,way/206673855,161.33,"LINESTRING (80.1972031 12.9855374, 80.1977545 12.9855719, 80.1978014 12.9855875, 80.1978444 12.9856633, 80.1979175 12.9864411)"
1172,,residential,,,,,,,way/206673857,79.23,"LINESTRING (80.2041187 12.9902461, 80.2045016 12.9902423, 80.2045472 12.9902345, 80.2045834 12.9901731, 80.2045847 12.9901091, 80.204526 12.9899595)"
1173,,residential,,,,,,,way/206673858,107.15,"LINESTRING (80.1999462 12.9848168, 80.2009188 12.9846482)"
1174,,residential,,,,,,,way/206673860,74.72,"LINESTRING (80.1894319 12.9887151, 80.1894174 12.98837, 80.1894047 12.9880402)"
1175,,residential,,,,,,,way/206673863,103.08,"LINESTRING (80.199674 12.9853702, 80.1996113 12.9850563, 80.1995824 12.9850152, 80.1995308 12.9850086, 80.1990184 12.9851011)"
1176,Bharathidasan Street,residential,,,,,,,way/206673864,83.04,"LINESTRING (80.2009115 12.9829727, 80.2009109 12.9829128, 80.2008031 12.982588, 80.2007359 12.9822451)"
1177,Sri Devi Karumari Amman Nagar 8th Street,residential,,,,,,,way/206673866,127.05,"LINESTRING (80.2170782 12.9761651, 80.2182454 12.9762582)"
1178,,residential,,,,,,,way/206673868,139.03,"LINESTRING (80.1992286 12.9810786, 80.200497 12.9808999)"
1179,,residential,,,,,,,way/206673870,115.27,"LINESTRING (80.2165558 12.9841594, 80.2160322 12.9841101, 80.2154985 12.9840564)"
1180,,residential,,,,,,,way/206673873,70.7,"LINESTRING (80.1899074 12.9886531, 80.1898512 12.9883864, 80.1898457 12.9883283, 80.1898169 12.9880212)"
1181,,residential,,,,,,,way/206673875,143.36,"LINESTRING (80.1966147 12.9832941, 80.1975413 12.9830112, 80.1975738 12.9829818, 80.1975835 12.9829357, 80.1975898 12.9828219, 80.1977279 12.9827875)"
1182,,residential,,,,,,,way/206673878,90.43,"MULTILINESTRING ((80.1895554 12.988704, 80.1894319 12.9887151, 80.1891 12.988753014659594), (80.1891 12.989148232268171, 80.1891991 12.989136, 80.1893086 12.9891223, 80.1893259 12.9892833))"
1183,,residential,,,,,,,way/206673881,402.51,"LINESTRING (80.2053913 12.9873359, 80.2064933 12.9871611, 80.206944 12.9871408, 80.207122 12.9871328, 80.2075498 12.9871488, 80.2081063 12.9871776, 80.2085806 12.9871943, 80.2085807 12.9866996)"
1184,,residential,,,,,,,way/206673883,243.1,"LINESTRING (80.2191203 12.9781166, 80.2185709 12.9780996, 80.2185614 12.9780955, 80.2185563 12.978088, 80.2185565 12.9780789, 80.2185856 12.9771813, 80.2186165 12.9768831, 80.2186252 12.9768687, 80.2186423 12.9768638, 80.2190472 12.9768919)"
1185,,residential,,,,,,,way/206673890,89.88,"LINESTRING (80.2104068 12.9843444, 80.2099824 12.9843271, 80.2097574 12.984318, 80.2095791 12.9843107)"
1186,Golden Avenue 1st Street,residential,,,,,,,way/206673891,61.92,"LINESTRING (80.2169886 12.9770634, 80.2164195 12.9770213)"
1187,Sri Devi Karumari Amman Nagar 6th Street,residential,,,,,,,way/206673893,84.71,"LINESTRING (80.2162909 12.9761855, 80.2170706 12.976225)"
1188,,residential,,,,,,,way/206673896,90.2,"LINESTRING (80.2069656 12.9902326, 80.207755 12.9899768)"
1189,6th Street,residential,,,,,,,way/206673897,120.59,"LINESTRING (80.2037857 12.9860507, 80.2032199 12.9860147, 80.2031751 12.9856836, 80.2031449 12.9854858)"
1190,,residential,,,,,,,way/206673898,115.14,"LINESTRING (80.19684 12.9836904, 80.197173 12.9835565, 80.1973544 12.9835047, 80.1975019 12.9834882, 80.197618 12.9834882, 80.1976978 12.9834952, 80.1977849 12.9835212, 80.1978403 12.9835733)"
1191,IIT Velachery Gate,service,,,,no,,,way/206793338,17.33,"LINESTRING (80.2231321 12.9879031, 80.2231554 12.9879166, 80.2232194 12.9879504, 80.2232738 12.9879751)"
1192,,residential,,,,,,,way/206793340,10.53,"LINESTRING (80.2231321 12.9879031, 80.223102 12.9878774, 80.2230558 12.9878444)"
1193,,residential,,,,,,,way/206806155,38.66,"LINESTRING (80.2280489 12.9688828, 80.228079 12.9688968, 80.2282003 12.968916, 80.2284 12.968902697649)"
1194,,residential,,,,,,,way/206806157,66.26,"LINESTRING (80.2284 12.967949599550758, 80.2277893 12.9679453)"
1195,,residential,,,,,,,way/206806158,65.62,"LINESTRING (80.2284 12.967454364980396, 80.2277952 12.9674539)"
1196,,residential,,,,,,,way/206806159,14.7,"LINESTRING (80.2284 12.965992144444446, 80.2282654 12.9660071)"
1197,,residential,,,,,,,way/206806161,186.1,"LINESTRING (80.2284 12.96842611368312, 80.2276498 12.9684315, 80.2272475 12.9683845, 80.226711 12.9682276)"
1198,,residential,,,,,,,way/206806162,80.92,"LINESTRING (80.2284 12.967732691610692, 80.2276542 12.9677285)"
1199,Tansi Nagar 8th Street,residential,,,,,,,way/206807730,84.43,"LINESTRING (80.2249966 12.9774734, 80.2242216 12.9774046)"
1200,Anna Nagar 2nd cross,residential,,,,,,,way/206807731,86.64,"LINESTRING (80.2269619 12.9743122, 80.2270689 12.9735361)"
1201,Tansi Nagar 4th Street,residential,,,,,,,way/206807733,108.09,"LINESTRING (80.2235055 12.9781336, 80.2238867 12.9781434, 80.2245012 12.9781672)"
1202,4th Main Road,residential,,,,,,,way/206807734,230.1,"LINESTRING (80.2255222 12.9719875, 80.2259094 12.9720509, 80.2263328 12.9721202, 80.2267088 12.9721818, 80.2271082 12.9722687, 80.2273973 12.9723134, 80.2276129 12.9723255)"
1203,,service,,,,,,,way/206807738,99.48,"LINESTRING (80.2271946 12.9758421, 80.2271649 12.9758272, 80.227102 12.9758077, 80.2263147 12.9755916)"
1204,,residential,,,,,,,way/206807739,109.04,"LINESTRING (80.2249692 12.9762857, 80.2250128 12.9762823, 80.225394 12.9762482, 80.2254051 12.9762453, 80.225413 12.9762375, 80.2254876 12.9759284, 80.2254849 12.9759197, 80.2254782 12.975914, 80.2252728 12.9758558)"
1205,Muthu Krishnan Street,residential,,,,,,,way/206807740,186.5,"LINESTRING (80.2244578 12.9704653, 80.2247951 12.9705134, 80.2255985 12.970615, 80.2256253 12.9706209, 80.2256478 12.9706375, 80.2256609 12.9706568, 80.2256656 12.9706777, 80.2256063 12.9711146, 80.225604 12.9711316)"
1206,Sarathy Nagar 5th street,residential,,,,,,,way/206807741,92.21,"LINESTRING (80.2234069 12.9747411, 80.2234052 12.9743876, 80.2233931 12.9741129, 80.2233857 12.9740201, 80.2234033 12.973994, 80.2234393 12.9739822, 80.2234836 12.9739831)"
1207,,residential,,,,,,,way/206807742,33.9,"LINESTRING (80.2280917 12.9737523, 80.2284 12.973801985525474)"
1208,Gandhi Road,tertiary,,,,,,,way/206809952,421.99,"LINESTRING (80.2284 12.985837754970218, 80.2281449 12.9858832, 80.2278403 12.9859739, 80.227751 12.9860005, 80.227654 12.9860201, 80.2275176 12.9860541, 80.2271697 12.9861121, 80.2271126 12.9861207, 80.2264917 12.9862028, 80.2262934 12.986229, 80.226248 12.9862346, 80.2255485 12.9863209, 80.2255364 12.9863236, 80.2254226 12.9863491, 80.2254156 12.9863507, 80.2253975 12.9863547, 80.225368 12.9863616, 80.2251114 12.9864214, 80.2250021 12.9864468, 80.2248583 12.9864803, 80.2245841 12.9865442)"
1209,Dhandeeshwaram Nagar 5th Main Road Avenue,residential,,,asphalt,,,,way/206809953,55.24,"LINESTRING (80.2242615 12.9838423, 80.2237527 12.9838236)"
1210,Dhandeeshwaram Nagar 5th Main Road Avenue,residential,,,asphalt,,,,way/206809954,41.27,"LINESTRING (80.2237527 12.9838236, 80.2237488 12.9838405, 80.2237485 12.9838596, 80.2237598 12.984196)"
1211,Seethapathy Nagar 3rd Cross Street,residential,,,,,,,way/206809955,78.09,"LINESTRING (80.2273698 12.9807423, 80.228085 12.9806625)"
1212,,service,,,,,,,way/206809956,143.83,"LINESTRING (80.2271126 12.9861207, 80.2271065 12.9860527, 80.2271004 12.9859847, 80.2270721 12.9856948, 80.2270569 12.9854801, 80.2270397 12.9848232)"
1213,,residential,,,asphalt,,,,way/206809957,63.33,"LINESTRING (80.2232491 12.9850804, 80.2235464 12.9850245, 80.2235659 12.9850187, 80.2235762 12.985013, 80.2235864 12.9850025, 80.2235938 12.9849885, 80.2235943 12.9848658, 80.2236062 12.9848381, 80.2236311 12.984813, 80.223656 12.9848043)"
1214,,residential,,,,,,,way/206849366,142.58,"LINESTRING (80.2080018 12.992201, 80.2082284 12.9921539, 80.2085752 12.9920818, 80.2089746 12.9919966, 80.2092867 12.99193)"
1215,,residential,,,,,,,way/206849374,8.33,"LINESTRING (80.20658706032293 12.9924, 80.2065686 12.9923269)"
1216,,residential,,,,,,,way/206849377,34.64,"LINESTRING (80.2003967922078 12.9924, 80.2003765 12.9920875)"
1217,Velachery MRTS Bridge,primary,,40,,yes,,,way/208359677,17.97,"LINESTRING (80.2187432 12.9705968, 80.2187689 12.9707573)"
1218,,primary,,40,asphalt,yes,,,way/209549878,260.44,"LINESTRING (80.2186821 12.969783, 80.2186666 12.9697227, 80.218542 12.9693871, 80.2181005 12.9683474, 80.2180871 12.9683147, 80.2179925 12.9680849, 80.2179804 12.9680554, 80.2179496 12.9679942, 80.2179199 12.9679492, 80.2178823 12.9679176, 80.2178417 12.9679166, 80.217773 12.9679377, 80.2175688 12.9680097)"
1219,Velachery MRTS Bridge,primary,,40,asphalt,yes,,,way/209549881,13.98,"LINESTRING (80.2188898 12.9705875, 80.2188214 12.9704804)"
1220,Major Mukund Varadharajan Salai,primary,,40,asphalt,yes,,,way/209549882,443.83,"LINESTRING (80.2192164 12.971874, 80.2193013 12.9721056, 80.2193384 12.9722123, 80.2193657 12.9722934, 80.219444 12.9725328, 80.2195567 12.9728334, 80.2196208 12.9730441, 80.2196895 12.9732392, 80.2197715 12.9734225, 80.2198489 12.9736112, 80.2199475 12.9738151, 80.2203135 12.9746827, 80.2203873 12.9748524, 80.2204485 12.9749841, 80.2204894 12.97508, 80.2205268 12.9751575, 80.2205615 12.9752275, 80.2206741 12.9754256, 80.2207189 12.9754853, 80.2207817 12.9755689)"
1221,Inner Ring Road (Southern Sector),primary,,,,yes,,,way/209549883,19.67,"LINESTRING (80.2100692 12.9737394, 80.2099693 12.973591)"
1222,,residential,,,,,,,way/213364174,82.62,"LINESTRING (80.2125753 12.9754002, 80.2118168 12.9753342)"
1223,,residential,,,,,,,way/213364176,96.31,"LINESTRING (80.2004494 12.9685954, 80.2013368 12.968576)"
1224,,residential,,,,,,,way/213364177,97.06,"LINESTRING (80.2004378 12.9681806, 80.2013319 12.9681518)"
1225,,residential,,,,,,,way/213364178,165.94,"LINESTRING (80.2006919 12.9746271, 80.2006345 12.9751908, 80.2006304 12.975602, 80.2006251 12.9761242)"
1226,,residential,,,,,,,way/213364180,168.01,"LINESTRING (80.2022056 12.9775928, 80.2037274 12.9773119)"
1227,,service,,,,,,,way/213364181,41.49,"LINESTRING (80.2166402 12.9766246, 80.2170217 12.9766504)"
1228,,residential,,,,,,,way/213364182,110.16,"LINESTRING (80.1989993 12.9683158, 80.2000118 12.9682418)"
1229,,residential,,,,,,,way/213364183,43.57,"LINESTRING (80.2000499 12.968635, 80.2004494 12.9685954)"
1230,,residential,,,,,,,way/213364185,66.03,"LINESTRING (80.199979 12.9822832, 80.2000351 12.9826793, 80.2000656 12.982874)"
1231,,residential,,,,,,,way/213364186,59.03,"LINESTRING (80.1983133 12.9664835, 80.1977784 12.9665812)"
1232,,residential,,,,,,,way/213364188,97.49,"LINESTRING (80.1979127 12.9811597, 80.197806 12.9802847)"
1233,,residential,,,,,,,way/213364189,111.69,"LINESTRING (80.1990237 12.9687149, 80.2000499 12.968635)"
1234,,residential,,,,,,,way/213364190,114.52,"LINESTRING (80.2004096 12.9677852, 80.201464 12.9677371)"
1235,,residential,,,,,,,way/213364191,79.39,"LINESTRING (80.2004118 12.9633291, 80.2000325 12.9633745, 80.199683 12.9633833)"
1236,,residential,,,,,,,way/213364192,136.82,"LINESTRING (80.1995879 12.9662344, 80.2002484 12.9661428, 80.200833 12.9660401)"
1237,Mani Megalai Street,residential,,,,,,,way/213364193,258.18,"LINESTRING (80.1985614 12.9681737, 80.1976928 12.9682824, 80.1973725 12.9683428, 80.1962108 12.9685328)"
1238,,residential,,,,,,,way/213364194,139.5,"LINESTRING (80.2135533 12.9630015, 80.2140545 12.9628798, 80.2148093 12.9627338)"
1239,,residential,,,,,,,way/213364195,101.82,"LINESTRING (80.1975969 12.9678437, 80.1985241 12.9677016)"
1240,,residential,,,,,,,way/213364196,151.03,"LINESTRING (80.213302 12.9623937, 80.2143976 12.9621141, 80.2144653 12.9623602)"
1241,,residential,,,,,,,way/213364197,50.09,"LINESTRING (80.2207152 12.9805641, 80.2202535 12.9805603)"
1242,,residential,,,,,,,way/213364199,119.82,"LINESTRING (80.197429 12.9661392, 80.1974781 12.9664506, 80.1974952 12.9665588, 80.197546 12.9668071, 80.1976313 12.9672036)"
1243,,residential,,,,,,,way/213364200,88.44,"LINESTRING (80.2021115 12.975, 80.2024322 12.9749746, 80.202408 12.9744913)"
1244,,service,,,,,,,way/213364201,78.33,"LINESTRING (80.2203622 12.9801332, 80.2209912 12.9801668, 80.2210826 12.9801776)"
1245,,residential,,,,,,,way/213364202,112.36,"LINESTRING (80.2152848 12.9698342, 80.2159034 12.9697534, 80.2160021 12.9701452)"
1246,,service,,,,,,,way/213364204,145.26,"LINESTRING (80.221109 12.9795872, 80.2209725 12.9795826, 80.2202238 12.979573, 80.2201775 12.9795745, 80.2201483 12.9795692, 80.2201395 12.9795615, 80.2201358 12.9795496, 80.2201377 12.9792034)"
1247,,residential,,,,,,,way/213364205,202.2,"LINESTRING (80.2004613 12.9690193, 80.1990966 12.969086, 80.1990237 12.9687149, 80.1990079 12.9686063)"
1248,,residential,,,,,,,way/213364206,117.42,"LINESTRING (80.2132621 12.9726705, 80.2132767 12.9733807, 80.2136341 12.9733623)"
1249,,residential,,,,,,,way/213364207,188.12,"LINESTRING (80.2012926 12.9653985, 80.2013592 12.9658213, 80.2014298 12.9662689, 80.2009015 12.9663595, 80.2009187 12.9666527)"
1250,,residential,,,,,,,way/213364208,65.14,"LINESTRING (80.1994711 12.9767991, 80.1997181 12.9768061, 80.1999672 12.9768078, 80.2000714 12.9768071)"
1251,,residential,,,,,,,way/213364209,25.92,"LINESTRING (80.218129 12.9783595, 80.2181151 12.9785934)"
1252,,residential,,,,,,,way/213364210,350.17,"LINESTRING (80.2003232 12.9667089, 80.2003799 12.9673369, 80.2004096 12.9677852, 80.2004378 12.9681806, 80.2004494 12.9685954, 80.2004613 12.9690193, 80.201327 12.9689764)"
1253,,residential,,,,,,,way/213364679,415.25,"LINESTRING (80.2212145 12.9732757, 80.2212321 12.9728601, 80.2212465 12.9728337, 80.221277 12.9728297, 80.2227462 12.9727552, 80.2227771 12.9727604, 80.2227863 12.9727823, 80.2228069 12.9732149, 80.2228208 12.9734807, 80.2228345 12.9737859, 80.222832 12.9738041, 80.2228145 12.9738113, 80.2224317 12.9738483, 80.2224106 12.9738337, 80.2224055 12.9738116, 80.2223823 12.9734991)"
1254,,residential,,,,,,,way/232405493,49.95,"LINESTRING (80.2089489 12.9763205, 80.2089512 12.975869)"
1255,,residential,,,,,,,way/232405495,64.49,"LINESTRING (80.2226675 12.9800806, 80.2226816 12.9795383, 80.2226818 12.9795173, 80.222685 12.9794981)"
1256,,service,,,,,,,way/232405498,148.59,"LINESTRING (80.2211625 12.978553, 80.2210843 12.9785537, 80.2209301 12.978555, 80.2208977 12.9785664, 80.2198209 12.9785536, 80.2197997 12.9785391)"
1257,,residential,,,,,,,way/232405499,29.49,"LINESTRING (80.2100803 12.9768397, 80.2103521 12.9768351)"
1258,,service,,,paving_stones,,,,way/232405500,122.95,"LINESTRING (80.2218727 12.9746211, 80.2207545 12.9748014)"
1259,Kalki Nagar 2nd Cross Street,residential,,,,,,,way/232405502,77.77,"LINESTRING (80.2099691 12.9755678, 80.2098896 12.9755719, 80.2098666 12.9755715, 80.2098616 12.9755324, 80.2098463 12.9754952, 80.2098155 12.9754646, 80.2093263 12.9754562)"
1260,Kaveri Street,residential,,,,,,,way/232405626,82.97,"LINESTRING (80.2169205 12.9774482, 80.2176837 12.9774958)"
1261,,residential,,,,,,,way/232405627,166.77,"LINESTRING (80.2195492 12.9816668, 80.2195217 12.9810338, 80.2195172 12.9808638, 80.2195144 12.9806071, 80.2195037 12.9805721, 80.2190936 12.9804894)"
1262,1st Street,residential,,,,,,,way/232405628,68.06,"LINESTRING (80.2153798 12.9860023, 80.2152948 12.986007, 80.2152613 12.9860047, 80.2152407 12.985992, 80.2152284 12.9859652, 80.2152238 12.9859355, 80.2152286 12.98552)"
1263,தேரடி தெரு,living_street,,,concrete,no,,,way/232405721,59.86,"LINESTRING (80.2242978 12.9855465, 80.2237734 12.9857148)"
1264,,service,,,paving_stones,yes,,,way/232406071,142.56,"LINESTRING (80.2163558 12.9903138, 80.2163837 12.9902773, 80.2164314 12.9902291, 80.2165309 12.9901913, 80.2169144 12.9901232, 80.2170747 12.990091, 80.217198 12.9900713, 80.2175253 12.9899935, 80.2175397 12.9899892, 80.217598 12.989968)"
1265,,residential,,,,,,,way/244163353,25.5,"LINESTRING (80.1944076 12.9660071, 80.1943742 12.9657789)"
1266,Park Square Colony 1st Street,residential,,,asphalt,,,,way/244163354,102.84,"LINESTRING (80.1930844 12.9660411, 80.1930203 12.9657483, 80.1929955 12.9656754, 80.1928892 12.9652344, 80.1928836 12.9651966, 80.192895 12.9651357)"
1267,Venkatesa Perumal 1st Street,residential,,,asphalt,,,,way/244377263,184.94,"LINESTRING (80.1901013 12.9662454, 80.1905557 12.9661567, 80.1917703 12.9659062)"
1268,Venkatesa Perumal 2nd Street,residential,,,asphalt,,,,way/244377264,277.53,"MULTILINESTRING ((80.1917964 12.9660295, 80.1930203 12.9657483, 80.1933632 12.9656538), (80.1933632 12.9656538, 80.1934201 12.965767, 80.1934502 12.9657755, 80.1936501 12.9657311, 80.1936641 12.9657122, 80.1936682 12.9656945, 80.1935951 12.9655031, 80.193583 12.9654926, 80.1935649 12.9654795, 80.1935247 12.9654828, 80.1934368 12.9655246, 80.1934194 12.9655403, 80.1933632 12.9656538))"
1269,Mahalingam Street,residential,,,asphalt,,,,way/244377265,136.45,"LINESTRING (80.1916717 12.9653567, 80.1917703 12.9659062, 80.1917964 12.9660295, 80.1918974 12.96657)"
1270,Inner Ring Road (Southern Sector),primary,,40,asphalt,yes,,,way/244466147,647.17,"LINESTRING (80.2041456 12.9780086, 80.2033927 12.9784366, 80.2022871 12.9789315, 80.2007876 12.979554, 80.2004305 12.9797022, 80.1995277 12.9801162, 80.1989366 12.9804085, 80.1988672 12.9804563, 80.198769 12.9805239)"
1271,Major Mukund Varadharajan Salai,primary,,40,asphalt,yes,,,way/244466151,164.52,"LINESTRING (80.2160258 12.9634844, 80.2159813 12.9634008, 80.21547375598178 12.9621)"
1272,,residential,,20,,no,,,way/261336487,12.99,"LINESTRING (80.2122186 12.9715176, 80.2122459 12.9715434, 80.2123049 12.971599)"
1273,Macmillon Colony 1st Street,residential,,,,,,,way/284053284,37.65,"LINESTRING (80.1901172 12.9803543, 80.1897724 12.9803929)"
1274,Macmillon Colony 2nd Street,residential,,,,,,,way/284053672,31.4,"LINESTRING (80.1897643 12.9798859, 80.1900515 12.9798511)"
1275,Macmillon Colony 3rd Street,residential,,,,,,,way/284054012,43.76,"LINESTRING (80.1904376 12.9797108, 80.1900363 12.9797502)"
1276,23rd Street,residential,,,,,,,way/284055860,250.63,"LINESTRING (80.190153 12.9806923, 80.1902238 12.9814482, 80.1902479 12.9819, 80.1902554 12.9820512, 80.1902679 12.9823418, 80.1902943 12.982953)"
1277,Brindhavan Nagar Road,residential,,,,,yes,,way/288268183,12.76,"LINESTRING (80.2135 12.9702355, 80.2135185 12.9702922, 80.2135509 12.9703381)"
1278,,service,,,,,,,way/296215459,79.18,"LINESTRING (80.2094207 12.9837604, 80.2090616 12.9837461, 80.2086915 12.9837314)"
1279,,residential,,,,,,,way/296215460,94.92,"LINESTRING (80.1984707 12.9873805, 80.1983952 12.9874029, 80.197622 12.9875884)"
1280,,service,,,,,,,way/296215462,159.43,"LINESTRING (80.2086915 12.9837314, 80.2086981 12.9834754, 80.2087024 12.9833645, 80.2087127 12.9830165, 80.2090782 12.9830159, 80.2091034 12.9830159, 80.2094527 12.9830039)"
1281,,residential,,,,,,,way/299498139,144.77,"LINESTRING (80.212257 12.9815478, 80.2122174 12.9819179, 80.2121849 12.9823292, 80.212124 12.9828497)"
1282,,residential,,,,,,,way/299498142,171.62,"LINESTRING (80.2136162 12.9829219, 80.2136064 12.9829425, 80.2136037 12.9829648, 80.2135758 12.9832734, 80.2135611 12.9836701, 80.2135476 12.9839492, 80.2135344 12.9844038, 80.2135272 12.9844382, 80.2135109 12.9844636)"
1283,3rd Main Road,residential,,,,,,,way/300065046,464.23,"LINESTRING (80.1951311 12.9863472, 80.1955938 12.9861729, 80.1953904 12.9856646, 80.195179 12.9851017, 80.1951009 12.9848938, 80.1950199 12.9844952, 80.1949836 12.9843406, 80.1948428 12.9837689, 80.1947674 12.9835231, 80.194706 12.9833853, 80.1945272 12.982984, 80.1943865 12.9826684)"
1284,,residential,,,,,,,way/301580451,154.12,"LINESTRING (80.1970052 12.9839909, 80.1965929 12.9842411, 80.1967932 12.9845324, 80.196922 12.9850844)"
1285,2nd Main Road,residential,,,,,,,way/312877994,56.09,"LINESTRING (80.1940149 12.9861847, 80.1941475 12.9866747)"
1286,,residential,,,,,,,way/312877996,53.36,"LINESTRING (80.1952416 12.9833951, 80.1947674 12.9835231)"
1287,,residential,,,,,,,way/312877997,33.92,"LINESTRING (80.1952622 12.986813, 80.1955629 12.986729)"
1288,,residential,,,,,,,way/312877998,110.67,"LINESTRING (80.1953325 12.9836978, 80.1953981 12.9836748, 80.1954636 12.9836518, 80.1955292 12.9836288, 80.1955947 12.9836058, 80.1956148 12.983609, 80.1956282 12.9836188, 80.1956416 12.9836339, 80.1956697 12.9837268, 80.1956978 12.9838196, 80.1957198 12.9838924, 80.1957418 12.9839652, 80.1957682 12.9840523, 80.195789 12.9841211, 80.1958126 12.9841991, 80.1958362 12.9842771)"
1289,,residential,,,,,,,way/312877999,85.48,"LINESTRING (80.1955938 12.9861729, 80.1956768 12.9864092, 80.1956777 12.9864333, 80.195668 12.9864463, 80.1956432 12.9864609, 80.1952011 12.9865961)"
1290,4th Main Road,residential,,,,,,,way/312878000,130.78,"LINESTRING (80.1958624 12.9854923, 80.1958243 12.9853595, 80.1957861 12.9852267, 80.1957599 12.9851188, 80.1957338 12.985011, 80.1956815 12.9847953, 80.1956438 12.9846857, 80.195606 12.984576, 80.1955306 12.9843568)"
1291,,residential,,,,,,,way/312878001,124.71,"LINESTRING (80.1954561 12.9874283, 80.1954333 12.9873565, 80.1954129 12.9872862, 80.1952782 12.9868698, 80.1952622 12.986813, 80.1952011 12.9865961, 80.1951311 12.9863472)"
1292,,residential,,,,,,,way/312878633,20.62,"LINESTRING (80.1935682 12.9922953, 80.19372540406121 12.9924)"
1293,,residential,,,,,,,way/312878634,103.81,"LINESTRING (80.19510158709677 12.9924, 80.1946613 12.9923508, 80.1941678 12.9922107)"
1294,,residential,,,,,,,way/312878635,26.56,"LINESTRING (80.19532731846965 12.9924, 80.1953294 12.9921599)"
1295,,residential,,,,,,,way/312878636,137.11,"LINESTRING (80.1944124 12.991445, 80.1943622 12.9915032, 80.1937088 12.9919355, 80.1936515 12.9920193, 80.1936104 12.992107, 80.1935682 12.9922953)"
1296,Balaji Nagar Main Road,residential,,,,,,,way/312879458,335.12,"LINESTRING (80.203874 12.9766987, 80.203775 12.9762664, 80.2037563 12.9761659, 80.2036816 12.9758015, 80.2036162 12.9755056, 80.2035931 12.9753552, 80.2035368 12.9750529, 80.2035232 12.9749796, 80.2033296 12.9743758, 80.2033285 12.9743254, 80.2033243 12.9741433, 80.2032006 12.9737516)"
1297,Balaji Nagar 18th Street,residential,,,,,,,way/312879459,150.71,"LINESTRING (80.203874 12.9766987, 80.2043786 12.976802, 80.2052351 12.9769709)"
1298,,residential,,,,,,,way/317575442,58.32,"LINESTRING (80.2078917 12.9834999, 80.2079165 12.9840265)"
1299,,residential,,,,,,,way/317575443,177.99,"LINESTRING (80.2086777 12.9829656, 80.2091017 12.9829468, 80.2094654 12.982918, 80.2098097 12.9829157, 80.2103166 12.9829123)"
1300,AGS Colony 4th Main Road,residential,,,,,,,way/318725675,388.47,"LINESTRING (80.2102878 12.9779493, 80.2104306 12.9779519, 80.2116564 12.9781717, 80.2120279 12.9782279, 80.2121558 12.9782455, 80.2128289 12.9783732, 80.213082 12.9784197, 80.2136164 12.9785513, 80.2138023 12.9786004)"
1301,,residential,,,,,,,way/318725676,329.92,"LINESTRING (80.2168862 12.9782504, 80.2169036 12.9778537, 80.2168982 12.9777794, 80.2169049 12.977546, 80.2169205 12.9774482, 80.2169641 12.9772296, 80.2169886 12.9770634, 80.2170141 12.9768606, 80.2170217 12.9766504, 80.2170377 12.9765375, 80.2170706 12.976225, 80.2170782 12.9761651, 80.2171068 12.9757663, 80.2171592 12.9752845)"
1302,,service,,,asphalt,,,,way/318725677,57.84,"LINESTRING (80.2175906 12.9782706, 80.2170575 12.9782646)"
1303,,residential,,,,,,,way/318725678,53.3,"LINESTRING (80.2146553 12.9814196, 80.2146377 12.981394, 80.2146269 12.9813417, 80.2145667 12.9809486)"
1304,,residential,,,,,,,way/318725679,151.5,"LINESTRING (80.2176336 12.9788105, 80.2176337 12.9790446, 80.2176371 12.9790577, 80.2176505 12.9790708, 80.2176682 12.9790756, 80.2177883 12.9790865, 80.2178806 12.9790797, 80.2180284 12.9790871, 80.2181045 12.9790874, 80.2182651 12.9790945, 80.2182706 12.9787504, 80.218113 12.9787453)"
1305,,residential,,,asphalt,,,,way/318725681,126.82,"LINESTRING (80.2170281 12.9792419, 80.2170521 12.9785868, 80.2170575 12.9782646, 80.2168862 12.9782504)"
1306,,residential,,,,,,,way/318725682,136.48,"LINESTRING (80.2142331 12.9783595, 80.2142471 12.9783663, 80.2142612 12.9783693, 80.2150757 12.9784772, 80.2154725 12.9785614)"
1307,,residential,,,,,,,way/318725683,86.12,"LINESTRING (80.2177081 12.9794415, 80.2177115 12.9793664, 80.2176893 12.9793292, 80.2176538 12.9793063, 80.217557 12.9792803, 80.2170281 12.9792419)"
1308,,service,,,,,,,way/318725684,145.67,"MULTILINESTRING ((80.2187597 12.978716, 80.2187602 12.9785652, 80.2187536 12.9785453, 80.2187411 12.9785312, 80.2186942 12.9785056, 80.2186833 12.9784911, 80.2186606 12.9783635, 80.218648 12.9783435, 80.2186257 12.9783359, 80.2185164 12.9783324, 80.2185031 12.9783422, 80.2184869 12.9783589, 80.2184788 12.9784026, 80.2184772 12.9784491, 80.2184594 12.9786504, 80.2184677 12.978682, 80.2184975 12.9787058, 80.2185922 12.9787113, 80.2187597 12.978716), (80.2187597 12.978716, 80.2188666 12.9787559))"
1309,,residential,,,,,,,way/318725685,168.61,"LINESTRING (80.2168888 12.9799268, 80.2168983 12.9799654, 80.2169355 12.9799771, 80.2172583 12.9799808, 80.2175542 12.9799911, 80.2176887 12.9799921, 80.2180855 12.9800098, 80.2184067 12.9800506)"
1310,Vembuli Amman Koil Street,residential,,,,,,,way/320523700,67.6,"LINESTRING (80.19580542259583 12.9621, 80.1957917 12.9623206, 80.1957837 12.9624492, 80.1957679 12.9626824, 80.1957613 12.9627091)"
1311,,residential,,,,,,,way/321715856,44.71,"LINESTRING (80.2094212 12.9802983, 80.2094317 12.9807023)"
1312,,residential,,,,,,,way/321715857,140.57,"LINESTRING (80.2068522 12.9766077, 80.2071643 12.976515, 80.2074918 12.9764586, 80.2078147 12.9764127, 80.2081252 12.9764001)"
1313,,residential,,,,,,,way/321715858,63.3,"LINESTRING (80.2101795 12.9807015, 80.2101726 12.980425, 80.2101683 12.9802527, 80.2101653 12.9801295)"
1314,,residential,,,,,,,way/321715860,212.39,"LINESTRING (80.2081252 12.9764001, 80.2085815 12.976356, 80.2089489 12.9763205, 80.2092736 12.9763196, 80.20949 12.9763184, 80.2100788 12.9763123)"
1315,Velachery MRTS,tertiary,,,,,,yes,way/331901996,35.21,"LINESTRING (80.2214908 12.9675346, 80.2215434 12.9672205)"
1316,Andalam avenue,residential,,,,,,,way/334830928,182.33,"LINESTRING (80.2265731 12.9866564, 80.2266255 12.987041, 80.2266278 12.9870603, 80.226629 12.987067, 80.2266333 12.9870722, 80.2266406 12.987074, 80.2266504 12.9870727, 80.2266741 12.9870695, 80.2274307 12.9869669, 80.2274367 12.9869651, 80.2274405 12.9869601, 80.2274442 12.9869528, 80.2274445 12.9869453, 80.2273695 12.9865424)"
1317,SevaNagar 4th Street,residential,,,,,,,way/334830929,17.54,"LINESTRING (80.2282384 12.986924, 80.2284 12.986920014035087)"
1318,Andalam avenue,residential,,,,,,,way/334830930,50.15,"LINESTRING (80.2271697 12.9861121, 80.2272503 12.9865585)"
1319,RajaLaxmi Nagar 6th Cross Street,residential,,,asphalt,,,,way/334830991,55.57,"LINESTRING (80.21945 12.9861174, 80.2194201 12.985846, 80.2194255 12.9856167)"
1320,JagannathaPuram 1st Cross Street,residential,,,,,,,way/335531988,78.44,"LINESTRING (80.22094 12.9856707, 80.2209088 12.9849623)"
1321,Sony Nagar 3rd Street,residential,,,,,,,way/335532248,59.47,"LINESTRING (80.2276903 12.9869278, 80.2282384 12.986924)"
1322,Nattar Street,residential,,,,,,,way/336060552,108.25,"LINESTRING (80.2221196 12.9841279, 80.2219798 12.9836808, 80.2218389 12.983189)"
1323,,service,,,,,,,way/342279642,10.28,"LINESTRING (80.2283084 12.9806188, 80.2284 12.980594966912129)"
1324,3rd Main Road,residential,,,,,,,way/342280326,85.94,"LINESTRING (80.2239403 12.9867401, 80.2235811 12.9860477)"
1325,Vidhya Nagar Main Road,residential,,20,,,,,way/354099036,42.97,"LINESTRING (80.2012346 12.9787196, 80.2012774 12.9791057)"
1326,Valmiki Street,residential,,,,,,,way/364723063,122.94,"LINESTRING (80.2017703 12.9823249, 80.2015602 12.9812329)"
1327,Kambar street,residential,,,,,,,way/364724141,75.18,"LINESTRING (80.2012653 12.9824084, 80.2017703 12.9823249, 80.2019133 12.9823018, 80.2019483 12.9822938)"
1328,,service,,,,,,,way/383046057,174.58,"LINESTRING (80.2211068 12.9796274, 80.2212453 12.9796317, 80.2218868 12.9796571, 80.2218957 12.9796643, 80.2219003 12.9796734, 80.2218988 12.9798852, 80.2219042 12.9798974, 80.2219162 12.9799021, 80.2223556 12.979929, 80.2223615 12.9798076)"
1329,Vel Nagar 2nd street,residential,,,,,,,way/384127306,67.01,"LINESTRING (80.2033824 12.9817497, 80.2034251 12.982354)"
1330,Gandhi Road,tertiary,2,,asphalt,,,,way/384133191,175.75,"LINESTRING (80.2245841 12.9865442, 80.2242952 12.9866264, 80.2241114 12.9866787, 80.2239403 12.9867401, 80.2236378 12.9868654, 80.2230567 12.9870692)"
1331,2nd Cross Road,residential,,,,,,,way/384219492,139.74,"LINESTRING (80.2159299 12.9825931, 80.2159642 12.9822399, 80.2159843 12.9818408, 80.2160014 12.9816751, 80.2160138 12.9815198, 80.2160289 12.981334)"
1332,Gomathi Street,residential,,,asphalt,,,,way/384533944,103.05,"LINESTRING (80.1912881 12.9722223, 80.19036 12.9724203)"
1333,பாலாஜி நகர் 5வது தெரு,residential,,,asphalt,,,,way/384534516,111.75,"LINESTRING (80.1900453 12.9729677, 80.1899815 12.9729827, 80.1899462 12.9730096, 80.1899303 12.9730579, 80.1899112 12.9734086, 80.1898878 12.9739081)"
1334,Indira Street,residential,,,,,,,way/386178359,190.09,"LINESTRING (80.1924241 12.9811548, 80.1932834 12.9808768, 80.1937048 12.9807313, 80.1938377 12.9806854, 80.1940787 12.9805908)"
1335,K. V. K. Samy Street,residential,,,,,,,way/386178456,186.09,"LINESTRING (80.192341 12.9808362, 80.1933531 12.9805342, 80.1939676 12.9803053)"
1336,,residential,,,,,,,way/386178665,47.97,"LINESTRING (80.1917295 12.9771214, 80.1921333 12.9770005, 80.192143 12.9769958, 80.19215 12.97699)"
1337,,residential,,,,,,,way/386178695,79.62,"LINESTRING (80.1926145 12.977115, 80.1926134 12.9771402, 80.1926067 12.9771618, 80.1925798 12.9771964, 80.1925651 12.9772173, 80.1925604 12.977233, 80.1925604 12.9772591, 80.1925678 12.9773003, 80.192604 12.977422, 80.1926287 12.9775543, 80.1927003 12.977802)"
1338,,residential,,,,,,,way/386178946,88.01,"LINESTRING (80.1964712 12.9742235, 80.1964639 12.9737721, 80.1964067 12.9734326)"
1339,,residential,,,,,,,way/386178962,183.72,"LINESTRING (80.1974675 12.974293, 80.1964712 12.9742235, 80.1958138 12.9741815, 80.1957782 12.9741791)"
1340,,residential,,,,,,,way/386179072,138.35,"LINESTRING (80.1926778 12.9821388, 80.193055 12.9820282, 80.1935377 12.9818895, 80.1938896 12.9817527)"
1341,,residential,,,,,,,way/386179207,27.1,"LINESTRING (80.2044389 12.9804424, 80.2046872 12.9804161)"
1342,,residential,,,,,,,way/386179241,112.32,"LINESTRING (80.1964996 12.9830734, 80.1971671 12.9828714, 80.197491 12.9827812)"
1343,,residential,,,,,,,way/386179260,42.79,"LINESTRING (80.1963754 12.9811063, 80.1967439 12.9809685)"
1344,,residential,,,,,,,way/386179284,45.08,"LINESTRING (80.1967927 12.9813655, 80.1969088 12.9817568)"
1345,,residential,,,,,,,way/386179297,50.04,"LINESTRING (80.197037 12.9809671, 80.1974912 12.9808885)"
1346,,residential,,,,,,,way/386179362,50.48,"LINESTRING (80.1961097 12.9729285, 80.1961277 12.9729079, 80.196172 12.9728785, 80.1965538 12.9728369)"
1347,,residential,,,,,,,way/386179368,41.36,"LINESTRING (80.1960361 12.9727589, 80.195986 12.9723883)"
1348,Mahalakshmi Street,residential,,,,,,,way/386179484,256.27,"LINESTRING (80.1938687 12.9704077, 80.1940822 12.9703818, 80.1946475 12.9703138, 80.1954497 12.9702101, 80.196212 12.9701171)"
1349,Tansi Nagar 7 th street,residential,,,,,,,way/386635737,16.36,"LINESTRING (80.2228785 12.9771439, 80.2227498 12.9770668)"
1350,,residential,,,,,,,way/386637554,29.2,"LINESTRING (80.1891 12.969041198550725, 80.1891091 12.9690428, 80.1891547 12.9690879, 80.1891916 12.9692758)"
1351,,residential,,,,,,,way/389017189,55.9,"LINESTRING (80.1891 12.962881342793644, 80.1896026 12.9627702)"
1352,,residential,,,,,,,way/389017216,68.19,"LINESTRING (80.1891 12.963500093009017, 80.1897229 12.9634182)"
1353,Iyappa Nagar 4th Street,residential,,,asphalt,,,,way/389017663,83.3,"LINESTRING (80.1900325 12.9630976, 80.1907832 12.9629399)"
1354,,residential,,,,,,,way/390199895,93.69,"LINESTRING (80.2002104 12.9638717, 80.2002816 12.9646005, 80.2002896 12.9647057, 80.2002916 12.96471, 80.2002951 12.964713)"
1355,Andalam avenue,residential,,,,,,,way/394115129,87.32,"LINESTRING (80.2273695 12.9865424, 80.2272503 12.9865585, 80.2265731 12.9866564)"
1356,VGP Selva Nagar 1st Main Road,residential,,,,,,,way/396824229,221.94,"LINESTRING (80.2225268 12.9711222, 80.222518 12.971127, 80.2225069 12.9711293, 80.2205079 12.9714412)"
1357,Dr.Seetharaman Nagar Main Road,residential,2,20,,no,,,way/396824230,172.4,"LINESTRING (80.2211396 12.9721065, 80.2210704 12.9721183, 80.219574 12.9723727)"
1358,,residential,,,,,,,way/396824233,125.72,"LINESTRING (80.2216937 12.9720819, 80.2227035 12.9719718, 80.2227154 12.9719636, 80.2227201 12.9719522, 80.2227131 12.971839)"
1359,Mount - Medavakkam Road,primary,,40,,yes,,,way/407783416,294.91,"LINESTRING (80.1972377 12.9859038, 80.1972402 12.9860698, 80.1972489 12.9861475, 80.1973202 12.9865748, 80.1973229 12.9865873, 80.1974333 12.9871059, 80.197549 12.9875799, 80.1976835 12.9880707, 80.197819 12.988501)"
1360,Latha Street,residential,,,,,,,way/422436384,40.1,"LINESTRING (80.2280324 12.9821752, 80.2284 12.982137770005743)"
1361,Prasad Lane,residential,,,,,,,way/422436422,71.51,"LINESTRING (80.2283812 12.9817048, 80.2283255 12.9810607)"
1362,Rani Street,residential,,,,,,,way/422439813,58.52,"LINESTRING (80.227998 12.9817402, 80.2274616 12.9817959)"
1363,,service,,,,,,,way/422439814,72.83,"LINESTRING (80.2217701 12.9812292, 80.2212487 12.9812514, 80.221117 12.9813206)"
1364,,service,,,,,,,way/422439815,72.22,"LINESTRING (80.2224354 12.9812088, 80.2221095 12.9812188, 80.2217918 12.9812285, 80.2217701 12.9812292)"
1365,Seethapathy Nagar 2rd Cross Street,residential,,,,,,,way/422439817,117.28,"LINESTRING (80.2263311 12.9812397, 80.2269654 12.9811883, 80.2274094 12.9811665)"
1366,Baby Nagar Cross Taramani Road,primary_link,,,asphalt,,,,way/422926758,8.74,"LINESTRING (80.2284 12.98028542837129, 80.2283547 12.9803508)"
1367,Taramani Road,primary,2,50,asphalt,yes,,,way/422927231,53.8,"LINESTRING (80.2207817 12.9755689, 80.2208087 12.9755957, 80.2208556 12.9756408, 80.2208967 12.9756855, 80.2210595 12.9758737, 80.2211155 12.975928)"
1368,Taramani Link Road,primary,2,50,asphalt,yes,,,way/422927236,484.19,"LINESTRING (80.2251796 12.978324, 80.2251603 12.978313, 80.2250367 12.978234, 80.2249628 12.9781864, 80.2246931 12.9780101, 80.223619 12.9773685, 80.2231018 12.9770693, 80.2227896 12.976891, 80.2224858 12.9767092, 80.2222483 12.9765627, 80.2221184 12.9764773, 80.2217575 12.9762417, 80.2214036 12.9759943)"
1369,Chandru Street,residential,,,,,,,way/424514128,169.25,"LINESTRING (80.2244578 12.9704653, 80.2245069 12.9703092, 80.2244988 12.9702491, 80.2244666 12.9702203, 80.224341 12.9701074, 80.2241127 12.9698845, 80.2238616 12.9696255, 80.2236019 12.9693575, 80.2235728 12.9693421, 80.2235527 12.9693362)"
1370,Buhuvaneswary Nagar 2nd Street,residential,,,asphalt,,,,way/424514130,124.48,"LINESTRING (80.2204517 12.9697776, 80.2201449 12.969789, 80.2199153 12.969799, 80.2197749 12.9698051, 80.2193056 12.9698294)"
1371,Perungudi Station Road,tertiary,,,concrete,yes,,,way/424516686,242.19,"LINESTRING (80.2268273 12.9711198, 80.2276151 12.9718771, 80.2280264 12.9722972, 80.2283696 12.9726421, 80.2284 12.97267303691275)"
1372,,residential,,,,,,,way/424516687,38.58,"LINESTRING (80.2283696 12.9726421, 80.2282217 12.9729592)"
1373,Thiruvallur Street,residential,,,,,,,way/424525924,148.82,"LINESTRING (80.227689 12.9769046, 80.2263206 12.9768112)"
1374,Venus Colony 2nd Street,residential,,,,,,,way/424525925,322.31,"LINESTRING (80.2269974 12.974934, 80.2271631 12.9749469, 80.2275384 12.97498, 80.2275512 12.974979, 80.2275618 12.9749727, 80.2275666 12.9749623, 80.2275733 12.9749492, 80.2276059 12.9745822, 80.2276306 12.9743171, 80.2279207 12.9726457)"
1375,1st Street,residential,,,,,,,way/424525926,96.44,"LINESTRING (80.2250547 12.9752323, 80.2259433 12.9752532)"
1376,1st Street,residential,,,,,,,way/424525927,130.95,"LINESTRING (80.2271485 12.9753175, 80.2259433 12.9752532)"
1377,Bhuvaneswary Nagar 1st Main Road,residential,,,asphalt,,,,way/424525928,33.34,"LINESTRING (80.2193056 12.9698294, 80.21927 12.9696917, 80.2192307 12.9695371)"
1378,Vanchinathan Street,residential,,,,,,,way/424525929,78.54,"LINESTRING (80.2284 12.977216677285295, 80.2276763 12.9772017)"
1379,,residential,,,,,,,way/424525930,37.07,"LINESTRING (80.2204467 12.9701126, 80.2204517 12.9697776)"
1380,Bhuvaneswary Nagar 1st Main Road,residential,,,asphalt,,,,way/424525931,24.86,"LINESTRING (80.2193649 12.9700465, 80.2193056 12.9698294)"
1381,Annai Indhra Gandhi Road,tertiary,,,asphalt,,,,way/424525932,93.64,"LINESTRING (80.2194348 12.9694521, 80.2192307 12.9695371, 80.2186666 12.9697227, 80.2186283 12.9697482)"
1382,,residential,,,,,,,way/424525933,82.25,"LINESTRING (80.2272402 12.9743328, 80.2276306 12.9743171, 80.2279979 12.9743239)"
1383,Tansi Nagar 12th Street,residential,,,,,,,way/424525934,176.89,"LINESTRING (80.2263206 12.9768112, 80.2263102 12.9769897, 80.226268 12.9772219, 80.2262508 12.9776026, 80.226239 12.9779831, 80.226238 12.9780161, 80.2262241 12.9784054)"
1384,,service,,,paved,,,,way/425906580,54.78,"LINESTRING (80.2237428 12.9760192, 80.2236488 12.9760045, 80.2236162 12.976014, 80.2235703 12.9761845, 80.2235239 12.9762031, 80.2233787 12.9761907)"
1385,Anna Nagar 5th cross,residential,,,,,,,way/425908491,67.65,"LINESTRING (80.2268409 12.9743071, 80.226806 12.9749176)"
1386,Anna Nagar 6th cross,residential,,,,,,,way/425908492,66.39,"LINESTRING (80.2264706 12.9742879, 80.2264216 12.9748861)"
1387,Bala Murugan Nagar 1st Street,residential,,,,,,,way/425908493,182.41,"LINESTRING (80.2234069 12.9747411, 80.2242575 12.9747864, 80.2243125 12.9747893, 80.2250848 12.9748448)"
1388,VGP Selva Nagar Extn 1st Main Road,residential,,,,,,,way/425908494,348.05,"LINESTRING (80.2250748 12.9741975, 80.2250934 12.9737606, 80.2251227 12.9733737, 80.2251309 12.9729847, 80.2252326 12.9727709, 80.2252901 12.9726187, 80.225415 12.9723671, 80.2254679 12.9722015, 80.2254773 12.9721644, 80.2255222 12.9719875, 80.2255832 12.9713494, 80.2255958 12.971217, 80.225604 12.9711316)"
1389,,residential,,,,,,,way/425908495,93.28,"LINESTRING (80.2238373 12.9751811, 80.2237428 12.9760192)"
1390,Perungudi Station Road,tertiary,,,paved,yes,,,way/425908497,412.61,"LINESTRING (80.2240072 12.9686348, 80.2246573 12.9690679, 80.2247991 12.9691734, 80.2252248 12.969534, 80.2268273 12.9711198)"
1391,Dhandeeshwaram Colony,residential,,,,,,,way/427336344,54.89,"LINESTRING (80.221345 12.9876696, 80.2214635 12.9879384, 80.2215379 12.9880922, 80.2215569 12.9881195)"
1392,Dhandeeshwaram Colony,residential,,,,,,,way/427336345,117.72,"LINESTRING (80.2215569 12.9881195, 80.2215658 12.9881286, 80.2215792 12.9881351, 80.221597 12.988135, 80.2218435 12.9879688, 80.222095 12.9877753, 80.2221143 12.9877581, 80.2221254 12.9877365, 80.2221251 12.9877046, 80.2221022 12.987666, 80.2219662 12.9874128)"
1393,Lakshmipuram 3rd street,residential,,,,,,,way/427336346,122.46,"LINESTRING (80.2215338 12.9866742, 80.2214612 12.9863546, 80.2214532 12.9863344, 80.221444 12.9863252, 80.2214324 12.9863269, 80.2214128 12.9863342, 80.2211947 12.9864166, 80.2211595 12.9864304, 80.2211273 12.9864252, 80.2211085 12.9863965, 80.2210951 12.9863285, 80.2210897 12.986271, 80.2210917 12.9862527, 80.2211092 12.9862298, 80.22113 12.98622, 80.221307 12.9861599)"
1394,,service,,,,,,,way/427336347,89.84,"LINESTRING (80.2215569 12.9881195, 80.2215163 12.988147, 80.2213049 12.9882901, 80.2210199 12.9884831, 80.2208752 12.9885805)"
1395,,residential,,,unpaved,,,,way/427336348,243.38,"LINESTRING (80.2183271 12.9872854, 80.2187296 12.987178, 80.2188346 12.987153, 80.2192026 12.9870319, 80.2195701 12.9868886, 80.2196329 12.9868709, 80.219966 12.9867024, 80.2201979 12.9865925, 80.220413 12.9864954)"
1396,Dhandeeshwaram Nagar 5th Main/Cross,residential,,,,,,,way/427338791,76.63,"LINESTRING (80.2243823 12.9825529, 80.2243613 12.9829317, 80.2243439 12.9832445)"
1397,Dhandeeshwaram 6th cross street,residential,,,,,,,way/427338792,78.26,"LINESTRING (80.2247823 12.9818634, 80.2247917 12.9818752, 80.2247965 12.9818892, 80.2247761 12.9825666)"
1398,VGP avenue,residential,,,,,,,way/427338795,337.28,"LINESTRING (80.227646 12.9837782, 80.2275993 12.9831467, 80.2275865 12.9830321, 80.227496 12.9822821, 80.2274885 12.9822199, 80.2274683 12.9818734, 80.2274616 12.9817959, 80.2274555 12.9817221, 80.2274146 12.9812006, 80.2274094 12.9811665, 80.2273725 12.9807764, 80.2273698 12.9807423)"
1399,Pillaiyar Koil Street,residential,,,,,,,way/427338800,74.48,"LINESTRING (80.2186299 12.9825879, 80.2186392 12.9832611)"
1400,Dhandeeswaram Nagar 8th Cross Road,residential,,,,,,,way/427338802,135.9,"LINESTRING (80.2237221 12.9807753, 80.2230827 12.9807664, 80.2229627 12.9807632, 80.2227352 12.980757, 80.2225205 12.9807585, 80.2224697 12.9807601)"
1401,Pasupathy Lane,residential,,,,,,,way/428484059,67.48,"LINESTRING (80.2235811 12.9860477, 80.2229732 12.9861768)"
1402,Putheri Karai Street,residential,,5,,,,,way/428484062,150.07,"LINESTRING (80.2249456 12.9854029, 80.2250262 12.9854094, 80.2251133 12.9854124, 80.226327 12.9853519)"
1403,Dhandeeshwaram Nagar 6th Main Road,residential,,,,,,,way/428730486,246.3,"LINESTRING (80.224722 12.9847923, 80.2247357 12.9840885, 80.2247435 12.9836858, 80.2247555 12.983249, 80.2247761 12.9825666)"
1404,Dhandeeshwaram 2st cross street,residential,,,,,,,way/428730487,64.88,"LINESTRING (80.2231843 12.9831262, 80.223181 12.9826935, 80.2231798 12.9825398)"
1405,Dhandeeshwaram Nagar 5th Main Road Avenue,residential,,,asphalt,,,,way/428730489,67.13,"LINESTRING (80.2237835 12.9848023, 80.2237743 12.9845101, 80.2237598 12.984196)"
1406,Dhandeeshwaram Nagar 6th Main Road Avenue,residential,,,,,,,way/428730490,71.94,"LINESTRING (80.2251399 12.9841343, 80.2251399 12.9847682, 80.225139 12.984776, 80.2251366 12.9847842)"
1407,Dhandeeswaram Nagar 4th Avenue [west] 1 cross street,residential,,,,,,,way/428730491,60.56,"LINESTRING (80.2247026 12.9799325, 80.2246817 12.9804795)"
1408,Dhandeeswaram Nagar 4th Avenue [west] 2 cross street,residential,,,,,,,way/428730492,71.3,"LINESTRING (80.2243727 12.9804605, 80.2243975 12.9798165)"
1409,Dhandeeswaram Nagar 4th Avenue(East),residential,,,,,,,way/428730493,105.46,"LINESTRING (80.2253806 12.9804998, 80.2263477 12.9805958)"
1410,Kambar,residential,,,,,,,way/428730494,39.84,"LINESTRING (80.2267022 12.9827907, 80.2266827 12.9824311)"
1411,Karunambigai Road,residential,,,,,,,way/428730495,149.7,"LINESTRING (80.2249374 12.9851881, 80.226315 12.985111)"
1412,,residential,,,,,,,way/428730496,24.74,"LINESTRING (80.2248103 12.9849985, 80.224722 12.9847923)"
1413,,residential,,,,,,,way/428730497,25.1,"LINESTRING (80.2249374 12.9851881, 80.2248103 12.9849985)"
1414,Baby Nagar 2nd Cross Road,residential,,,,,,,way/428734753,63.24,"LINESTRING (80.2278179 12.9791993, 80.2278298 12.9792026, 80.2278415 12.979203, 80.2280957 12.9792117, 80.2284 12.979221405471543)"
1415,Dhandeeswaram Nagar 10th Cross Road,service,,,,,,,way/428734755,45.45,"LINESTRING (80.2222664 12.979483, 80.222685 12.9794981)"
1416,Dhandeeswaram Nagar 4th Avenue [west],residential,,,,,,,way/428734756,98.26,"LINESTRING (80.2243727 12.9804605, 80.2242374 12.9804531, 80.224006 12.9804406, 80.2239915 12.9804396, 80.2239837 12.9804339, 80.2239758 12.9804243, 80.2239764 12.9804125, 80.2239862 12.9801746, 80.2239837 12.9801541, 80.2239644 12.9801466, 80.2237599 12.9801331)"
1417,LIC Colony 1st street,residential,,,,,,,way/428734759,65.02,"LINESTRING (80.2222232 12.977541, 80.2222622 12.9769545)"
1418,Tansi Nagar 1st Street,residential,,,,,,,way/428734761,221.53,"LINESTRING (80.2226964 12.977566, 80.2226906 12.9780648, 80.2226769 12.9784353, 80.2226737 12.9784508, 80.2226644 12.9784646, 80.2226523 12.9784704, 80.222636 12.9784732, 80.2221733 12.9784418, 80.2221499 12.9784457, 80.2221343 12.9784603, 80.2221244 12.9784791, 80.2221243 12.9784992, 80.2221383 12.978722, 80.2221441 12.9789186, 80.2220314 12.9789132)"
1419,Tansi Nagar 3rd street,residential,,,,no,,,way/428734762,74.98,"LINESTRING (80.2235307 12.9774565, 80.2235256 12.977583, 80.2235073 12.9778851, 80.2235055 12.9781336)"
1420,Tansi Nagar 5th Street,residential,,,,,,,way/428734763,35.78,"LINESTRING (80.2238867 12.9781434, 80.2239033 12.9778204)"
1421,Dhandeeswaram Nagar 12th Cross Road,residential,,,,,,,way/428734764,188.2,"LINESTRING (80.2235051 12.9785458, 80.22425 12.9785653, 80.2242712 12.9785663, 80.2242944 12.9785719, 80.2243097 12.9785787, 80.2243258 12.9785869, 80.2244943 12.9786684, 80.2246281 12.9787367, 80.2248509 12.9788483, 80.2251372 12.9789896)"
1422,Tansi Nagar 6th Street,residential,,,,,,,way/428734765,56.26,"LINESTRING (80.2250841 12.9783943, 80.2250409 12.9784922, 80.2248509 12.9788483)"
1423,,service,,,,,,,way/428734768,13.86,"LINESTRING (80.2229627 12.9807632, 80.2229627 12.9808885)"
1424,Shanti 1st Cross Street,residential,,,,,,,way/428851323,29.7,"LINESTRING (80.2284 12.983369335780402, 80.2281266 12.9833826)"
1425,Shanti 1st Cross Street,residential,,,,,,,way/428851324,161.13,"LINESTRING (80.227964 12.9829889, 80.2280009 12.9832132, 80.2281266 12.9833826, 80.2281473 12.9837453, 80.228152 12.983809, 80.2281654 12.9838377, 80.2282083 12.9838586, 80.2282485 12.9838691, 80.2282888 12.9838691, 80.2283075 12.9838717, 80.2283183 12.9838861, 80.2283183 12.9839018, 80.228329 12.9842833)"
1426,Sarathy Nagar 4th street,residential,,,asphalt,,,,way/430153956,35.13,"LINESTRING (80.2219211 12.9751715, 80.2217595 12.9751808, 80.2215979 12.97519)"
1427,Sarathy Nagar 6th street,residential,,,asphalt,,,,way/430153957,32.37,"LINESTRING (80.2218849 12.9747717, 80.2215878 12.9747988)"
1428,,service,,,,,,,way/430153958,49.65,"LINESTRING (80.2218384 12.9743253, 80.2218727 12.9746211, 80.2218831 12.974748, 80.2218849 12.9747717)"
1429,Dr.Seetharaman Nagar 1st Street,residential,2,20,,no,,,way/430154384,123.42,"LINESTRING (80.2223734 12.9725698, 80.2212371 12.9726226)"
1430,Bhuvaneswary Nagar 1st Main Road,residential,,,asphalt,,,,way/430159563,103.56,"LINESTRING (80.2193649 12.9700465, 80.220318 12.9700973)"
1431,Kamachi Amman street,residential,,,,,,,way/430159565,78.26,"LINESTRING (80.2278877 12.9760377, 80.2272418 12.975859, 80.2271946 12.9758421)"
1432,Street in Tansi Nagar (anna nagar) Velachery,residential,,,,,,,way/430159572,20.85,"LINESTRING (80.226806 12.9749176, 80.2269974 12.974934)"
1433,Vallalar Street Tansi Nagar 12 th street,residential,,,,,,,way/430159575,65.47,"LINESTRING (80.2263206 12.9768112, 80.2263153 12.9764658, 80.2262941 12.9764208, 80.2262703 12.9763746, 80.2262664 12.9762296)"
1434,,service,,,,,,,way/430159582,4.93,"LINESTRING (80.2271294 12.9760538, 80.2271717 12.97607)"
1435,SivaSakthi Street,residential,,,,,,,way/430159583,75.12,"LINESTRING (80.2271717 12.97607, 80.2278407 12.9762448)"
1436,,residential,,,,,,,way/430159586,79.9,"LINESTRING (80.2271717 12.97607, 80.2272418 12.975859, 80.2273414 12.9753683)"
1437,4th Main Road,residential,,,,,,,way/430799557,102.29,"LINESTRING (80.2194563 12.9832378, 80.2194509 12.983675, 80.2194509 12.9836865, 80.219455 12.9836981, 80.2194616 12.9837034, 80.219473 12.983707, 80.2199252 12.9837032)"
1438,JagannathaPuram 2nd Main road,residential,,,,,,,way/430799558,118.28,"LINESTRING (80.221753 12.9848498, 80.2209088 12.9849623, 80.220674 12.985002)"
1439,JagannathaPuram 3rd Main Road,tertiary,,,,,,,way/430799559,225.61,"LINESTRING (80.220623 12.984393, 80.2210238 12.9843099, 80.2212303 12.9842751, 80.2214716 12.9842523, 80.2217103 12.9842496, 80.2218285 12.9842286, 80.2221196 12.9841279, 80.2221898 12.9841259, 80.2226639 12.9840511)"
1440,RajaLaxmi Nagar 10 Street,residential,,,paved,,,,way/430799560,81.92,"LINESTRING (80.2185684 12.9850183, 80.2185564 12.9853888, 80.2185585 12.9857586)"
1441,RajaLaxmi Nagar 1st main Road,residential,,,,,,,way/430799561,291.22,"LINESTRING (80.2207357 12.9857678, 80.2204377 12.9858568, 80.2198959 12.986027, 80.21945 12.9861174, 80.2191447 12.9861922, 80.2189748 12.9862318, 80.218147 12.9864574)"
1442,Rajalakshmi Nagar 7th Cross Street,residential,1,,asphalt,,,,way/430799562,156.18,"LINESTRING (80.2194255 12.9856167, 80.2185585 12.9857586, 80.2180065 12.9858545)"
1443,Dhandeeshwaram 1st Main Road,residential,,,,,,,way/430799563,79.05,"LINESTRING (80.2230327 12.9818215, 80.223015 12.9820556, 80.2230064 12.9821689, 80.2229787 12.9825341)"
1444,,residential,,,,,,,way/430799564,70.38,"LINESTRING (80.2186392 12.9832611, 80.2186026 12.9834074, 80.21856 12.9836002, 80.2185291 12.9838869)"
1445,Dhandeeshwaram 1 Main Road Extension,residential,,,,,,,way/435640476,85.12,"LINESTRING (80.2222307 12.9820341, 80.223015 12.9820556)"
1446,,residential,,,,,,,way/435640554,56.3,"LINESTRING (80.2199103 12.9817464, 80.2199336 12.9822548)"
1447,,residential,,,,,,,way/438737014,78.74,"LINESTRING (80.2192208 12.9883431, 80.219062 12.9882887, 80.2189118 12.9882809, 80.2185055 12.9883073)"
1448,,service,,,asphalt,yes,,,way/440983783,19.92,"LINESTRING (80.21782607954546 12.9924, 80.2178012 12.9923877, 80.2176993 12.9923503, 80.2176679 12.9923161)"
1449,Taramani Link Road,primary,2,50,asphalt,yes,,,way/447987614,90.04,"LINESTRING (80.2220667 12.9765503, 80.2227628 12.9769934)"
1450,Annai Theresa street,residential,,,,,,,way/447993868,98.54,"LINESTRING (80.2269142 12.9787684, 80.2269148 12.9784627, 80.2269121 12.97845, 80.2269065 12.9784406, 80.226894 12.9784346, 80.2268826 12.9784333, 80.2263361 12.9784165)"
1451,Tansi Nagar 11th Street,residential,,,,,,,way/447993873,109.95,"LINESTRING (80.2258047 12.9769846, 80.2257645 12.9775591, 80.225733 12.977976)"
1452,Tansi Nagar 14th Street,residential,,,,,,,way/447993874,228.36,"LINESTRING (80.2242062 12.9769593, 80.2242286 12.9769618, 80.2246957 12.9769751, 80.224884 12.9769811, 80.225087 12.9769877, 80.225402 12.9769774, 80.2256989 12.9769835, 80.2258047 12.9769846, 80.2263102 12.9769897)"
1453,Tansi Nagar 15 th street,residential,,,,,,,way/447993875,100.3,"LINESTRING (80.2262241 12.9784054, 80.2257223 12.9783687, 80.2256231 12.9783615, 80.2255197 12.9783439, 80.2253209 12.9782589)"
1454,Tansi Nagar 16th Street,residential,,,,,,,way/447993876,109.94,"LINESTRING (80.2247585 12.977909, 80.2249786 12.9775699, 80.2249966 12.9774734, 80.225087 12.9769877)"
1455,Balamurugan Nagar 3rd Street,residential,,,,,,,way/447994143,174.26,"LINESTRING (80.2250748 12.9741975, 80.2234836 12.9739831)"
1456,Anna Nagar 5th Main Road,residential,,,,,,,way/447996278,40.54,"LINESTRING (80.2263107 12.9725601, 80.2262577 12.9729228)"
1457,Bethel Avenue Main Road,residential,,,,,,,way/447996279,89.48,"LINESTRING (80.2235157 12.9729261, 80.2233176 12.9729333, 80.2231003 12.9729241, 80.2230279 12.9729281, 80.2230064 12.9729189, 80.2229944 12.9728562, 80.2229899 12.9726131)"
1458,Kathiravan Nagar,residential,,,asphalt,,,,way/447996280,149.22,"LINESTRING (80.222617 12.9748255, 80.2225629 12.974154, 80.2225612 12.974136, 80.2225664 12.9741232, 80.2225804 12.9741115, 80.2225971 12.9741083, 80.2230143 12.9741116, 80.2232177 12.974112)"
1459,,residential,,,,,,,way/448173572,72.3,"LINESTRING (80.2247585 12.977909, 80.2250929 12.9781049, 80.2253209 12.9782589)"
1460,Tansi Nagar 15th Street,residential,,,,,,,way/448173574,53.58,"LINESTRING (80.2243294 12.9777141, 80.224354 12.977705, 80.2243961 12.9776936, 80.2245527 12.9777814, 80.2247585 12.977909)"
1461,5th Cross Street,residential,,,,,,,way/449451349,46.03,"LINESTRING (80.2065939 12.9625092, 80.2065169595122 12.9621)"
1462,MGR 2nd Cross Street,residential,,,asphalt,,,,way/452784067,71.35,"LINESTRING (80.192295 12.9762215, 80.1925208 12.9760287, 80.1925872 12.9759745, 80.1926208 12.9759431, 80.1926704 12.9759196, 80.1927537 12.9759283, 80.1928134 12.9758668)"
1463,Krishna Street,residential,1,20,asphalt,,,,way/485787972,50.54,"LINESTRING (80.2010043 12.9853582, 80.2006404 12.9854202, 80.2005453 12.9854364)"
1464,Krishna Street,residential,1,20,asphalt,,,,way/485788066,10.13,"LINESTRING (80.2006404 12.9854202, 80.2006427 12.9855117)"
1465,,residential,,,,,,,way/486761496,41.28,"LINESTRING (80.2123939 12.9708608, 80.2120179 12.9709179)"
1466,,residential,,,,,,,way/486762644,47.7,"LINESTRING (80.2119021 12.9703914, 80.2123363 12.9703237)"
1467,,residential,,,,,,,way/527036470,103.18,"LINESTRING (80.2263328 12.9721202, 80.2264144 12.9714269, 80.2264418 12.9711937)"
1468,30th street,residential,,,,,,,way/545777853,161.46,"LINESTRING (80.1927293 12.9869088, 80.1931535 12.9868257, 80.193172 12.9868159, 80.1931797 12.9867987, 80.1931758 12.9867792, 80.1931342 12.986614, 80.1931358 12.9865915, 80.1931411 12.9865735, 80.1931643 12.9865533, 80.1935864 12.9864099, 80.1936064 12.9863971, 80.1936141 12.9863829, 80.193611 12.9863604, 80.1935272 12.9861415)"
1469,Velachery MRTS,tertiary,,,,,,,way/546161614,469.48,"LINESTRING (80.2215434 12.9672205, 80.2216243 12.9666719, 80.2215578 12.9664858, 80.2214162 12.9662411, 80.221326 12.9661993, 80.2210782 12.9662694, 80.2209021 12.9662949, 80.2206697 12.9663285, 80.2202746 12.9663471, 80.2200426 12.9663761, 80.2199336 12.9663898, 80.2193918 12.9664543, 80.2187805 12.966527, 80.2181825 12.9665981)"
1470,,tertiary,,,,,,,way/546748282,18.59,"LINESTRING (80.1971548 12.9887147, 80.1973173 12.9886613)"
1471,Velachery MRTS,tertiary,,,,,,,way/554946311,87.84,"LINESTRING (80.2208186 12.9680167, 80.2210651 12.968773)"
1472,,residential,,,,,,,way/558689007,146.04,"LINESTRING (80.2171592 12.9752845, 80.218275 12.9753135, 80.2185044 12.9753276)"
1473,,residential,,,,,,,way/558689008,35.56,"LINESTRING (80.218275 12.9753135, 80.2182801 12.9754687, 80.2182737 12.9756347)"
1474,,residential,,,,,,,way/558689010,87.99,"LINESTRING (80.2187361 12.9750777, 80.2186878 12.9758716)"
1475,SaiPutra Road,residential,,60,asphalt,no,,,way/558689011,88.98,"LINESTRING (80.2190088 12.9763109, 80.2196338 12.9762939, 80.2197218 12.9763108, 80.2198209 12.9763456)"
1476,,residential,,,,,,,way/558689012,49.4,"LINESTRING (80.2190408 12.977193, 80.2185856 12.9771813)"
1477,,service,,,,,,,way/558926041,116.98,"LINESTRING (80.2233212 12.9886196, 80.2234071 12.9885161, 80.2236727 12.9883593, 80.2237236 12.9883671, 80.2237344 12.9884011, 80.2237076 12.988456, 80.2234608 12.9885736, 80.223383 12.9886206, 80.2233473 12.9887293)"
1478,LIC Colony 2nd Street,residential,,,,,,,way/566581210,63.77,"LINESTRING (80.2227628 12.9769934, 80.2227498 12.9770668, 80.2226964 12.977566)"
1479,Taramani Link Road,primary,2,50,asphalt,yes,,,way/566581213,5.85,"LINESTRING (80.2283547 12.9803508, 80.2284 12.980379430981884)"
1480,,residential,,,,,,,way/566924027,66.19,"LINESTRING (80.2165533 12.9830393, 80.2171571 12.9831247)"
1481,Kulakarai 2nd Street,residential,,,,,,,way/634225724,333.64,"LINESTRING (80.1984641 12.9648579, 80.1984238 12.964471, 80.1983741 12.9642478, 80.19835 12.9642144, 80.1983258 12.9642007, 80.1982608 12.9642027, 80.1980376 12.9642462, 80.1977131 12.9642933, 80.1974717 12.9643325, 80.197237 12.964339, 80.1970452 12.9643247, 80.196836 12.9643469, 80.1967286 12.9643458, 80.1966427 12.9643157, 80.1965837 12.9642752, 80.196557 12.9642149, 80.1965261 12.9640581, 80.1965086 12.9639406, 80.1964859 12.9637901, 80.1964553 12.9637006)"
1482,1st Street,residential,,,,,,,way/654093620,22.98,"LINESTRING (80.1891 12.991835741716198, 80.1892354 12.9917906, 80.1892622 12.9917946, 80.1892768 12.991806, 80.189285 12.9918271)"
1483,3rd Street,residential,,,,,,,way/654093623,65.3,"LINESTRING (80.189285 12.9918271, 80.18943000527663 12.9924)"
1484,,residential,,,,,,,way/667059643,56.54,"LINESTRING (80.2118092 12.969897, 80.21182 12.9697864, 80.211756 12.9693914)"
1485,,residential,,,,,,,way/667064406,51.72,"LINESTRING (80.1957753 12.9917497, 80.1956929 12.9922102)"
1486,,residential,,,,,,,way/667064774,48.32,"LINESTRING (80.1991395 12.9695207, 80.1990966 12.969086)"
1487,,residential,,,,,yes,,way/667066830,10.88,"LINESTRING (80.2156896 12.9685004, 80.2156342 12.9684184)"
1488,,residential,,,,,yes,,way/667069112,10.08,"LINESTRING (80.2116082 12.9720929, 80.2115508 12.9720213)"
1489,,residential,,,,,,,way/667069258,170.92,"LINESTRING (80.2077481 12.9753125, 80.2077426 12.9752193, 80.2076851 12.9747575, 80.2076827 12.9747316, 80.2076827 12.9747081, 80.2076679 12.9746728, 80.2076505 12.9746519, 80.207617 12.9746297, 80.2075646 12.9746245, 80.2075006 12.9746172, 80.2073944 12.974619, 80.2073272 12.9746276, 80.2072953 12.9746552, 80.2072918 12.9747569, 80.2073198 12.9751591)"
1490,,residential,,,,,,,way/667069530,57.49,"LINESTRING (80.2136613 12.9737726, 80.2137557 12.9742839)"
1491,,residential,,,,,,,way/667069715,60.95,"LINESTRING (80.2177081 12.9794415, 80.2176887 12.9799921)"
1492,,residential,,,,,,,way/667070951,62.79,"LINESTRING (80.2231885 12.9703114, 80.2231087 12.9708735)"
1493,,residential,,,,,,,way/667071142,25.13,"LINESTRING (80.1910436 12.975027, 80.1909873 12.9750231, 80.190933 12.9749989, 80.1908379 12.9749346)"
1494,,primary_link,,,asphalt,,,,way/667073822,14.97,"LINESTRING (80.2066346 12.9761665, 80.2067157 12.976276)"
1495,,residential,,,,,,,way/673261966,99.5,"LINESTRING (80.2064893 12.9847126, 80.2064386 12.9842492, 80.2064368 12.9842325, 80.2063772 12.9838201)"
1496,,residential,,,,,,,way/673264967,80.8,"LINESTRING (80.206944 12.9871408, 80.2069572 12.9869767, 80.206933 12.9868068, 80.2068821 12.9865951, 80.2068069 12.9864345)"
1497,,residential,,,,,,,way/673268081,115.24,"LINESTRING (80.2138023 12.9786004, 80.2138236 12.9790645, 80.2138376 12.9790952, 80.2138826 12.9791201, 80.2143845 12.9791439)"
1498,,residential,,,,,,,way/673269396,47.89,"LINESTRING (80.221614 12.9737478, 80.2216342 12.9741802)"
1499,,residential,,,,,,,way/673269397,46.56,"LINESTRING (80.2220982 12.9737268, 80.2221103 12.9741475)"
1500,,residential,,,,,,,way/673269400,86.34,"LINESTRING (80.1923188 12.9763596, 80.1922251 12.9764214, 80.1920124 12.9764976, 80.1920025 12.9765011, 80.1915667 12.9765938)"
1501,,residential,,,,,,,way/673273454,26.99,"LINESTRING (80.205618 12.9800708, 80.2055879 12.9798911, 80.2055839 12.9798663, 80.2055772 12.9798545, 80.2055565 12.9798431)"
1502,,residential,,,,,,,way/673275580,47.97,"LINESTRING (80.2064797 12.9709692, 80.2064285 12.9705385)"
1503,,residential,,,,,,,way/673276002,43.3,"LINESTRING (80.2034994 12.9805618, 80.2034594 12.9801724)"
1504,Bharathiyar Street,residential,,,asphalt,,,,way/673276886,197.92,"LINESTRING (80.1946445 12.9785533, 80.1946234 12.9780011, 80.1946284 12.9776525, 80.1946417 12.9775619, 80.1946586 12.9771657, 80.1947089 12.976769)"
1505,,residential,,,,,,,way/673277009,59.4,"LINESTRING (80.2015521 12.9881844, 80.2020933 12.9881033)"
1506,Perungudi Station Road,tertiary,,,,yes,,,way/673279495,298.44,"LINESTRING (80.2236295 12.9683229, 80.2232253 12.9681583, 80.2230566 12.9681154, 80.2228958 12.968107, 80.2227193 12.9681162, 80.2225086 12.9681476, 80.2222833 12.9682157, 80.2220048 12.9683197, 80.2211474 12.9686929, 80.2210651 12.968773)"
1507,12st Street,residential,,,,,,,way/673279882,30.56,"LINESTRING (80.2156005 12.9858306, 80.2153798 12.9860023)"
1508,12st Street,residential,,,,,,,way/673279883,18.89,"LINESTRING (80.2156005 12.9858306, 80.2156448 12.9858149, 80.2157132 12.9857979, 80.2157696 12.9857967)"
1509,Gopinathan Cross Street,residential,,,,,,,way/673281423,102.64,"LINESTRING (80.1964727 12.9762944, 80.1964764 12.9758033, 80.1964912 12.9755563, 80.196519 12.975369)"
1510,,residential,,,,,,,way/673281541,26.7,"LINESTRING (80.1941375 12.9727647, 80.1939431 12.9726167)"
1511,,residential,,,,,,,way/673289265,46.51,"LINESTRING (80.2009109 12.9829128, 80.2013375 12.9828717)"
1512,,residential,,,,,,,way/673291267,67.68,"LINESTRING (80.1895241 12.9873138, 80.1895109 12.9870723, 80.1894875 12.9867031)"
1513,,residential,,,,,,,way/673291269,56.89,"LINESTRING (80.1922814 12.9902225, 80.1922882 12.9902737, 80.1922872 12.9902956, 80.1922808 12.9903074, 80.1922627 12.9903221, 80.1922359 12.9903456, 80.1922238 12.9903613, 80.1922238 12.99039, 80.1922372 12.9904658, 80.1922654 12.9906318, 80.1922811 12.9907056)"
1514,,residential,,,,,,,way/673291354,86.33,"LINESTRING (80.210613 12.9821204, 80.2105634 12.981671, 80.2105587 12.9816278, 80.2105868 12.9815705, 80.2106076 12.9814502, 80.2106103 12.9814109, 80.2106066 12.9813511)"
1515,Vanuvampet North New Street,residential,,,,,,,way/673292206,109.37,"LINESTRING (80.1960645 12.9822928, 80.1965207 12.9821611, 80.1970397 12.9820441)"
1516,,residential,,,,,,,way/673292483,44.19,"LINESTRING (80.1999674 12.9677839, 80.1999297 12.9673862)"
1517,,residential,,,,,,,way/673292559,46.72,"LINESTRING (80.2006837 12.9700413, 80.2011126 12.9700034)"
1518,,residential,,,,,,,way/673292560,28.42,"LINESTRING (80.2002409 12.9703353, 80.2002097 12.9700802)"
1519,,residential,,,,,,,way/673311616,40.05,"LINESTRING (80.2150505 12.982969, 80.2150273 12.9829902, 80.2150199 12.9830131, 80.2150025 12.9833195)"
1520,,residential,,,,,,,way/673356758,42.11,"LINESTRING (80.1989648 12.9678799, 80.1989301 12.9675008)"
1521,,residential,,,,,,,way/673508558,124.37,"LINESTRING (80.2230327 12.9818215, 80.2230439 12.981597, 80.2230558 12.9813691, 80.2230601 12.9813456, 80.2230739 12.9813219, 80.2230974 12.9813126, 80.2231255 12.9813103, 80.2233541 12.9813255, 80.2237031 12.9813456)"
1522,,residential,,,,,,,way/673509681,42.42,"LINESTRING (80.2070478 12.9837605, 80.2070838 12.9841423)"
1523,,residential,,,,,,,way/673510217,22.69,"LINESTRING (80.213181 12.980692, 80.2131882 12.980487)"
1524,,service,,,,yes,,,way/673511954,230.71,"LINESTRING (80.221148 12.9787549, 80.2212229 12.978757, 80.221324 12.9787598, 80.2213145 12.9788877, 80.2213166 12.9789017, 80.2213265 12.9789079, 80.2217945 12.9789409, 80.2218035 12.9789325, 80.2218109 12.9789216, 80.2218627 12.978335, 80.2218548 12.9783194, 80.2218419 12.9783085, 80.2213402 12.9782684, 80.2211808 12.9782556)"
1525,,residential,,,,,,,way/673511955,148.59,"LINESTRING (80.2211832 12.9782163, 80.2212762 12.9782167, 80.2218702 12.9782445, 80.2225515 12.9782732)"
1526,,residential,,,,,,,way/673511993,28.87,"LINESTRING (80.1975283 12.9674865, 80.1974788 12.9672301)"
1527,Raghavendra Street,residential,,,,,,,way/673519585,117.11,"LINESTRING (80.212344 12.9828626, 80.2123318 12.983173, 80.2123108 12.9836718, 80.2123015 12.9837097, 80.2122827 12.9837462, 80.2122063 12.9838975)"
1528,,residential,,,,,yes,,way/673520713,12.94,"LINESTRING (80.2107077 12.9728689, 80.2106258 12.9727839)"
1529,,residential,,,,,,,way/687530317,45.78,"LINESTRING (80.2052131 12.9820078, 80.2052949 12.9824138)"
1530,,residential,,,,,,,way/687537924,62.16,"LINESTRING (80.2037385 12.9855823, 80.2034032 12.9856485, 80.2032208 12.9856777, 80.2031751 12.9856836)"
1531,,residential,,,,,,,way/687537990,48.37,"LINESTRING (80.2085806 12.9871943, 80.20858 12.9876315)"
1532,Gangai Nagar 2nd Cross Street,residential,,,,,,,way/687538636,239.47,"LINESTRING (80.2145 12.9847108, 80.2161684 12.9847762, 80.2166614 12.9848048, 80.2166869 12.9848022, 80.2167016 12.984792)"
1533,,residential,,,,,,,way/687539101,46.58,"LINESTRING (80.2020514 12.9845068, 80.2021591 12.9849144)"
1534,,residential,,,,,,,way/687542243,62.13,"LINESTRING (80.2099824 12.9843271, 80.2099873 12.9837655)"
1535,,residential,,,,,,,way/687542410,131.72,"LINESTRING (80.2097574 12.984318, 80.2097419 12.9846948, 80.2097319 12.9849387, 80.2097239 12.984972, 80.2097091 12.9850165, 80.209691 12.9850746, 80.209685 12.9851138, 80.2096768 12.9855017)"
1536,Shanthi Nagar 1st St,residential,,,,,,,way/687546755,83.86,"LINESTRING (80.1985824 12.9883522, 80.1987627 12.9890893)"
1537,,residential,,,,,,,way/687549625,43.96,"LINESTRING (80.1922985 12.987057, 80.1919006 12.9871322)"
1538,,residential,,,,,,,way/687549626,79.1,"LINESTRING (80.1922506 12.986868, 80.1922985 12.987057, 80.1924185 12.9875638)"
1539,,residential,,,,,,,way/687549627,120.85,"LINESTRING (80.1926876 12.9867322, 80.1922506 12.986868, 80.1922332 12.9868734, 80.1919306 12.9869502, 80.1919098 12.9869489, 80.1918952 12.986939, 80.1918841 12.9869261, 80.1918523 12.9866643)"
1540,,residential,,,,,,,way/687551319,60.4,"LINESTRING (80.2180855 12.9800098, 80.2180767 12.9794639)"
1541,,residential,,,,,,,way/687557843,10.46,"LINESTRING (80.1944251 12.9913513, 80.1944124 12.991445)"
1542,Dhandeeswaram Nagar 8th Cross Road,service,,,,,,,way/687559443,72.77,"LINESTRING (80.2224697 12.9807601, 80.2224252 12.9807615, 80.2221118 12.980771, 80.2217992 12.9807745)"
1543,,service,,,,,,,way/687559444,40.17,"LINESTRING (80.2221118 12.980771, 80.2221237 12.9811339)"
1544,,residential,,,,,,,way/687566848,119.56,"LINESTRING (80.2226639 12.9840511, 80.2227478 12.9840357, 80.2228129 12.9840242, 80.2237046 12.9838668, 80.2237155 12.9838649, 80.2237485 12.9838596)"
1545,,residential,,,,,,,way/687590582,80.95,"LINESTRING (80.2195037 12.9805721, 80.219534 12.9800427, 80.2195434 12.9798414)"
1546,,residential,,,,,,,way/687599225,45.21,"LINESTRING (80.2256132 12.983754, 80.225603 12.9841625)"
1547,,residential,,,,,,,way/687620682,43.29,"LINESTRING (80.190114 12.9906421, 80.1900458 12.9906592, 80.189901 12.9907036, 80.1898393 12.9907246, 80.1898071 12.9907481, 80.1897942 12.990817)"
1548,,residential,,,,,,,way/688061990,52.48,"LINESTRING (80.2136724 12.9783371, 80.2137647 12.9778714)"
1549,,residential,,,,yes,,,way/688061991,77.96,"LINESTRING (80.2140322 12.9784102, 80.2136724 12.9783371, 80.2133301 12.9782602)"
1550,,residential,,,,,,,way/688061992,29.92,"LINESTRING (80.2133773 12.9780378, 80.2131048 12.9779962)"
1551,,residential,,,,,,,way/688061993,51.59,"LINESTRING (80.2134269 12.9778036, 80.2133773 12.9780378, 80.2133301 12.9782602)"
1552,,residential,,,,yes,,,way/688061994,261.08,"LINESTRING (80.2139822 12.978641, 80.2140143 12.978493, 80.2140322 12.9784102, 80.2140798 12.9781125, 80.2141079 12.9779746, 80.2141106 12.977957, 80.2141099 12.9779459, 80.2140999 12.977939, 80.2140865 12.9779344, 80.2137647 12.9778714, 80.2134269 12.9778036, 80.2131731 12.977744, 80.2131336 12.9777532, 80.2131141 12.9777963, 80.2131048 12.9779962, 80.2130887 12.9782185, 80.2130848 12.9782778, 80.213082 12.9784197)"
1553,,residential,,,,,,,way/688098104,79.67,"LINESTRING (80.2144205 12.9746996, 80.2144804 12.9751848, 80.2145152 12.9754137)"
1554,,residential,,,,,,,way/688121957,14.73,"LINESTRING (80.2079562 12.9747105, 80.2078205 12.9747131)"
1555,,residential,,,,,,,way/688129035,35.98,"LINESTRING (80.2150515 12.9726837, 80.2150113 12.9723609)"
1556,,residential,,,,,,,way/688134368,47.86,"LINESTRING (80.1998445 12.9750495, 80.1998947 12.9746197)"
1557,,residential,,,,,,,way/688136049,49.45,"LINESTRING (80.2039844 12.9703757, 80.2040208 12.9708213)"
1558,,residential,,,,,,,way/688138763,33.75,"LINESTRING (80.2051113 12.968317, 80.2048077 12.9683834)"
1559,,service,,,,,,,way/691922056,44.8,"LINESTRING (80.2220553 12.989439, 80.2222636 12.9897887)"
1560,,service,,,,,,,way/691922057,120.39,"LINESTRING (80.2223195 12.9892832, 80.2220553 12.989439, 80.2217213 12.9896359, 80.2219264 12.989986)"
1561,,service,,,,,,,way/691922058,146.31,"LINESTRING (80.2217093 12.990113, 80.2219264 12.989986, 80.2222636 12.9897887, 80.2225113 12.9896438, 80.2223195 12.9892832)"
1562,,service,,,,,,,way/691922059,94.4,"LINESTRING (80.2213262 12.9895414, 80.221484 12.9897758, 80.2217093 12.990113, 80.2217938 12.9902606)"
1563,,residential,,,,,,,way/692198934,43.78,"LINESTRING (80.2040478 12.9816695, 80.2040245 12.9812915, 80.2040307 12.9812756)"
1564,,residential,,,,,,,way/692204060,37.89,"LINESTRING (80.20325811457937 12.9924, 80.203203 12.9921546, 80.2031728 12.9920683)"
1565,,residential,,,,,,,way/692218449,25.19,"LINESTRING (80.2130956 12.9816467, 80.2131141 12.9818737)"
1566,,residential,,,,,,,way/692222584,51.19,"LINESTRING (80.2068834 12.9851028, 80.2068082 12.984646)"
1567,,residential,,,,yes,,,way/692223921,31.79,"LINESTRING (80.1946656 12.9910237, 80.194373 12.9910391)"
1568,,residential,,,,,,,way/692228334,90.64,"LINESTRING (80.1935015 12.9908587, 80.1939538 12.9907951, 80.1943248 12.9907214)"
1569,,residential,,,,,,,way/692239682,43.04,"LINESTRING (80.2143242 12.9903568, 80.2146511 12.9905772)"
1570,Jayaraman Street,residential,,,,,,,way/692239692,32.42,"LINESTRING (80.1952529 12.9806799, 80.1952961 12.9806618, 80.1955315 12.9805739)"
1571,,service,,,,,,,way/692258617,97.66,"LINESTRING (80.2212803 12.9893862, 80.2212386 12.9894208, 80.2210725 12.9895542, 80.2205936 12.9899569)"
1572,,residential,,,,,,,way/692258650,74.1,"LINESTRING (80.1898071 12.9907481, 80.1895848 12.9903721, 80.1894685 12.9901664)"
1573,,residential,,,,,,,way/692260577,150.46,"LINESTRING (80.2178806 12.9790797, 80.2178795 12.9788251, 80.2178671 12.9785892, 80.2178739 12.9783491, 80.2178811 12.9781187, 80.2180367 12.9781278, 80.2180517 12.9781318, 80.2180597 12.9781367, 80.2180647 12.9781474, 80.2180637 12.9781639, 80.2180488 12.9783562)"
1574,,residential,,,,,,,way/692260578,118.19,"LINESTRING (80.2186351 12.9794109, 80.2185681 12.9794068, 80.21803 12.9793741, 80.2178697 12.9793644, 80.2178397 12.9793573, 80.2178141 12.9793382, 80.217802 12.9793095, 80.217798 12.9792649, 80.2177883 12.9790865)"
1575,,residential,,,,,,,way/692272674,45.22,"LINESTRING (80.209375 12.9798489, 80.2089582 12.9798508)"
1576,,residential,,,,,,,way/692272675,83.65,"LINESTRING (80.2101598 12.9800789, 80.2093889 12.9800922)"
1577,,residential,,,,,,,way/692276922,41.2,"LINESTRING (80.2148831 12.9795185, 80.2148843 12.9798909)"
1578,,service,,,,,,,way/692281661,67.12,"LINESTRING (80.2219588 12.9911665, 80.2225765 12.9911326)"
1579,,residential,,,,,,,way/692660674,38.28,"LINESTRING (80.2182223 12.9766035, 80.2182454 12.9762582)"
1580,,primary_link,,,asphalt,,,,way/692670681,14.43,"LINESTRING (80.2034662 12.9785453, 80.2033927 12.9784366)"
1581,,residential,1,20,ground,,,,way/693347574,36.11,"LINESTRING (80.200833 12.9660401, 80.2009015 12.9663595)"
1582,,primary_link,,,asphalt,,,,way/693509698,19.39,"LINESTRING (80.1988083 12.9806949, 80.198769 12.9805239)"
1583,,residential,,,,,,,way/693511167,30.7,"LINESTRING (80.1942496 12.9897513, 80.1942029 12.9894776)"
1584,,service,,,,no,,,way/693519820,16.4,"LINESTRING (80.2212386 12.9894208, 80.2212978 12.989497, 80.2213262 12.9895414)"
1585,,service,,,,,,,way/696317076,151.73,"LINESTRING (80.1891 12.99172272787516, 80.1897243 12.9915084, 80.1897362 12.9914956, 80.1897391 12.9914828, 80.1897374 12.991472, 80.189722 12.9914566, 80.1891 12.991204777681078)"
1586,dhandeeswaram Nagar 5th Avenue East,residential,,,,,,,way/697142727,103.83,"LINESTRING (80.2263689 12.9801177, 80.2256267 12.9801139, 80.225412 12.9801076)"
1587,,residential,,,,,,,way/697142728,61.13,"LINESTRING (80.2253603 12.980895, 80.2247979 12.9808608)"
1588,Dhandeeshwaram Nagar 1st Avenue (East),residential,,,,,,,way/697710208,66.68,"LINESTRING (80.2253171 12.9817648, 80.2259315 12.9817788)"
1589,,residential,,,,,,,way/701013773,40.93,"LINESTRING (80.1994711 12.9767991, 80.1994671 12.9768473, 80.1994659 12.9768947, 80.199467 12.9771689)"
1590,,residential,,,,,,,way/701013774,94.41,"LINESTRING (80.1997125 12.9759575, 80.199679 12.9762045, 80.1996736 12.9763195, 80.1996776 12.9764776, 80.1997181 12.9768061)"
1591,,residential,,,,,,,way/701015658,35.53,"LINESTRING (80.1982548 12.9779713, 80.1982251 12.9782911)"
1592,,residential,,,,,,,way/701212531,148.59,"LINESTRING (80.1991131 12.9740639, 80.199396 12.9740455, 80.1999157 12.97409, 80.1999472 12.9741083, 80.1999579 12.9741338, 80.1999459 12.9742515, 80.1999258 12.9744206, 80.1998947 12.9746197)"
1593,,residential,,,,,,,way/701224230,120.05,"LINESTRING (80.225386 12.9864229, 80.2254789 12.9866935, 80.2255066 12.9867597, 80.2255087 12.9867656, 80.2255127 12.9867694, 80.2255178 12.9867724, 80.2255234 12.9867728, 80.2256951 12.9867388, 80.2257045 12.9867392, 80.2257138 12.9867441, 80.2257185 12.9867516, 80.2257206 12.9867617, 80.2257608 12.9869542, 80.2257997 12.9871192, 80.2258252 12.9872158, 80.2258262 12.9872302, 80.2258248 12.9872446)"
1594,,residential,,,,,,,way/701239657,75.21,"LINESTRING (80.1991689 12.9727558, 80.1992149 12.9732941, 80.1992331 12.9734326)"
1595,,residential,,,,,,,way/701255295,74.2,"LINESTRING (80.2007881 12.973757, 80.2006674 12.9730968)"
1596,,residential,,,,,,,way/701264204,37.64,"LINESTRING (80.1978973 12.9742873, 80.1982413 12.9742429)"
1597,,residential,,,,,,,way/701264205,112.13,"LINESTRING (80.1974331 12.9740374, 80.1977974 12.9739985, 80.1978604 12.9740364, 80.1979007 12.9740821, 80.1978973 12.9742873, 80.1979023 12.9746033)"
1598,Sairam Street - South,residential,,,,,,,way/701271360,89.17,"LINESTRING (80.1969892 12.9754597, 80.1969927 12.9746537)"
1599,,residential,,,,,,,way/701271722,42.68,"LINESTRING (80.2045953 12.97215, 80.2049845 12.9720942)"
1600,,residential,,,,,,,way/701275807,139.27,"LINESTRING (80.1961097 12.9729285, 80.1960989 12.9729661, 80.1961023 12.973, 80.196166 12.9734649, 80.1961685 12.9734693, 80.1961742 12.9734738, 80.1961807 12.9734754, 80.1964067 12.9734326, 80.1966816 12.9733751, 80.1968764 12.973329)"
1601,,residential,,,,,,,way/701275943,180.38,"LINESTRING (80.1957908 12.9752132, 80.1957968 12.9748124, 80.1957942 12.9746269, 80.1957902 12.9743994, 80.1957782 12.9741791, 80.1957709 12.9735832)"
1602,,residential,,,,,,,way/701476661,36.74,"LINESTRING (80.2226906 12.9780648, 80.2226134 12.9780693, 80.2226025 12.9782752, 80.2225515 12.9782732)"
1603,,residential,,,,,,,way/701481655,69.74,"LINESTRING (80.1948121 12.9685579, 80.1948858 12.9691841)"
1604,,service,,,,,,,way/701482718,62.98,"LINESTRING (80.1913253 12.9720889, 80.1914278 12.9720639, 80.1915123 12.9720444, 80.1916286 12.9720175, 80.1917581 12.9719876, 80.191823 12.9719726, 80.1918571 12.9719647, 80.19189 12.9719571)"
1605,,residential,,,,,,,way/701517236,10.78,"LINESTRING (80.224769 12.9782125, 80.2247125 12.9782926)"
1606,Perumal Nagar 2nd Street,residential,,,asphalt,,,,way/701527950,59.86,"LINESTRING (80.1910704 12.9739475, 80.1910678 12.9744886)"
1607,,residential,,,,,,,way/701529052,50.35,"LINESTRING (80.2127749 12.9649287, 80.212854 12.9653772)"
1608,,residential,,,,,,,way/701580191,37.42,"LINESTRING (80.1911932 12.975427, 80.1914898 12.9752543)"
1609,,residential,,,,,,,way/701723713,43.98,"LINESTRING (80.2086205 12.9657171, 80.2085264 12.9653304)"
1610,,residential,,,,,,,way/701735547,49.33,"LINESTRING (80.202278 12.9658239, 80.2022096 12.9653831)"
1611,,residential,,,,,,,way/701739808,91.03,"LINESTRING (80.2087041 12.9649219, 80.2086247 12.9646357, 80.2086008 12.9643764, 80.2085772 12.9641115)"
1612,,residential,,,,,,,way/701741753,90.16,"LINESTRING (80.1994134 12.9649195, 80.1994202 12.9648372, 80.1994242 12.9647405, 80.1994255 12.9646973, 80.1994269 12.9646137, 80.1994188 12.9645405, 80.1994108 12.9644281, 80.199396 12.9643379, 80.1993442 12.9641124)"
1613,,residential,,,,,,,way/701741754,122.88,"LINESTRING (80.1997098 12.9649901, 80.1996434 12.9638813)"
1614,,residential,,,,,,,way/701755237,91.32,"LINESTRING (80.1921292 12.9679737, 80.1929552 12.9678152)"
1615,Nehru 1st Street,residential,,,,,,,way/701755238,88.51,"LINESTRING (80.1922207 12.9683719, 80.1921292 12.9679737, 80.1920535 12.9676353, 80.1920508 12.9676215, 80.1920518 12.9676088, 80.192062 12.9675931)"
1616,,residential,,,,,,,way/701755994,54.79,"LINESTRING (80.1987777 12.9626899, 80.1992775 12.9626195)"
1617,,residential,,,,,,,way/702324172,27.15,"LINESTRING (80.1985135 12.9627304, 80.1984711 12.9624885)"
1618,,residential,,,,,,,way/702329731,55.34,"LINESTRING (80.1943911 12.9642619, 80.1942378 12.9637848)"
1619,,residential,,,,,,,way/702340713,77.66,"LINESTRING (80.2024617 12.962337, 80.2031734 12.9622623)"
1620,,residential,,,,,,,way/702342146,82.67,"LINESTRING (80.2234527 12.9754818, 80.2229555 12.9753962, 80.2229457 12.9753953, 80.2229367 12.9753975, 80.222932 12.9754042, 80.222929 12.9754125, 80.222914 12.9756033, 80.2229113 12.9756154, 80.2229061 12.9756271)"
1621,,residential,,,,,,,way/702386158,40.76,"LINESTRING (80.2009892 12.9624664, 80.20094935303983 12.9621)"
1622,New Street,residential,,,,,,,way/702431214,149.84,"LINESTRING (80.1891 12.964974568981663, 80.1900821 12.9647792, 80.1900303 12.9644111)"
1623,,residential,,,,,,,way/702575512,135.26,"LINESTRING (80.2138602 12.9637441, 80.2148133 12.9634924, 80.2147141 12.9632571)"
1624,,residential,,,,,,,way/702575638,105.03,"LINESTRING (80.2151796 12.963728, 80.2148645 12.9628303)"
1625,,residential,,,,,,,way/702614786,70.8,"LINESTRING (80.2263147 12.9755916, 80.226281 12.9759146, 80.2262664 12.9762296)"
1626,,residential,,,,,,,way/704741480,31.31,"LINESTRING (80.2254813 12.9870246, 80.2257608 12.9869542)"
1627,,service,,,,,,,way/719967912,31.75,"LINESTRING (80.2172636 12.9836323, 80.217238 12.9839182)"
1628,,service,,,,,,,way/719967913,162.75,"LINESTRING (80.2175314 12.9839232, 80.2175438 12.9837384, 80.2175437 12.9837023, 80.2175198 12.983667, 80.2174661 12.9836495, 80.2173454 12.9836365, 80.2172636 12.9836323, 80.2172709 12.983365, 80.2172655 12.9833484, 80.2172545 12.9833374, 80.2170888 12.9833209, 80.2170516 12.983329, 80.2170301 12.983344, 80.2170224 12.9833739, 80.2169933 12.9837678)"
1629,,service,,,,,,,way/719967914,123.38,"LINESTRING (80.217238 12.9839182, 80.2172255 12.9841689, 80.2172145 12.9841849, 80.2171871 12.9842062, 80.217137 12.9842129, 80.2166831 12.9841983, 80.21666 12.9841824, 80.2166459 12.984155, 80.216646 12.984109, 80.2166469 12.9840524, 80.2166533 12.9838978)"
1630,,service,,,,,,,way/719967915,128.66,"LINESTRING (80.2178388 12.983921, 80.2176733 12.9839223, 80.2175314 12.9839232, 80.217238 12.9839182, 80.2166533 12.9838978)"
1631,Marudupandi Street,tertiary,,,,,,,way/721922451,453.99,"LINESTRING (80.2146595 12.9892626, 80.2147747 12.9892144, 80.2148605 12.9891589, 80.2151361 12.9889278, 80.2153683 12.9887915, 80.21567 12.9885887, 80.2160433 12.988311, 80.216154 12.9882334, 80.2162955 12.9881492, 80.2163838 12.9880992, 80.2164862 12.9880593, 80.2170587 12.9878553, 80.2175826 12.9876615, 80.2177473 12.9876039, 80.2181255 12.9874906, 80.2182229 12.9874624, 80.2183524 12.9874273)"
1632,Velachery Bypass Road,primary,2,50,asphalt,yes,,,way/721922453,15.94,"LINESTRING (80.2183524 12.9874273, 80.2183271 12.9872854)"
1633,Velachery Bypass Road,primary,2,50,asphalt,yes,,,way/721922454,999.59,"LINESTRING (80.2183271 12.9872854, 80.218147 12.9864574, 80.2180065 12.9858545, 80.2179596 12.9855999, 80.2179249 12.984981, 80.217938 12.9842224, 80.2179426 12.9833477, 80.217945 12.9825835, 80.2179432 12.9824141, 80.217943 12.9823974, 80.2179644 12.9821535, 80.2180099 12.9816967, 80.2180551 12.9814744, 80.2181956 12.981067, 80.2184978 12.9801798, 80.218553 12.9800474, 80.2186458 12.9798253, 80.2188571 12.9792233, 80.2188657 12.9792023, 80.2188732 12.9791846, 80.2189747 12.9789466, 80.2191223 12.9786006, 80.2191661 12.9784912)"
1634,,residential,,,,,,,way/722157764,70.96,"LINESTRING (80.2041876 12.9915319, 80.2048038 12.9913167)"
1635,,residential,,,,,,,way/722157765,146.17,"LINESTRING (80.2049388 12.9916639, 80.2048038 12.9913167, 80.2047459 12.9911383, 80.2047142 12.9910505, 80.2046528 12.990879, 80.2045456 12.9908978, 80.2043546 12.9909315, 80.2041635 12.9909652)"
1636,,residential,,,,,,,way/723549914,57.71,"LINESTRING (80.2118891 12.9767261, 80.2113587 12.9766867)"
1637,,residential,,,,,,,way/723549915,58.15,"LINESTRING (80.2119307 12.9763521, 80.2113962 12.976313)"
1638,12th Street,residential,,,,,,,way/724018964,98.78,"LINESTRING (80.2113094 12.9913117, 80.2109396 12.9914112, 80.2106911 12.9914776, 80.210584 12.9915062, 80.2104311 12.9915472)"
1639,70th Lane,living_street,,,,,,,way/724033753,60.51,"LINESTRING (80.2117516 12.9906304, 80.2118957 12.9911588)"
1640,,residential,,,,,,,way/724268874,40.78,"LINESTRING (80.2086685 12.9843653, 80.209044 12.9843492)"
1641,38th Lane,residential,,,,,,,way/724567907,51.41,"LINESTRING (80.2120699 12.9919165, 80.2121864 12.9923669)"
1642,TNHB Colony 99th Lane,residential,,,,,,,way/724567908,70.65,"LINESTRING (80.2147968 12.9898055, 80.2151131 12.9897222, 80.2151299 12.9897183, 80.2151447 12.9897037, 80.2151466 12.989685, 80.2151433 12.9896621, 80.2150822 12.9894318)"
1643,,service,,,,,,,way/724848203,46.08,"LINESTRING (80.2113853 12.9868986, 80.2114065 12.9872899, 80.2114078 12.9873145)"
1644,,residential,,,,,,,way/725130669,107.71,"LINESTRING (80.2138298 12.9696975, 80.2136217 12.9687455)"
1645,,residential,,,,,,,way/725130670,255.29,"LINESTRING (80.2133274 12.9702334, 80.2134649 12.9700816, 80.2138298 12.9696975, 80.2149414 12.9685545)"
1646,TNHB Colony 8th Street,residential,,,,,,,way/725285946,163.64,"LINESTRING (80.2139988 12.9906073, 80.2136896 12.9906884, 80.2133852 12.9907682, 80.2128799 12.9908995, 80.2125424 12.9909922)"
1647,2nd Avenue,residential,,,,,,,way/725415541,135.41,"LINESTRING (80.2115225 12.992071, 80.2118028 12.9919889, 80.2120699 12.9919165, 80.2123428 12.9918454, 80.2127262 12.9917476)"
1648,TNHB Colony 1st Avenue,residential,,,,,,,way/725415542,37.69,"LINESTRING (80.2115225 12.992071, 80.21161287819233 12.9924)"
1649,,tertiary,,,,,,,way/726141114,33.84,"LINESTRING (80.1975219 12.9885941, 80.197819 12.988501)"
1650,,tertiary,,,,,yes,,way/726141115,23.41,"LINESTRING (80.1973173 12.9886613, 80.1975219 12.9885941)"
1651,,residential,,,,,,,way/727632299,137.36,"LINESTRING (80.2204526 12.9692485, 80.2197941 12.9694953, 80.21927 12.9696917)"
1652,Balaji Nagar Main Road,tertiary,,,asphalt,,,,way/727749542,59.4,"LINESTRING (80.2041916 12.9786865, 80.2041906 12.978671, 80.2041693 12.9783362, 80.2041645 12.9782602, 80.2041615 12.9781504)"
1653,Alamelu Mangu Street,residential,,,asphalt,,,,way/731835209,77.55,"LINESTRING (80.1898045 12.9638576, 80.1891 12.96397559733212)"
1654,Radhamohan Street,residential,,,asphalt,,,,way/743183312,136.44,"LINESTRING (80.217598 12.989968, 80.2183845 12.9897045, 80.2187914 12.9895792)"
1655,,residential,,,,,,,way/743183313,34.18,"LINESTRING (80.217598 12.989968, 80.2174893 12.989678)"
1656,,service,,,,,,,way/752081403,16.81,"LINESTRING (80.1924797 12.9757251, 80.1926251 12.9756725)"
1657,,residential,,,,,,,way/752084428,31.87,"LINESTRING (80.2112983 12.9825244, 80.211592 12.9825283)"
1658,,residential,,,,,,,way/752084429,53.77,"LINESTRING (80.2112998 12.9828025, 80.2112983 12.9825244, 80.2110864 12.9825165)"
1659,1st steet extension,residential,,,,,,,way/752131247,34.29,"LINESTRING (80.2056521 12.9701756, 80.2059665 12.9701436)"
1660,,service,,,,,,,way/754427721,131.33,"LINESTRING (80.2192141 12.9784301, 80.219302 12.9784456, 80.2196586 12.9785084, 80.2196187 12.9787422, 80.2192382 12.9786276, 80.2191223 12.9786006)"
1661,,residential,,,,,,,way/754777693,44.55,"LINESTRING (80.2161337 12.9920792, 80.2161441 12.9920875, 80.2161551 12.9921016, 80.21638132422451 12.9924)"
1662,,primary_link,,,,,,,way/761161026,21.02,"LINESTRING (80.1957262 12.9866238, 80.1959093 12.9866859)"
1663,Velachery Main Road,secondary,,,asphalt,yes,,,way/761215822,65.8,"LINESTRING (80.2196713 12.9914896, 80.2197766 12.9913568, 80.2200334 12.9910125)"
1664,Velachery Bypass Road,primary,,,,yes,,,way/761215824,7.4,"LINESTRING (80.2196713 12.9914896, 80.2196271 12.9914386)"
1665,,service,,,asphalt,yes,,,way/764071826,41.61,"LINESTRING (80.2175448 12.9922549, 80.2175399 12.992193, 80.217523 12.9921331, 80.2175089 12.9920824, 80.217476 12.9920213, 80.2174385 12.9919838, 80.2174003 12.9919652, 80.217364 12.9919698)"
1666,DRA Tuxedo Elite Path,residential,,,,yes,yes,,way/767910134,8.46,"LINESTRING (80.2080067 12.975606, 80.2079566 12.9755474)"
1667,DRA Tuxedo Elite Path,residential,,,,yes,,,way/767910135,6.3,"LINESTRING (80.2079566 12.9755474, 80.2079201 12.9755031)"
1668,DRA Tuxedo Elite Path,residential,,,,yes,,,way/767910136,143.26,"LINESTRING (80.2080568 12.9757171, 80.2080651 12.9757666, 80.2080843 12.975807, 80.2081369 12.9758278, 80.2085438 12.9758128, 80.2089405 12.975772, 80.2089867 12.9757645, 80.2090212 12.9757531, 80.2090407 12.975713, 80.2090491 12.9756358, 80.2090496 12.9756014, 80.2090443 12.9754855)"
1669,,residential,,,,,,,way/767910975,43.1,"LINESTRING (80.2068915 12.9769798, 80.2064987 12.9770378)"
1670,,residential,,,,,,,way/768624325,48.73,"LINESTRING (80.1909815 12.9921603, 80.1910185 12.992192, 80.1910204 12.9922194, 80.1910033 12.9922546, 80.1909772 12.9922695, 80.1907060015553 12.9924)"
1671,Pradhap Chandran Street,residential,,,,,,,way/778565740,75.81,"LINESTRING (80.2162966 12.9891825, 80.2169859 12.9890702)"
1672,Kannagi Street,residential,,,,,,,way/778565741,81.93,"LINESTRING (80.217002 12.9894257, 80.2169762 12.9894225, 80.2162567 12.9895385)"
1673,,service,,,,,,,way/790158445,30.04,"LINESTRING (80.2217213 12.9896359, 80.221484 12.9897758)"
1674,,residential,,,,,,,way/809899262,105.45,"LINESTRING (80.2258248 12.9872446, 80.2258174 12.9872547, 80.2258064 12.9872602, 80.2255784 12.987306, 80.2255702 12.9873075, 80.2255623 12.9873053, 80.2255569 12.9872999, 80.2255543 12.9872929, 80.2254813 12.9870246, 80.2254073 12.9867417, 80.2254052 12.9867301, 80.2254054 12.9867193, 80.2254138 12.986714, 80.2254789 12.9866935)"
1675,பாலாஜி நகர் 10வது தெரு விரிவு,residential,,,asphalt,no,,,way/835633750,155.61,"LINESTRING (80.1902388 12.9711435, 80.1903342 12.9714586, 80.1903373 12.9714844, 80.1903332 12.9715067, 80.1903236 12.971526, 80.1903017 12.9715398, 80.1898001 12.971682, 80.1893405 12.9718158)"
1676,Perumal Nagar 1st Street,residential,,,asphalt,,,,way/835633751,101.11,"LINESTRING (80.1913215 12.9734086, 80.1903914 12.9734661)"
1677,,residential,,,,,,,way/835633752,166.75,"LINESTRING (80.1923618 12.9750823, 80.1922748 12.9750981, 80.1918475 12.9751755, 80.1917349 12.9751961, 80.1916652 12.9748982, 80.1921714 12.9747645, 80.1922316 12.9747448)"
1678,,residential,,,,,,,way/835633754,49.4,"LINESTRING (80.1954306 12.9718708, 80.1954447 12.9719324, 80.1954868 12.971949, 80.1958323 12.9719429)"
1679,Lakshmi Nagar 7th Street Extension 3rd Cross Street,residential,,,asphalt,,,,way/835633774,50.42,"LINESTRING (80.1896947 12.976681, 80.1901569 12.976634)"
1680,Lakshmi Nagar 7th Street Extension 2nd Cross Street,residential,,,asphalt,,,,way/835633775,50.52,"LINESTRING (80.1897528 12.9770522, 80.190216 12.9770051)"
1681,,living_street,,,,,,,way/835633776,47.06,"LINESTRING (80.191137 12.9766515, 80.1915667 12.9765938)"
1682,,residential,,,,,,,way/835633777,52.24,"LINESTRING (80.1912548 12.9772007, 80.1917295 12.9771214)"
1683,,residential,,,,,,,way/835633778,57.0,"LINESTRING (80.19215 12.97699, 80.1921545 12.9769813, 80.1921569 12.9769724, 80.1921572 12.9769603, 80.1921558 12.9769489, 80.1920124 12.9764976)"
1684,,residential,,,,,,,way/835633780,43.15,"LINESTRING (80.1924396 12.9790679, 80.1923504 12.9786878)"
1685,,residential,,,,,,,way/835633781,19.86,"LINESTRING (80.1955842 12.9789054, 80.1954016 12.9789185)"
1686,,residential,,,,,,,way/835636516,52.18,"LINESTRING (80.1926778 12.9821388, 80.1926382 12.9821382, 80.1926147 12.9821251, 80.1925993 12.9821121, 80.1925886 12.9820774, 80.1925255 12.9817328)"
1687,Indira 2nd Street,residential,,,,,,,way/835636517,72.82,"LINESTRING (80.1939462 12.9813455, 80.1937048 12.9807313)"
1688,Periyar Street,residential,,,,,,,way/835636518,64.73,"LINESTRING (80.1941447 12.9812319, 80.1939784 12.981653, 80.1939454 12.9817034, 80.1938896 12.9817527)"
1689,,residential,,,,,,,way/835636534,18.29,"LINESTRING (80.1891 12.98596025999986, 80.1891054 12.9861255)"
1690,,residential,,,,,,,way/835636535,46.69,"LINESTRING (80.1898457 12.9883283, 80.1894174 12.98837)"
1691,,residential,,,,,,,way/835636545,150.9,"LINESTRING (80.1909815 12.9921603, 80.1896884 12.9916579)"
1692,,residential,,,,,,,way/835636547,14.86,"LINESTRING (80.1927564 12.9910672, 80.1926205 12.9910838)"
1693,,residential,,,,,,,way/835636549,69.37,"LINESTRING (80.1953346 12.9900767, 80.1946984 12.9901399)"
1694,,residential,,,,,,,way/835636551,95.34,"LINESTRING (80.1951798 12.9905014, 80.1947467 12.9905702, 80.1943106 12.9906277)"
1695,,residential,,,,,,,way/835656944,80.43,"LINESTRING (80.1927532 12.9718538, 80.1928504 12.9725745)"
1696,Thillai ganga nagar 2nd Main Road,residential,,,,,,,way/835684183,129.43,"LINESTRING (80.1934567 12.9905065, 80.1922811 12.9907056)"
1697,Thillai ganga nagar 2nd Main Road,residential,,,,,,,way/835684184,90.14,"LINESTRING (80.1942615 12.990304, 80.1934567 12.9905065)"
1698,,residential,,,,,,,way/835684192,73.3,"LINESTRING (80.1956449 12.9833124, 80.1954759 12.9828191, 80.1954423 12.9827734, 80.1954184 12.9827579, 80.1953954 12.9827536, 80.1953602 12.982758)"
1699,Thamotharan Street,residential,,,,,,,way/835684193,64.81,"LINESTRING (80.1967306 12.9823337, 80.19652 12.9823975, 80.1961611 12.9825106)"
1700,Venkatasamy Street,residential,,,,,,,way/835684199,46.21,"LINESTRING (80.1913825 12.9781139, 80.1912869 12.9777069)"
1701,Mount - Medavakkam Road,primary,,,,no,,,way/835701993,78.29,"LINESTRING (80.1960645 12.9822928, 80.1961611 12.9825106, 80.1963649 12.9829362)"
1702,Mount - Medavakkam Road,primary,,40,,no,yes,,way/835701994,17.02,"LINESTRING (80.1954404 12.9811124, 80.1955182 12.981246)"
1703,,residential,,,,,,,way/835701995,72.86,"LINESTRING (80.1944124 12.991445, 80.1944281 12.9915391, 80.1945576 12.9920878)"
1704,,service,,,,,,,way/835701996,100.04,"LINESTRING (80.1936297 12.9916895, 80.1937157 12.9916385, 80.1940063 12.9914428, 80.1943918 12.9911807)"
1705,Perumal Nagar 3rd Street,residential,,,asphalt,,,,way/835701999,116.62,"LINESTRING (80.1918056 12.9746292, 80.1915421 12.9739177, 80.1914401 12.9736379)"
1706,Aalwar Nagar 1st Street,residential,,,asphalt,,,,way/835702000,148.95,"LINESTRING (80.1910216 12.9769188, 80.1906819 12.9769739, 80.1906585 12.9769699, 80.1906439 12.9769563, 80.1906364 12.9769392, 80.1905326 12.9762928, 80.190474 12.9760058)"
1707,,residential,,,,,,,way/835702001,96.4,"LINESTRING (80.1947467 12.9905702, 80.1946984 12.9901399, 80.1946392 12.9897053)"
1708,,residential,,,,,,,way/835702003,47.9,"LINESTRING (80.1943164 12.97452, 80.1943202 12.974953)"
1709,1st Main Road,tertiary,,,,no,,,way/835708409,44.39,"LINESTRING (80.1952737 12.9814842, 80.1953002 12.9814858, 80.1956715 12.9815765)"
1710,1st Main Road,tertiary,,,,no,yes,,way/835708410,5.08,"LINESTRING (80.195227 12.9814808, 80.1952737 12.9814842)"
1711,,residential,,,,,,,way/835713257,84.26,"LINESTRING (80.2276236 12.9681789, 80.2284 12.968194987475254)"
1712,,residential,,,,,,,way/835713263,43.78,"LINESTRING (80.2284 12.967209478335596, 80.227997 12.9672292)"
1713,Karuna Street,residential,,,,,,,way/835739380,19.37,"LINESTRING (80.2229669 12.9691729, 80.2229692 12.9689978)"
1714,,residential,,,,,,,way/836402894,45.31,"LINESTRING (80.2023941 12.973185, 80.2028105 12.9731536)"
1715,,residential,,,,,,,way/836402895,71.09,"LINESTRING (80.2124679 12.9774055, 80.2125362 12.9767664)"
1716,,residential,,,,,,,way/836402898,40.78,"LINESTRING (80.1983864 12.9839198, 80.1987557 12.9838512)"
1717,,residential,,,,,,,way/836402899,102.49,"LINESTRING (80.1982657 12.9834426, 80.1983701 12.9838351, 80.1983864 12.9839198, 80.198469 12.9843468)"
1718,,residential,,,,,,,way/836402900,74.71,"LINESTRING (80.1986986 12.978683, 80.1986951 12.9783195, 80.1987114 12.9780081)"
1719,,residential,,,,,,,way/836402901,48.96,"LINESTRING (80.1978612 12.9756148, 80.1978667 12.9753287, 80.1978739 12.9752858, 80.1979087 12.9752518, 80.197973 12.9752369)"
1720,,residential,,,,,,,way/836402902,57.75,"LINESTRING (80.2058762 12.9719532, 80.2053507 12.9720361)"
1721,,residential,,,,,,,way/836402903,47.1,"LINESTRING (80.2137757 12.9747442, 80.2137866 12.9751698)"
1722,Bhavani Street,residential,,,,,,,way/836402905,72.96,"LINESTRING (80.2162154 12.9782038, 80.2168862 12.9782504)"
1723,,residential,,,,,,,way/836402906,84.93,"LINESTRING (80.2161063 12.9782315, 80.2160848 12.9783529, 80.2160284 12.9786456, 80.2159685 12.9789872)"
1724,,residential,,,,,,,way/836402907,33.64,"LINESTRING (80.2101332 12.9815697, 80.2104428 12.9815534)"
1725,,residential,,,,,,,way/836402908,119.59,"LINESTRING (80.2090556 12.9818668, 80.2091017 12.9829468)"
1726,,residential,,,,,,,way/836402909,72.72,"LINESTRING (80.1986108 12.97356, 80.1986866 12.973494, 80.1987704 12.9734699, 80.198873 12.9734613, 80.1991637 12.9734705, 80.1991975 12.9734679, 80.199225 12.9734532, 80.1992331 12.9734326)"
1727,,residential,,,,,,,way/836402910,28.05,"LINESTRING (80.2015584 12.977426, 80.2018169 12.9774297)"
1728,,residential,,,,,,,way/836402911,7.9,"LINESTRING (80.2182281 12.9737525, 80.2182332 12.9737714, 80.2182449 12.9737865, 80.2182756 12.9737998)"
1729,,residential,,,,,,,way/836402913,53.27,"LINESTRING (80.2177201 12.9893682, 80.2181406 12.9892191, 80.2181607 12.9892146, 80.2181838 12.9892174)"
1730,,service,,,,,,,way/836402915,43.56,"LINESTRING (80.1988924 12.9922346, 80.1989505 12.9922174, 80.1990283 12.9921943, 80.1991007 12.9921729, 80.1991888 12.9921468, 80.1992768 12.9921207)"
1731,,residential,,,,,,,way/836402917,16.69,"LINESTRING (80.2042508 12.9822212, 80.2042377 12.9820709)"
1732,,residential,,,,,,,way/836402918,99.94,"LINESTRING (80.1981239 12.9799767, 80.1982374 12.9808732)"
1733,,service,,,,,,,way/836402919,41.59,"LINESTRING (80.1976564 12.9824182, 80.1976634 12.9824559, 80.1977194 12.9827443, 80.1977279 12.9827875)"
1734,,residential,,,,,,,way/836402920,124.18,"LINESTRING (80.1976454 12.9823587, 80.1978031 12.9823179, 80.1981268 12.9822455, 80.1987644 12.9821243)"
1735,,residential,,,,,,,way/836402923,58.96,"LINESTRING (80.1981732 12.991781, 80.1982468 12.992309)"
1736,,residential,,,,,,,way/836412653,30.25,"LINESTRING (80.2009188 12.9846482, 80.2011928 12.9845975)"
1737,,residential,,,,,,,way/836412654,42.75,"LINESTRING (80.1987235 12.9901643, 80.1983999 12.9902535, 80.1983434 12.990266)"
1738,Parthasarathy Nagar 1st Street,residential,,,asphalt,,,,way/836412655,512.92,"LINESTRING (80.199227 12.9861999, 80.1994648 12.9876028, 80.1995632 12.9880986, 80.1997082 12.9889268, 80.1998287 12.9893456, 80.200003 12.9900243, 80.2001297 12.9904909, 80.2002242 12.990724)"
1739,,residential,,,,,,,way/836412656,59.93,"LINESTRING (80.2110762 12.9746198, 80.2116259 12.9746734)"
1740,,residential,,,,yes,,,way/836412658,163.8,"LINESTRING (80.2136164 12.9785513, 80.2136141 12.9785937, 80.2136106 12.978631, 80.2136122 12.9789454, 80.213608 12.9789649, 80.2135924 12.9789751, 80.2135769 12.9789764, 80.213547 12.9789753, 80.213526 12.9789744, 80.2130699 12.9789541, 80.2130761 12.9788213, 80.2130879 12.9785936, 80.2130818 12.9784816, 80.213082 12.9784197)"
1741,,residential,,,,,,,way/836412660,70.72,"LINESTRING (80.2108818 12.9817021, 80.2109996 12.9817102, 80.211533 12.9817298)"
1742,,residential,,,,,,,way/836412662,33.57,"LINESTRING (80.2125653 12.9823812, 80.2125901 12.9820787)"
1743,,residential,,,,,,,way/836412665,89.87,"LINESTRING (80.2068301 12.9894676, 80.2076226 12.9892312)"
1744,,residential,,,,,,,way/836412666,153.96,"LINESTRING (80.1991309 12.980581, 80.1992286 12.9810786, 80.1992512 12.9813979, 80.1992618 12.9814338, 80.1992878 12.9814546, 80.1994018 12.9814487, 80.1997903 12.9814132)"
1745,,residential,,,,,,,way/836412667,69.14,"LINESTRING (80.2162001 12.9857953, 80.2162661 12.9864169)"
1746,,residential,,,,,,,way/836412670,71.08,"LINESTRING (80.1986061 12.9738874, 80.1986963 12.9745238)"
1747,,residential,,,,,,,way/836412673,32.2,"LINESTRING (80.2166119 12.9833932, 80.2169085 12.9834037)"
1748,,service,,,,,,,way/836412674,152.87,"MULTILINESTRING ((80.2176262 12.9829441, 80.2176273 12.9826663, 80.2176254 12.9826488, 80.217611 12.9826429, 80.2173614 12.9826418, 80.2173357 12.9826476, 80.2173257 12.982658, 80.2173218 12.9828938, 80.2173279 12.9829213, 80.2173478 12.9829384, 80.2173778 12.9829444, 80.2176262 12.9829441), (80.2176262 12.9829441, 80.2176714 12.982944, 80.2178532 12.9829414))"
1749,,residential,,,,,,,way/836412676,58.05,"LINESTRING (80.20453 12.971755, 80.2050608 12.9716893)"
1750,Annai Therasa Nagar 13th Street,residential,,,,,,,way/836412677,67.0,"LINESTRING (80.2040365 12.9714129, 80.2041593 12.9720064)"
1751,,residential,,,,,,,way/836412680,108.6,"LINESTRING (80.2129117 12.9727224, 80.2129346 12.9733314, 80.2129446 12.9733664, 80.2129645 12.9733878, 80.2129903 12.9733929, 80.2132767 12.9733807)"
1752,,residential,2,,asphalt,,,,way/836412681,48.16,"LINESTRING (80.2056728 12.9731891, 80.2059299 12.9731895, 80.2059658 12.9730097)"
1753,Iyappa Nagar 3rd Street,residential,,,asphalt,,,,way/836670934,92.56,"LINESTRING (80.1900566 12.9634871, 80.1908912 12.9633138)"
1754,,residential,,,,,,,way/836670949,105.65,"LINESTRING (80.1903901 12.9699378, 80.1913252 12.9696714)"
1755,Iyappa Nagar 6th Street,residential,,,asphalt,,,,way/837321938,87.18,"LINESTRING (80.1897726 12.9623224, 80.1905588 12.9621597)"
1756,Iyappa Nagar 5th Street,residential,,,asphalt,,,,way/837321939,89.15,"LINESTRING (80.1898661 12.962716, 80.1906684 12.9625423)"
1757,,residential,,,,,,,way/837321940,66.66,"LINESTRING (80.196703 12.9654083, 80.1966685 12.9648067)"
1758,,residential,,,,,,,way/837321957,48.64,"LINESTRING (80.1955268 12.970889, 80.1954847 12.9704513)"
1759,,residential,,,,,,,way/837321958,69.21,"LINESTRING (80.1961217 12.9657784, 80.1967501 12.965671)"
1760,Mount - Medavakkam Road,primary,2,40,asphalt,yes,,,way/837335634,1044.23,"LINESTRING (80.1938044 12.9775967, 80.1936975 12.9772415, 80.1936153 12.9769915, 80.1935706 12.9768842, 80.1933643 12.9766067, 80.1933333 12.976565, 80.1932292 12.976396, 80.1931466 12.9762925, 80.1929414 12.9760326, 80.1928641 12.9759159, 80.1928134 12.9758668, 80.1927452 12.9757471, 80.1926983 12.9756575, 80.1926868 12.9756355, 80.1926678 12.9755792, 80.1924902 12.9751642, 80.1923802 12.9748352, 80.1923699 12.9748091, 80.1922596 12.9745344, 80.192253 12.9745178, 80.1919588 12.973802, 80.1918418 12.9735229, 80.1918015 12.9733929, 80.1916809 12.9729995, 80.1916199 12.9728631, 80.1915389 12.9726258, 80.1914999 12.9725284, 80.1913657 12.9721936, 80.1913443 12.9721312, 80.1913253 12.9720889, 80.1913088 12.9720521, 80.1912452 12.9719104, 80.1911194 12.9716218, 80.190981 12.9712931, 80.1909194 12.9711352, 80.1908731 12.9710225, 80.1908616 12.9709977, 80.1907773 12.9708151, 80.1907687 12.9707965, 80.1906667 12.9705595, 80.1905789 12.9703347, 80.1904921 12.9701449, 80.1904865 12.9701326, 80.1903901 12.9699378, 80.1903257 12.9698078, 80.1899181 12.9690131)"
1761,,residential,,,,,,,way/837335638,44.74,"LINESTRING (80.19572 12.9664823, 80.1961321 12.9664678)"
1762,,residential,,,,,,,way/837608990,48.23,"LINESTRING (80.2159034 12.9697534, 80.2159855 12.9697185, 80.2160056 12.9696747, 80.2159982 12.9696048, 80.2159332 12.9693839)"
1763,Major Mukund Varadharajan Salai,primary,,40,,yes,yes,,way/837608991,42.83,"LINESTRING (80.2162355 12.9639803, 80.2160884 12.963621)"
1764,Major Mukund Varadharajan Salai,primary,,40,,yes,yes,,way/837608992,46.08,"LINESTRING (80.215942 12.9636715, 80.2159863 12.9637838, 80.2160234 12.9638777, 80.2160923 12.9640611)"
1765,Major Mukund Varadharajan Salai,primary,,40,asphalt,yes,,,way/837608993,20.12,"LINESTRING (80.2160923 12.9640611, 80.2161609 12.9642301)"
1766,Major Mukund Varadharajan Salai,primary,,40,asphalt,yes,,,way/837608994,22.2,"LINESTRING (80.2163197 12.9641632, 80.2162355 12.9639803)"
1767,,residential,,,,,,,way/837608997,133.95,"LINESTRING (80.2150881 12.9667124, 80.2157629 12.9665192, 80.2162765 12.9663846)"
1768,,residential,,,,,,,way/837609006,63.68,"LINESTRING (80.1988596 12.965424, 80.1994358 12.9653146)"
1769,,residential,,,,,,,way/837609008,201.1,"LINESTRING (80.2127911 12.9707293, 80.2124736 12.9694465, 80.2123929 12.9689551)"
1770,,residential,,,,,,,way/837609009,105.35,"LINESTRING (80.203306 12.9695339, 80.2032959 12.9697795, 80.2032669 12.9704854)"
1771,,residential,,,,,,,way/837609010,53.49,"LINESTRING (80.201871 12.9637518, 80.2018838 12.9639877, 80.2018631 12.9642341)"
1772,Mount - Medavakkam Road,primary,,40,,yes,,,way/838437809,650.4,"LINESTRING (80.1986432 12.991606, 80.1986614 12.9914752, 80.1985391 12.9909628, 80.1984936 12.9907953, 80.1984372 12.990588, 80.1984004 12.9904617, 80.1983434 12.990266, 80.1980676 12.9892094, 80.1978903 12.988482, 80.1977251 12.9879898, 80.197622 12.9875884, 80.1975105 12.9871039, 80.1973985 12.9865622, 80.1973126 12.9861508, 80.1972999 12.9860894, 80.1972377 12.9859038)"
1773,Mount - Medavakkam Road,primary,,40,asphalt,no,,,way/838437810,96.57,"LINESTRING (80.1986432 12.991606, 80.1986732 12.9916974, 80.1987127 12.9918072, 80.1988655 12.9921835, 80.1988838 12.9922217, 80.1988924 12.9922346, 80.19900302257919 12.9924)"
1774,Mount - Medavakkam Road,primary,,40,,no,,,way/838437811,298.88,"LINESTRING (80.1964824 12.9830692, 80.1964996 12.9830734, 80.1966147 12.9832941, 80.19684 12.9836904, 80.1970052 12.9839909, 80.1972801 12.9844594, 80.1973169 12.9845608, 80.1973398 12.9846435, 80.1973468 12.9847249, 80.1973367 12.9848135, 80.1973108 12.9850447, 80.1972187 12.9854589, 80.1972031 12.9855374)"
1775,Inner Ring Road (Southern Sector),primary,2,40,asphalt,yes,,,way/838496930,1013.97,"LINESTRING (80.2100738 12.9738297, 80.2101607 12.9737673, 80.210219 12.9737256, 80.2104983 12.973526, 80.2108344 12.9732436, 80.2158707 12.9690139, 80.2164435 12.9686377, 80.2165419 12.9685832, 80.2169645 12.9683493, 80.2173776 12.9681524)"
1776,Inner Ring Road (Southern Sector),primary,,40,,yes,,,way/838496931,44.77,"LINESTRING (80.2099693 12.973591, 80.2098038 12.9737337, 80.2097115 12.9738105, 80.2096415 12.9738233)"
1777,,residential,2,,asphalt,,,,way/856674107,21.38,"LINESTRING (80.1899723 12.9724809, 80.1901683 12.9724606)"
1778,,residential,2,,asphalt,,,,way/856674108,20.55,"LINESTRING (80.1899095 12.9721893, 80.1900974 12.9721657)"
1779,பாலாஜி நகர் 10வது தெரு,residential,,,asphalt,,,,way/857112445,57.45,"LINESTRING (80.1903373 12.9714844, 80.1903511 12.9715478, 80.1903793 12.9716527, 80.1904054 12.9717671, 80.1904076 12.9718286, 80.1903337 12.9718625, 80.1902467 12.9718805)"
1780,Vijay Avenue,residential,,,asphalt,,,,way/857509327,170.19,"LINESTRING (80.1904079 12.9739509, 80.1910704 12.9739475, 80.1915421 12.9739177, 80.1918836 12.973816, 80.1919588 12.973802)"
1781,கண்ணன் நகர் 3வது மெயின் ரோடு,tertiary,,,,,,,way/857721067,149.96,"LINESTRING (80.1904108 12.9701657, 80.1897161 12.9703888, 80.1892936 12.9705304, 80.1891 12.970595417817819)"
1782,East Main Road,residential,,,asphalt,,,,way/857721068,21.4,"LINESTRING (80.1891 12.971248586127155, 80.189131 12.9713456, 80.189159 12.9714332)"
1783,பாலாஜி நகர் 8வது தெரு,residential,,,asphalt,,,,way/857721069,25.69,"LINESTRING (80.1903696 12.9729522, 80.1903622 12.9727201)"
1784,பாலாஜி நகர் 9வது தெரு,residential,,,asphalt,,,,way/857721070,28.16,"LINESTRING (80.1908834 12.9729277, 80.190874 12.9726733)"
1785,Vijay Avenue,residential,,,asphalt,,,,way/858073019,105.48,"LINESTRING (80.189438 12.9738888, 80.1898878 12.9739081, 80.1904079 12.9739509)"
1786,Balaji Nagar Main Road,residential,,,asphalt,,,,way/858073020,183.23,"LINESTRING (80.1894865 12.9755438, 80.1894846 12.9753355, 80.1894873 12.975158, 80.1894859 12.9749173, 80.1894858 12.9747886, 80.1894706 12.9745033, 80.1894672 12.9744388, 80.189438 12.9738888)"
1787,Lakshmi Nagar 11th Street,residential,,,asphalt,,,,way/858073021,42.26,"LINESTRING (80.1899547 12.9755844, 80.189929 12.9756301, 80.1898908 12.9756783, 80.1898473 12.9757082, 80.1897597 12.9757557, 80.1896983 12.9757885, 80.1896541 12.9758133)"
1788,Lakshmi Nagar 11th Street,residential,,,asphalt,,,,way/858073022,25.5,"LINESTRING (80.1896983 12.9757885, 80.1896887 12.9757389, 80.1896803 12.9756812, 80.1896766 12.9756294, 80.1896708 12.9755598)"
1789,Lakshmi Nagar 11th Street,residential,,,asphalt,,,,way/858073023,70.1,"LINESTRING (80.1901301 12.9755996, 80.1899547 12.9755844, 80.1896708 12.9755598, 80.1894865 12.9755438)"
1790,Kanniga Colony 4th Street,residential,,,asphalt,,,,way/858073025,34.61,"LINESTRING (80.1894706 12.9745033, 80.1891516 12.9745026)"
1791,பாலாஜி நகர் 3வது தெரு,residential,,,asphalt,,,,way/858073026,31.37,"LINESTRING (80.1894324 12.9734015, 80.1894422 12.9731181)"
1792,Varatharajapuram 2nd Lane,residential,,,,,,,way/863257146,35.55,"LINESTRING (80.2239906 12.97678, 80.2240142 12.9764595)"
1793,Varatharajapuram 1st Lane,residential,,,,,,,way/863257149,39.35,"LINESTRING (80.2236092 12.976767, 80.2236258 12.9764117)"
1794,VGP Selva Nagar Ext 5th Street,residential,1,,asphalt,,,,way/863280020,112.48,"LINESTRING (80.2250348 12.9720962, 80.2250879 12.971617, 80.2251352 12.9710843)"
1795,,residential,,,,,,,way/863280021,111.6,"LINESTRING (80.2234566 12.9719286, 80.2234972 12.9714473, 80.2235316 12.9709226)"
1796,VGP Selva Nagar Extension 5th Street,residential,1,,asphalt,,,,way/863280022,220.83,"LINESTRING (80.2234566 12.9719286, 80.2250348 12.9720962, 80.2254773 12.9721644)"
1797,,residential,,,asphalt,,,,way/863280023,41.75,"LINESTRING (80.2223191 12.975721, 80.2223238 12.9760984)"
1798,Kalaivani Street,residential,,,,no,,,way/887000568,71.44,"LINESTRING (80.1906998 12.9673805, 80.1913384 12.9672232)"
1799,Kamaraj Street,residential,,,asphalt,,,,way/887000569,59.02,"LINESTRING (80.1913384 12.9672232, 80.1912238 12.9667017)"
1800,Annamalai Street,residential,,,,,,,way/887003242,153.04,"LINESTRING (80.1939196 12.9707527, 80.192517 12.9708996)"
1801,Arul Jothi Street,residential,,,asphalt,no,,,way/887003243,60.38,"LINESTRING (80.192517 12.9708996, 80.1926195 12.971436)"
1802,,residential,,,,,,,way/894108466,46.56,"LINESTRING (80.1936153 12.9769915, 80.1937893 12.976922, 80.1938386 12.9769134, 80.1940295 12.9769036)"
1803,,residential,,,,,,,way/914043349,43.56,"LINESTRING (80.2031762 12.9793872, 80.203242 12.9797756)"
1804,Balaji Nagar 14th Street,residential,,,,,,,way/914043350,42.75,"LINESTRING (80.204643 12.9791834, 80.2042521 12.9792317)"
1805,Brindavan Nagar Main Road,tertiary,,,asphalt,,,,way/914043351,44.85,"LINESTRING (80.2042521 12.9792317, 80.2042024 12.9788758, 80.2041942 12.9788303)"
1806,,residential,,,,,,,way/922394746,178.3,"LINESTRING (80.1955473 12.9813066, 80.1955765 12.9812414, 80.1956065 12.9811934, 80.1956364 12.981154, 80.1956628 12.9811231, 80.1956956 12.9810817, 80.1957104 12.9810511, 80.1957301 12.9810013, 80.1957454 12.9809568, 80.1957612 12.9809002, 80.1957787 12.9808579, 80.1957983 12.980811, 80.1958141 12.9807784, 80.1958267 12.9807406, 80.195846 12.9806953, 80.1958664 12.9806533, 80.1958902 12.9806059, 80.1959128 12.980554, 80.1959366 12.980501, 80.1959717 12.9804303, 80.1960114 12.980363, 80.196042 12.9803122, 80.1960692 12.9802581, 80.1960918 12.9802161, 80.1961122 12.9801709, 80.1961292 12.9801422, 80.1961462 12.9801157, 80.1961768 12.9800836, 80.1962142 12.9800616, 80.1962505 12.9800428, 80.1963014 12.9800284, 80.1963502 12.980013, 80.1963989 12.9800075)"
1807,Defence Colony 2nd Street,residential,,,,,,,way/926307433,70.9,"LINESTRING (80.1903148 12.9677691, 80.1902022 12.9671378)"
1808,Senthuran Colony 1st Street,residential,,,,,,,way/926307434,112.48,"LINESTRING (80.1891 12.966505468695054, 80.1894565 12.9663919, 80.1901013 12.9662454)"
1809,Iyappa Nagar Sannathi Street,residential,,,asphalt,,,,way/927624557,100.79,"LINESTRING (80.1912553 12.9647427, 80.1906627 12.9649391, 80.1906044 12.9649672, 80.190475 12.9650888, 80.190426 12.9651214)"
1810,,residential,,,,,,,way/932740707,135.51,"LINESTRING (80.2166103 12.982295, 80.2178536 12.982412)"
1811,Adisankaran Street,residential,,,,,,,way/935484893,91.84,"LINESTRING (80.1941552 12.9658025, 80.1940957 12.9654073, 80.1940099 12.9649849)"
1812,Inner Ring Road (Southern Sector),primary,,40,,yes,,,way/939228066,10.0,"LINESTRING (80.2100738 12.9738297, 80.2100692 12.9737394)"
1813,Inner Ring Road (Southern Sector),primary,2,40,asphalt,yes,,,way/939228067,1025.47,"LINESTRING (80.2099693 12.973591, 80.210776 12.9729268, 80.2116627 12.9721555, 80.2123049 12.971599, 80.2136506 12.9704569, 80.2139001 12.9702347, 80.214871 12.9694009, 80.2155516 12.9688076, 80.2157595 12.9686301, 80.2157798 12.9686144, 80.2161024 12.9683655, 80.2163972 12.9681802, 80.2165077 12.9681023, 80.2166319 12.9680169, 80.2167747 12.9678953, 80.2169066 12.9677305, 80.2170448 12.9676045, 80.2171253 12.9675515)"
1814,,residential,,,asphalt,,,,way/977482445,50.17,"LINESTRING (80.2065211 12.9721404, 80.2069824 12.9721084)"
1815,,residential,,,,,,,way/993798018,39.02,"LINESTRING (80.197546 12.9668071, 80.1971912 12.9668646)"
1816,Union Carbide Colony Thomas Nagar,residential,,,,,,,way/993798032,53.19,"LINESTRING (80.1934592 12.9733656, 80.1934283 12.9738454)"
1817,,service,,,,,,,way/993798033,89.6,"LINESTRING (80.2002543 12.9800033, 80.2002878 12.9801005, 80.2003025 12.980143, 80.2003616 12.9803145, 80.200367 12.9804243, 80.2004669 12.9807826)"
1818,,residential,,,,,,,way/993798034,116.43,"LINESTRING (80.2001945 12.9804423, 80.1996267 12.9805269, 80.1991309 12.980581)"
1819,,residential,,,,,,,way/993798036,44.3,"LINESTRING (80.1981707 12.9853065, 80.1985755 12.9852542)"
1820,,residential,,,,,,,way/993798038,50.63,"LINESTRING (80.192158 12.9897949, 80.1926143 12.9896991)"
1821,,service,,,,,,,way/993799026,30.65,"LINESTRING (80.1976922 12.9801462, 80.1974531 12.9801852, 80.1974135 12.9801917)"
1822,1st Main Road,residential,,,,,yes,,way/1007652057,19.94,"LINESTRING (80.1933253 12.9922144, 80.1934099 12.9922421, 80.1934994 12.9922722)"
1823,1st Main Road,residential,,,,,,,way/1007652060,244.71,"LINESTRING (80.1934994 12.9922722, 80.1935682 12.9922953, 80.1937901 12.9923298, 80.1941678 12.9922107, 80.1945576 12.9920878, 80.194656 12.9920568, 80.1953294 12.9921599, 80.1956929 12.9922102)"
1824,,residential,,,,,,,way/1015372659,43.7,"LINESTRING (80.1891 12.987707467753834, 80.1895028 12.9877052)"
1825,,primary_link,,,asphalt,yes,,,way/1015883650,33.09,"LINESTRING (80.2194492 12.9913927, 80.2194568 12.9915406, 80.2194481 12.9916914)"
1826,Velachery Main Road,secondary,,,asphalt,no,,,way/1015894846,12.86,"LINESTRING (80.2214036 12.9759943, 80.2213325 12.9760873)"
1827,Taramani Link Road,primary,2,50,asphalt,yes,,,way/1015894847,94.71,"LINESTRING (80.2213325 12.9760873, 80.2215821 12.9762478, 80.2219275 12.9764634, 80.2220667 12.9765503)"
1828,Velachery Main Road,secondary,2,,asphalt,yes,,,way/1015894850,101.7,"LINESTRING (80.21900562415294 12.9924, 80.2195487 12.9916507)"
1829,Major Mukund Varadharajan Salai,primary,,40,asphalt,yes,,,way/1019183971,51.88,"LINESTRING (80.2161609 12.9642301, 80.2162824 12.964519, 80.2163422 12.964664)"
1830,Crematoriam Approach Street,service,,,,,,,way/1020276014,243.21,"LINESTRING (80.2079147 12.9736948, 80.2080114 12.9737173, 80.208048 12.9737258, 80.2082148 12.9737782, 80.208321 12.973828, 80.2085002 12.973828, 80.2086092 12.9738065, 80.2086753 12.9737447, 80.2087236 12.9736237, 80.2087305 12.9734961, 80.2087305 12.9734074, 80.2087319 12.9733214, 80.2087222 12.9732247, 80.2086988 12.9731051, 80.2083727 12.9731287, 80.2082402 12.9731474, 80.2080893 12.9731691, 80.2079384 12.9731908)"
1831,Major Mukund Varadharajan Salai,primary,,40,asphalt,yes,,,way/1020558882,16.81,"LINESTRING (80.2158831 12.963531, 80.2159214 12.9636175, 80.215942 12.9636715)"
1832,Taramani Link Road,primary,2,50,asphalt,yes,,,way/1020569416,399.59,"LINESTRING (80.225212 12.9784681, 80.2253586 12.9785526, 80.2266635 12.9793065, 80.2281925 12.9802521, 80.2283547 12.9803508)"
1833,Velachery Main Road,secondary,2,,asphalt,no,,,way/1020569417,160.11,"LINESTRING (80.2213325 12.9760873, 80.2212565 12.9761756, 80.2212424 12.9762165, 80.2212166 12.9763056, 80.2212122 12.9764607, 80.2212169 12.9767901, 80.2212104 12.9770381, 80.221206 12.9775013)"
1834,Major Mukund Varadharajan Salai,primary,,40,asphalt,yes,,,way/1021024228,16.57,"LINESTRING (80.2160884 12.963621, 80.2160713 12.9635863, 80.2160258 12.9634844)"
1835,Taramani Link Road,primary,2,50,asphalt,yes,,,way/1021024229,380.81,"LINESTRING (80.2282523 12.9801764, 80.2274089 12.9796622, 80.2268928 12.9793422, 80.2260724 12.9788536, 80.2253294 12.9784111, 80.2252635 12.9783717)"
1836,Inner Ring Road (Southern Sector),primary,,40,asphalt,yes,,,way/1021079965,366.23,"LINESTRING (80.1964824 12.9830692, 80.1968592 12.9825301, 80.1971101 12.9822541, 80.1971338 12.982228, 80.1975653 12.9817533, 80.1981739 12.9811844, 80.1988083 12.9806949)"
1837,Inner Ring Road (Southern Sector),primary,,40,asphalt,yes,,,way/1021079966,245.49,"LINESTRING (80.198769 12.9805239, 80.1982374 12.9808732, 80.1980926 12.9809899, 80.1979127 12.9811597, 80.1975475 12.9815045, 80.1974259 12.9816066, 80.1973229 12.9817165, 80.1970859 12.9819906)"
1838,Inner Ring Road (Southern Sector),primary,,40,asphalt,yes,,,way/1021079967,416.7,"LINESTRING (80.2096415 12.9738233, 80.2084109 12.9747899, 80.2077481 12.9753125, 80.2066346 12.9761665)"
1839,Mount - Medavakkam Road,primary,,40,,yes,,,way/1028425023,355.55,"LINESTRING (80.197819 12.988501, 80.1980056 12.9891993, 80.1982788 12.9902836, 80.1983457 12.9905511, 80.1984591 12.9909576, 80.1985794 12.9915007, 80.1986432 12.991606)"
1840,,tertiary,,,,,,,way/1028425024,8.02,"LINESTRING (80.197819 12.988501, 80.1978903 12.988482)"
1841,,tertiary,,,,,,,way/1028425025,226.03,"LINESTRING (80.1954013 12.9892144, 80.1942029 12.9894776, 80.1933682 12.9896609)"
1842,Inner Ring Road (Southern Sector),primary,,,,yes,,,way/1028425026,291.8,"LINESTRING (80.1957262 12.9866238, 80.1954561 12.9874283, 80.195416 12.9877508, 80.1953848 12.9882089, 80.195417 12.9887652, 80.1954013 12.9892144)"
1843,Velachery Main Road,secondary,2,30,asphalt,yes,,,way/1030689327,11.21,"LINESTRING (80.2195047 12.9916066, 80.2194481 12.9916914)"
1844,Velachery Bypass Road,primary,2,50,asphalt,yes,,,way/1030689328,20.09,"LINESTRING (80.2194492 12.9913927, 80.2195552 12.9915416)"
1845,,tertiary,,,,,,,way/1033108877,323.16,"LINESTRING (80.1946172 12.97961, 80.1945251 12.9796406, 80.1942618 12.979735, 80.1938386 12.9799375, 80.1922053 12.9803932, 80.1917865 12.9804971)"
1846,,service,,,,,,,way/1046486632,190.76,"LINESTRING (80.2105586 12.9736157, 80.2105734 12.9736376, 80.2105646 12.9749565, 80.2108056 12.9749576, 80.2109512 12.9749582)"
1847,,service,,,,,,,way/1046486633,181.16,"LINESTRING (80.2109512 12.9749582, 80.2110514 12.9736595, 80.2109682 12.9733892, 80.2109324 12.9733498)"
1848,Bharathidasan Street,residential,,,,,,,way/1052410676,47.37,"LINESTRING (80.2005681 12.9813224, 80.200497 12.9808999)"
1849,,residential,,,,,,,way/1055000205,34.82,"LINESTRING (80.2018325 12.9628225, 80.2018687 12.9628161, 80.2021484 12.9627669)"
1850,,residential,,,,,,,way/1055000206,35.46,"LINESTRING (80.2015952 12.962284, 80.2015952 12.9623206, 80.2016115 12.9623758, 80.2016444 12.9624585, 80.2016769 12.9624724, 80.2017814 12.9624822)"
1851,,residential,,,,,,,way/1055000207,28.81,"LINESTRING (80.2015952 12.962284, 80.2018581 12.9622474)"
1852,,residential,,,,,,,way/1055000208,58.52,"LINESTRING (80.2015952 12.962284, 80.2013906 12.9623063, 80.2013089 12.962309, 80.2012763 12.962301, 80.2012477 12.9622732, 80.20122616480603 12.9621)"
1853,,residential,,,,,,,way/1055001694,30.06,"LINESTRING (80.2147141 12.9632571, 80.2146492 12.9630943, 80.2146365 12.9630657, 80.2146165 12.9630422, 80.2145832 12.9630292)"
1854,,residential,,,,,,,way/1055001697,14.48,"LINESTRING (80.2089053 12.9645193, 80.2090372 12.9644991)"
1855,Inner Ring Road (Southern Sector),primary,,,,yes,,,way/1058442782,228.61,"LINESTRING (80.1955636 12.988695, 80.195574 12.9881004, 80.1955858 12.9877194, 80.1955984 12.9874759, 80.1959093 12.9866859)"
1856,,residential,,,,,,,way/1072591246,55.87,"LINESTRING (80.1904839 12.9714235, 80.1909183 12.9713159, 80.190981 12.9712931)"
1857,,service,,,,,,,way/1080320419,136.22,"LINESTRING (80.2052486 12.9777897, 80.2049053 12.9780563, 80.2048382 12.9780537, 80.2046558 12.9780014, 80.2045807 12.9780197, 80.2041645 12.9782602)"
1858,Inner Ring Road (Southern Sector),primary,,40,asphalt,yes,,,way/1080320421,490.49,"LINESTRING (80.2064475 12.9764703, 80.2067157 12.976276, 80.2073889 12.9758459, 80.2074557 12.9758032, 80.2078889 12.9755264, 80.2079201 12.9755031, 80.2088777 12.9747791, 80.2100738 12.9738297)"
1859,Inner Ring Road (Southern Sector),primary,,40,asphalt,yes,,building_passage,way/1080320422,280.77,"LINESTRING (80.2043852 12.9780035, 80.2050769 12.9774891, 80.2064475 12.9764703)"
1860,Inner Ring Road (Southern Sector),primary,,40,asphalt,yes,,building_passage,way/1080320423,278.83,"LINESTRING (80.2063757 12.9763855, 80.2050099 12.9773846, 80.2043167 12.9778938)"
1861,Inner Ring Road (Southern Sector),primary,,40,asphalt,yes,,,way/1080320424,37.09,"LINESTRING (80.2066346 12.9761665, 80.2063757 12.9763855)"
1862,,residential,,,,,,,way/1080327137,110.72,"LINESTRING (80.1958182 12.9785347, 80.1958716 12.9780768, 80.1958939 12.977886, 80.1959206 12.9775391)"
1863,Nanganallur 6th Main Road,tertiary,,,asphalt,,,,way/1080327139,292.87,"LINESTRING (80.1917865 12.9804971, 80.190153 12.9806923, 80.1895308 12.9807045, 80.1891429 12.9806943, 80.1891 12.98070117471384)"
1864,,residential,,,,,,,way/1081125778,9.31,"LINESTRING (80.1937262 12.977562, 80.1938044 12.9775967)"
1865,Mount - Medavakkam Road,primary,2,40,asphalt,yes,,,way/1082485653,90.85,"LINESTRING (80.1899181 12.9690131, 80.1897659 12.9686351, 80.189596 12.9682552)"
1866,Mount - Medavakkam Road,primary,2,40,asphalt,yes,,,way/1082485654,139.59,"LINESTRING (80.189596 12.9682552, 80.1895614 12.9681779, 80.1894772 12.9679895, 80.1892355 12.967405, 80.1891 12.967091049386699)"
1867,Madipakkam Main Road,tertiary,,,,no,,,way/1082485655,4.67,"LINESTRING (80.1898774 12.9690267, 80.1899181 12.9690131)"
1868,Mount - Medavakkam Road,primary,2,40,asphalt,yes,,,way/1082485673,90.82,"LINESTRING (80.189535 12.968278, 80.1895563 12.9683279, 80.1897046 12.9686614, 80.1897644 12.9687716, 80.1898774 12.9690267)"
1869,Mount - Medavakkam Road,primary,2,40,asphalt,yes,,,way/1082485674,125.44,"LINESTRING (80.1891 12.967227636523925, 80.1891838 12.9674193, 80.1892184 12.9675137, 80.1894229 12.9680038, 80.1894997 12.9681954, 80.189535 12.968278)"
1870,,residential,,,,,,,way/1083927830,89.78,"LINESTRING (80.2107616 12.9759394, 80.2107634 12.9758994, 80.210768 12.9751279)"
1871,,residential,,,,,,,way/1083973667,176.2,"LINESTRING (80.2212061 12.9777947, 80.2211456 12.9777925, 80.2210851 12.9777904, 80.2208702 12.9777827, 80.2206345 12.9778211, 80.2205613 12.9778743, 80.2205559 12.9778816, 80.2205533 12.9778906, 80.2205465 12.9781806, 80.2205516 12.9781898, 80.2205618 12.978193, 80.221075 12.9782092, 80.2211243 12.9782136, 80.2211832 12.9782163)"
1872,,service,,,,,,,way/1085250114,10.81,"LINESTRING (80.2093803 12.9759274, 80.2093438 12.9759274, 80.2092807 12.9759288)"
1873,,service,,,,,,,way/1085776419,183.4,"LINESTRING (80.2197997 12.9785391, 80.2197898 12.9782701, 80.21981 12.9782559, 80.2208655 12.978238, 80.2208882 12.9782608, 80.2209301 12.978555)"
1874,,service,,,,,,,way/1088133255,104.62,"LINESTRING (80.217198 12.9900713, 80.2172159 12.990174, 80.2173467 12.9901583, 80.2174645 12.9908611)"
1875,,residential,,,,,,,way/1092344577,71.32,"LINESTRING (80.2118948 12.9728232, 80.2125455 12.9727315)"
1876,,residential,,,,,,,way/1102493239,67.37,"LINESTRING (80.1948837 12.9824209, 80.1947289 12.9820625, 80.1949301 12.9819658)"
1877,VGP Selva Nagar 2nd Main Road,residential,,,asphalt,,,,way/1103544350,371.18,"LINESTRING (80.2235316 12.9709226, 80.2251352 12.9710843, 80.225604 12.9711316, 80.225756 12.9711372, 80.2258785 12.9711465, 80.2260035 12.9711645, 80.2261241 12.9711771, 80.2263395 12.9711894, 80.2264418 12.9711937, 80.2265143 12.9711968, 80.226673 12.9711891, 80.2267083 12.9711792, 80.2267506 12.9711616, 80.226758 12.9711575, 80.2268273 12.9711198, 80.2268972 12.9710565)"
1878,Perungudi Station Road,tertiary,,,,,,,way/1103544351,192.18,"LINESTRING (80.2210651 12.968773, 80.2208586 12.9688631, 80.2194348 12.9694521)"
1879,,tertiary,,,,yes,yes,,way/1103544352,52.14,"LINESTRING (80.2240565 12.9685391, 80.2236295 12.9683229)"
1880,Perungudi Station Road,tertiary,,,paved,yes,,,way/1103544353,221.65,"LINESTRING (80.2210651 12.968773, 80.2211911 12.9687571, 80.2213107 12.9687057, 80.2220271 12.9683976, 80.2225002 12.9682176, 80.2225857 12.9681973, 80.2228101 12.9681784, 80.2229923 12.9681867)"
1881,,tertiary,,,paved,yes,yes,,way/1103544354,52.74,"LINESTRING (80.223573 12.9684204, 80.2240072 12.9686348)"
1882,Velachery Lower Flyover,primary,,,asphalt,yes,yes,,way/1105956370,498.99,"LINESTRING (80.219387 12.9779775, 80.2198056 12.976888, 80.2199369 12.9765474, 80.2200092 12.9763677, 80.220072 12.9762141, 80.2201507 12.9760404, 80.2202583 12.9758337, 80.2203427 12.9756979, 80.2204469 12.9755169, 80.2204725 12.9754693, 80.2205022 12.9754086, 80.2205213 12.975357, 80.2205351 12.9753103, 80.2205479 12.9752346, 80.2205553 12.9751452, 80.2205555 12.9750296, 80.2205504 12.9749572, 80.2205394 12.974902, 80.220525 12.9748526, 80.2205022 12.9747934, 80.2200432 12.9738071)"
1883,Velachery Upper Flyover,primary,,,,yes,yes,,way/1105956371,498.54,"LINESTRING (80.2202138 12.9757596, 80.2201698 12.9757957, 80.2201307 12.9758352, 80.22009 12.9758945, 80.2200436 12.9759785, 80.2199862 12.9761104, 80.2198121 12.9765274, 80.2197248 12.9767442, 80.2196439 12.9769537, 80.2194866 12.9773785, 80.2193414 12.9777658, 80.2192548 12.9779841, 80.2190655 12.978461, 80.2188485 12.9790347, 80.2185278 12.9799358)"
1884,Velachery Lower Flyover,primary,,,,yes,,,way/1105956372,18.72,"LINESTRING (80.2193279 12.9781365, 80.219387 12.9779775)"
1885,100 Feet Road,primary,,,,yes,,,way/1105956373,337.72,"LINESTRING (80.2193279 12.9781365, 80.2194198 12.9780888, 80.2194824 12.9779563, 80.2195108 12.9778859, 80.2195174 12.9778732, 80.219544 12.9778115, 80.2197972 12.9771638, 80.2199529 12.9767862, 80.2200871 12.9764609, 80.2201404 12.9763325, 80.2201547 12.9762902, 80.220161 12.9762715, 80.2202098 12.9761446, 80.2202782 12.9760035, 80.2203358 12.9758819, 80.2203908 12.9757761, 80.2204375 12.9757042, 80.2204643 12.975663, 80.2205292 12.9755867, 80.2205653 12.9755564, 80.2205889 12.9755367, 80.2206372 12.9755129, 80.2207189 12.9754853)"
1886,100 Feet Road,primary,2,50,asphalt,yes,,,way/1105956375,364.15,"LINESTRING (80.2204894 12.97508, 80.2204915 12.9751107, 80.2204977 12.9751555, 80.2204976 12.9752006, 80.2204829 12.9752686, 80.2204507 12.975347, 80.2204051 12.9754306, 80.2203582 12.9755011, 80.2203367 12.975526, 80.2203066 12.97556, 80.2202861 12.9755849, 80.2202557 12.9756216, 80.2202426 12.9756375, 80.2201784 12.9757079, 80.2201133 12.9757798, 80.2200678 12.9758377, 80.2200294 12.9758988, 80.2199624 12.9760139, 80.2198996 12.9761508, 80.2198209 12.9763456, 80.2197633 12.976488, 80.2196751 12.976714, 80.2194883 12.977206, 80.2191825 12.9779737, 80.2191448 12.9780536)"
1887,Major Mukund Varadharajan Salai,primary,2,50,asphalt,yes,,,way/1105956378,499.16,"LINESTRING (80.2214036 12.9759943, 80.221305 12.9759164, 80.2211908 12.9758127, 80.2211481 12.9757717, 80.2210581 12.9756855, 80.2209379 12.9755573, 80.2208671 12.9754685, 80.2208393 12.9754266, 80.2208026 12.9753551, 80.2207427 12.9752026, 80.2207147 12.9751314, 80.2206684 12.9750127, 80.2205958 12.974827, 80.2205119 12.9746256, 80.2204184 12.974401, 80.2204048 12.9743682, 80.2202265 12.9739336, 80.2199898 12.9733833, 80.2198761 12.9731033, 80.2196904 12.972646, 80.219574 12.9723727, 80.2195467 12.9723085, 80.219533 12.9722763, 80.2194993 12.9721972, 80.2194461 12.9720642, 80.2194122 12.9719844)"
1888,Major Mukund Varadharajan Salai,primary,,40,asphalt,yes,,,way/1105956379,77.29,"LINESTRING (80.2187689 12.9707573, 80.218843 12.9709191, 80.2190042 12.9713022, 80.2190447 12.9714014)"
1889,Major Mukund Varadharajan Salai,primary,,40,asphalt,yes,,,way/1105956380,55.57,"LINESTRING (80.2190447 12.9714014, 80.219175 12.9717386, 80.2192008 12.9718053, 80.2192164 12.971874)"
1890,100 Feet Road,primary,,,,yes,,,way/1105956381,43.28,"LINESTRING (80.2191661 12.9784912, 80.2192141 12.9784301, 80.2192714 12.9782778, 80.2193279 12.9781365)"
1891,Velachery Lower Flyover,primary,,,asphalt,yes,yes,,way/1105956382,177.21,"LINESTRING (80.2200432 12.9738071, 80.2199746 12.9736595, 80.2199101 12.9735025, 80.2197978 12.9731902, 80.2196977 12.9729217, 80.2195935 12.9726195, 80.219558 12.9725226, 80.2195228 12.9724201, 80.219481 12.9723039)"
1892,Major Mukund Varadharajan Salai,primary,,40,asphalt,yes,,,way/1105956383,80.53,"LINESTRING (80.219131 12.9712759, 80.2189424 12.9707377, 80.2188898 12.9705875)"
1893,Velachery Upper Flyover,primary,,,,yes,,,way/1105956384,25.59,"LINESTRING (80.2250367 12.978234, 80.2249288 12.9782427, 80.2248166 12.9781831)"
1894,Velachery Bypass Road,primary,2,50,asphalt,yes,,,way/1105956833,235.08,"LINESTRING (80.2191448 12.9780536, 80.2191203 12.9781166, 80.219098 12.9781639, 80.2188666 12.9787559, 80.2188374 12.9788292, 80.2188116 12.978894, 80.218732 12.9791283, 80.2186351 12.9794109, 80.2186029 12.9795109, 80.2185724 12.9795876, 80.2185054 12.9797564, 80.2184067 12.9800506)"
1895,Velachery Upper Flyover,primary,,,,yes,,,way/1105956834,40.49,"LINESTRING (80.2185278 12.9799358, 80.2184391 12.9801452, 80.2183344 12.9802393)"
1896,,residential,,,,,,,way/1111705262,33.94,"LINESTRING (80.1984087 12.9834033, 80.1983287 12.9831067)"
1897,,residential,,,,,,,way/1111705263,38.48,"LINESTRING (80.1988536 12.9832998, 80.1987761 12.9829604)"
1898,,residential,,,,,,,way/1111705264,57.2,"LINESTRING (80.1980912 12.9834962, 80.1979457 12.9829992)"
1899,Bazaar Road,secondary,,,,yes,,,way/1112206453,259.13,"LINESTRING (80.2018479 12.9658721, 80.2019407 12.9658854, 80.2022055 12.9658779, 80.2022837 12.9658755, 80.2034478 12.9658401, 80.2037962 12.9657899, 80.2042239 12.9657144)"
1900,Bazaar Road,secondary,,,,yes,,,way/1112206454,225.29,"LINESTRING (80.2042239 12.9657144, 80.2046765 12.9656381, 80.2057097 12.9654219, 80.2059217 12.9653765, 80.2061766 12.9653351, 80.2062619 12.9653374)"
1901,Bazaar Road,secondary,2,20,asphalt,yes,,,way/1112206455,197.37,"LINESTRING (80.2071714 12.9652682, 80.2073194 12.9652544, 80.2075506 12.9652162, 80.2078318 12.9651607, 80.2084543 12.9650436, 80.2087062 12.9649941, 80.2089611 12.9649525)"
1902,,secondary,2,20,asphalt,,,,way/1112206456,533.7,"LINESTRING (80.2005331 12.9655186, 80.2004547 12.9655285, 80.2003788 12.9655381, 80.2003456 12.9655423, 80.2002576 12.9655592, 80.2001965 12.9655679, 80.2001456 12.9655448, 80.2001276 12.9655017, 80.2001169 12.9654514, 80.2000775 12.9651699, 80.2000666 12.9650933, 80.2000357 12.9650345, 80.1999812 12.9649946, 80.199913 12.9649796, 80.1998051 12.9649811, 80.1997098 12.9649901, 80.1996353 12.9650005, 80.1995664 12.9649976, 80.199491 12.9649667, 80.1994134 12.9649195, 80.1993717 12.9648946, 80.1993309 12.9648516, 80.199295 12.9648285, 80.1992532 12.964817, 80.1992104 12.9648139, 80.1991286 12.964817, 80.1989691 12.9648347, 80.1988128 12.9648611, 80.1986454 12.9648758, 80.1985614 12.9648709, 80.1985087 12.9648642, 80.1984641 12.9648579, 80.1983881 12.9648345, 80.1983155 12.9648205, 80.1980178 12.9647756, 80.1971238 12.9648015, 80.1966685 12.9648067, 80.1963361 12.9648168, 80.196166 12.9648213, 80.1961525 12.9648196, 80.1961371 12.9648117)"
1903,Bazaar Road,secondary,,,,yes,,,way/1117738903,95.39,"LINESTRING (80.2012926 12.9653985, 80.2014177 12.965379, 80.2015157 12.9653802, 80.2016159 12.9654055, 80.2016891 12.9654411, 80.2017787 12.9657354, 80.2018059 12.9658032, 80.2018479 12.9658721)"
1904,,residential,,,,yes,,,way/1117796742,87.43,"LINESTRING (80.2188571 12.9792233, 80.2190192 12.9792612, 80.2190893 12.9792776, 80.2190236 12.9794583, 80.2190262 12.9794782, 80.2190317 12.979488, 80.2190449 12.9794967, 80.2193297 12.9795627, 80.2193453 12.9795582, 80.2193495 12.9795442)"
1905,,residential,,,,yes,,,way/1117796743,52.51,"LINESTRING (80.2194611 12.9791066, 80.2192092 12.9790488, 80.2191904 12.9790492, 80.2191826 12.9790582, 80.2191098 12.979235)"
1906,Bazaar Road,secondary,,,,yes,,,way/1117975326,83.74,"LINESTRING (80.2005331 12.9655186, 80.2006261 12.9655237, 80.2012926 12.9653985)"
1907,Inner Ring Road (Southern Sector),primary,,40,asphalt,yes,,,way/1119574678,22.49,"LINESTRING (80.2043167 12.9778938, 80.2041456 12.9780086)"
1908,,residential,,,,,,,way/1119823427,65.14,"LINESTRING (80.200436 12.9630539, 80.2003617 12.9624696)"
1909,,residential,,,,,,,way/1124222251,69.79,"LINESTRING (80.2158424 12.9855962, 80.2159076 12.9856057, 80.2164802 12.9855331)"
1910,Astalakshmi Nagar 2nd Street,residential,,,,,,,way/1124222252,73.85,"LINESTRING (80.2155834 12.9851658, 80.2155952 12.9851942, 80.2156002 12.9855512, 80.215608 12.9857234, 80.2156005 12.9858306)"
1911,,service,,,,,,,way/1124336478,23.59,"LINESTRING (80.2202353 12.9789415, 80.2202252 12.9791072, 80.2202327 12.9791303, 80.2202542 12.9791395)"
1912,,service,,,,,,,way/1124336479,95.25,"LINESTRING (80.2202542 12.9791395, 80.2210532 12.9791722, 80.2211311 12.9791794)"
1913,,service,,,,,,,way/1124336480,33.8,"LINESTRING (80.2254874 12.9787481, 80.2254767 12.9790534)"
1914,,secondary,,,,yes,,,way/1124343612,285.7,"LINESTRING (80.2113062 12.9645643, 80.2112567 12.9645561, 80.2111986 12.9645739, 80.2111087 12.9646072, 80.2110256 12.9646216, 80.210862 12.9646425, 80.2101606 12.96473, 80.2092807 12.9648412, 80.2091547 12.9648588, 80.2089559 12.9648866, 80.2087041 12.9649219)"
1915,Bazaar Road,secondary,2,20,asphalt,yes,,,way/1124343613,99.65,"LINESTRING (80.2062619 12.9653374, 80.2063242 12.9653547, 80.2063617 12.9653599, 80.2064475 12.9653586, 80.2065682 12.9653482, 80.2071039 12.9652732, 80.2071714 12.9652682)"
1916,Bazaar Main Road,secondary,2,30,asphalt,yes,,,way/1124343614,259.85,"LINESTRING (80.2089611 12.9649525, 80.211022 12.9646751, 80.2111334 12.9646536, 80.2112299 12.9646209, 80.2112786 12.9646005, 80.2113062 12.9645643)"
1917,,primary_link,,,,,,,way/1124365933,22.43,"LINESTRING (80.2203135 12.9746827, 80.2205119 12.9746256)"
1918,,residential,,,,,,,way/1126599643,109.17,"LINESTRING (80.2205423 12.9716815, 80.2213905 12.9715432, 80.2214334 12.9715536, 80.2214709 12.9715327, 80.2215295 12.9715255)"
1919,,service,,,,,,,way/1130644634,20.54,"LINESTRING (80.19332850983858 12.9924, 80.1933253 12.9922144)"
1920,,primary_link,,,,,,,way/1131429188,12.04,"LINESTRING (80.2252635 12.9783717, 80.225212 12.9784681)"
1921,,residential,,,,,,,way/1132355845,33.85,"LINESTRING (80.2082952 12.9917544, 80.2082196 12.9914575)"
1922,,service,,,,yes,,,way/1132412544,307.92,"LINESTRING (80.21657441276643 12.9924, 80.216174 12.9917716, 80.2160821 12.9916589, 80.216016 12.9916046, 80.2159457 12.9915623, 80.2158745 12.9915049, 80.2158321 12.9914415, 80.2158042 12.9913459, 80.2156999 12.9908246, 80.2157022 12.9907812, 80.2157292 12.990735, 80.2157715 12.9907029, 80.2158322 12.9906859, 80.215949 12.9906624, 80.2161308 12.9906337, 80.2162144 12.9906106, 80.2162537 12.9905884, 80.2162816 12.9905351, 80.2163032 12.9904042, 80.2163198 12.990362, 80.2163558 12.9903138)"
1923,,residential,,,,,,,way/1136152600,17.95,"LINESTRING (80.1948924 12.9733192, 80.1948663 12.9734794)"
1924,,residential,,,,,,,way/1136152601,14.07,"LINESTRING (80.1944721 12.9732432, 80.194446 12.9733678)"
1925,,residential,,,,,,,way/1136152602,51.66,"LINESTRING (80.1949692 12.9724059, 80.1949615 12.971939)"
1926,,residential,,,,,,,way/1136392275,75.21,"LINESTRING (80.2088529 12.9908582, 80.2089805 12.991192, 80.2090865 12.9914982)"
1927,Mount - Medavakkam Road,primary,,40,,no,,,way/1138637509,40.97,"LINESTRING (80.1972031 12.9855374, 80.1971958 12.9856149, 80.1971996 12.9857062, 80.1972377 12.9859038)"
1928,,residential,,,,,,,way/1146411450,73.79,"LINESTRING (80.2181511 12.9808421, 80.2174718 12.9808092)"
1929,Ponniamman Koil Street,tertiary,,20,,,,,way/1147394813,645.56,"LINESTRING (80.1964637 12.9723418, 80.1964153 12.9720503, 80.1963411 12.971586, 80.1963389 12.9715719, 80.1963072 12.9713737, 80.1962769 12.9709574, 80.1962685 12.9708418, 80.1962612 12.9707696, 80.1962106 12.970265, 80.196212 12.9701171, 80.1962043 12.9697463, 80.1962171 12.9694499, 80.1962137 12.9693499, 80.1962068 12.968966, 80.1962102 12.9689311, 80.1962068 12.9685941, 80.1962108 12.9685328, 80.1962069 12.968261, 80.1962094 12.968078, 80.1961952 12.9677102, 80.1961811 12.9675115, 80.196173 12.96744, 80.196145 12.9670161, 80.1961411 12.9669069, 80.1961345 12.9665257)"
1930,Ponniamman Koil Street,residential,,20,,,,,way/1147394814,220.13,"LINESTRING (80.1961207 12.964658, 80.1961074 12.9643043, 80.196079 12.964028, 80.1960449 12.9639504, 80.195884 12.9633489, 80.1958015 12.963005, 80.1957613 12.9627091)"
1931,Ponniamman Koil Street,tertiary,,20,,,,,way/1147394815,168.54,"LINESTRING (80.1975475 12.9815045, 80.1975289 12.9812549, 80.1974912 12.9808885, 80.1974634 12.9807194, 80.1974135 12.9801917, 80.197413 12.9800647, 80.1974341 12.9799909)"
1932,Ponniamman Koil Street,tertiary,,20,,,yes,,way/1147394816,10.23,"LINESTRING (80.1974341 12.9799909, 80.1974266 12.9798987)"
1933,Mount - Medavakkam Road,primary,2,40,asphalt,yes,,,way/1150872406,124.38,"LINESTRING (80.1952529 12.9806799, 80.1951252 12.9804662, 80.1949808 12.9801866, 80.1946812 12.9797061)"
1934,,residential,,,,,,,way/1152322466,111.7,"LINESTRING (80.2139301 12.9770665, 80.2139022 12.9773605, 80.2138813 12.9776316, 80.2138779 12.9776515, 80.213869 12.9776705, 80.2138501 12.9776783, 80.213825 12.9776812, 80.2134653 12.9776294)"
1935,,residential,,,,,,,way/1152322467,48.19,"LINESTRING (80.2139022 12.9773605, 80.2134592 12.9773291)"
1936,,service,,,,,,,way/1154475058,10.16,"LINESTRING (80.2020688 12.9742739, 80.2020923 12.9742416, 80.2021364 12.9742124)"
1937,Taramani Link Road,primary,2,50,asphalt,yes,,,way/1154888757,18.59,"LINESTRING (80.2284 12.980261593730402, 80.2282523 12.9801764)"
1938,,residential,,,,yes,,,way/1188069309,14.53,"LINESTRING (80.2075468 12.9758995, 80.2074557 12.9758032)"
1939,,residential,,,,,,,way/1188069310,197.4,"LINESTRING (80.2075715 12.9759871, 80.2075393 12.9760158, 80.2075342 12.976027, 80.2075363 12.9760456, 80.2075441 12.976061, 80.207573 12.9760902, 80.2075985 12.9761043, 80.2076383 12.9761114, 80.2076865 12.9761136, 80.2083027 12.9760736, 80.2083151 12.976067, 80.2083233 12.9760494, 80.2083157 12.9759335, 80.2083119 12.9759147, 80.2083006 12.9758952, 80.2082806 12.9758863, 80.2076732 12.9759295, 80.2076398 12.9759316, 80.2076157 12.9759405, 80.2075972 12.9759581, 80.2075715 12.9759871)"
1940,,residential,,,,yes,,,way/1188069311,15.31,"LINESTRING (80.2073889 12.9758459, 80.2074811 12.9759507)"
1941,,residential,,,,yes,yes,,way/1188069312,4.26,"LINESTRING (80.2074811 12.9759507, 80.2075074 12.9759793)"
1942,,residential,,,,yes,yes,,way/1188069314,4.37,"LINESTRING (80.2075731 12.9759294, 80.2075468 12.9758995)"
1943,,residential,,,,,,,way/1188072772,46.42,"LINESTRING (80.2103563 12.9754807, 80.2102911 12.9754855, 80.2102657 12.9754875, 80.2099289 12.9754986)"
1944,,residential,,,,,,,way/1188072773,91.68,"LINESTRING (80.2102657 12.9754875, 80.210264 12.9753003, 80.210264 12.9752901, 80.2102609 12.9752748, 80.2102509 12.9752662, 80.210089 12.975271, 80.210032 12.9752727, 80.209918 12.9752761, 80.2098924 12.9752846, 80.2098843 12.9753024, 80.2098853 12.9754846, 80.2098917 12.9754937, 80.2099289 12.9754986)"
1945,,residential,,,,,,,way/1188072774,8.58,"LINESTRING (80.210264 12.9753003, 80.2102848 12.9753007, 80.2103431 12.9753018)"
1946,,residential,,,,,,,way/1188072775,5.66,"LINESTRING (80.210032 12.9752727, 80.2100315 12.9752555, 80.2100305 12.9752216)"
1947,,residential,,,,,,,way/1188072776,5.48,"LINESTRING (80.210089 12.975271, 80.2100884 12.9752551, 80.2100871 12.9752215)"
1948,,residential,,,,,,,way/1188072777,13.65,"LINESTRING (80.2098666 12.9755715, 80.2098612 12.9756948)"
1949,,residential,,,,,,,way/1188078978,28.24,"LINESTRING (80.2097444 12.9768214, 80.2097712 12.9765675)"
1950,DRA Tuxedo Elite Path,residential,,,,yes,,,way/1188081291,89.31,"LINESTRING (80.2088107 12.9754653, 80.2081835 12.9755323, 80.2081539 12.9755492, 80.2081242 12.9755769, 80.2081023 12.9756007, 80.208075 12.9756586, 80.2080686 12.9756764)"
1951,DRA Tuxedo Elite Path,residential,,,,yes,,building_passage,way/1188081292,25.96,"LINESTRING (80.2090443 12.9754855, 80.2090163 12.9754676, 80.2089623 12.9754627, 80.2088809 12.9754636, 80.2088107 12.9754653)"
1952,,residential,,,,yes,,,way/1188081293,7.49,"LINESTRING (80.2078889 12.9755264, 80.2079323 12.975579)"
1953,,residential,,,,yes,,,way/1188081294,10.34,"LINESTRING (80.2080686 12.9756764, 80.2080605 12.9756619, 80.2080387 12.9756379, 80.2080067 12.975606)"
1954,,residential,,,,yes,yes,,way/1188081295,7.42,"LINESTRING (80.2079323 12.975579, 80.2079739 12.9756322)"
1955,,residential,,,,,,,way/1188198881,64.3,"LINESTRING (80.201697 12.9750957, 80.2016594 12.9745157)"
1956,,service,,,,,,,way/1188238535,187.94,"LINESTRING (80.2179014 12.9817607, 80.2176901 12.9817327, 80.2176497 12.9817274, 80.2175367 12.9817264, 80.2174953 12.9817239, 80.2167819 12.9816809, 80.2167694 12.9816591, 80.2167631 12.9816223, 80.216784 12.98152, 80.2168115 12.9815018, 80.2168436 12.9815034, 80.2170732 12.9814888, 80.2170696 12.9814016, 80.2170693 12.9813479)"
1957,,residential,,,,,,,way/1188240701,270.2,"LINESTRING (80.2202356 12.9801317, 80.2197581 12.9801631, 80.2197315 12.9801678, 80.2197187 12.9801776, 80.2197107 12.9801985, 80.219719 12.98079, 80.2197194 12.9808317, 80.2197256 12.9808534, 80.2197388 12.980865, 80.2197581 12.9808674, 80.2202506 12.9808644, 80.2202535 12.9805603, 80.2202356 12.9801317)"
1958,,residential,,,,,,,way/1188240702,37.05,"LINESTRING (80.2210565 12.9805552, 80.2210114 12.9805543, 80.2207152 12.9805641)"
1959,,residential,,,,,,,way/1188240703,81.79,"LINESTRING (80.2202506 12.9808644, 80.2206609 12.9808807, 80.2206836 12.9808752, 80.2206899 12.9808633, 80.2207152 12.9805641)"
1960,,service,,,,,,,way/1188240704,25.41,"LINESTRING (80.2208204 12.9808432, 80.2210445 12.9807765)"
1961,,residential,,,,,,,way/1188241308,34.72,"LINESTRING (80.2191853 12.9843761, 80.2191871 12.9843561, 80.2191951 12.9840624)"
1962,,residential,,,,,,,way/1188645110,31.82,"LINESTRING (80.1997909 12.9831709, 80.1998092 12.983458)"
1963,,residential,,,,,,,way/1188652322,195.62,"LINESTRING (80.1900361 12.9729063, 80.1899578 12.9729075, 80.1897038 12.9729115, 80.189652 12.9720598, 80.1896415 12.9720349, 80.1896239 12.972023, 80.1894547 12.9720413, 80.1894143 12.9720657, 80.1893886 12.9720919, 80.1893614 12.9721074, 80.1891933 12.9721417, 80.1891662 12.9721472, 80.1891 12.972148361403509)"
1964,,service,,,,yes,,,way/1188798891,29.32,"LINESTRING (80.21791857138965 12.9924, 80.217878 12.9923761, 80.2178169 12.9923493, 80.2177082 12.9923112, 80.2176679 12.9923161)"
1965,,residential,,,,,,,way/1188800469,80.64,"LINESTRING (80.1976564 12.9824182, 80.1976454 12.9823587, 80.1976231 12.9822385, 80.1976175 12.9822043, 80.1976036 12.9821881, 80.1975849 12.9821839, 80.197556 12.9821841, 80.1974815 12.9821917, 80.1972528 12.9822222, 80.1971101 12.9822541)"
1966,3rd road,residential,,,,,,,way/1188857880,258.49,"LINESTRING (80.2005929 12.9715959, 80.2004641 12.9711608, 80.2003795 12.9708282, 80.200341 12.9707158, 80.1996009 12.9708006, 80.1994759 12.9708032, 80.1988972 12.9707673)"
1967,,residential,,,,,,,way/1188868247,75.97,"LINESTRING (80.1982375 12.9703903, 80.198043 12.9703972, 80.1975396 12.970443)"
1968,,residential,,,,,,,way/1188868248,44.62,"LINESTRING (80.1982799 12.9707915, 80.1982375 12.9703903)"
1969,Kalai Magal Street,residential,,,,,,,way/1188868988,47.91,"LINESTRING (80.1981668 12.9695809, 80.1982009 12.9700127)"
1970,,residential,,,,,,,way/1188868989,41.96,"LINESTRING (80.1982375 12.9703903, 80.1982009 12.9700127)"
1971,,residential,,,,,,,way/1188868990,148.83,"LINESTRING (80.1987725 12.9699818, 80.1986854 12.969552, 80.198537 12.9686567)"
1972,Lake View Road,residential,,,unpaved,,,,way/1188900721,409.54,"LINESTRING (80.2143663 12.9869658, 80.2144539 12.9869649, 80.2149316 12.9868507, 80.2150801 12.9868466, 80.215312 12.9868557, 80.2154536 12.9868485, 80.2157807 12.9867743, 80.2159996 12.9867513, 80.2163038 12.986757, 80.2166491 12.9868129, 80.2168894 12.9868464, 80.2170693 12.9868359, 80.2174512 12.9867143, 80.2176887 12.9866695, 80.2178813 12.9866229, 80.2180718 12.9865688)"
1973,,service,,,,,,,way/1188912537,1.67,"LINESTRING (80.2143976 12.9621141, 80.21440317037037 12.9621)"
1974,,residential,,,,,,,way/1188919587,30.93,"LINESTRING (80.198639 12.9897137, 80.1987112 12.9899842)"
1975,,residential,,,,,,,way/1188922580,6.15,"LINESTRING (80.2125432 12.9797168, 80.2125997 12.9797217)"
1976,Malles Arcadia Road,residential,,,,,,,way/1188926341,296.37,"MULTILINESTRING ((80.2127886 12.9792713, 80.2126934 12.9792651, 80.2126662 12.9792635, 80.2126501 12.9792703, 80.2126408 12.9792984, 80.2126363 12.9793447, 80.2126347 12.9793605, 80.2125997 12.9797217, 80.2125823 12.9798907, 80.2125828 12.9799047, 80.2125964 12.979914, 80.2126153 12.9799214, 80.2132382 12.9799725, 80.21325 12.9799592, 80.2133017 12.9794368, 80.2133107 12.9793194, 80.2132979 12.9793148, 80.2132798 12.9793076, 80.2127886 12.9792713), (80.2127886 12.9792713, 80.2127909 12.9792419, 80.2127891 12.9791936))"
1977,,residential,,,,,,,way/1188960376,109.38,"LINESTRING (80.2119307 12.9763521, 80.2119181 12.9765077, 80.2118891 12.9767261, 80.2118829 12.9768663, 80.2118634 12.9770087, 80.2118465 12.9773366)"
1978,,residential,,,,,,,way/1188960377,61.79,"LINESTRING (80.2124986 12.976394, 80.2119307 12.9763521)"
1979,,living_street,,,,,,,way/1189071890,54.49,"LINESTRING (80.2242952 12.9866264, 80.2244637 12.9870904)"
1980,,service,2,,asphalt,no,,,way/1189080829,41.43,"LINESTRING (80.2125386 12.9726672, 80.2126002 12.9726628, 80.2129192 12.9726367)"
1981,,service,,,,,,,way/1189085406,23.46,"LINESTRING (80.2166299 12.9666178, 80.2164228 12.9666789)"
1982,,service,,,,,,,way/1189085792,77.95,"LINESTRING (80.2179925 12.9680849, 80.2181077 12.9680541, 80.218186 12.9680607, 80.2182945 12.968091, 80.2183347 12.9681272, 80.2183374 12.968184, 80.2183141 12.9682291, 80.2182486 12.96826, 80.2180871 12.9683147)"
1983,,service,,,,,,,way/1189086081,89.12,"LINESTRING (80.2187805 12.966527, 80.2188223 12.9668511, 80.2193091 12.9668133)"
1984,,service,,,,,,,way/1189086082,95.08,"LINESTRING (80.2200426 12.9663761, 80.220101 12.9667092, 80.2195751 12.966786)"
1985,,residential,,,,,,,way/1189086491,58.92,"LINESTRING (80.2138463 12.9639852, 80.2139201 12.9643393, 80.213955 12.964507)"
1986,,residential,,,,,,,way/1189086492,49.29,"LINESTRING (80.2139201 12.9643393, 80.2134747 12.9644271)"
1987,,residential,,,,,,,way/1189086745,30.88,"LINESTRING (80.2129966 12.9661173, 80.2129714 12.9658393)"
1988,Ganesh Nagar 1st Main Road,residential,,,,,,,way/1189128912,44.4,"LINESTRING (80.1891 12.962303232034795, 80.1895027 12.9622318)"
1989,Sivaraman Street,service,,,,,,,way/1189132047,30.58,"LINESTRING (80.2052845 12.9674253, 80.205205 12.9673863, 80.2050657 12.9673179, 80.2050322 12.9673022)"
1990,,residential,,,,,,,way/1189135479,32.68,"LINESTRING (80.2085264 12.9653304, 80.2084543 12.9650436)"
1991,RamNagar 1st street (north.extn),residential,,,,,,,way/1189135480,528.1,"LINESTRING (80.209234 12.969712, 80.2092136 12.9692799, 80.2092088 12.9691775, 80.2091876 12.9687276, 80.2091835 12.9686419, 80.2091405 12.9683547, 80.2091397 12.9681144, 80.2091333 12.9680616, 80.2091323 12.9675553, 80.2091232 12.9673622, 80.2090742 12.9670407, 80.2090576 12.9668061, 80.2090356 12.9665268, 80.2090085 12.9662371, 80.209014 12.965977, 80.2090209 12.9656537, 80.2090117 12.9654764, 80.2089825 12.9652691, 80.2089816 12.9652474, 80.2089611 12.9649525)"
1992,,residential,,,,,,,way/1189149556,69.82,"LINESTRING (80.1934248 12.9760472, 80.193055 12.9755307)"
1993,Ponnappan Street,residential,,,asphalt,,,,way/1189149557,82.13,"LINESTRING (80.1926678 12.9755792, 80.193055 12.9755307, 80.1931365 12.975517, 80.1934201 12.9755026)"
1994,,residential,,,,,,,way/1189289883,65.61,"LINESTRING (80.2021456 12.9760712, 80.2021379 12.9759291, 80.2021178 12.9754788)"
1995,6th Street,residential,,,,,,,way/1189290221,195.76,"LINESTRING (80.2069323 12.9773023, 80.2082012 12.9772085, 80.208728 12.977137)"
1996,,residential,,,,,,,way/1189290501,83.5,"LINESTRING (80.2093084 12.9771164, 80.2100771 12.9771535)"
1997,,service,,,,,,,way/1189327491,72.21,"LINESTRING (80.2122316 12.9771898, 80.2122566 12.9769167, 80.2122465 12.9768988, 80.2118829 12.9768663)"
1998,,residential,,,,,,,way/1189327975,27.15,"LINESTRING (80.2130117 12.9758119, 80.2132613 12.9758294)"
1999,,service,,,,,,,way/1189327976,52.79,"LINESTRING (80.2130423 12.9754953, 80.2130596 12.9754962, 80.2133424 12.9755102, 80.2135282 12.9755194)"
2000,,residential,,,,,,,way/1189327977,57.5,"LINESTRING (80.213395 12.9764168, 80.2134197 12.9758976)"
2001,,service,,,,,,,way/1189329459,38.8,"LINESTRING (80.2120279 12.9782279, 80.2120272 12.9782643, 80.2120217 12.9785786)"
2002,,residential,,,,,,,way/1189330081,56.86,"LINESTRING (80.2136106 12.978631, 80.2130879 12.9785936)"
2003,,residential,,,,,,,way/1189330702,46.4,"LINESTRING (80.216261 12.9795696, 80.2162631 12.979989)"
2004,,residential,,,,,,,way/1189331588,31.75,"LINESTRING (80.21803 12.9793741, 80.2180293 12.9792467, 80.2180284 12.9790871)"
2005,,residential,,,,,,,way/1189331589,183.24,"LINESTRING (80.2181045 12.9790874, 80.2181118 12.9788349, 80.2178795 12.9788251, 80.2176336 12.9788105, 80.2176332 12.9785881, 80.2176318 12.9783435, 80.2176355 12.9781255, 80.2176437 12.9781123, 80.2176611 12.9781079, 80.2178811 12.9781187)"
2006,,residential,,,,,,,way/1189333177,56.81,"LINESTRING (80.2192714 12.9782778, 80.2196763 12.9783145, 80.219687 12.9784288)"
2007,,service,,,,,,,way/1189336846,113.75,"LINESTRING (80.2201404 12.9763325, 80.2201986 12.9763348, 80.220567 12.9763529, 80.220565 12.9764904, 80.2202412 12.9764909, 80.2202038 12.9764805, 80.2200871 12.9764609)"
2008,,service,,,,,,,way/1189336847,42.81,"LINESTRING (80.2201547 12.9762902, 80.220204 12.9762887, 80.2205484 12.9763119)"
2009,,residential,,,,,,,way/1189342898,70.94,"LINESTRING (80.2199529 12.9767862, 80.2199929 12.9767908, 80.2202599 12.9768212, 80.2202697 12.9768301, 80.2202719 12.9769677, 80.220463 12.9769692)"
2010,,residential,,,,,,,way/1189342899,47.57,"LINESTRING (80.2200465 12.977651, 80.2202475 12.9776618, 80.2204842 12.9776763)"
2011,,residential,,,,,,,way/1189342900,45.83,"LINESTRING (80.22026 12.9773153, 80.2202592 12.9773556, 80.2202549 12.9774936, 80.2204954 12.9774967)"
2012,,residential,,,,,,,way/1189342901,45.54,"LINESTRING (80.2202631 12.9771395, 80.22026 12.9773153, 80.2205004 12.9773219)"
2013,,residential,,,,,,,way/1189342902,30.09,"LINESTRING (80.2202663 12.9770696, 80.2202631 12.9771395, 80.220469 12.977145)"
2014,,residential,,,,,,,way/1189342903,34.3,"LINESTRING (80.2202719 12.9769677, 80.2202663 12.9770696, 80.2200542 12.9770714)"
2015,,residential,,,,,,,way/1189342904,60.05,"LINESTRING (80.2202549 12.9774936, 80.2202475 12.9776618, 80.2202397 12.9778287, 80.2204511 12.9778337)"
2016,,residential,,,,,,,way/1189342905,43.6,"LINESTRING (80.2202592 12.9773556, 80.2200503 12.9773523, 80.2200478 12.9775415)"
2017,,residential,,,,,,,way/1189344001,168.16,"LINESTRING (80.221206 12.9775302, 80.2211308 12.9775269, 80.2206096 12.9775033, 80.2205893 12.9775113, 80.2205761 12.9775352, 80.2205741 12.9777885, 80.2205928 12.9777977, 80.2206297 12.9777977, 80.220749 12.9777718, 80.2207955 12.977751, 80.2208617 12.9777346, 80.2209307 12.9777254, 80.2211398 12.9777386, 80.2212061 12.9777428)"
2018,,residential,,,,,,,way/1189344572,150.29,"LINESTRING (80.2219607 12.9775298, 80.2219561 12.9775816, 80.2219258 12.9779195, 80.2219045 12.9779344, 80.2213509 12.9779049, 80.2213657 12.9775746, 80.2213705 12.9775075)"
2019,,service,,,,,,,way/1189345200,159.06,"LINESTRING (80.2211016 12.9797452, 80.2212051 12.9797443, 80.2217123 12.9797803, 80.2217224 12.9797825, 80.2217289 12.9797909, 80.2217069 12.98, 80.2216967 12.9800062, 80.221686 12.9800092, 80.2211898 12.9799937, 80.2210909 12.9799885)"
2020,,service,,,,,,,way/1189346111,77.07,"LINESTRING (80.2211287 12.979223, 80.2212096 12.9792294, 80.2218368 12.9792789)"
2021,,residential,,,,yes,,,way/1189347510,108.36,"LINESTRING (80.2219275 12.9764634, 80.2219239 12.9764891, 80.2219145 12.9765438, 80.221885 12.9767649, 80.2218739 12.9767879, 80.2218562 12.9768023, 80.2212847 12.9767912, 80.2212642 12.9767903, 80.2212169 12.9767901)"
2022,,residential,,,,,,,way/1189352635,75.5,"LINESTRING (80.2037305 12.9712539, 80.2044118 12.9711152)"
2023,,residential,,,,,,,way/1189601696,48.41,"LINESTRING (80.1961237 12.964921, 80.196068 12.9649296, 80.1956808 12.9649734)"
2024,,living_street,,,,,,,way/1189601697,47.13,"LINESTRING (80.1955905 12.9655174, 80.1956404 12.9659406)"
2025,,residential,,,,,,,way/1189602929,89.27,"LINESTRING (80.1985354 12.9659208, 80.1983988 12.9651251)"
2026,,living_street,,,,,,,way/1189602930,49.07,"LINESTRING (80.198694 12.966199, 80.1982496 12.9662814)"
2027,,residential,,,,,,,way/1189602931,38.4,"LINESTRING (80.2013592 12.9658213, 80.2010136 12.9658962)"
2028,,living_street,,,,,,,way/1189610757,34.17,"LINESTRING (80.2176869 12.9884057, 80.2177356 12.9886632, 80.2177444 12.9887094)"
2029,,residential,,,,,,,way/1189624217,61.21,"LINESTRING (80.1957959 12.9916449, 80.1952344 12.9916995)"
2030,,residential,,,,,,,way/1190087889,86.81,"LINESTRING (80.19011178904417 12.9924, 80.1903414 12.992278, 80.1898359 12.9920946)"
2031,,residential,,,,,,,way/1190087890,342.3,"LINESTRING (80.19134281689612 12.9924, 80.1916858 12.992243, 80.1917105 12.9922135, 80.1917104 12.9921784, 80.1898885 12.9914928, 80.1897342 12.9915589, 80.1897121 12.9915901, 80.1896986 12.9916156, 80.1896884 12.9916579, 80.1896928 12.9916911, 80.1898359 12.9920946)"
2032,,residential,,,,,,,way/1190127497,55.73,"LINESTRING (80.2140518 12.9897311, 80.2141076 12.9899731, 80.2141083 12.98998, 80.2141066 12.989986, 80.2141019 12.9899901, 80.2140972 12.9899914, 80.2138657 12.9900369)"
2033,Somasundaram Street,residential,,,,,,,way/1190128136,88.69,"LINESTRING (80.2193372 12.9910729, 80.2191194 12.9911411, 80.2185521 12.9912959)"
2034,,living_street,,,,,,,way/1190128770,101.4,"LINESTRING (80.2192026 12.9870319, 80.2195527 12.9878817)"
2035,,service,,,,,,,way/1190129548,77.57,"LINESTRING (80.2221549 12.9888707, 80.2221316 12.9888409, 80.2217639 12.9882838)"
2036,,service,,,,,,,way/1190129549,210.34,"LINESTRING (80.2216446 12.9892802, 80.2216028 12.9892263, 80.2212203 12.9886749, 80.2212198 12.9886711, 80.221221 12.9886677, 80.2212232 12.9886639, 80.221602 12.9884138, 80.2216089 12.988411, 80.2216191 12.9884107, 80.2216285 12.988415, 80.2216369 12.9884233, 80.2219643 12.9889129, 80.2220104 12.9889818)"
2037,,residential,,,,,,,way/1190129954,90.81,"LINESTRING (80.2201434 12.9881703, 80.2204784 12.9889225)"
2038,,service,,,,,,,way/1190131059,215.55,"MULTILINESTRING ((80.2209708 12.989835, 80.2210046 12.9898857, 80.2210384 12.9899364), (80.2210384 12.9899364, 80.2214019 12.9904824, 80.2213927 12.9905097, 80.2211773 12.9906419, 80.2211564 12.9906388, 80.2208348 12.9901715, 80.2208403 12.9901425, 80.2210384 12.9899364))"
2039,,residential,,,,,,,way/1190132080,59.76,"LINESTRING (80.2219036 12.987436, 80.2218339 12.9872208, 80.2218102 12.9872147, 80.221791 12.987216, 80.221527 12.9872977)"
2040,,service,,,,,,,way/1190144289,11.6,"LINESTRING (80.2222806 12.9722581, 80.2222294 12.9722619, 80.2221739 12.9722652)"
2041,,residential,,,,,,,way/1190145113,103.94,"LINESTRING (80.2271179 12.9729427, 80.2266264 12.9728731, 80.2266056 12.972978, 80.2262577 12.9729228)"
2042,,residential,,,,,,,way/1190297637,34.01,"LINESTRING (80.2261285 12.9841916, 80.2261524 12.9841911, 80.2264419 12.9841852)"
2043,,service,,,,,,,way/1190297959,105.19,"LINESTRING (80.2224252 12.9807615, 80.2224354 12.9812088, 80.2224306 12.9817122)"
2044,,service,,,,,,,way/1190297960,44.38,"LINESTRING (80.2221095 12.9812188, 80.2221169 12.9816199)"
2045,,service,,,,,,,way/1190297961,45.47,"LINESTRING (80.2217918 12.9812285, 80.2217976 12.9816395)"
2046,,residential,,,,,,,way/1190298335,76.88,"LINESTRING (80.2237527 12.9838236, 80.2237534 12.9838113, 80.2237636 12.9836229, 80.2234271 12.9835895, 80.2232625 12.9835731)"
2047,,residential,,,,,,,way/1190298474,63.35,"LINESTRING (80.2225223 12.9838238, 80.2226183 12.9838014, 80.2230787 12.9837135, 80.223093 12.983721)"
2048,Karnam Street,residential,,,,,,,way/1190298613,84.71,"LINESTRING (80.2225553 12.983064, 80.2225812 12.9836924, 80.2225743 12.9837393, 80.2225076 12.9838003)"
2049,,residential,,,,,,,way/1190309118,66.01,"LINESTRING (80.2016951 12.9737346, 80.2017602 12.9740501, 80.20176 12.9740711, 80.2017432 12.9740847, 80.2015078 12.9741117)"
2050,,residential,,,,,,,way/1190309581,92.36,"LINESTRING (80.2033501 12.9715532, 80.2030236 12.9715706, 80.2029995 12.9715562, 80.2029838 12.9715312, 80.2029099 12.9710798)"
2051,,residential,,,,,,,way/1190309582,99.82,"LINESTRING (80.2034523 12.9721373, 80.203194 12.9722211, 80.2031444 12.9722277, 80.2029781 12.9721989, 80.2026529 12.9719245)"
2052,,living_street,,,,,,,way/1190318006,85.65,"LINESTRING (80.1919816 12.9787667, 80.1920572 12.9791125, 80.1921664 12.9795192)"
2053,,residential,,,,,,,way/1190318324,56.16,"LINESTRING (80.196113 12.9794525, 80.1961606 12.979958)"
2054,,residential,,,,,,,way/1190318704,53.41,"LINESTRING (80.196916 12.9785951, 80.1968594 12.9790747)"
2055,Gandhi Street,residential,,,,,,,way/1190319134,76.96,"LINESTRING (80.1988672 12.9804563, 80.1987358 12.9797727)"
2056,,residential,,,,,,,way/1190319492,72.89,"LINESTRING (80.19981 12.978775, 80.1998235 12.9781163)"
2057,Gopinathan Street,residential,,,,,,,way/1190320132,28.41,"LINESTRING (80.199239 12.9762338, 80.199249 12.9764904)"
2058,,residential,,,,,,,way/1190509379,39.24,"LINESTRING (80.2111385 12.9795738, 80.2107789 12.9795356)"
2059,,residential,,,,,,,way/1190523337,41.21,"LINESTRING (80.207543 12.9916678, 80.2074391 12.9913095)"
2060,,residential,,,,,,,way/1190561525,98.59,"LINESTRING (80.2260035 12.9711645, 80.2259094 12.9720509)"
2061,,residential,,,,,,,way/1190561808,30.21,"LINESTRING (80.2284 12.973581864635454, 80.2281219 12.9735679)"
2062,,residential,,,,,,,way/1190576280,60.1,"LINESTRING (80.2260306 12.9730901, 80.2265041 12.9731483, 80.2265798 12.9731606)"
2063,,residential,,,,,,,way/1190576281,78.24,"LINESTRING (80.2265798 12.9731606, 80.2265991 12.9731651, 80.2272883 12.9732923)"
2064,,residential,,,,,,,way/1190577687,105.32,"LINESTRING (80.2199898 12.9733833, 80.2209563 12.9732947)"
2065,,residential,,,,,,,way/1190577688,21.75,"LINESTRING (80.2209563 12.9732947, 80.2209617 12.9734912)"
2066,,residential,,,,,,,way/1190577689,28.09,"LINESTRING (80.2209563 12.9732947, 80.2210742 12.973286, 80.2212145 12.9732757)"
2067,,residential,,,,,,,way/1190577690,76.65,"LINESTRING (80.2228208 12.9734807, 80.2223823 12.9734991, 80.2223793 12.9734564, 80.222376 12.9732368)"
2068,,residential,,,,,,,way/1190577691,125.18,"LINESTRING (80.2223793 12.9734564, 80.2212519 12.9735076, 80.2212269 12.9735047)"
2069,,residential,,,asphalt,,,,way/1190763076,58.33,"LINESTRING (80.2183845 12.9897045, 80.2182117 12.9892557, 80.218198 12.9892312, 80.2181838 12.9892174)"
2070,,living_street,,,,,,,way/1190814307,43.86,"LINESTRING (80.1946304 12.9879635, 80.194536 12.987578)"
2071,,service,,,,,,,way/1190952340,59.61,"LINESTRING (80.1984936 12.9907953, 80.1985651 12.9906932, 80.1985283 12.9904789, 80.1987222 12.990425)"
2072,,residential,,,,,,,way/1191209686,56.36,"LINESTRING (80.2190144 12.9726125, 80.2184971 12.9726589)"
2073,,service,,,,,,,way/1191209687,232.13,"LINESTRING (80.2210349 12.972005, 80.2210869 12.9719944, 80.221116 12.9719707, 80.2211211 12.9719523, 80.2211296 12.9718623, 80.2211107 12.9717558, 80.2210965 12.9716944, 80.2210841 12.9716536, 80.2210726 12.9716417, 80.2197731 12.9718775, 80.2197226 12.9718991, 80.2196631 12.9719371, 80.2196001 12.9719738, 80.219545 12.9720172, 80.2195243 12.9720315, 80.2195102 12.9720414, 80.2194461 12.9720642)"
2074,,residential,,,,,,,way/1191209688,155.03,"LINESTRING (80.2198761 12.9731033, 80.220493 12.972998, 80.2208455 12.9729363, 80.2209869 12.97291, 80.2210155 12.9729141, 80.2210322 12.9729519, 80.2210408 12.9730325, 80.2210472 12.9731767)"
2075,,residential,,,,,,,way/1191210144,43.1,"LINESTRING (80.2060733 12.9667474, 80.2061332 12.9671325)"
2076,,residential,,,,,,,way/1191211656,33.4,"LINESTRING (80.2019483 12.9822938, 80.2022486 12.9822272)"
2077,,residential,,,,,,,way/1191211657,56.33,"LINESTRING (80.201173 12.9808562, 80.2011205 12.9803496)"
2078,,service,,,,,,,way/1191215246,24.45,"LINESTRING (80.2090782 12.9830159, 80.2090707 12.9832368)"
2079,,service,,,,,,,way/1191215247,23.6,"LINESTRING (80.2087024 12.9833645, 80.2089199 12.9833695)"
2080,,service,,,,,,,way/1191215248,21.72,"LINESTRING (80.2092269 12.983376, 80.2094271 12.9833799)"
2081,,service,,,,,,,way/1191215249,23.17,"LINESTRING (80.2090616 12.9837461, 80.2090714 12.9835369)"
2082,,residential,,,,,,,way/1191215251,50.35,"LINESTRING (80.2094783 12.982398, 80.2099424 12.9823937)"
2083,,residential,,,,,,,way/1191718573,57.67,"LINESTRING (80.1996087 12.9638801, 80.1996246 12.9634631, 80.1996381 12.9634239, 80.1996595 12.9633925, 80.199683 12.9633833)"
2084,,residential,,,,,,,way/1191744329,90.85,"LINESTRING (80.1907773 12.9708151, 80.1908021 12.9708119, 80.191242 12.9707544, 80.19128 12.9707508, 80.1912989 12.9707495, 80.191323 12.9707393, 80.1913261 12.9707264, 80.1912909 12.9705707, 80.1912737 12.9704869, 80.1912694 12.9704659)"
2085,,service,,,,,,,way/1191744330,87.42,"LINESTRING (80.1936 12.9727269, 80.1935972 12.972679, 80.1935945 12.9726311, 80.1935917 12.9725353, 80.1935927 12.9724727, 80.1935976 12.9724335, 80.1936089 12.9724048, 80.1936412 12.9723845, 80.1936731 12.9723749, 80.1937175 12.9723743, 80.1937442 12.9723911, 80.1937656 12.9724387, 80.1937904 12.9725346, 80.1937994 12.972646, 80.1938041 12.9727036)"
2086,,residential,,,,,,,way/1191745300,24.08,"LINESTRING (80.194108 12.9731756, 80.1940851 12.9733921)"
2087,,residential,,,,,,,way/1191745740,36.75,"LINESTRING (80.1963411 12.971586, 80.1963745 12.9715806, 80.196458 12.9715672, 80.1965492 12.9715503, 80.1966024 12.9715362, 80.1966708 12.9715131)"
2088,,residential,,,,,,,way/1191755672,12.02,"LINESTRING (80.1891 12.989839557337435, 80.1892087 12.9898184)"
2089,,residential,,,,,,,way/1191764676,63.05,"LINESTRING (80.2229732 12.9686982, 80.2232625 12.9686875, 80.2234226 12.9689265)"
2090,,residential,,,,,,,way/1191804343,33.38,"LINESTRING (80.2005625 12.9898682, 80.2002664 12.9899503)"
2091,,residential,,,,,,,way/1191804344,23.05,"LINESTRING (80.2003357 12.9880537, 80.2005471 12.9880329)"
2092,,residential,,,,,,,way/1191972032,7.01,"LINESTRING (80.2284 12.978821567323651, 80.2283355 12.9788177)"
2093,,residential,,,,,,,way/1191973302,77.09,"LINESTRING (80.2280216 12.9752096, 80.2278267 12.9751879, 80.2278024 12.9751896, 80.2277806 12.9752072, 80.2277625 12.9752539, 80.2277507 12.9752944, 80.2277291 12.9753836, 80.2279986 12.9754343)"
2094,,residential,,,,,,,way/1191973303,18.26,"LINESTRING (80.2277291 12.9753836, 80.2276898 12.9755441)"
2095,,service,,,,,,,way/1191974815,37.8,"LINESTRING (80.2230849 12.9761473, 80.2230841 12.9761256, 80.2230734 12.9758058)"
2096,,residential,,,,,,,way/1191975196,32.36,"LINESTRING (80.2240014 12.9761044, 80.2240285 12.9758131)"
2097,,residential,,,,yes,,,way/1192038211,177.18,"LINESTRING (80.1946242 12.9834124, 80.1944902 12.9834568, 80.1941613 12.983552, 80.1940392 12.9835832, 80.1939995 12.9835738, 80.1939751 12.9835423, 80.1939143 12.9832003, 80.1939319 12.9831817, 80.1939609 12.9831683, 80.1944634 12.9830048)"
2098,,residential,,,,,,,way/1192039373,64.09,"LINESTRING (80.1980197 12.9816758, 80.1981268 12.9822455)"
2099,,residential,,,,,,,way/1192040138,28.85,"LINESTRING (80.1994283 12.9841265, 80.1991643 12.9841575)"
2100,,residential,,,,,,,way/1192126336,55.6,"LINESTRING (80.197518 12.9622864, 80.1976542 12.9627709)"
2101,,residential,,,,,,,way/1192636613,18.72,"LINESTRING (80.2041294 12.9734235, 80.2043019 12.9734198)"
2102,,residential,,,,,,,way/1193956201,54.09,"LINESTRING (80.1980178 12.9647756, 80.1980471 12.9652637)"
2103,Karuneegar Street,residential,,,,,,,way/1194200628,35.17,"LINESTRING (80.2026431 12.9917043, 80.2025938 12.9917079, 80.2023198 12.9917281)"
2104,,residential,,,,,,,way/1194683751,27.36,"LINESTRING (80.2058225 12.9716044, 80.2057807 12.9713605)"
2105,Alumni Avenue,service,,35,asphalt,,,,way/1200999471,669.89,"LINESTRING (80.2276346 12.9902332, 80.2274875 12.9902027, 80.2273537 12.9901892, 80.2272555 12.9901747, 80.2266113 12.9900608, 80.2264169 12.9900571, 80.2261963 12.9901153, 80.225983 12.9901457, 80.2258893 12.9901527, 80.2257636 12.9901268, 80.2255597 12.9900285, 80.2253438 12.9898742, 80.2251878 12.9897739, 80.2250337 12.9896872, 80.2247887 12.9896122, 80.2245714 12.98958, 80.2243006 12.9895542, 80.2237761 12.9895241, 80.2236512 12.9894433, 80.2235266 12.9893499, 80.2233929 12.9891684, 80.2233473 12.9887293, 80.2233212 12.9886196, 80.2233088 12.9884242, 80.2232896 12.9882983, 80.2232738 12.9879751, 80.2232393 12.9876005)"
2106,Velachery Upper Flyover,primary,,,,yes,yes,,way/1201588256,539.56,"LINESTRING (80.2248166 12.9781831, 80.2228202 12.9769565, 80.2224214 12.9767141, 80.2219842 12.9764383, 80.2215738 12.9761809, 80.2214758 12.9761156, 80.2213034 12.9759994, 80.2210294 12.9757944, 80.2209646 12.9757511, 80.2209235 12.9757259, 80.2208423 12.9756871, 80.2207455 12.9756531, 80.2206706 12.9756388, 80.2205984 12.9756328)"
2107,Velachery Upper Flyover,primary,,,,yes,yes,,way/1201588257,44.89,"LINESTRING (80.2205984 12.9756328, 80.2205283 12.9756348, 80.2204539 12.9756479, 80.2203906 12.9756654, 80.220321 12.9756933, 80.2202728 12.9757177, 80.2202138 12.9757596)"
2108,,residential,,,,,,,way/1203445443,76.26,"LINESTRING (80.2143368 12.9866607, 80.2136345 12.9866891)"
2109,,service,,,,,,,way/1203450235,55.33,"LINESTRING (80.2111016 12.986918, 80.2113853 12.9868986, 80.2116101 12.9868796)"
2110,,residential,,,,,,,way/1205144949,132.72,"LINESTRING (80.2003605 12.9630789, 80.2002804 12.963094, 80.2002482 12.9630926, 80.2002314 12.9630775, 80.2002131 12.9630262, 80.2001899 12.9630049, 80.200147 12.9629944, 80.2001275 12.962978, 80.2001139 12.9629447, 80.2001055 12.9629095, 80.2000833 12.9628935, 80.2000418 12.9628935, 80.1997423 12.9629372, 80.1997012 12.9629615, 80.1996817 12.9629904, 80.1996756 12.9630565, 80.199683 12.9633833)"
2111,,service,,,,,,,way/1205484742,176.6,"LINESTRING (80.2193515 12.9718275, 80.2194954 12.9718015, 80.2198973 12.9717287, 80.219919 12.9717128, 80.2199253 12.9716846, 80.2198854 12.9714522, 80.2198741 12.9714198, 80.2198479 12.971391, 80.2194989 12.9714564, 80.219475 12.9714736, 80.2194734 12.9715027, 80.2194887 12.9715579, 80.2194261 12.9715772, 80.2192707 12.9716252)"
2112,,primary_link,,,asphalt,,,,way/1206879466,10.09,"LINESTRING (80.2178496 12.9833506, 80.2179426 12.9833477)"
2113,,residential,,,,,,,way/1207183517,72.32,"LINESTRING (80.2144047 12.9805572, 80.2144083 12.9805458, 80.214409 12.9805308, 80.2144188 12.9802379, 80.2144181 12.9801133, 80.2144024 12.9799048)"
2114,,residential,,,,,,,way/1207183518,98.42,"LINESTRING (80.2144024 12.9799048, 80.2134958 12.9798739)"
2115,,service,,,,,,,way/1207686600,125.46,"LINESTRING (80.209044 12.9843492, 80.2090445 12.9848237, 80.2089037 12.9848429, 80.2089055 12.9851102, 80.2091245 12.9851156, 80.2091241 12.9851536)"
2116,,residential,,,,,,,way/1207692142,13.68,"LINESTRING (80.200325 12.9914747, 80.2004471 12.9914438)"
2117,,living_street,,,,,,,way/1207692143,27.37,"LINESTRING (80.200325 12.9914747, 80.2002117 12.9912537)"
2118,,living_street,,,,,,,way/1207692144,57.17,"LINESTRING (80.2004471 12.9914438, 80.2002884 12.990951)"
2119,,residential,,,,,,,way/1207692145,16.62,"LINESTRING (80.2006002 12.9914387, 80.2004471 12.9914438)"
2120,Kakkan Nagar Main Road,tertiary,,,,,,,way/1207695460,44.24,"LINESTRING (80.2048137 12.9883313, 80.2047744 12.9880362, 80.2047748 12.9879339)"
2121,Kakkan Nagar Main Road,tertiary,,,,,yes,,way/1207695461,28.42,"LINESTRING (80.2048306 12.9885877, 80.2048137 12.9883313)"
2122,,residential,,,,,,,way/1207942517,61.8,"LINESTRING (80.2115839 12.97507, 80.2115316 12.9754526, 80.2115103 12.9756239)"
2123,,residential,,,,,,,way/1207942518,50.05,"LINESTRING (80.2115316 12.9754526, 80.2110718 12.9754161)"
2124,,service,,,,,,,way/1207942825,56.81,"LINESTRING (80.2130515 12.9751917, 80.2130675 12.9751922, 80.2135743 12.9752203)"
2125,,service,,,,,,,way/1207942826,17.62,"LINESTRING (80.2133424 12.9755102, 80.2133427 12.9756695)"
2126,,residential,,,,,,,way/1207943988,40.66,"LINESTRING (80.2143338 12.9754498, 80.2145152 12.9754137, 80.2147011 12.9753767)"
2127,,residential,,,,,,,way/1207943989,33.43,"LINESTRING (80.2151578 12.9752233, 80.2148497 12.975227)"
2128,,residential,,,,,,,way/1207943990,87.41,"LINESTRING (80.2151733 12.9756818, 80.2151986 12.9761267, 80.2152203 12.9764706)"
2129,,residential,,,,,,,way/1207947963,26.72,"LINESTRING (80.2181118 12.9788349, 80.218113 12.9787453, 80.2181151 12.9785934)"
2130,,residential,,,,,,,way/1207947964,52.29,"LINESTRING (80.2176332 12.9785881, 80.2178671 12.9785892, 80.2181151 12.9785934)"
2131,,residential,,,,,,,way/1207947965,53.97,"LINESTRING (80.218129 12.9783595, 80.2180488 12.9783562, 80.2178739 12.9783491, 80.2176318 12.9783435)"
2132,,service,,,,,,,way/1207949011,143.68,"LINESTRING (80.2188374 12.9788292, 80.2187361 12.9788038, 80.218677 12.978789, 80.2183036 12.9787501, 80.2182944 12.9787585, 80.2182937 12.9787757, 80.2182846 12.97907, 80.2182972 12.9790781, 80.2183122 12.9790798, 80.2186282 12.9791163, 80.218649 12.9791187, 80.218732 12.9791283)"
2133,,service,,,,,,,way/1207949012,36.59,"LINESTRING (80.2186282 12.9791163, 80.218677 12.978789)"
2134,,residential,,,,,,,way/1207949291,35.59,"LINESTRING (80.2192542 12.9796446, 80.2191856 12.9799592)"
2135,,residential,,,,,,,way/1207949292,29.94,"LINESTRING (80.2191856 12.9799592, 80.2191164 12.9802212)"
2136,,residential,,,,,,,way/1207950111,46.34,"LINESTRING (80.2210851 12.9777904, 80.221075 12.9782092)"
2137,,residential,,,,,,,way/1207951261,44.53,"LINESTRING (80.2202347 12.9797292, 80.2202354 12.9800502, 80.2202356 12.9801317)"
2138,,residential,,,,yes,,,way/1207951262,325.55,"LINESTRING (80.221155 12.9786104, 80.2211121 12.9786085, 80.2210448 12.9785986, 80.2198375 12.9785704, 80.2198091 12.978575, 80.2197946 12.9785882, 80.2197873 12.9787561, 80.2198021 12.9787883, 80.2198274 12.9788019, 80.2204596 12.9788652, 80.2204752 12.9788865, 80.2204757 12.9789347, 80.2205029 12.9789718, 80.221022 12.9790211, 80.2211109 12.9790296, 80.2211391 12.9790322)"
2139,,residential,,,,,,,way/1207951263,46.81,"LINESTRING (80.221022 12.9790211, 80.2210448 12.9785986)"
2140,,service,,,,,,,way/1207953479,174.99,"LINESTRING (80.2210755 12.9802805, 80.2211529 12.9802857, 80.221738 12.9803249, 80.2217496 12.9803105, 80.2217737 12.9801062, 80.2217695 12.9800696, 80.2211681 12.980042, 80.2210873 12.9800405)"
2141,,residential,,,,,,,way/1207980366,126.25,"LINESTRING (80.2219145 12.9765438, 80.2218804 12.9765181, 80.2217016 12.976398, 80.221637 12.9763644, 80.2215114 12.9763203, 80.2212875 12.9763308, 80.2212799 12.9763364, 80.2212847 12.9767912)"
2142,,residential,,,,,,,way/1214252080,47.71,"LINESTRING (80.2092046 12.9886469, 80.2092987 12.9890682)"
2143,,residential,,,,,,,way/1214252081,85.85,"LINESTRING (80.2078836 12.9907532, 80.2086308 12.9904976)"
2144,,residential,,,,,,,way/1214252082,42.68,"LINESTRING (80.2096648 12.9909728, 80.2092877 12.9910826)"
2145,,residential,,,,,,,way/1215230225,101.06,"LINESTRING (80.2055544 12.9814925, 80.2054633 12.9814999, 80.2051782 12.9815525, 80.2046298 12.9815938)"
2146,,service,,,,,,,way/1215230226,145.15,"LINESTRING (80.2055458 12.9814257, 80.2055544 12.9814925, 80.2055654 12.9815787, 80.2056304 12.9816231, 80.2057258 12.9816142, 80.205872 12.9815874, 80.2061386 12.9815386, 80.2066776 12.9814232, 80.2067114 12.9814203)"
2147,,service,,,,,,,way/1215230227,40.62,"LINESTRING (80.205872 12.9815874, 80.2057951 12.9812281)"
2148,,residential,,,,,,,way/1215245334,72.0,"LINESTRING (80.2097091 12.9850165, 80.2103715 12.9850561)"
2149,,residential,,,,,,,way/1215245335,30.57,"LINESTRING (80.2097419 12.9846948, 80.2100236 12.9847009)"
2150,,residential,,,,,,,way/1219684637,91.69,"LINESTRING (80.2135356 12.9794747, 80.2143804 12.9794987)"
2151,,residential,,,,,,,way/1219684638,39.25,"LINESTRING (80.2143804 12.9794987, 80.2143845 12.9791439)"
2152,,service,,,,,,,way/1219684796,19.6,"LINESTRING (80.2182592 12.9804939, 80.2181427 12.980473, 80.218081 12.980465)"
2153,,residential,,,,,,,way/1219963671,88.7,"LINESTRING (80.2144292 12.9829472, 80.2136694 12.9829086, 80.2136359 12.9829099, 80.2136162 12.9829219)"
2154,,service,,,,,,,way/1220178672,92.12,"LINESTRING (80.2179644 12.9821535, 80.218181 12.9822034, 80.2181765 12.9825907, 80.217945 12.9825835)"
2155,,service,,,,,yes,,way/1220190571,6.49,"LINESTRING (80.2105257 12.9735667, 80.2105586 12.9736157)"
2156,,service,,,,,,,way/1220190572,5.4,"LINESTRING (80.2104983 12.973526, 80.2105257 12.9735667)"
2157,,service,,,,,,,way/1220190573,9.34,"LINESTRING (80.210892 12.9733063, 80.2108344 12.9732436)"
2158,,service,,,,,yes,,way/1220190574,6.51,"LINESTRING (80.2109324 12.9733498, 80.210892 12.9733063)"
2159,,residential,,,,,,,way/1220190851,128.73,"LINESTRING (80.2137377 12.9711012, 80.2149071 12.9709047)"
2160,6th Main Road,residential,2,,asphalt,no,,,way/1220190852,154.81,"LINESTRING (80.2130157 12.9725725, 80.2129833 12.9719031, 80.2129814 12.9717389, 80.2129941 12.9717023, 80.213042 12.9716838, 80.213524 12.971629)"
2161,,residential,,,,,,,way/1220232976,56.77,"LINESTRING (80.2020514 12.9845068, 80.2015316 12.984566)"
2162,,residential,,,,,,,way/1220232977,32.42,"LINESTRING (80.201987 12.9842206, 80.2020514 12.9845068)"
2163,,residential,,,,,,,way/1220233845,15.02,"LINESTRING (80.2010145 12.9841838, 80.2011528 12.9841782)"
2164,,residential,,,,,,,way/1220235287,43.6,"LINESTRING (80.2017092 12.9854567, 80.2021022 12.9853745)"
2165,Vanalar Street,residential,,,,,,,way/1220235288,36.43,"LINESTRING (80.2017805 12.9857785, 80.2017092 12.9854567)"
2166,,residential,,,,,,,way/1220247481,41.43,"LINESTRING (80.2101598 12.9800789, 80.2101311 12.9797055)"
2167,,residential,,,,,,,way/1221507808,58.05,"LINESTRING (80.1986509 12.9833366, 80.1987557 12.9838512)"
2168,,residential,,,,,,,way/1221508230,97.37,"LINESTRING (80.2024377 12.9848744, 80.2026879 12.9848213, 80.2033174 12.9847002)"
2169,,residential,,,,,,,way/1221510071,27.6,"LINESTRING (80.2058157 12.984276, 80.2060683 12.9842461)"
2170,,residential,,,,,,,way/1221510365,147.38,"LINESTRING (80.2006924 12.9808873, 80.201173 12.9808562, 80.2014982 12.9808352, 80.2020484 12.9808093)"
2171,,residential,,,,,,,way/1221669839,82.71,"LINESTRING (80.1976432 12.9916251, 80.1977887 12.992359)"
2172,,residential,,,,,,,way/1221685160,39.11,"LINESTRING (80.2097322 12.9912983, 80.2093872 12.9914009)"
2173,,residential,,,,,,,way/1221685161,7.29,"LINESTRING (80.20974057632586 12.9924, 80.2097277 12.9923353)"
2174,,residential,,,,,,,way/1221685162,54.16,"LINESTRING (80.2095211 12.9918725, 80.2093872 12.9914009)"
2175,,service,,,,,,,way/1221922268,151.43,"LINESTRING (80.2003025 12.980143, 80.2007042 12.9800067, 80.200734 12.9806747, 80.2005701 12.9807386, 80.2004669 12.9807826)"
2176,,residential,,,,,,,way/1221928312,26.29,"LINESTRING (80.2030935 12.9731562, 80.2033321 12.9731974)"
2177,,residential,,,,,,,way/1223432460,40.91,"LINESTRING (80.1924396 12.9790679, 80.1925303 12.9794268)"
2178,,residential,,,,,,,way/1223433788,48.81,"LINESTRING (80.1965217 12.9785675, 80.196497 12.979008)"
2179,,residential,,,,,,,way/1223435825,25.36,"LINESTRING (80.2007284 12.9783208, 80.2007285 12.9780916)"
2180,,residential,,,,,,,way/1223437186,190.38,"LINESTRING (80.2012032 12.9772934, 80.1997748 12.977209, 80.199506 12.9772068, 80.199467 12.9771689)"
2181,,residential,,,,,,,way/1223437629,56.42,"LINESTRING (80.2005914 12.9768003, 80.2004154 12.9768007, 80.2000714 12.9768071)"
2182,Lakshmi Nagar 4th Stage 5th Cross Street,residential,,,asphalt,,,,way/1225417983,7.77,"LINESTRING (80.1891715 12.9731294, 80.1891 12.973125533085895)"
2183,,residential,,,,,,,way/1225868313,19.54,"LINESTRING (80.1972659 12.9916444, 80.1973552 12.9916329, 80.1974445 12.9916215)"
2184,,residential,,,,,,,way/1225868973,51.37,"LINESTRING (80.1976415 12.9914865, 80.1980563 12.9914622, 80.1981139 12.9914559)"
2185,,residential,,,,,,,way/1226386159,32.04,"LINESTRING (80.2014597 12.986211, 80.2013334 12.9862318, 80.2012509 12.9862454, 80.2011685 12.986259)"
2186,6th Street,residential,,,,,,,way/1226387635,19.83,"LINESTRING (80.2032199 12.9860147, 80.2032276 12.9860787, 80.2032353 12.9861427, 80.2032413 12.9861927)"
2187,,residential,,,,,,,way/1226389326,37.81,"LINESTRING (80.2046528 12.990879, 80.2047662 12.9908598, 80.2048812 12.9908403, 80.2049962 12.9908209)"
2188,,residential,,,,,,,way/1226400106,21.36,"LINESTRING (80.2024322 12.9749746, 80.2026287 12.974963)"
2189,,service,,,,,,,way/1226400107,25.33,"LINESTRING (80.2026287 12.974963, 80.2026447 12.9749611, 80.2028618 12.974951)"
2190,,residential,,,,,,,way/1226401265,19.67,"LINESTRING (80.2032187 12.9752846, 80.2030375 12.9752894)"
2191,,service,,,,,,,way/1226401266,37.43,"LINESTRING (80.2030375 12.9752894, 80.2030176 12.9752892, 80.2030024 12.9752891, 80.2030003 12.9752887, 80.2029987 12.9752878, 80.2029977 12.9752862, 80.2029972 12.9752595, 80.2029971 12.9752489, 80.2029935 12.9752429, 80.2029881 12.9752393, 80.2029789 12.9752387, 80.2028849 12.9752411, 80.2027908 12.9752435, 80.2027359 12.9752449)"
2192,,residential,,,,,,,way/1226402767,40.74,"LINESTRING (80.2028792 12.9769361, 80.2027727 12.9769278, 80.2026662 12.9769196, 80.2025798 12.9769129, 80.2025049 12.9769071)"
2193,,residential,,,,,,,way/1226404625,59.49,"LINESTRING (80.2021294 12.9766252, 80.2020148 12.9766365, 80.2019001 12.9766477, 80.2017682 12.9766607, 80.2017017 12.9766693, 80.2015844 12.9766838)"
2194,,residential,,,,,,,way/1226404626,14.2,"LINESTRING (80.2015844 12.9766838, 80.2015339 12.9766857, 80.2014995 12.9766872, 80.2014537 12.9766899)"
2195,,service,,,,,,,way/1226405684,97.6,"LINESTRING (80.2064987 12.9770378, 80.2064595 12.9770551, 80.2064158 12.9770909, 80.2063151 12.9771737, 80.2061778 12.9772864, 80.2060721 12.9773732, 80.2059931 12.977438, 80.2059131 12.9775037, 80.2058764 12.9775149, 80.2058413 12.9775189, 80.205807 12.977514, 80.2057733 12.9775028)"
2196,,living_street,,,,,,,way/1227075299,33.52,"LINESTRING (80.2148133 12.9634924, 80.2149103 12.9637801)"
2197,2nd Main Road,residential,2,,asphalt,,,,way/1229042723,179.9,"LINESTRING (80.1935687 12.9912744, 80.1935185 12.9909924, 80.1935015 12.9908587, 80.1934567 12.9905065, 80.1934053 12.9900877, 80.1933682 12.9896609)"
2198,,residential,,,,,,,way/1229043922,32.77,"LINESTRING (80.1970378 12.9912078, 80.1970448 12.9912424, 80.1970582 12.9913169, 80.1972471 12.9913135)"
2199,,residential,,,unpaved,,,,way/1229207917,57.67,"LINESTRING (80.1969774 12.9879367, 80.1970749 12.9883738, 80.197046 12.988442)"
2200,,residential,,,,,,,way/1229207918,32.4,"LINESTRING (80.197046 12.988442, 80.1971548 12.9887147)"
2201,,residential,,,,,,,way/1229209075,21.7,"LINESTRING (80.1984707 12.9873805, 80.1985187 12.9875709)"
2202,,residential,,,,,,,way/1229209076,52.56,"LINESTRING (80.1983645 12.986917, 80.1984707 12.9873805)"
2203,,residential,,,,,,,way/1229209478,86.27,"LINESTRING (80.1991289 12.9882337, 80.1992771 12.9889998)"
2204,,residential,,,,,,,way/1229209479,136.4,"LINESTRING (80.2003528 12.987963, 80.1995632 12.9880986, 80.1991289 12.9882337)"
2205,,residential,,,,,,,way/1229217105,73.24,"LINESTRING (80.1902232 12.988607, 80.1899074 12.9886531, 80.1895554 12.988704)"
2206,,residential,,,,,,,way/1229217106,68.44,"LINESTRING (80.1899367 12.9900652, 80.1900932 12.9900349, 80.1905589 12.9899638)"
2207,,residential,,,,,,,way/1229217107,137.23,"LINESTRING (80.1899367 12.9900652, 80.190114 12.9906421, 80.1907514 12.9905148)"
2208,,residential,,,,,,,way/1229288821,44.3,"LINESTRING (80.1895308 12.9807045, 80.1895416 12.9807814, 80.1895523 12.9808582, 80.1895628 12.9809288, 80.1895732 12.9809994, 80.1895822 12.9810477, 80.1895897 12.9811007)"
2209,,residential,,,,,,,way/1229605430,80.88,"LINESTRING (80.2250171 12.9756688, 80.2250813 12.9756749, 80.225177 12.975684, 80.2251841 12.9756829, 80.2251895 12.9756772, 80.2252464 12.9755493, 80.2252533 12.9755451, 80.2252616 12.9755445, 80.2256679 12.975605)"
2210,,residential,,,,,,,way/1229646268,51.62,"LINESTRING (80.2087876 12.9703033, 80.2092625 12.9702758)"
2211,main road,residential,,,,,,,way/1229646269,230.57,"LINESTRING (80.2093394 12.9717936, 80.2093131 12.9712748, 80.2092853 12.9707242, 80.2092625 12.9702758, 80.209234 12.969712)"
2212,,residential,,,,,,,way/1229646270,267.35,"LINESTRING (80.2078171 12.9722706, 80.2077555 12.9717807, 80.207748 12.9717209, 80.2077053 12.9713807, 80.2076771 12.9711564, 80.2076402 12.970863, 80.2076141 12.9706553, 80.2075824 12.9704029, 80.2075482 12.9701309, 80.2075157 12.9698721)"
2213,,residential,,,,,,,way/1229653997,110.14,"LINESTRING (80.2009585 12.9728877, 80.2011105 12.9737364, 80.2011215 12.9737797, 80.2011385 12.9737963, 80.2012055 12.9737991)"
2214,,residential,,,,,,,way/1229653998,79.9,"LINESTRING (80.2013309 12.9737826, 80.201239 12.973066)"
2215,,residential,,,asphalt,,,,way/1230806412,176.93,"LINESTRING (80.2163164 12.9690099, 80.2166475 12.9699504, 80.2168147 12.970532)"
2216,,residential,,,,,,,way/1230809343,19.55,"LINESTRING (80.2191034 12.9691613, 80.2191877 12.9693175)"
2217,,residential,,,,,,,way/1230809344,22.66,"LINESTRING (80.2192452 12.9690998, 80.2193217 12.9692904)"
2218,,residential,,,,,,,way/1230809345,30.26,"LINESTRING (80.2192452 12.9690998, 80.2191374 12.9688475)"
2219,,residential,,,,,,,way/1230809346,19.33,"LINESTRING (80.2194598 12.969016, 80.2195165 12.9691816)"
2220,,residential,,,,,,,way/1230809347,26.05,"LINESTRING (80.2197558 12.9688793, 80.2196597 12.9686635)"
2221,,residential,,,,,,,way/1230809348,21.19,"LINESTRING (80.2199727 12.9687949, 80.2200464 12.9689723)"
2222,,residential,,,,,,,way/1230809349,20.42,"LINESTRING (80.2201665 12.968714, 80.2201839 12.9687482, 80.2202462 12.9688812)"
2223,,residential,,,,,,,way/1230809350,23.59,"LINESTRING (80.2203973 12.9686065, 80.2202971 12.9684173)"
2224,,residential,,,,,,,way/1230809351,24.84,"LINESTRING (80.2206092 12.9685256, 80.220502 12.9683272)"
2225,,residential,,,,,,,way/1230809352,22.82,"LINESTRING (80.2207145 12.9684853, 80.220801 12.9686733)"
2226,,residential,,,,,,,way/1230809353,21.78,"LINESTRING (80.2206092 12.9685256, 80.2206925 12.9687047)"
2227,,service,,,,,,,way/1230811460,65.27,"LINESTRING (80.2135142 12.9640459, 80.2135282 12.9641219, 80.2135384 12.9641767, 80.2135703 12.9643488, 80.2135796 12.9643613, 80.2135959 12.9643636, 80.2137347 12.9643358, 80.2137393 12.9643283, 80.2137436 12.9643155, 80.2137314 12.964227)"
2228,,service,,,,,,,way/1230811461,26.78,"LINESTRING (80.2135384 12.9641767, 80.2134216 12.9641957, 80.2134169 12.9642015, 80.2134169 12.9642081, 80.2134357 12.9643185)"
2229,,residential,,,,yes,,,way/1230812791,133.76,"LINESTRING (80.2132827 12.9640882, 80.213295 12.9641486, 80.2133021 12.9641836, 80.213344 12.9643899, 80.213366 12.9644981, 80.2133689 12.9645201, 80.2133679 12.9645391, 80.2133574 12.964555, 80.2133437 12.9645599, 80.2131286 12.9645982, 80.2131076 12.9646017, 80.2130898 12.9645886, 80.2130761 12.9645687, 80.2130006 12.9642402, 80.2129956 12.9642186, 80.2129785 12.9641438)"
2230,,residential,,,,,,,way/1230812792,33.31,"LINESTRING (80.2130006 12.9642402, 80.2133021 12.9641836)"
2231,,service,,,unpaved,,,,way/1230813814,50.37,"LINESTRING (80.2116675 12.9648713, 80.2116645 12.9648574, 80.211581 12.9644758, 80.2115712 12.9644259)"
2232,,residential,,,,,,,way/1230813815,42.85,"LINESTRING (80.2114161 12.9649122, 80.2116675 12.9648713, 80.2117638 12.9648554, 80.2117758 12.9648469, 80.2117792 12.9648306, 80.2117772 12.9648203)"
2233,,residential,,,,,,,way/1230815350,36.53,"LINESTRING (80.2158131 12.9675667, 80.2159337 12.967875)"
2234,,service,,,,,,,way/1230816634,40.28,"LINESTRING (80.2159449 12.9661576, 80.2158521 12.9658218, 80.2158478 12.9658062)"
2235,,residential,,,,,,,way/1230817663,49.88,"LINESTRING (80.2128989 12.9641644, 80.2129127 12.9642246, 80.2129996 12.9646043)"
2236,,residential,,,,,,,way/1230817664,49.01,"LINESTRING (80.2130416 12.9645828, 80.212959 12.964205, 80.2129469 12.9641496)"
2237,,service,,,,yes,,,way/1230832836,9.6,"LINESTRING (80.2094527 12.9830039, 80.2094654 12.982918)"
2238,,residential,,,,,,,way/1231011065,51.34,"LINESTRING (80.2045415 12.9651308, 80.2046618 12.9655796)"
2239,3rd Main Road,residential,,,,,,,way/1231011066,304.51,"LINESTRING (80.2045415 12.9651308, 80.2036983 12.9653116, 80.203072 12.9653521, 80.2022096 12.9653831, 80.2017569 12.9653921)"
2240,,residential,,,,,,,way/1231011196,41.17,"LINESTRING (80.2091138 12.9644888, 80.2091547 12.9648588)"
2241,,residential,,,,,,,way/1231037602,63.85,"LINESTRING (80.227638 12.9855451, 80.2276522 12.9855438, 80.2279957 12.9855131, 80.2282247 12.9855248)"
2242,Ramakrishnapuram 3rd Street,residential,,,,,,,way/1231058671,33.5,"LINESTRING (80.2059355 12.9889256, 80.2062417 12.9888864)"
2243,,living_street,,,,,,,way/1231058672,46.05,"LINESTRING (80.2059119 12.98851, 80.2059355 12.9889256)"
2244,,residential,,,,,,,way/1231299598,96.25,"LINESTRING (80.223191 12.9885309, 80.2232277 12.9894002)"
2245,,residential,,,,,,,way/1231301451,64.69,"LINESTRING (80.2008106 12.9791967, 80.2012827 12.9791456, 80.2014022 12.9791253)"
2246,,residential,,,,,,,way/1231301452,25.62,"LINESTRING (80.2015471 12.9791005, 80.2017798 12.9790609)"
2247,,residential,,,,,yes,,way/1231301453,15.96,"LINESTRING (80.2014022 12.9791253, 80.2015471 12.9791005)"
2248,சன்னதி தெரு,residential,,,concrete,no,,,way/1232379845,37.74,"LINESTRING (80.2237734 12.9857148, 80.2237512 12.9857122, 80.2237366 12.9857, 80.2237268 12.9856822, 80.2236278 12.9854194)"
2249,,residential,,,,,,,way/1232381569,161.65,"LINESTRING (80.2228129 12.9840242, 80.2228877 12.9843086, 80.2228963 12.984319, 80.2229165 12.9843242, 80.2237326 12.98418, 80.2237398 12.9841754, 80.223744 12.9841662, 80.2237046 12.9838668)"
2250,,residential,,,,,,,way/1232382081,71.87,"LINESTRING (80.2226277 12.9839929, 80.2226918 12.983981, 80.2230881 12.983896, 80.2231072 12.9838809, 80.2231153 12.9838603, 80.2231008 12.9837391, 80.223093 12.983721)"
2251,,service,,,,yes,,,way/1232382596,63.34,"LINESTRING (80.2226609 12.9825298, 80.2226609 12.9825783, 80.2226608 12.9827146, 80.2226645 12.9827257, 80.2226712 12.9827335, 80.2226811 12.982738, 80.2228207 12.982738, 80.2228301 12.9827351, 80.2228397 12.9827273, 80.2228454 12.9827167, 80.2228469 12.9825778, 80.2228474 12.9825323)"
2252,,residential,,,,,,,way/1232386386,55.94,"LINESTRING (80.2255708 12.9846669, 80.2255887 12.9841616)"
2253,Bhuvaneshwari Street,residential,,,,no,,,way/1232390609,45.14,"LINESTRING (80.1918611 12.9676195, 80.1914523 12.9676955)"
2254,,service,,,,,,,way/1232397454,68.02,"LINESTRING (80.2268481 12.9860429, 80.2271004 12.9859847, 80.2272162 12.9859532, 80.227296 12.9859141, 80.2273113 12.9859016, 80.2273342 12.9858807, 80.2273915 12.9857918)"
2255,,service,,,,,,,way/1232397455,72.16,"LINESTRING (80.2270569 12.9854801, 80.2267258 12.9854402, 80.2266648 12.9854243, 80.2266343 12.9853887, 80.2266119 12.9853372, 80.2266201 12.9851767)"
2256,Mathiazhagan Street,residential,,,,,,,way/1232632858,29.31,"LINESTRING (80.1934607 12.9776084, 80.1935681 12.9775818, 80.1937262 12.977562)"
2257,Mathiazhagan Street,residential,,,,,yes,,way/1232632859,6.52,"LINESTRING (80.1934024 12.9776228, 80.1934607 12.9776084)"
2258,,residential,,,,,,,way/1232636640,79.31,"LINESTRING (80.193117 12.9780962, 80.193388 12.9780274, 80.1934366 12.9780192, 80.1934668 12.978029, 80.1934819 12.9780585, 80.1935808 12.9783737)"
2259,Abraham Street,residential,,,,,,,way/1232637932,60.99,"LINESTRING (80.19224 12.9773442, 80.1923939 12.9778744)"
2260,,service,,,,,,,way/1235148106,200.17,"LINESTRING (80.2201874 12.9637022, 80.2202322 12.9635696, 80.2202498 12.9635175, 80.2199242 12.9627762, 80.2200775 12.9627007, 80.21985421898952 12.9621)"
2261,,service,,,,,,,way/1235148109,62.9,"LINESTRING (80.2202322 12.9635696, 80.2203219 12.9635254, 80.2207503 12.9633145)"
2262,,service,,,,,,,way/1235148115,38.28,"LINESTRING (80.2178175 12.964238, 80.217727 12.9639524, 80.2176825 12.9639698)"
2263,,service,,,,,,,way/1235148116,20.97,"LINESTRING (80.2181551 12.9641194, 80.2182282 12.9642949)"
2264,,service,,,,,,,way/1235148117,38.75,"LINESTRING (80.2188754 12.964125, 80.2188977 12.9641779, 80.2190617 12.9641166, 80.2191763 12.964072)"
2265,,service,,,,,,,way/1235148118,21.82,"LINESTRING (80.2190617 12.9641166, 80.2190134 12.9639251)"
2266,,service,,,,,,,way/1235148119,47.73,"LINESTRING (80.2194294 12.963823, 80.219701 12.9637086, 80.2197571 12.963839)"
2267,,service,,,,,,,way/1235148122,88.77,"LINESTRING (80.2209021 12.9662949, 80.2207338 12.9659543, 80.2209195 12.9658771, 80.2210069 12.9656679)"
2268,,service,,,,,,,way/1235148123,218.62,"LINESTRING (80.2209195 12.9658771, 80.220953 12.9659187, 80.2212849 12.9658, 80.2214767 12.9658297, 80.2217142 12.9661798, 80.2219364 12.9662806, 80.2223873 12.9668559)"
2269,,service,,,,,,,way/1235148124,138.38,"LINESTRING (80.2214767 12.9658297, 80.2213397 12.9656338, 80.221227 12.965263, 80.2210748 12.9649277, 80.2210017 12.9646785)"
2270,,service,,,,,,,way/1235148125,34.91,"LINESTRING (80.220101 12.9667092, 80.2201216 12.9668404, 80.2201359 12.966932, 80.2201499 12.9670211)"
2271,,service,,,,,,,way/1235148126,34.41,"LINESTRING (80.2199273 12.967049, 80.219914 12.9669581, 80.2201359 12.966932)"
2272,,service,,,,,,,way/1235148127,26.41,"LINESTRING (80.2201216 12.9668404, 80.2198797 12.9668673)"
2273,,residential,,,,,,,way/1235151698,144.88,"LINESTRING (80.2273973 12.9723134, 80.2264144 12.9714269)"
2274,,service,,,,,,,way/1235151699,21.83,"LINESTRING (80.2284 12.971553071428533, 80.2283936 12.9715233, 80.2283076 12.9713793)"
2275,,residential,,,,,,,way/1235510592,50.96,"LINESTRING (80.2129341 12.9668265, 80.2129018 12.9666617, 80.2128629 12.9664858, 80.2128439 12.9663745)"
2276,,residential,,,,,,,way/1236544152,132.26,"LINESTRING (80.2017427 12.9751207, 80.2017598 12.9763161)"
2277,,residential,,,,,,,way/1236563460,40.2,"LINESTRING (80.2127911 12.9707293, 80.21307 12.9704901)"
2278,,residential,,,,,,,way/1238030926,30.74,"LINESTRING (80.1951252 12.9804662, 80.1953885 12.9803636)"
2279,,service,,,,,,,way/1238800818,215.66,"LINESTRING (80.2187279 12.9682006, 80.2189547 12.9678287, 80.2193168 12.9677607, 80.2195533 12.9677364, 80.2200544 12.9676849, 80.2200568 12.9677498, 80.2200706 12.9681117)"
2280,,service,,,,,,,way/1238800819,15.79,"LINESTRING (80.2200544 12.9676849, 80.2200543 12.9675422)"
2281,,residential,,,,,,,way/1238806641,90.79,"LINESTRING (80.2006304 12.975602, 80.2014479 12.9757771)"
2282,,service,,,,,,,way/1238806642,68.58,"LINESTRING (80.2053592 12.9739059, 80.2047282 12.9739423)"
2283,Mount - Medavakkam Road,primary,,40,,no,,,way/1240415152,100.29,"LINESTRING (80.1955182 12.981246, 80.1955473 12.9813066, 80.1956715 12.9815765, 80.1957195 12.9816619, 80.1957994 12.9818042, 80.1959361 12.982054)"
2284,,residential,,,,,,,way/1242776547,16.16,"LINESTRING (80.2186143 12.9824291, 80.2184654 12.9824323)"
2285,,residential,,,,,,,way/1246777119,84.04,"LINESTRING (80.1984004 12.9904617, 80.1984471 12.9904503, 80.1985534 12.9904284, 80.1988135 12.9903749, 80.1988261 12.9903693, 80.1988384 12.9903567, 80.1988445 12.9903383, 80.1988246 12.9901541, 80.1988176 12.990142, 80.1988046 12.9901406, 80.1987235 12.9901643)"
2286,,secondary,,,,yes,,,way/1246827594,169.85,"LINESTRING (80.2145133 12.963883, 80.2146131 12.9639049, 80.2152998 12.9637666, 80.2157187 12.9636777, 80.2158001 12.9636584, 80.2158419 12.963654, 80.2158678 12.9636697, 80.21592 12.9637572, 80.2159534 12.9637802, 80.2159863 12.9637838)"
2287,Bazaar Main Road,secondary,2,30,asphalt,yes,,,way/1246827595,153.9,"LINESTRING (80.2158831 12.963531, 80.2157109 12.9635886, 80.2154588 12.9636612, 80.2151796 12.963728, 80.2149103 12.9637801, 80.2145873 12.9638287, 80.2145126 12.9638686)"
2288,,residential,,,,,,,way/1246844996,51.25,"LINESTRING (80.2156282 12.9795467, 80.2156029 12.9800093)"
2289,,residential,,,,,,,way/1246844997,39.97,"LINESTRING (80.2159163 12.9795588, 80.2159098 12.97992)"
2290,,residential,,,,,,,way/1246845422,52.75,"LINESTRING (80.2156079 12.9802572, 80.2155809 12.9807333)"
2291,,residential,,,,,,,way/1246846350,39.83,"LINESTRING (80.2129714 12.9658393, 80.2129281 12.9654818)"
2292,,residential,,,,,,,way/1247069307,41.39,"LINESTRING (80.1926753 12.9626943, 80.1930542 12.9626512)"
2293,,service,,,,,,,way/1248002927,36.66,"LINESTRING (80.1924902 12.9751642, 80.1925389 12.9751468, 80.1928203 12.9750966)"
2294,,service,,,,,,,way/1248005125,33.93,"LINESTRING (80.1956492 12.9795031, 80.1956655 12.9795767, 80.1957026 12.9798052)"
2295,,service,,,,yes,,,way/1248005602,36.5,"LINESTRING (80.193993 12.9784943, 80.1940343 12.9784569, 80.1940513 12.9784354, 80.1940686 12.9784118, 80.1940726 12.9783786, 80.1940662 12.9783448, 80.1940553 12.9783166, 80.1940249 12.9782959, 80.1939848 12.9782849, 80.1939412 12.9782775)"
2296,,residential,,,,,,,way/1248007833,81.03,"LINESTRING (80.2042024 12.9788758, 80.2041261 12.9788776, 80.2036531 12.9789208, 80.2035991 12.978938, 80.2035765 12.9789707, 80.2035526 12.9790643)"
2297,,service,,,,yes,,,way/1248009500,117.61,"LINESTRING (80.2041906 12.978671, 80.204248 12.9786632, 80.2043618 12.9786395, 80.2044322 12.9786184, 80.2044691 12.9786091, 80.2045202 12.9785902, 80.2045572 12.9785581, 80.2045872 12.9784962, 80.2045739 12.9784065, 80.2045592 12.9782935, 80.2045441 12.9782803, 80.2045233 12.9782708, 80.204491 12.9782613, 80.2044531 12.9782607, 80.2043854 12.9782553, 80.2043472 12.9782594, 80.2042955 12.9782802, 80.204205 12.9783204, 80.2041693 12.9783362)"
2298,Inner Ring Road (Southern Sector),primary,2,40,asphalt,yes,,,way/1248024531,188.31,"LINESTRING (80.2170909 12.9674983, 80.216969 12.9675827, 80.2168825 12.9676598, 80.2167472 12.9678146, 80.2166431 12.9679148, 80.2160449 12.9683249, 80.2157378 12.9685541)"
2299,,residential,,,,,,,way/1248024532,8.08,"LINESTRING (80.2157798 12.9686144, 80.2157378 12.9685541)"
2300,,residential,,,,,,,way/1249397064,22.93,"LINESTRING (80.1947106 12.9712828, 80.1946983 12.9710759)"
2301,,residential,,,,,,,way/1249397544,50.5,"LINESTRING (80.195236 12.9723983, 80.1951976 12.9719434)"
2302,,residential,,,,,,,way/1249397900,39.57,"LINESTRING (80.2107427 12.982785, 80.2107568 12.9824276)"
2303,,residential,,,,,,,way/1249397907,28.0,"LINESTRING (80.1974781 12.9664506, 80.1972246 12.9664982)"
2304,,residential,,,,,,,way/1249397908,29.1,"LINESTRING (80.1967561 12.966514, 80.1967406 12.9662514)"
2305,,residential,,,,,,,way/1249398486,35.28,"LINESTRING (80.2125653 12.9823812, 80.2125423 12.9826993)"
2306,,residential,,,,,,,way/1249398487,35.78,"LINESTRING (80.212877 12.9824113, 80.2129149 12.98209)"
2307,,residential,,,,,,,way/1249399187,39.34,"LINESTRING (80.2120755 12.9800484, 80.2120461 12.9804028)"
2308,,residential,,,,,,,way/1249399188,40.18,"LINESTRING (80.2117611 12.9800036, 80.2117377 12.9803661)"
2309,,residential,,,,,,,way/1249399484,35.88,"LINESTRING (80.2101332 12.9815697, 80.21014 12.9817325, 80.2101469 12.9818937)"
2310,,residential,,,,,,,way/1249401995,36.08,"LINESTRING (80.2199153 12.969799, 80.2197941 12.9694953)"
2311,,residential,,,,,,,way/1249402589,56.78,"LINESTRING (80.2250934 12.9737606, 80.225614 12.9738129)"
2312,,residential,,,,,,,way/1249403063,40.79,"LINESTRING (80.2260216 12.9738876, 80.2263973 12.9739015)"
2313,,residential,,,,,,,way/1249403064,52.23,"LINESTRING (80.2260266 12.9734479, 80.2265063 12.9734879)"
2314,,residential,,,,,,,way/1249403080,21.14,"LINESTRING (80.1891091 12.9690428, 80.1891 12.968851902222147)"
2315,,residential,,,,,,,way/1249878039,40.04,"LINESTRING (80.2257926 12.9823945, 80.2258158 12.9820333)"
2316,,residential,,,,,,,way/1249879740,45.35,"LINESTRING (80.2226675 12.9800806, 80.222666 12.9804905)"
2317,,residential,,,,,,,way/1249880942,60.27,"LINESTRING (80.21387 12.9813007, 80.2144246 12.9813328)"
2318,,residential,,,,,,,way/1249881995,47.5,"LINESTRING (80.2138417 12.9856394, 80.2138453 12.9860687)"
2319,,residential,,,,,,,way/1249886890,37.27,"LINESTRING (80.2165937 12.9795799, 80.2166019 12.9799167)"
2320,,residential,,,,,,,way/1250263498,39.45,"LINESTRING (80.2008148 12.9868532, 80.2008816 12.9872037)"
2321,,residential,,,,,,,way/1250264978,30.55,"LINESTRING (80.2021591 12.9849144, 80.2024377 12.9848744)"
2322,,residential,,,,,,,way/1250265686,63.84,"LINESTRING (80.2002867 12.982223, 80.2003107 12.9822282, 80.2003295 12.9822362, 80.2003462 12.9822531, 80.2003552 12.9822735, 80.2004315 12.9827548)"
2323,,residential,,,,,,,way/1250267111,71.72,"LINESTRING (80.2026133 12.9825049, 80.2025132 12.9818641)"
2324,,residential,,,,,,,way/1250276995,30.1,"LINESTRING (80.2063148 12.9799431, 80.2062624 12.9796759)"
2325,,residential,,,,,,,way/1250276996,49.66,"LINESTRING (80.206769 12.9798622, 80.2066237 12.9794365)"
2326,,service,,,,yes,,,way/1250661473,25.21,"LINESTRING (80.1913088 12.9720521, 80.1913391 12.9720204, 80.1913462 12.9720017, 80.1913426 12.9719801, 80.191328 12.9719262, 80.1913078 12.9719144, 80.1912873 12.9719051, 80.1912452 12.9719104)"
2327,,service,,,,,,,way/1250663584,52.53,"LINESTRING (80.1970417 12.9701596, 80.1970488 12.9702458, 80.197079 12.970633)"
2328,,service,,,,,,,way/1250664564,29.61,"LINESTRING (80.1948858 12.9691841, 80.1948909 12.9692287, 80.1949183 12.9694498)"
2329,,service,,,,,,,way/1250669673,29.6,"LINESTRING (80.1943778 12.9692581, 80.1943833 12.9693048, 80.1943976 12.9693931, 80.1944115 12.9694313, 80.1944501 12.9694557, 80.1944933 12.9694725)"
2330,,service,,,,,,,way/1250669674,17.94,"LINESTRING (80.19426 12.9692753, 80.1942539 12.9692512, 80.1942403 12.9691952, 80.1942324 12.9691577, 80.1942209 12.9691178)"
2331,,service,,,,yes,,,way/1250670127,29.83,"LINESTRING (80.1962769 12.9709574, 80.1963076 12.9709413, 80.196329 12.9709251, 80.1963403 12.9709062, 80.1963429 12.9708776, 80.1963426 12.9708466, 80.1963363 12.9708025, 80.1963144 12.9707832, 80.1962612 12.9707696)"
2332,,residential,,,,,,,way/1250678217,49.91,"LINESTRING (80.2029948 12.9921035, 80.2029603 12.9916536)"
2333,,residential,,,,,,,way/1250683176,28.04,"LINESTRING (80.20829006684868 12.9924, 80.2082284 12.9921539)"
2334,,residential,,,,,,,way/1250683177,45.94,"LINESTRING (80.20907488795736 12.9924, 80.2089746 12.9919966)"
2335,,residential,,,,,,,way/1250685166,24.37,"LINESTRING (80.1968911 12.989378, 80.1966761 12.9894419)"
2336,,residential,,,,,,,way/1250685266,32.99,"LINESTRING (80.19635 12.9889488, 80.1964269 12.9892373)"
2337,,residential,,,,,,,way/1250686089,31.03,"LINESTRING (80.1965451 12.9899746, 80.1964245 12.9897203)"
2338,,service,,,,yes,,,way/1250688469,46.6,"LINESTRING (80.1921698 12.9745743, 80.1920632 12.9746028, 80.1920369 12.9746204, 80.1920259 12.9746304, 80.1920193 12.9746466, 80.192021 12.9746648, 80.192029 12.9746966, 80.1920404 12.974712, 80.1920544 12.974724, 80.1920689 12.9747301, 80.1920847 12.9747316, 80.1921044 12.9747296, 80.1922118 12.9746954)"
2339,,residential,,,,,,,way/1250689840,30.79,"LINESTRING (80.2148357 12.9704883, 80.2145568 12.9705395)"
2340,,residential,,,,,,,way/1250690839,118.37,"LINESTRING (80.2137557 12.9742839, 80.2134785 12.9742913, 80.2134575 12.9742937, 80.2134368 12.9743021, 80.2134257 12.9743222, 80.2134242 12.9743455, 80.2134296 12.9747523, 80.2134337 12.9750545)"
2341,,residential,,,,,,,way/1250691648,56.32,"LINESTRING (80.2119183 12.9733426, 80.211891 12.973344, 80.2113997 12.9733648)"
2342,,residential,,,,,,,way/1250692998,18.14,"LINESTRING (80.2002857 12.9893632, 80.2004495 12.9893302)"
2343,,residential,,,,,,,way/1250693284,53.47,"LINESTRING (80.2085815 12.976356, 80.208545 12.975874)"
2344,,residential,,,,,,,way/1250694004,23.51,"LINESTRING (80.2003482 12.9887419, 80.2001349 12.9887795)"
2345,,residential,,,,,,,way/1250694005,99.44,"LINESTRING (80.2003482 12.9887419, 80.200487 12.988699, 80.2005229 12.9886927, 80.2005399 12.9887122, 80.2006672 12.9893956)"
2346,,residential,,,,,,,way/1250695928,22.45,"LINESTRING (80.2137668 12.9759882, 80.2137793 12.9757856)"
2347,,residential,,,,,,,way/1250696126,18.08,"LINESTRING (80.2006787 12.9884653, 80.2008422 12.9884337)"
2348,,residential,,,,,,,way/1250696127,33.01,"LINESTRING (80.2009709 12.988397, 80.2012689 12.9883366)"
2349,,residential,,,,,,,way/1250697014,133.79,"LINESTRING (80.2147317 12.9757331, 80.2147893 12.9762232, 80.2147894 12.9762378, 80.2147826 12.9762479, 80.2147714 12.9762557, 80.2145815 12.9762872, 80.2145684 12.9762874, 80.214558 12.976282, 80.214554 12.9762724, 80.2145182 12.9761804, 80.2145076 12.9761702, 80.2144927 12.9761661, 80.2144771 12.9761668, 80.2141639 12.9761971)"
2350,,residential,,,,,,,way/1250697653,33.57,"LINESTRING (80.1993938 12.9894111, 80.1994317 12.9897123)"
2351,,residential,,,,,,,way/1250699211,19.53,"LINESTRING (80.2149392 12.9769947, 80.2149467 12.9771711)"
2352,,residential,,,,,,,way/1250716396,51.13,"LINESTRING (80.1985754 12.9848358, 80.1986316 12.9851789, 80.1986355 12.9852163, 80.1986329 12.9852317, 80.1986193 12.9852418, 80.1985755 12.9852542)"
2353,,residential,,,,,,,way/1250716981,30.62,"LINESTRING (80.1986522 12.9858603, 80.1985974 12.9855888)"
2354,,residential,,,,,,,way/1250717483,31.83,"LINESTRING (80.199956 12.9848442, 80.1996661 12.9848883)"
2355,,residential,,,,,,,way/1250720856,47.25,"LINESTRING (80.2016592 12.9898244, 80.2015063 12.9894245)"
2356,,residential,,,,,yes,,way/1250724232,6.52,"LINESTRING (80.2024494 12.989506, 80.2023931 12.9895267)"
2357,,residential,,,,,,,way/1250724233,2.84,"LINESTRING (80.2024739 12.989497, 80.2024494 12.989506)"
2358,,service,,,,yes,,,way/1250732766,49.06,"LINESTRING (80.2143004 12.9639105, 80.2143213 12.9640061, 80.2143362 12.9640359, 80.2143687 12.9640586, 80.2144015 12.9640619, 80.214464 12.9640516, 80.2144826 12.9640307, 80.2144907 12.9640035, 80.2144884 12.9639697, 80.2144713 12.9638824)"
2359,,residential,,,,,,,way/1250739643,79.19,"LINESTRING (80.2026372 12.9914273, 80.2023748 12.9914603, 80.2019132 12.9915185)"
2360,,residential,,,,,,,way/1250739644,49.9,"LINESTRING (80.2023748 12.9914603, 80.2023222 12.9910122)"
2361,,residential,,,,,,,way/1250739789,33.87,"LINESTRING (80.2026418 12.9921029, 80.2023297 12.9921102)"
2362,,residential,,,,,,,way/1250744215,61.44,"LINESTRING (80.1891 12.98003462209018, 80.1896654 12.9800032)"
2363,,residential,,,,,,,way/1250746378,70.75,"LINESTRING (80.1961186 12.9655676, 80.196767 12.9655)"
2364,,residential,,,,,,,way/1250747285,46.93,"LINESTRING (80.1974924 12.9661262, 80.1974029 12.9657112)"
2365,,residential,,,,,,,way/1250747286,36.13,"LINESTRING (80.1978201 12.966071, 80.1977593 12.9657499)"
2366,,residential,,,unpaved,,,,way/1250759047,19.57,"LINESTRING (80.195179 12.9851017, 80.1953472 12.9850377)"
2367,,residential,,,,,,,way/1250759492,19.39,"LINESTRING (80.1958362 12.9842771, 80.195853 12.9844516)"
2368,,residential,,,,,,,way/1250761909,23.49,"LINESTRING (80.1932478 12.9873724, 80.1932075 12.9871638)"
2369,,living_street,,,,,,,way/1250763638,56.27,"LINESTRING (80.194536 12.987578, 80.1944207 12.9870821)"
2370,,residential,,,,,,,way/1251051348,40.53,"LINESTRING (80.2197715 12.9734225, 80.2196042 12.9734615, 80.2194055 12.9734948)"
2371,,residential,,,,,,,way/1251051349,41.96,"LINESTRING (80.2196895 12.9732392, 80.2195657 12.9732723, 80.219309 12.9733014)"
2372,,residential,,,,,,,way/1251051350,21.34,"LINESTRING (80.2195657 12.9732723, 80.2196042 12.9734615)"
2373,,residential,,,,,,,way/1252301622,29.0,"LINESTRING (80.2102473 12.9679792, 80.2102797 12.9682394)"
2374,,residential,,,,,,,way/1252352878,7.06,"LINESTRING (80.225368 12.9863616, 80.225386 12.9864229)"
2375,,residential,,,,,,,way/1253119950,26.84,"LINESTRING (80.2048471 12.9693318, 80.2046019 12.969364)"
2376,,residential,,,,,,,way/1253120070,30.01,"LINESTRING (80.2048394 12.9691515, 80.2045762 12.9692349)"
2377,,residential,,,,,,,way/1253172517,3.37,"LINESTRING (80.189131 12.9713456, 80.1891 12.9713479297546)"
2378,,residential,,,,,,,way/1254806844,24.18,"LINESTRING (80.2007506 12.9707841, 80.2009723 12.9707615)"
2379,,residential,,,unpaved,,,,way/1254807772,46.84,"LINESTRING (80.2019723 12.9733388, 80.2015454 12.9734019)"
2380,,residential,,,,,,,way/1254808959,45.0,"LINESTRING (80.2093363 12.9722852, 80.2093476 12.9726918)"
2381,Muthu Mohamed Street,residential,,,,,,,way/1254851160,314.52,"LINESTRING (80.1939959 12.9712705, 80.193436 12.9713463, 80.1926195 12.971436, 80.1911194 12.9716218)"
2382,,secondary,,,,yes,,,way/1255918763,172.24,"LINESTRING (80.2087041 12.9649219, 80.2085878 12.9649621, 80.2081747 12.9650431, 80.2077858 12.9651111, 80.2071462 12.9652122)"
2383,,residential,,,,,,,way/1255918764,7.31,"LINESTRING (80.2089611 12.9649525, 80.2089559 12.9648866)"
2384,6th Main Road,residential,2,,,no,,,way/1257297827,149.44,"LINESTRING (80.2066793 12.9629901, 80.2080278 12.9627154)"
2385,5th Cross Street,residential,,,,,,,way/1257297828,54.0,"LINESTRING (80.2066793 12.9629901, 80.2065939 12.9625092)"
2386,31st Street,residential,,,,,,,way/1262542076,95.55,"LINESTRING (80.1896305 12.9848677, 80.1896473 12.9853307, 80.1896578 12.9853503, 80.1896823 12.9853602, 80.1900415 12.9853588)"
2387,,residential,,,,,,,way/1266392270,147.96,"MULTILINESTRING ((80.2276505 12.9840291, 80.2276753 12.9840237, 80.2278254 12.9839909, 80.2279587 12.9839665), (80.2279587 12.9839665, 80.2279652 12.9839117, 80.2279757 12.9839019, 80.228093 12.9838874, 80.2281158 12.9838887, 80.2281278 12.9838965, 80.2281319 12.9839096, 80.2281252 12.9842422, 80.2281235 12.9842495, 80.2281211 12.9842533, 80.2281149 12.9842566, 80.2281064 12.9842567, 80.2279783 12.9842624, 80.2279605 12.9842551, 80.2279587 12.9842339, 80.2279587 12.9839665))"
2388,,service,,,,,,,way/1266392271,13.88,"LINESTRING (80.2278403 12.9859739, 80.2278703 12.9860959)"
2389,,service,,,,,,,way/1266392272,15.25,"LINESTRING (80.2264917 12.9862028, 80.2265131 12.986339)"
2390,3rd Main Road,residential,,,,,,,way/1266701806,218.87,"LINESTRING (80.222965 12.9693189, 80.2209508 12.96921)"
2391,Brindhavan Nagar Road,residential,,,,,,,way/1267021378,17.02,"LINESTRING (80.2135509 12.9703381, 80.2135887 12.9703817, 80.2136506 12.9704569)"
2392,,residential,,,,,,,way/1267103244,69.79,"LINESTRING (80.2166428 12.9817226, 80.2160014 12.9816751)"
2393,,residential,,,,,,,way/1267103245,25.42,"LINESTRING (80.2160138 12.9815198, 80.2157799 12.9815059)"
2394,,residential,,,,,,,way/1267103246,17.59,"LINESTRING (80.2160284 12.9786456, 80.2158675 12.9786261)"
2395,,residential,,,,,,,way/1267103247,23.47,"LINESTRING (80.2122525 12.9773865, 80.2123392 12.9773957, 80.2124679 12.9774055)"
2396,,residential,,,,,,,way/1267103248,81.77,"LINESTRING (80.2138483 12.9816848, 80.2130956 12.9816467)"
2397,7th Cross Street,residential,,,,,,,way/1267103249,36.49,"LINESTRING (80.2111804 12.9792201, 80.2112061 12.9788912)"
2398,2nd Main Road,residential,,,,,,,way/1267103250,317.14,"LINESTRING (80.2138023 12.9786004, 80.2139822 12.978641, 80.2150165 12.9788194, 80.2159685 12.9789872, 80.2160894 12.979009, 80.2161215 12.979024, 80.2161437 12.9790469, 80.2161531 12.9790795, 80.2161475 12.9793026, 80.2161314 12.9795652)"
2399,,residential,,,,,,,way/1267273629,21.98,"LINESTRING (80.2191447 12.9861922, 80.2191947 12.9863847)"
2400,,residential,,,,,,,way/1267273630,20.64,"LINESTRING (80.2189748 12.9862318, 80.2190284 12.9864108)"
2401,,residential,,,,,,,way/1267273631,14.14,"LINESTRING (80.2218139 12.9863233, 80.2216892 12.9863605)"
2402,,residential,,,,,,,way/1267273632,54.31,"LINESTRING (80.2222179 12.9863942, 80.2221063 12.9859156)"
2403,,residential,,,,,,,way/1267273633,39.3,"LINESTRING (80.2218676 12.9865141, 80.2218139 12.9863233, 80.221771 12.9861717)"
2404,,service,,,,,,,way/1267273634,11.01,"LINESTRING (80.2207679 12.9872524, 80.2207196 12.9871649)"
2405,,living_street,,,,,,,way/1267273635,45.71,"LINESTRING (80.2205573 12.9873596, 80.2203669 12.986991)"
2406,,living_street,,,,,,,way/1267273636,27.32,"LINESTRING (80.2205954 12.9879964, 80.2207008 12.9882207)"
2407,,residential,,,,,,,way/1267273637,127.91,"LINESTRING (80.2221745 12.9888541, 80.2220245 12.9886441, 80.2219172 12.9884952, 80.2219118 12.9884743, 80.2219132 12.9884547, 80.2219232 12.9884396, 80.2220882 12.9883351, 80.2221076 12.9883325, 80.2221304 12.9883364, 80.2221519 12.9883482, 80.222389 12.9886732)"
2408,,residential,,,,,,,way/1267273638,98.27,"LINESTRING (80.219966 12.9867024, 80.2201717 12.9871851, 80.2201754 12.98719, 80.2201818 12.9871946, 80.2201868 12.9871959, 80.2201965 12.9871946, 80.2202039 12.9871936, 80.2202126 12.9871952, 80.22022 12.9871988, 80.2202271 12.9872054, 80.2202334 12.9872175, 80.2203514 12.9874826)"
2409,,living_street,,,,,,,way/1267273639,31.89,"LINESTRING (80.2211273 12.9864252, 80.220843 12.9864984)"
2410,,residential,,,,,,,way/1267273643,54.63,"LINESTRING (80.2174893 12.989678, 80.2173754 12.9894251, 80.2172771 12.9892303)"
2411,,living_street,,,,,,,way/1267273644,44.27,"LINESTRING (80.214179 12.9918026, 80.2145557 12.9916488)"
2412,,living_street,,,,,,,way/1267273645,46.06,"LINESTRING (80.214623 12.9918142, 80.214229 12.9919693)"
2413,,living_street,,,,,,,way/1267273646,43.75,"LINESTRING (80.2144647 12.991425, 80.214096 12.9915852)"
2414,,living_street,,,,,,,way/1267273647,71.64,"LINESTRING (80.2140941 12.9922392, 80.2142984 12.9921803, 80.2143386 12.9921672, 80.2147123 12.992014)"
2415,,living_street,,,,,,,way/1267273648,124.59,"LINESTRING (80.2138223 12.9912237, 80.2138518 12.9912211, 80.2139068 12.991225, 80.2139443 12.991242, 80.2139671 12.9912773, 80.2140181 12.9913819, 80.214096 12.9915852, 80.2141428 12.9917072, 80.214179 12.9918026, 80.214229 12.9919693, 80.2142984 12.9921803)"
2416,48th Street,living_street,,,,,,,way/1267273650,31.89,"LINESTRING (80.2132966 12.9915923, 80.2133824 12.991868)"
2417,,residential,,,,,,,way/1267273651,21.98,"LINESTRING (80.2135540487842 12.9924, 80.2135031 12.9922077)"
2418,6th Street,residential,,,,,,,way/1267273652,129.75,"LINESTRING (80.2127262 12.9917476, 80.2130418 12.99166, 80.2132966 12.9915923, 80.213877 12.9914284)"
2419,,residential,,,,,,,way/1267279327,66.22,"LINESTRING (80.2167124 12.9849903, 80.2166976 12.9849407, 80.2166956 12.9848525, 80.2167016 12.984792, 80.2167056 12.9847773, 80.216707 12.9847616, 80.2167196 12.9843949)"
2420,4th Street,residential,,,,,,,way/1267279328,110.34,"LINESTRING (80.2145732 12.9850984, 80.2146041 12.9850883, 80.215563 12.985155, 80.2155834 12.9851658)"
2421,3rd Street,residential,,,,,,,way/1267279329,110.69,"LINESTRING (80.2145819 12.9854935, 80.2149773 12.9855066, 80.2152286 12.98552, 80.2156002 12.9855512)"
2422,3rd Cross Street,residential,,,,,,,way/1267279330,48.59,"LINESTRING (80.2154867 12.9863988, 80.2154538 12.9860749, 80.2154484 12.986047, 80.2154356 12.9860247, 80.2154155 12.9860123, 80.2153798 12.9860023)"
2423,2nd Cross Street,residential,,,,,,,way/1267279331,67.78,"LINESTRING (80.2157696 12.9857967, 80.2158031 12.985811, 80.2158272 12.9858345, 80.2158843 12.9863751)"
2424,9th Street,residential,,,,,,,way/1267279332,59.84,"LINESTRING (80.2141611 12.9861523, 80.2141508 12.9861246, 80.2141602 12.9856921, 80.2141582 12.9856646, 80.2141527 12.9856525, 80.2141381 12.9856405, 80.2141187 12.9856372)"
2425,Netaji Street,residential,,,,,,,way/1267279333,73.94,"LINESTRING (80.213618 12.9857555, 80.213599 12.9857587, 80.2135775 12.9857581, 80.2129368 12.985754)"
2426,,residential,,,,,,,way/1267279334,89.56,"LINESTRING (80.2125179 12.9839422, 80.2122063 12.9838975, 80.2116992 12.983839)"
2427,2nd Main Road,residential,,,,,,,way/1267279335,108.97,"LINESTRING (80.2165411 12.9843757, 80.2165558 12.9841594, 80.2165805 12.9837954, 80.2166119 12.9833932)"
2428,,living_street,,,,,,,way/1267284675,23.9,"LINESTRING (80.2157568 12.988738, 80.2157991 12.9887278, 80.2159667 12.9887827)"
2429,,service,,,,,,,way/1267284676,19.43,"LINESTRING (80.2170587 12.9878553, 80.2171187 12.9880208)"
2430,,service,,,,,,,way/1267284677,25.96,"LINESTRING (80.2169403 12.9885383, 80.2168813 12.9883109)"
2431,,residential,,,,,,,way/1267284678,46.97,"LINESTRING (80.2162883 12.9886611, 80.2160433 12.988311)"
2432,Thiru Vi Ka Street,residential,,,,,,,way/1267284680,186.49,"LINESTRING (80.2153693 12.990616, 80.2156863 12.9916869, 80.2157977 12.9919751, 80.2159297 12.9922033)"
2433,1st Cross Street,residential,,,,,,,way/1267284681,68.94,"LINESTRING (80.2170898 12.9850354, 80.2171231 12.9844131)"
2434,Sakthi Vijayalkshmi Road,residential,,,,,,,way/1267284682,140.23,"LINESTRING (80.217889 12.9856366, 80.2167392 12.9860626, 80.2166761 12.986056)"
2435,Sasi Nagar Road,residential,,,,,,,way/1267284683,137.6,"LINESTRING (80.2167539 12.9864566, 80.2169725 12.986437, 80.2179865 12.9861744)"
2436,,residential,,,,,,,way/1267284684,22.91,"LINESTRING (80.2167539 12.9864566, 80.2167714 12.986663)"
2437,Velachery Main Road,secondary,2,10,paved,yes,,,way/1267302780,13.3,"LINESTRING (80.2195977 12.9915857, 80.2196713 12.9914896)"
2438,Velachery Bypass Road,primary,2,50,asphalt,yes,,,way/1267302781,6.71,"LINESTRING (80.2195552 12.9915416, 80.2195977 12.9915857)"
2439,Velachery Main Road,secondary,,,asphalt,yes,,,way/1267302782,13.81,"LINESTRING (80.2196271 12.9914386, 80.2195552 12.9915416)"
2440,Lake View Road,tertiary,,,,,,,way/1268084727,78.24,"LINESTRING (80.2047748 12.9879339, 80.2054838 12.9878045)"
2441,Lake View Road,residential,,,unpaved,,,,way/1268084728,15.56,"LINESTRING (80.2142335 12.9869134, 80.2142957 12.9869427, 80.2143663 12.9869658)"
2442,Lake View Road,residential,,,,,,,way/1268084729,68.59,"LINESTRING (80.2136016 12.9869345, 80.2137709 12.9869288, 80.2142335 12.9869134)"
2443,,residential,,,,yes,,,way/1268571383,7.29,"LINESTRING (80.1944634 12.9830048, 80.1945272 12.982984)"
2444,,residential,,,,yes,,,way/1268571384,9.37,"LINESTRING (80.194706 12.9833853, 80.1946242 12.9834124)"
2445,,residential,,,,,,,way/1268974365,43.08,"LINESTRING (80.200352 12.9694298, 80.2003753 12.9698185)"
2446,,service,,,,yes,,,way/1268987589,48.84,"LINESTRING (80.1928134 12.9758668, 80.1928891 12.9757923, 80.1929058 12.9757501, 80.1929091 12.975725, 80.1928676 12.9756462, 80.1928374 12.9756337, 80.1927904 12.9756216, 80.1926983 12.9756575)"
2447,,service,,,,yes,,,way/1268992443,35.22,"LINESTRING (80.2003788 12.9655381, 80.2003898 12.9656383, 80.2003952 12.9656519, 80.2004045 12.9656616, 80.2004143 12.9656696, 80.2004339 12.9656692, 80.2004557 12.9656616, 80.2004628 12.9656464, 80.2004648 12.9656293, 80.2004547 12.9655285)"
2448,,residential,,,,,,,way/1268999559,49.61,"LINESTRING (80.1942609 12.9757483, 80.1942659 12.9754871, 80.1942536 12.9753003)"
2449,,residential,,,,,,,way/1269000924,43.76,"LINESTRING (80.1949463 12.9757663, 80.1949469 12.9755206, 80.1949409 12.9753709)"
2450,,residential,,,,,,,way/1269001192,56.62,"LINESTRING (80.1945841 12.9757834, 80.1945955 12.9755061, 80.194604 12.975272)"
2451,,residential,,,,,,,way/1269276782,29.27,"LINESTRING (80.2044357 12.9753236, 80.2044689 12.9753212, 80.2044757 12.975553)"
2452,,residential,,,,,,,way/1269276869,39.73,"LINESTRING (80.2032959 12.9697795, 80.203662 12.9697855)"
2453,,residential,,,,,,,way/1269419302,23.36,"LINESTRING (80.2175872 12.9852798, 80.2175781 12.9850688)"
2454,,residential,,,,,,,way/1270309682,90.45,"LINESTRING (80.2112587 12.9838073, 80.2112633 12.9837939, 80.2112775 12.9837871, 80.2113183 12.98378, 80.2113341 12.9837728, 80.2113413 12.983763, 80.2113465 12.9837397, 80.2113525 12.9836925, 80.2114167 12.983135, 80.211434 12.983051)"
2455,,residential,,,,,,,way/1270310866,72.36,"LINESTRING (80.2112633 12.9837939, 80.2111299 12.9837464, 80.2111155 12.9837376, 80.2111129 12.9837255, 80.2111125 12.9837017, 80.211158 12.9832418)"
2456,,residential,,,,,,,way/1270311392,39.89,"LINESTRING (80.2110493 12.98312, 80.2114167 12.983135)"
2457,,residential,,,,,,,way/1270311673,40.67,"LINESTRING (80.2123848 12.9804612, 80.2123939 12.9800937)"
2458,,residential,,,,,,,way/1270312687,87.07,"LINESTRING (80.2138254 12.986429, 80.2138137 12.9862063, 80.2138093 12.9861818, 80.2137948 12.9861678, 80.2137466 12.9861647, 80.2137236 12.9861581, 80.2137084 12.9861376, 80.2137013 12.9861082, 80.2136439 12.9857195)"
2459,,residential,,,,,,,way/1270312820,53.28,"LINESTRING (80.2151919 12.9837098, 80.2151631 12.9841906)"
2460,,residential,,,,,,,way/1270316624,35.32,"LINESTRING (80.2185792 12.9843056, 80.2185526 12.9846238)"
2461,,residential,,,,,,,way/1270321046,84.52,"LINESTRING (80.219046 12.9843603, 80.2190475 12.9843409, 80.2190699 12.9840565, 80.2190691 12.9840329, 80.2190587 12.984013, 80.2189931 12.9840104, 80.2189714 12.9840292, 80.2189637 12.984058, 80.2189395 12.9843244, 80.2189374 12.9843476)"
2462,,residential,,,,,,,way/1270321407,77.63,"LINESTRING (80.218905 12.9843438, 80.2189068 12.9843226, 80.2189295 12.9840614, 80.2189274 12.9840502, 80.2189232 12.9840415, 80.2189153 12.9840351, 80.2188994 12.984033, 80.2188287 12.9840347, 80.2188209 12.9840393, 80.2188173 12.9840506, 80.2188153 12.984106, 80.2188073 12.9842193, 80.2188009 12.9843109, 80.2187995 12.9843314)"
2463,,residential,,,,,,,way/1270784270,45.25,"LINESTRING (80.2064329 12.9896, 80.2068349 12.9894908)"
2464,,residential,,,,,,,way/1270786126,44.04,"LINESTRING (80.2106911 12.9914776, 80.2105986 12.99109)"
2465,,residential,,,,,,,way/1270786496,48.36,"LINESTRING (80.2109396 12.9914112, 80.2108374 12.9909857)"
2466,,residential,,,,,,,way/1271354545,65.68,"LINESTRING (80.2151511 12.9781009, 80.215508 12.9781444, 80.2155433 12.9782239, 80.2156911 12.9782768)"
2467,Mount - Medavakkam Road,primary,2,40,asphalt,yes,,,way/1271355231,256.49,"LINESTRING (80.1946812 12.9797061, 80.1946314 12.9796288, 80.1946172 12.97961, 80.1943444 12.9792485, 80.1943046 12.9791868, 80.1941592 12.9789316, 80.1940734 12.9787755, 80.1940542 12.9787324, 80.193993 12.9784943, 80.1939538 12.978342, 80.1939412 12.9782775, 80.1939067 12.9781007, 80.1938413 12.9776951, 80.1938383 12.9776767, 80.1938044 12.9775967)"
2468,,residential,,,,,,,way/1271355280,17.98,"LINESTRING (80.2167783 12.9800775, 80.2168983 12.9799654)"
2469,,service,,,,,,,way/1271355849,31.99,"LINESTRING (80.2185054 12.9797564, 80.2184603 12.9797194, 80.2184432 12.9796699, 80.2184578 12.9796132, 80.218504 12.9795846, 80.2185724 12.9795876)"
2470,,residential,,,,,,,way/1271975410,3.72,"LINESTRING (80.2142607 12.9909882, 80.2142425 12.9909597)"
2471,,residential,,,,,,,way/1271975411,1.76,"LINESTRING (80.2143012 12.9910514, 80.2142926 12.9910379)"
2472,Kannagi Street,residential,,,,,,,way/1272135591,31.24,"LINESTRING (80.2173754 12.9894251, 80.217281 12.9894282, 80.2171887 12.9894445, 80.217091 12.9894639)"
2473,Kannagi Street,residential,,,,,,,way/1272135592,11.61,"LINESTRING (80.217091 12.9894639, 80.2170421 12.9894664, 80.2170281 12.9894519, 80.2170122 12.9894396, 80.217002 12.9894257)"
2474,,residential,,,,,,,way/1272711231,41.37,"LINESTRING (80.2069669 12.975378, 80.206927 12.9750061)"
2475,,residential,,,,,,,way/1272712077,42.9,"LINESTRING (80.2056027 12.9697921, 80.2059947 12.9697415)"
2476,,residential,,,,,,,way/1272713717,22.56,"LINESTRING (80.2060825 12.9673537, 80.2061222 12.9675539)"
2477,,residential,,,,,,,way/1272713718,40.01,"LINESTRING (80.2055856 12.9676383, 80.2055516 12.9674561, 80.2055206 12.9672823)"
2478,,residential,,,,,,,way/1272713719,17.65,"LINESTRING (80.2058313 12.9674021, 80.2058647 12.9675582)"
2479,,residential,,,,,,,way/1272715286,41.98,"LINESTRING (80.2065451 12.964769, 80.2066221 12.9651409)"
2480,,residential,,,,,,,way/1272954460,19.44,"LINESTRING (80.2146906 12.9621821, 80.2148594 12.9621232)"
2481,,residential,,,,,,,way/1273675928,48.82,"LINESTRING (80.2009099 12.9693866, 80.2009249 12.9697155, 80.2009164 12.9697375, 80.200863 12.9697763, 80.2008527 12.9697974)"
2482,,residential,,,,,,,way/1273702334,20.81,"LINESTRING (80.1997066 12.9712552, 80.1996803 12.971259, 80.1995168 12.9712824)"
2483,,residential,,,,,,,way/1274052933,35.3,"LINESTRING (80.1898359 12.9920946, 80.18993020422609 12.9924)"
2484,,service,,,,,,,way/1274060799,31.58,"LINESTRING (80.2192206 12.9843793, 80.2192215 12.984356, 80.2192318 12.9840941)"
2485,,residential,,,,,,,way/1274061501,32.5,"LINESTRING (80.2202354 12.9800502, 80.219936 12.9800589)"
2486,,residential,,,,yes,,,way/1274066412,26.27,"LINESTRING (80.2191098 12.979235, 80.2190395 12.9792201, 80.2188732 12.9791846)"
2487,,residential,,,,,,,way/1274066413,5.21,"LINESTRING (80.2191098 12.979235, 80.2190893 12.9792776)"
2488,,service,,,,,,,way/1274067702,157.06,"LINESTRING (80.2201483 12.9795692, 80.2201422 12.9796216, 80.2201329 12.9796384, 80.2201159 12.9796471, 80.2196633 12.9796268, 80.2196529 12.9796097, 80.2196529 12.9795746, 80.2196936 12.9791892, 80.2197055 12.9791762, 80.2197327 12.9791762, 80.2201377 12.9792034)"
2489,,residential,,,,,,,way/1274354083,98.95,"LINESTRING (80.2198639 12.9775405, 80.2200478 12.9775415, 80.2200465 12.977651, 80.2200447 12.9778114, 80.2198653 12.9778087, 80.2198639 12.9775405)"
2490,,residential,,,,,,,way/1274354214,30.4,"LINESTRING (80.2195108 12.9778859, 80.2195866 12.9778943, 80.2197892 12.9779168)"
2491,,residential,,,,,,,way/1274354515,53.12,"LINESTRING (80.2191825 12.9779737, 80.219095 12.9779223, 80.2190787 12.9779028, 80.2190701 12.9778614, 80.2190806 12.9775489)"
2492,,residential,,,,,,,way/1274355703,38.05,"LINESTRING (80.2224838 12.9775548, 80.222481 12.977589, 80.2224555 12.9778976)"
2493,,residential,,,,,,,way/1274356480,88.68,"LINESTRING (80.2226134 12.9780693, 80.2226139 12.9780114, 80.2226089 12.9779974, 80.2225957 12.9779898, 80.222472 12.9779928, 80.2223391 12.9779276, 80.2222729 12.9778842, 80.2222371 12.9778483, 80.22221 12.9778207, 80.2222104 12.9777432, 80.2222201 12.9775795, 80.2222232 12.977541)"
2494,,service,,,,yes,,,way/1274358018,19.32,"LINESTRING (80.2213366 12.9785856, 80.221324 12.9787598)"
2495,,residential,,,,,,,way/1274360627,26.43,"LINESTRING (80.2234271 12.9835895, 80.223404 12.9838273)"
2496,,residential,,,,,,,way/1274361966,106.05,"LINESTRING (80.2237598 12.984196, 80.2237267 12.984204, 80.2234099 12.9842807, 80.2234029 12.9842917, 80.2234008 12.9843063, 80.2234523 12.9845573, 80.2234683 12.9845629, 80.2234856 12.984561, 80.2237461 12.9845151, 80.2237743 12.9845101)"
2497,,service,,,,,,,way/1274362208,40.94,"LINESTRING (80.2231255 12.9847671, 80.223178 12.9847395, 80.2233699 12.9846287, 80.2234562 12.9845896)"
2498,,residential,,,,,,,way/1274374215,161.4,"LINESTRING (80.2254226 12.9863491, 80.2254134 12.9863128, 80.2252712 12.9857517, 80.2252712 12.9857312, 80.2252817 12.9857098, 80.225389 12.9856663, 80.2254075 12.9856696, 80.2254162 12.985687, 80.2255292 12.9862842, 80.2255364 12.9863236)"
2499,,residential,,,,,,,way/1274374389,32.28,"LINESTRING (80.2254156 12.9863507, 80.2254939 12.9866322)"
2500,,living_street,,,,,,,way/1274375229,39.15,"LINESTRING (80.2281808 12.9847775, 80.2281917 12.9851312)"
2501,,living_street,,,,,,,way/1274375230,31.71,"LINESTRING (80.2280354 12.9847862, 80.2280312 12.9850728)"
2502,Andalam avenue,residential,,,,,,,way/1276057233,21.19,"LINESTRING (80.2265731 12.9866564, 80.226379 12.986678)"
2503,,residential,,,,,,,way/1278375405,25.58,"LINESTRING (80.1935083 12.9675796, 80.1932829 12.9676473)"
2504,Bhuvaneshwari Street,residential,,,,no,,,way/1278375559,89.27,"LINESTRING (80.1928562 12.9674374, 80.1928469 12.9674246, 80.1928305 12.9674202, 80.1920883 12.9675804, 80.1920786 12.967583, 80.1920699 12.9675869, 80.192062 12.9675931)"
2505,,living_street,,,,,,,way/1278380023,64.76,"LINESTRING (80.1947585 12.9677066, 80.1947125 12.9676726, 80.1946643 12.9676639, 80.1945187 12.9676745, 80.1941779 12.9677225)"
2506,,residential,,,,,,,way/1278380203,30.13,"LINESTRING (80.1915403 12.9681021, 80.1918125 12.9680483)"
2507,Inner Ring Road (Southern Sector),primary,2,40,asphalt,yes,yes,,way/1286834230,17.83,"LINESTRING (80.2175009 12.9680334, 80.2173491 12.9680951)"
2508,Inner Ring Road (Southern Sector),primary,2,40,asphalt,yes,,,way/1286834231,7.82,"LINESTRING (80.2175688 12.9680097, 80.2175009 12.9680334)"
2509,Inner Ring Road (Southern Sector),primary,2,40,asphalt,yes,,,way/1286834232,257.15,"LINESTRING (80.2175156 12.9680929, 80.2175694 12.9680755, 80.2175892 12.9680691, 80.2176773 12.9680403, 80.2178483 12.9679983, 80.2178783 12.9680088, 80.21797 12.9681656, 80.2180382 12.9683298, 80.2180523 12.9683637, 80.2184737 12.9693786, 80.2186283 12.9697482, 80.2186821 12.969783)"
2510,Inner Ring Road (Southern Sector),primary,2,40,asphalt,yes,yes,,way/1286834233,16.36,"LINESTRING (80.2173776 12.9681524, 80.2175156 12.9680929)"
2511,Inner Ring Road (Southern Sector),primary,2,40,asphalt,yes,yes,,way/1286834234,17.0,"LINESTRING (80.2172267 12.9674216, 80.2170909 12.9674983)"
2512,Inner Ring Road (Southern Sector),primary,2,40,asphalt,yes,,,way/1286834235,23.29,"LINESTRING (80.2172574 12.9672193, 80.2172625 12.9673026, 80.2172615 12.9673519, 80.2172392 12.9674013, 80.2172267 12.9674216)"
2513,Inner Ring Road (Southern Sector),primary,2,40,asphalt,yes,yes,,way/1286834236,18.47,"LINESTRING (80.2171253 12.9675515, 80.2172809 12.9674837)"
2514,Inner Ring Road (Southern Sector),primary,2,40,asphalt,yes,,,way/1286834237,15.6,"LINESTRING (80.2172809 12.9674837, 80.2173354 12.9674575, 80.2174131 12.9674286)"
2515,Velachery Main Road,secondary,2,,asphalt,yes,,,way/1287290033,125.78,"LINESTRING (80.2200334 12.9910125, 80.2206945 12.990178, 80.2207226 12.9901027)"
2516,,service,,,,,,,way/1287290034,7.54,"LINESTRING (80.2199775 12.990972, 80.2200334 12.9910125)"
2517,Velachery Main Road,secondary,2,,asphalt,yes,,,way/1287290035,110.26,"LINESTRING (80.2207226 12.9901027, 80.2206352 12.9901476, 80.2203598 12.9904916, 80.2201826 12.99071, 80.2200706 12.9908569)"
2518,Murugan Nagar Extension 1st Street,residential,,,,,,,way/1287590622,18.72,"LINESTRING (80.2129148 12.9767053, 80.2129016 12.9768494, 80.2129013 12.9768605, 80.2129042 12.9768736)"
2519,Brindavan Nagar Main Road,tertiary,,,asphalt,,,,way/1288576567,430.24,"LINESTRING (80.2054838 12.9878045, 80.2053913 12.9873359, 80.2053644 12.9871331, 80.2053283 12.9868615, 80.2052195 12.9861882, 80.2051565 12.9858202, 80.2050952 12.9854653, 80.2050456 12.9851861, 80.2049986 12.9848504, 80.2049754 12.9847007, 80.2049489 12.9844281, 80.2049417 12.9843539, 80.2048945 12.9839602)"
2520,1st Cross Road,residential,,,,,,,way/1288576568,11.84,"LINESTRING (80.2066455 12.9809052, 80.2066688 12.9810098)"
2521,,residential,,,,,,,way/1288576569,109.26,"LINESTRING (80.2076095 12.9807972, 80.2086156 12.9807544)"
2522,,residential,,,,,,,way/1288576570,68.8,"LINESTRING (80.2076095 12.9807972, 80.2077325 12.9814073)"
2523,anna nagar 2nd street,residential,,,,,,,way/1288576571,127.99,"LINESTRING (80.2068915 12.9769798, 80.2069323 12.9773023, 80.2069428 12.9774037, 80.2069998 12.9777167, 80.207117 12.9781124)"
2524,,residential,,,,,,,way/1288576572,23.88,"LINESTRING (80.2100678 12.9779429, 80.2102878 12.9779493)"
2525,,residential,,,,,,,way/1288576573,41.64,"LINESTRING (80.2100678 12.9779429, 80.2100629 12.9775665)"
2526,,residential,,,,,,,way/1288576574,34.72,"LINESTRING (80.2100803 12.9768397, 80.2100771 12.9771535)"
2527,,residential,,,,,,,way/1288576575,23.45,"LINESTRING (80.2105243 12.976905, 80.2107404 12.9769079)"
2528,Murugan Nagar Extension 1st Street,residential,,,,,,,way/1288576576,66.04,"LINESTRING (80.2129794 12.9760344, 80.2129448 12.9763794, 80.2129219 12.9766287)"
2529,,residential,,,,,,,way/1288576577,58.73,"LINESTRING (80.213639 12.9736528, 80.2130977 12.9736589)"
2530,,residential,,,,,,,way/1288576578,13.47,"LINESTRING (80.2136613 12.9737726, 80.213639 12.9736528)"
2531,Taramani Road,primary,2,50,asphalt,yes,,,way/1288649399,29.46,"LINESTRING (80.2211155 12.975928, 80.2211689 12.9759744, 80.2212421 12.9760295, 80.2213325 12.9760873)"
2532,,residential,,,,,,,way/1296561257,65.68,"LINESTRING (80.1907999 12.9753163, 80.1904339 12.9752538, 80.1903807 12.9752416, 80.1903604 12.9752248, 80.1903525 12.975202, 80.1903541 12.9751745, 80.1903825 12.9750804)"
2533,Ponnappan Street,residential,,,asphalt,,,,way/1296562925,61.71,"LINESTRING (80.1960816 12.9754346, 80.1960956 12.9754369, 80.1961084 12.975446, 80.1961213 12.9754671, 80.1961236 12.9754853, 80.1960773 12.9759607, 80.1960765 12.9759685)"
2534,Ponnappan Street,residential,,,asphalt,,,,way/1296562926,8.82,"LINESTRING (80.1960765 12.9759685, 80.1960688 12.9760479)"
2535,,residential,,,,,,,way/1297319512,65.52,"LINESTRING (80.1891 12.972902915105484, 80.1891221 12.9729034, 80.1891565 12.9729041, 80.1897038 12.9729115)"
2536,,residential,,,,,,,way/1297319513,84.44,"LINESTRING (80.1891565 12.9729041, 80.1891933 12.9721417)"
2537,,residential,,,,,,,way/1298331447,77.23,"LINESTRING (80.1999328 12.9754841, 80.2000505 12.9754763, 80.2000724 12.9754822, 80.2000943 12.9755016, 80.2001063 12.9755288, 80.2001078 12.9760303)"
2538,,residential,,,,yes,,,way/1298333391,5.32,"LINESTRING (80.2075074 12.9759793, 80.207519 12.9759926, 80.2075393 12.9760158)"
2539,,residential,,,,yes,,,way/1298333392,4.11,"LINESTRING (80.2075972 12.9759581, 80.2075852 12.9759437, 80.2075731 12.9759294)"
2540,DRA Tuxedo Elite Path,residential,,,,yes,,,way/1298336239,4.68,"LINESTRING (80.2080686 12.9756764, 80.2080619 12.9757014, 80.2080568 12.9757171)"
2541,,residential,,,,yes,,,way/1298336240,12.38,"LINESTRING (80.2079739 12.9756322, 80.2079849 12.9756454, 80.2080116 12.9756689, 80.2080358 12.9756894, 80.2080619 12.9757014)"
2542,,service,,,,,,,way/1298336241,130.69,"LINESTRING (80.2088281 12.9753957, 80.2088189 12.9751418, 80.2089262 12.9749294, 80.2089715 12.9749242, 80.209134 12.9749376, 80.2091475 12.9749425, 80.2091575 12.974967, 80.2090731 12.9754043)"
2543,,service,,,,,,,way/1298336242,10.13,"LINESTRING (80.2088777 12.9747791, 80.2089296 12.9748552)"
2544,,service,,,,,yes,,way/1298336243,4.88,"LINESTRING (80.2089296 12.9748552, 80.2089567 12.9748904)"
2545,,service,,,,,,,way/1298336244,4.07,"LINESTRING (80.2089567 12.9748904, 80.208961 12.9749004, 80.2089715 12.9749242)"
2546,Kalki Nagar 2nd Cross Street,residential,,,,,,,way/1298346983,42.29,"LINESTRING (80.2103588 12.9755589, 80.2099691 12.9755678)"
2547,,residential,,,,,,,way/1298713848,174.28,"LINESTRING (80.2075157 12.9698721, 80.2074802 12.9695059, 80.2074621 12.969365, 80.2074164 12.9689764, 80.2073922 12.9688024, 80.207351 12.9685635, 80.2073358 12.9683075)"
2548,,residential,,,,,,,way/1298713849,152.02,"LINESTRING (80.2074539 12.9676431, 80.2060749 12.9678863)"
2549,,residential,,,,,,,way/1298713850,69.59,"LINESTRING (80.2075618 12.9682632, 80.2074539 12.9676431)"
2550,,residential,,,,,,,way/1298714091,49.76,"LINESTRING (80.206673 12.9689036, 80.2065923 12.9684608)"
2551,,residential,,,,,,,way/1298714328,40.33,"LINESTRING (80.2038304 12.9684059, 80.2038023 12.9680424)"
2552,Ponniamman Koil Street,tertiary,,20,,,,,way/1298945365,189.89,"LINESTRING (80.1961345 12.9665257, 80.1961321 12.9664678, 80.1961159 12.9661698, 80.19613 12.966044, 80.1961217 12.9657784, 80.1961186 12.9655676, 80.1961121 12.9653701, 80.1961237 12.964921, 80.1961371 12.9648117)"
2553,Ponniamman Koil Street,secondary,,20,,,,,way/1298945366,17.31,"LINESTRING (80.1961371 12.9648117, 80.1961284 12.964797, 80.1961247 12.9647825, 80.1961207 12.964658)"
2554,,service,,,,,,,way/1298947256,48.77,"LINESTRING (80.2169933 12.9837678, 80.2166935 12.9837648, 80.2166736 12.9837768, 80.2166628 12.9837978, 80.2166533 12.9838978)"
2555,,service,,,,,,,way/1298947257,16.11,"LINESTRING (80.2172626 12.983192, 80.2172545 12.9833374)"
2556,,residential,,,,,,,way/1298947313,74.45,"LINESTRING (80.2165878 12.9826623, 80.217271 12.9827256)"
2557,,residential,,,,,,,way/1299035902,52.71,"LINESTRING (80.2263427 12.9830802, 80.2263595 12.9833181, 80.2263764 12.9835555)"
2558,,living_street,,,,,,,way/1299269747,30.16,"LINESTRING (80.2035371 12.97344, 80.2032609 12.973471)"
2559,Avvai Street,residential,,,,,,,way/1299270876,79.56,"LINESTRING (80.2262664 12.9762296, 80.2269675 12.9764404)"
2560,,residential,,,,yes,,,way/1299279605,26.59,"LINESTRING (80.2133301 12.9782602, 80.2130887 12.9782185)"
2561,,residential,,,,,,,way/1299281283,24.99,"LINESTRING (80.2130699 12.9789541, 80.2130638 12.9791799)"
2562,,residential,,,,,,,way/1299281284,18.91,"LINESTRING (80.213608 12.9789649, 80.2136164 12.9791356)"
2563,,residential,,,,,,,way/1299913540,80.78,"LINESTRING (80.2181637 12.977869, 80.218176 12.9778897, 80.2181778 12.9779233, 80.2181389 12.9785948)"
2564,,residential,,,,,,,way/1299914363,10.35,"LINESTRING (80.21618 12.9778241, 80.2161666 12.9778528, 80.2161354 12.9778785, 80.2161272 12.977899)"
2565,,residential,,,,,,,way/1300543178,26.45,"LINESTRING (80.2120966 12.9643086, 80.2121306 12.9644411, 80.2122325 12.9644185)"
2566,,residential,,,,,,,way/1300543179,21.42,"LINESTRING (80.2121306 12.9644411, 80.2119375 12.9644812)"
2567,,residential,,,,,,,way/1301519633,45.61,"LINESTRING (80.1987112 12.9899842, 80.198721 12.9900209, 80.1987308 12.9900338, 80.1987387 12.9900369, 80.1987693 12.9900301, 80.1988342 12.9900117, 80.1988554 12.9900051, 80.1988472 12.9899645, 80.1987953 12.9897818)"
2568,,residential,,,,,,,way/1301519634,16.79,"LINESTRING (80.1988554 12.9900051, 80.1990086 12.9899833)"
2569,Ponniamman Koil Street,tertiary,,20,,,,,way/1308902097,56.84,"LINESTRING (80.1974266 12.9798987, 80.1972991 12.9794004)"
2570,Drowpathi Amman Koil Street,residential,,,asphalt,,,,way/1308902098,286.95,"LINESTRING (80.1972991 12.9794004, 80.196192 12.9794472, 80.196113 12.9794525, 80.1957857 12.9794745, 80.1956492 12.9795031, 80.1946812 12.9797061)"
2571,Lakshmipuram Street,residential,,,,,,,way/1309405574,105.04,"LINESTRING (80.2193054 12.9879696, 80.2192781 12.9879637, 80.2192557 12.9879452, 80.2188346 12.987153)"
2572,Tansi Nagar 15 th street,primary_link,,,,,,,way/1313404270,13.95,"LINESTRING (80.2253209 12.9782589, 80.2252635 12.9783717)"
2573,Major Mukund Varadharajan Salai,primary,2,50,asphalt,yes,,,way/1313409181,84.13,"LINESTRING (80.2194122 12.9719844, 80.2193682 12.9718808, 80.2193515 12.9718275, 80.2193367 12.9717903, 80.2192707 12.9716252, 80.219131 12.9712759)"
2574,Velachery Lower Flyover,primary,,,asphalt,yes,,,way/1313409182,36.59,"LINESTRING (80.219481 12.9723039, 80.2194572 12.9722275, 80.2194091 12.9720711, 80.2194048 12.9720356, 80.2194122 12.9719844)"
2575,Velachery MRTS Bridge,primary,,40,asphalt,yes,,,way/1313411086,17.58,"LINESTRING (80.2165229 12.9647335, 80.2164817 12.9645798)"
2576,Velachery MRTS Bridge,primary,,40,asphalt,yes,,,way/1313411087,16.35,"LINESTRING (80.2163422 12.964664, 80.2164408 12.9647758)"
2577,,primary,,40,asphalt,,,,way/1313411088,324.64,"LINESTRING (80.2175892 12.9680691, 80.2176206 12.9681574, 80.2178182 12.9685835, 80.2183111 12.9697842, 80.2183783 12.969948, 80.2185501 12.9703664, 80.2186773 12.9706567, 80.2187689 12.9707573)"
2578,,residential,,,,,,,way/1316308354,45.86,"LINESTRING (80.2189424 12.9707377, 80.2193554 12.9706495)"
2579,,residential,,,,,,,way/1316849245,7.42,"LINESTRING (80.1891 12.990367373522037, 80.1891667 12.9903527)"
2580,4th Main Road,residential,,,,,,,way/1318145471,59.51,"LINESTRING (80.2199252 12.9837032, 80.2201893 12.9837019, 80.2204737 12.9837034)"
2581,RajaLaxmi Nagar 3rd Main Road,tertiary,2,,,,,,way/1318145472,78.16,"LINESTRING (80.2199068 12.9844386, 80.2203291 12.9844422, 80.220623 12.984393)"
2582,RajaLaxmi Nagar 5th cross Street,residential,,,,,,,way/1318145473,81.38,"LINESTRING (80.2199252 12.9837032, 80.2199068 12.9844386)"
2583,4th Main Road,residential,1,,asphalt,,,,way/1322936253,20.38,"LINESTRING (80.2276129 12.9723255, 80.2278006 12.9723322)"
2584,,residential,,,,,,,way/1323165648,44.08,"LINESTRING (80.2210859 12.981247, 80.2206863 12.9813188)"
2585,Thillaiganga Nagar Subway,primary,,,,yes,,,way/1323785281,91.48,"LINESTRING (80.1944171 12.9912198, 80.1937283 12.9916967)"
2586,Thillaiganga Nagar Subway,primary,,,,yes,,,way/1323785282,80.73,"LINESTRING (80.1938039 12.991753, 80.1944251 12.9913513)"
2587,Perungudi Station Road,tertiary,,,,yes,,,way/1324152256,423.32,"LINESTRING (80.2269419 12.9711007, 80.2268972 12.9710565, 80.2253082 12.9694874, 80.2248593 12.9691066, 80.2247612 12.9690329, 80.2242973 12.9687078, 80.2240565 12.9685391)"
2588,6th Main Road,residential,2,,asphalt,no,,,way/1327197274,277.65,"LINESTRING (80.2161626 12.9711221, 80.2186334 12.9706652, 80.2186773 12.9706567)"
2589,Ram Nagar Main Road,residential,,,,,,,way/1327197275,109.7,"LINESTRING (80.2160021 12.9701452, 80.2161213 12.9706674, 80.2161626 12.9711221)"
2590,Mount - Medavakkam Road,primary,2,40,asphalt,yes,,,way/1331869097,52.71,"LINESTRING (80.1954404 12.9811124, 80.1954313 12.9810096, 80.1952529 12.9806799)"
2591,Mount - Medavakkam Road,primary,,40,,no,,,way/1331871723,29.87,"LINESTRING (80.1959361 12.982054, 80.1960645 12.9822928)"
2592,RajaLaxmi Nagar 3rd Main Road,tertiary,2,,,,,,way/1331925836,88.62,"LINESTRING (80.2190934 12.9843659, 80.2191853 12.9843761, 80.2191936 12.984377, 80.2192206 12.9843793, 80.2199068 12.9844386)"
2593,,residential,,,,,,,way/1335893535,17.7,"LINESTRING (80.1955636 12.988695, 80.195417 12.9887652)"
2594,,residential,,,,,,,way/1349488353,5.74,"LINESTRING (80.202278 12.9658239, 80.2022837 12.9658755)"
2595,,primary,,40,asphalt,,,,way/1349490743,6.93,"LINESTRING (80.2175688 12.9680097, 80.2175892 12.9680691)"
2596,,residential,,,,,,,way/1350831322,25.17,"LINESTRING (80.2206684 12.9750127, 80.2206923 12.974954, 80.2207545 12.9748014)"
2597,,residential,,,,,,,way/1361614233,85.05,"LINESTRING (80.1893157 12.9767468, 80.1891977 12.9767847, 80.1891859 12.9768112, 80.1892308 12.9771354, 80.1892414 12.9771744, 80.1892662 12.9771825, 80.189495 12.9771664)"
2598,,residential,,,,,,,way/1361614234,61.05,"LINESTRING (80.189495 12.9771664, 80.1895245 12.9771365, 80.1895293 12.9770848, 80.1894939 12.9767606, 80.189475 12.9767215, 80.1893854 12.9767357)"
2599,,residential,,,,yes,,,way/1361614235,16.45,"LINESTRING (80.1893854 12.9767357, 80.1893384 12.9765943)"
2600,,residential,,,,yes,,,way/1361614236,13.79,"LINESTRING (80.1892817 12.9766267, 80.1893157 12.9767468)"
2601,,residential,,,,,,,way/1361614237,7.66,"LINESTRING (80.1893854 12.9767357, 80.1893157 12.9767468)"
2602,Lake View Road,tertiary,,,,,,,way/1365528472,111.42,"LINESTRING (80.2037983 12.9882327, 80.2043364 12.9880217, 80.2047748 12.9879339)"
2603,New Colony 5th Street,residential,,,,,,,way/1365528473,23.78,"LINESTRING (80.2016549 12.9867257, 80.2016856 12.9869385)"
2604,Brindavan Nagar Main Road,tertiary,,,asphalt,,,,way/1369885132,76.17,"LINESTRING (80.2043588 12.9799118, 80.2043252 12.9796189, 80.2042521 12.9792317)"
2605,Brindavan Nagar Main Road,tertiary,,,asphalt,,,,way/1369885133,13.79,"LINESTRING (80.204373 12.9800357, 80.2043588 12.9799118)"
2606,Thalambu Street,residential,,,,,,,way/1369885134,20.29,"LINESTRING (80.2045577 12.9800069, 80.204373 12.9800357)"
2607,,residential,,20,,no,yes,,way/1369890029,10.71,"LINESTRING (80.212148 12.97145, 80.2122186 12.9715176)"
2608,,residential,,,,,,,way/1369903323,64.02,"LINESTRING (80.2248583 12.9864803, 80.2248997 12.98658, 80.2250809 12.9870162)"
2609,,residential,,,,,,,way/1371657978,43.42,"LINESTRING (80.2184435 12.9879886, 80.2188371 12.9879175)"
2610,,primary_link,,,,,,,way/1374370870,7.55,"LINESTRING (80.2165066 12.9685244, 80.2165419 12.9685832)"
2611,Sabari Salai,secondary,,40,asphalt,,,,way/1375805716,256.06,"LINESTRING (80.1891 12.965859067017094, 80.1914144 12.9654063)"
2612,Mathiazhagan Street,residential,,,,,,,way/1377590598,225.79,"LINESTRING (80.1913825 12.9781139, 80.1919642 12.9779758, 80.1923939 12.9778744, 80.1927003 12.977802, 80.1930302 12.9777148, 80.1934024 12.9776228)"
2613,Elango Street,residential,,,,,,,way/1377590599,212.33,"LINESTRING (80.1925255 12.9817328, 80.1938998 12.9813721, 80.1939462 12.9813455, 80.1941447 12.9812319, 80.1943613 12.9811079)"
2614,Kannagi Street,residential,,,,,,,way/1377590600,88.89,"LINESTRING (80.1915137 12.9788498, 80.1910824 12.9789345, 80.1907065 12.978985)"
2615,Chitrarasu Street,residential,,,,,,,way/1377590601,164.77,"LINESTRING (80.1914434 12.9784695, 80.1906347 12.9786313, 80.1899459 12.9787088)"
2616,Iyyappan Street,residential,,,,,,,way/1377590602,88.62,"LINESTRING (80.1957946 12.9793354, 80.1958053 12.9789081, 80.1958182 12.9785347)"
2617,,residential,,,,,,,way/1377590603,182.03,"LINESTRING (80.1957942 12.9746269, 80.1969927 12.9746537, 80.1974716 12.974645)"
2618,Krishna Street,residential,,,,,,,way/1377590604,143.66,"LINESTRING (80.1989309 12.9745038, 80.1989839 12.9749677, 80.1989675 12.97538, 80.1989337 12.9757978)"
2619,,service,,,,,,,way/1377705336,5.56,"LINESTRING (80.2180871 12.9683147, 80.2180382 12.9683298)"
2620,,primary,,40,asphalt,yes,,,way/1377960408,92.82,"LINESTRING (80.2188898 12.9705875, 80.2189016 12.9704483, 80.2188139 12.970198, 80.2186821 12.969783)"
2621,,service,,,,,,,way/1377971136,19.21,"LINESTRING (80.2213366 12.9785856, 80.2211596 12.97858)"
2622,Bazaar Main Road,secondary,2,30,asphalt,yes,,,way/1384246749,2.34,"LINESTRING (80.2145126 12.9638686, 80.2144936 12.9638787)"
2623,,secondary,,,,yes,,,way/1384246750,2.19,"LINESTRING (80.2144936 12.9638787, 80.2145133 12.963883)"
2624,Bazaar Main Road,secondary,2,30,asphalt,,,,way/1384246751,2.45,"LINESTRING (80.2144713 12.9638824, 80.2144936 12.9638787)"
2625,Bazaar Main Road,secondary,2,30,asphalt,,,,way/1384246752,18.8,"LINESTRING (80.2143004 12.9639105, 80.2144713 12.9638824)"
2626,,residential,,,,,,,way/1387934650,8.66,"LINESTRING (80.1973985 12.9865622, 80.1973229 12.9865873)"
2627,,residential,,,,,,,way/1413418651,25.07,"LINESTRING (80.2164227 12.9888454, 80.216302 12.9886807, 80.2162883 12.9886611)"
2628,Vivekananda Street,residential,,,,,,,way/1416750497,70.79,"LINESTRING (80.2268903 12.9780291, 80.226238 12.9780161)"
2629,Vivekananda Street,residential,,,,,,,way/1416750498,27.38,"LINESTRING (80.2277059 12.9784282, 80.2274537 12.9784206)"
2630,Guru Ramdas Marg,service,,,,,,,way/1433967815,182.34,"LINESTRING (80.2200334 12.9910125, 80.2201097 12.9910718, 80.2204406 12.9914255, 80.22089789528263 12.9924)"
2631,Guru Amardas Marg,service,,,,,,,way/1433967816,173.24,"LINESTRING (80.2218867 12.9909676, 80.2218225 12.9909237, 80.2212131 12.9909739, 80.2208268 12.9911328, 80.2204406 12.9914255)"
2632,,residential,,,,,,,way/1433969534,55.79,"LINESTRING (80.2075392 12.9887336, 80.2076226 12.9892312)"
2633,12th Cross Street,residential,,,,,,,way/1433969535,82.22,"LINESTRING (80.2076226 12.9892312, 80.2083526 12.9890317)"
2634,,residential,,,,,,,way/1433971465,61.21,"LINESTRING (80.2182454 12.9762582, 80.2183726 12.9762685, 80.2183915 12.9762618, 80.2184021 12.9762319, 80.2184046 12.9758552)"
2635,Bhuvaneswari Nager 2nd Street,residential,,,,,,,way/1433972066,42.35,"LINESTRING (80.2050962 12.9789544, 80.205174 12.9793295)"
2636,Bhuvaneswari Nager 2nd Street,residential,,,,,,,way/1433972067,63.93,"LINESTRING (80.205174 12.9793295, 80.2052002 12.9799068)"
2637,2nd Street,residential,,,asphalt,,,,way/1433972659,41.72,"LINESTRING (80.1998688 12.9791734, 80.1998867 12.9792258, 80.1998534 12.9794681, 80.1997832 12.9795034)"
2638,2nd Cross Street,residential,,,,,,,way/1433985009,71.53,"LINESTRING (80.2054567 12.9828264, 80.2047995 12.9828782)"
2639,4th Main Road,residential,,,,,,,way/1433986445,9.32,"LINESTRING (80.205299 12.9820093, 80.2052131 12.9820078)"
2640,6th Street,residential,,,,,,,way/1434007337,105.07,"LINESTRING (80.1991754 12.9858133, 80.1996535 12.9857901, 80.1997078 12.9857738, 80.1997293 12.9857535, 80.1997481 12.9857182, 80.199674 12.9853702)"
2641,,residential,,,,,,,way/1434007338,43.13,"LINESTRING (80.1991754 12.9858133, 80.199227 12.9861999)"
2642,1st Cross Street,residential,,,,,,,way/1434007339,93.09,"LINESTRING (80.1983209 12.98589, 80.1986522 12.9858603, 80.1991754 12.9858133)"
2643,,residential,,,,,,,way/1434007506,295.64,"LINESTRING (80.1998035 12.9843248, 80.1999462 12.9848168, 80.199956 12.9848442, 80.2000801 12.9851913, 80.2001062 12.9852628, 80.2002149 12.9861402, 80.2002722 12.9864936, 80.200361 12.9868246, 80.2003915 12.9869243)"
2644,11th Street,residential,,,,,,,way/1434007507,97.36,"LINESTRING (80.201276 12.9867758, 80.2008148 12.9868532, 80.2003915 12.9869243)"
2645,,residential,,,,,,,way/1434022076,178.73,"LINESTRING (80.2009115 12.9829727, 80.2003208 12.9830457, 80.2000719 12.9830882, 80.1997909 12.9831709, 80.1992875 12.983221)"
2646,,residential,,,,,,,way/1434022816,43.93,"LINESTRING (80.2104598 12.9873965, 80.2104135 12.987002)"
2647,,residential,,,,,,,way/1434022817,44.5,"LINESTRING (80.2104135 12.987002, 80.2108207 12.9869535)"
2648,2nd Main Road,residential,,,,,,,way/1434022818,147.2,"LINESTRING (80.2090681 12.987123, 80.2091244 12.9871426, 80.2100072 12.9870417, 80.2104135 12.987002)"
2649,1st Cross Road,residential,,,,,,,way/1434287585,59.04,"LINESTRING (80.2065607 12.9803784, 80.2066071 12.9806302, 80.2066278 12.9808161, 80.2066455 12.9809052)"
2650,1st Cross Road,residential,,,,,,,way/1434287586,99.76,"LINESTRING (80.2066688 12.9810098, 80.2066853 12.9812165, 80.2067114 12.9814203, 80.2068777 12.9818813)"
2651,1st Street,residential,,,,,,,way/1434288235,39.29,"LINESTRING (80.2055565 12.9798431, 80.2052002 12.9799068)"
2652,Sakthi Nagar Extension,residential,,,,,,,way/1434288236,65.45,"LINESTRING (80.2031046 12.980796, 80.2030449 12.9802073)"
2653,38th Street,residential,,,,,,,way/1434322055,127.44,"LINESTRING (80.1913528 12.9882909, 80.1902232 12.988607)"
2654,,residential,,,,,,,way/1434335532,64.92,"LINESTRING (80.1912869 12.9777069, 80.1918711 12.97758)"
2655,,service,,,,,,,way/1435895377,13.11,"LINESTRING (80.2210704 12.9721183, 80.2210349 12.972005)"
2656,,service,,,,,,,way/1447928823,105.77,"LINESTRING (80.2183111 12.9697842, 80.2179309 12.9699141, 80.2179177 12.9699217, 80.2179099 12.969937, 80.2179374 12.9700188, 80.2179551 12.9700282, 80.2179766 12.9700287, 80.2183783 12.969948)"
2657,,service,,,,yes,,,way/1458968795,21.5,"LINESTRING (80.2207226 12.9901027, 80.2206607 12.9900496, 80.2205936 12.9899569)"
2658,Alumni Avenue,service,,,asphalt,,,,way/1459219333,52.77,"LINESTRING (80.2276156 12.9901886, 80.2276214 12.9902124, 80.2276346 12.9902332, 80.227654 12.9902488, 80.2276774 12.9902576, 80.2277024 12.9902587, 80.2277266 12.9902521, 80.2277473 12.9902382, 80.2277624 12.9902187, 80.2277707 12.990194, 80.2277699 12.9901681, 80.2277602 12.9901438, 80.2277427 12.9901243, 80.2277336 12.9901193, 80.2277194 12.9901115, 80.2276931 12.9901072, 80.2276669 12.9901118, 80.2276449 12.9901237, 80.2276281 12.9901418, 80.2276179 12.9901642, 80.2276156 12.9901886)"
2659,,service,,,asphalt,,,,way/1459219334,29.85,"LINESTRING (80.2279914 12.9902901, 80.2277602 12.9901438)"
2660,,service,,,asphalt,,,,way/1459219335,29.98,"LINESTRING (80.2278409 12.9898696, 80.2277336 12.9901193)"
2661,,service,,,asphalt,,,,way/1459219336,36.08,"LINESTRING (80.2278409 12.9898696, 80.2277749 12.9899296, 80.2276518 12.9900763, 80.2276449 12.9901237)"
2662,,service,,,asphalt,,,,way/1459219337,16.68,"LINESTRING (80.2274875 12.9902027, 80.2276281 12.9901418)"
2663,,service,,,,,,,way/1465600925,51.12,"LINESTRING (80.2116956 12.964399, 80.2116681 12.9642658, 80.2116631 12.9642586, 80.2116471 12.9642549, 80.211513 12.9642804, 80.2115009 12.9642891, 80.211497 12.9643009, 80.2115352 12.9644361)"
2664,,residential,,,,,,,way/1467066124,45.3,"LINESTRING (80.2225872 12.9877937, 80.2228367 12.9879696, 80.2228623 12.9879888, 80.2229244 12.9880352)"
2665,,residential,,,,,,,way/1467066125,92.51,"LINESTRING (80.2224609 12.98789, 80.2226054 12.9881365, 80.2226224 12.988151, 80.2226398 12.9881565, 80.2226605 12.9881538, 80.2226872 12.9881483, 80.2228367 12.9879696, 80.2229734 12.9877784)"
2666,,residential,,,,,,,way/1467066126,23.12,"LINESTRING (80.2229734 12.9877784, 80.2229748 12.9877694, 80.2229707 12.9877626, 80.2227992 12.98767)"
2667,,residential,,,,,,,way/1467066127,11.01,"LINESTRING (80.2229734 12.9877784, 80.223001 12.9877914, 80.223065 12.9878213)"
2668,,residential,,,,,,,way/1467066128,27.06,"LINESTRING (80.2227992 12.98767, 80.2227919 12.9876686, 80.2227801 12.9876709, 80.2225872 12.9877937)"
2669,,residential,,,,,,,way/1483679814,139.03,"LINESTRING (80.1909997 12.9838181, 80.1904458 12.9838376, 80.1904193 12.9838462, 80.1904114 12.9838797, 80.1904163 12.9839438, 80.190434 12.9839601, 80.1904929 12.9839591, 80.1910074 12.9839276)"
2670,Inner Ring Road (Southern Sector),primary,,,,yes,,,way/1483749571,80.72,"LINESTRING (80.1944251 12.9913513, 80.1949862 12.9909723, 80.1950354 12.9909341)"
2671,,residential,,,,,,,way/1483749572,18.16,"LINESTRING (80.1950354 12.9909341, 80.194898 12.9908403)"
2672,Sri Devi Karumari Amman Nagar 4th Street,residential,,,,,,,way/1487226520,85.78,"LINESTRING (80.2163163 12.9757796, 80.2171068 12.9757663)"
2673,Vijayanagar 2nd Main Road,residential,,,asphalt,,,,way/1487226521,77.06,"LINESTRING (80.2171592 12.9752845, 80.216449 12.9752769)"
2674,Sri Devi Karumari Amman Nagar 1st Street,residential,,,,,,,way/1487226522,150.3,"LINESTRING (80.2162269 12.9767723, 80.216184 12.9767886, 80.215739 12.9767351, 80.215677 12.9767573, 80.2156717 12.9768265, 80.2156623 12.9769115, 80.2157052 12.9769768, 80.215736 12.9770435, 80.215724 12.9775466)"
2675,,service,,,,yes,,,way/1497094911,164.92,"LINESTRING (80.2195467 12.9723085, 80.2210349 12.972005)"
2676,Taramani Link Road,primary,2,50,asphalt,yes,,,way/1500200433,4.67,"LINESTRING (80.2250841 12.9783943, 80.2251037 12.9784056, 80.2251212 12.9784157)"
2677,Taramani Link Road,primary,2,50,asphalt,yes,,,way/1500200434,11.43,"LINESTRING (80.2251212 12.9784157, 80.225212 12.9784681)"
2678,Taramani Link Road,primary,2,50,asphalt,yes,,,way/1500200435,10.52,"LINESTRING (80.2252635 12.9783717, 80.2251796 12.978324)"
2679,,tertiary,,,,yes,,,way/1501648329,102.25,"LINESTRING (80.2181825 12.9665981, 80.217778 12.9665032, 80.2174511 12.9663917, 80.217289 12.966314)"
2680,Velachery MRTS,tertiary,,,,yes,,,way/1501648330,81.82,"LINESTRING (80.2174339 12.9666872, 80.2181825 12.9665981)"
2681,,service,,,,,,,way/1504408310,66.5,"LINESTRING (80.2112685 12.964188, 80.211324 12.964174, 80.211862 12.9640379)"
2682,,residential,,,,,,,way/1504424666,7.91,"LINESTRING (80.2157378 12.9685541, 80.2156896 12.9685004)"
2683,,residential,,,,,,,way/1512528349,16.12,"LINESTRING (80.2127911 12.9707293, 80.2127012 12.9708453)"
2684,,residential,,,,,,,way/1512528350,14.23,"LINESTRING (80.2127911 12.9707293, 80.2128843 12.9708198)"
2685,,residential,,,,,yes,,way/1512528351,7.13,"LINESTRING (80.2128843 12.9708198, 80.212931 12.9708651)"
2686,,residential,,,,,,,way/1512528352,7.12,"LINESTRING (80.212931 12.9708651, 80.2129776 12.9709104)"
2687,,service,,,,yes,,,way/1513938081,15.36,"LINESTRING (80.2176679 12.9923161, 80.2176007 12.9922963, 80.2175674 12.9922802, 80.2175448 12.9922549)"
2688,,service,,,,,,,way/1524250585,49.15,"LINESTRING (80.2096415 12.9738233, 80.2095756 12.9737617, 80.209516 12.9737063, 80.2094779 12.9736646, 80.209447 12.9736661, 80.2093967 12.9737083, 80.2092999 12.9737868)"
2689,,residential,,,,yes,,,way/1528760359,110.24,"LINESTRING (80.2229657 12.9692629, 80.2229189 12.9692619, 80.2228722 12.969261, 80.2226734 12.9692569, 80.2226565 12.9692434, 80.2226473 12.9692028, 80.2226596 12.9688711, 80.2226719 12.9688546, 80.2227474 12.9688516, 80.2228922 12.9688661, 80.2229213 12.9688691, 80.2229709 12.9688741)"
2690,,residential,,,,,,,way/1528760360,43.74,"LINESTRING (80.2228722 12.969261, 80.2228769 12.9691678, 80.2228856 12.9689964, 80.2228922 12.9688661)"
2691,,residential,,,,,,,way/1528760361,9.78,"LINESTRING (80.2228769 12.9691678, 80.2229219 12.9691704, 80.2229669 12.9691729)"
2692,,residential,,,,,,,way/1528760362,9.07,"LINESTRING (80.2228856 12.9689964, 80.2229274 12.9689971, 80.2229692 12.9689978)"
2693,G. K. Avenue 6th Cross Street,residential,,,,,,,way/1531057119,33.11,"LINESTRING (80.2035232 12.9749796, 80.2032181 12.9749859)"
2694,,residential,,,,,,,way/1531057120,203.71,"LINESTRING (80.2078937 12.9740954, 80.2079147 12.9736948, 80.2079322 12.9733607, 80.2079384 12.9731908, 80.2079458 12.9729885, 80.2079338 12.9727103, 80.2078226 12.972315, 80.2078171 12.9722706)"
2695,,residential,,,,,,,way/1531057121,142.55,"LINESTRING (80.206594 12.9742498, 80.2070387 12.974204, 80.2075289 12.9741855, 80.2078937 12.9740954)"
2696,,residential,,,,,,,way/1531057122,71.8,"LINESTRING (80.2065688 12.9748983, 80.2065689 12.9748341, 80.2065882 12.9744382, 80.206594 12.9742498)"
2697,,residential,,,,,,,way/1531057123,120.65,"LINESTRING (80.2054594 12.9749736, 80.2065688 12.9748983)"
2698,Balaji Nagar 20th Street,residential,,,,,,,way/1531057124,123.12,"LINESTRING (80.2049584 12.9754688, 80.2050461 12.9759954, 80.2050702 12.9760346, 80.2051051 12.9760503, 80.2055979 12.9759394)"
2699,Balaji Nagar 24th Street,residential,,,,,,,way/1531057125,251.81,"LINESTRING (80.2052251 12.9727093, 80.2052894 12.9732291, 80.2053263 12.9735996, 80.2053592 12.9739059, 80.2053884 12.9741776, 80.2054173 12.9745272, 80.2054594 12.9749736)"
2700,Annai Therasa Nagar 15th Street,residential,,,,,,,way/1531057126,121.61,"LINESTRING (80.2052251 12.9727093, 80.2046899 12.9727609, 80.2041429 12.9728334, 80.204113 12.9728249)"
2701,Balaji Nagar 22nd Street,residential,,,,,,,way/1531057127,104.59,"LINESTRING (80.2067091 12.9758216, 80.2067412 12.9757223, 80.2066676 12.9754022, 80.2065688 12.9748983)"
2702,Annai Therasa Nagar 14th Street,residential,,,,,,,way/1531057128,184.57,"LINESTRING (80.2044118 12.9711152, 80.2045056 12.9716182, 80.20453 12.971755, 80.2045615 12.9719319, 80.2045953 12.97215, 80.2046899 12.9727609)"
2703,annai therasa nagar,residential,,,,,,,way/1531057129,71.49,"LINESTRING (80.2050585 12.9709915, 80.2044118 12.9711152)"
2704,annai therasa nagar,residential,,,,,,,way/1531057130,32.2,"LINESTRING (80.205047 12.9707007, 80.2050585 12.9709915)"
2705,,residential,,,,,,,way/1531057131,65.96,"LINESTRING (80.2089384 12.9715862, 80.2089645 12.971806, 80.2089928 12.9718246, 80.2090305 12.9718252, 80.2093394 12.9717936)"
2706,A.G.S. Colony 3rd Street,residential,,,,,,,way/1531057132,90.56,"LINESTRING (80.2089273 12.9729112, 80.2088736 12.9728374, 80.2088469 12.9725533, 80.2087777 12.9721159)"
2707,Inner Ring Road (Southern Sector),primary,,40,asphalt,yes,,,way/1531841743,122.94,"LINESTRING (80.1970397 12.9820441, 80.1967323 12.9824225, 80.1963649 12.9829362)"
2708,Inner Ring Road (Southern Sector),primary,,40,asphalt,yes,,,way/1531841744,7.76,"LINESTRING (80.1970859 12.9819906, 80.1970397 12.9820441)"
2709,,service,,,,,,,way/1534897609,68.91,"LINESTRING (80.2170732 12.9814888, 80.2173286 12.9815059, 80.2175019 12.981523, 80.2174988 12.9816439, 80.2174953 12.9817239)"
2710,,residential,,,,,,,way/1536189582,51.26,"LINESTRING (80.2097002 12.9804302, 80.2101726 12.980425)"
2711,,residential,,,,,,,way/1536189583,49.91,"LINESTRING (80.2097083 12.9802487, 80.2101683 12.9802527)"
2712,,residential,,,,,,,way/1536189584,61.67,"LINESTRING (80.2091812 12.980704, 80.2086128 12.9807036)"
2713,,residential,,,,,,,way/1536189585,5.63,"LINESTRING (80.2101653 12.9801295, 80.2101598 12.9800789)"
2714,,service,,,,,,,way/1536778498,154.27,"LINESTRING (80.2251114 12.9864214, 80.2251012 12.9863818, 80.225091 12.9863422, 80.2249729 12.9859048, 80.2249504 12.985873, 80.2249003 12.9858691, 80.2247672 12.9859054, 80.2247577 12.9859253, 80.2247672 12.9859516, 80.2248734 12.9862822, 80.2248886 12.9862947, 80.2249107 12.9862947, 80.2249372 12.986292, 80.2249536 12.9863012, 80.224969 12.986323, 80.2249801 12.9863613, 80.2249911 12.9864041, 80.2250021 12.9864468)"
2715,,service,,,,,,,way/1536778499,12.22,"LINESTRING (80.225091 12.9863422, 80.2249801 12.9863613)"
2716,,residential,,,,,,,way/1536779937,11.81,"LINESTRING (80.1944171 12.9912198, 80.1943918 12.9911807, 80.1943719 12.9911235)"
2717,,residential,,,,,,,way/1539056184,35.94,"LINESTRING (80.2230224 12.9744364, 80.2230143 12.9741116)"
2718,TNHB Colony 4th Avenue,residential,,,,,,,way/1544017028,129.03,"LINESTRING (80.2134067 12.9895556, 80.2136896 12.9906884)"
2719,Dr. Ambedkar 1st Main Road,tertiary,,,,,,,way/1544017029,166.46,"LINESTRING (80.2095996 12.9906324, 80.2096648 12.9909728, 80.2097322 12.9912983, 80.2097887 12.9916341, 80.2098751 12.9921125)"
2720,,residential,,,,,,,way/1546256416,14.67,"LINESTRING (80.2189178 12.9895322, 80.2187914 12.9895792)"
2721,,service,,,,yes,,,way/1546546534,16.24,"LINESTRING (80.2210725 12.9895542, 80.2211335 12.9896276, 80.2211671 12.989668)"
2722,,service,,,,,,,way/1546546535,149.92,"LINESTRING (80.2205307 12.9894538, 80.2204851 12.9893207, 80.2204685 12.9892259, 80.2204733 12.9892012, 80.2204835 12.9891856, 80.220497 12.9891664, 80.2205204 12.9891464, 80.2205381 12.9891355, 80.2209656 12.9889572, 80.2209714 12.9889552, 80.2209793 12.9889545, 80.2209867 12.988956, 80.2209926 12.9889579, 80.2209967 12.9889614, 80.2212796 12.989363, 80.2212836 12.9893749, 80.2212803 12.9893862)"
2723,,service,,,,,,,way/1546546536,57.29,"LINESTRING (80.2205936 12.9899569, 80.2205586 12.9898987, 80.2205371 12.9898263, 80.220532 12.9897458, 80.2205227 12.9895664, 80.2205371 12.9895029, 80.2205307 12.9894538)"
2724,Perungudi Station Road,tertiary,,,paved,yes,,,way/1550741897,68.51,"LINESTRING (80.2229923 12.9681867, 80.223038 12.9681888, 80.2233024 12.9682858, 80.223573 12.9684204)"
2725,Karuna Street,residential,,,,,,,way/1550741898,5.42,"LINESTRING (80.2229866 12.9682354, 80.2229923 12.9681867)"
2726,Karuna Street,residential,,,,,,,way/1550741899,51.22,"LINESTRING (80.2229732 12.9686982, 80.2229866 12.9682354)"
2727,Karuna Street,residential,,,,,,,way/1550741900,19.46,"LINESTRING (80.2229709 12.9688741, 80.2229732 12.9686982)"
2728,Karuna Street,residential,,,,,,,way/1550741901,13.69,"LINESTRING (80.2229692 12.9689978, 80.2229709 12.9688741)"
2729,Karuna Street,residential,,,,,,,way/1550741902,9.96,"LINESTRING (80.2229657 12.9692629, 80.2229669 12.9691729)"
2730,Karuna Street,residential,,,,,,,way/1550741903,6.2,"LINESTRING (80.222965 12.9693189, 80.2229657 12.9692629)"
2731,3rd Main Road,residential,,,,,,,way/1550741904,63.79,"LINESTRING (80.2235527 12.9693362, 80.222965 12.9693189)"
