{"type": "FeatureCollection", "name": "velachery_osm_roads_clipped", "crs": {"type": "name", "properties": {"name": "urn:ogc:def:crs:OGC:1.3:CRS84"}}, "features": [{"type": "Feature", "properties": {"@id": "way/22688386", "alt_name": "Bypass Road", "cycleway": "lane", "highway": "primary", "lanes": "2", "maxspeed": "50", "name": "Velachery Bypass Road", "name:ta": "வேளச்சேரி புறவழிச் சாலை", "oneway": "yes", "ref": "SH48C", "surface": "asphalt", "original_osm_index": 1}, "geometry": {"type": "LineString", "coordinates": [[80.2196271, 12.9914386], [80.2195551, 12.9913215], [80.2192915, 12.9905341], [80.2191001, 12.9900216], [80.2189178, 12.9895322], [80.2187315, 12.9890468], [80.2185724, 12.9885725], [80.2185055, 12.9883073], [80.2184435, 12.9879886], [80.2183524, 12.9874273]]}}, {"type": "Feature", "properties": {"@id": "way/23079581", "highway": "tertiary", "lanes": "2", "name": "RajaLaxmi Nagar 3rd Main Road", "surface": "asphalt", "original_osm_index": 2}, "geometry": {"type": "LineString", "coordinates": [[80.217938, 12.9842224], [80.2185792, 12.9843056], [80.2187995, 12.9843314], [80.218905, 12.9843438], [80.2189374, 12.9843476], [80.219046, 12.9843603], [80.2190934, 12.9843659]]}}, {"type": "Feature", "properties": {"@id": "way/23227994", "highway": "secondary", "lane_markings": "no", "maxspeed": "40", "name": "Sabari Salai", "name:ta": "சபரி சாலை", "network": "IN:MDR:TN", "official_name": "Madipakkam - Velachery Road", "oneway": "no", "ref": "MDR622", "surface": "asphalt", "original_osm_index": 3}, "geometry": {"type": "LineString", "coordinates": [[80.1914144, 12.9654063], [80.1915804, 12.9653705], [80.1916717, 12.9653567], [80.192765, 12.9651246], [80.192895, 12.9651357], [80.1930928, 12.9651365], [80.1932712, 12.9651208], [80.1935116, 12.9650946], [80.1940099, 12.9649849], [80.1948869, 12.9647829], [80.1949409, 12.9647764], [80.1950267, 12.9648228], [80.1951179, 12.9648254], [80.195248, 12.9648059], [80.1961207, 12.964658]]}}, {"type": "Feature", "properties": {"@id": "way/25504312", "highway": "tertiary", "name": "Lakeview Street", "original_osm_index": 4}, "geometry": {"type": "LineString", "coordinates": [[80.1985794, 12.9915007], [80.1986614, 12.9914752], [80.1994991, 12.9911157], [80.2001288, 12.9908129], [80.2002242, 12.990724], [80.2004867, 12.9904333], [80.2007045, 12.9902435], [80.2009962, 12.9901041], [80.2012493, 12.9899836], [80.201518, 12.9899032], [80.2016592, 12.9898244], [80.2018045, 12.9897433]]}}, {"type": "Feature", "properties": {"@id": "way/25504441", "highway": "residential", "name": "Masthan Gori Road", "original_osm_index": 5}, "geometry": {"type": "LineString", "coordinates": [[80.20266957714385, 12.9924], [80.2026415, 12.9921734], [80.2026418, 12.9921029], [80.2026436, 12.9917285], [80.2026431, 12.9917043], [80.2026372, 12.9914273], [80.2026335, 12.9912547], [80.2025973, 12.9909693], [80.2025333, 12.9902239], [80.2025241, 12.9901123], [80.2024923, 12.9897524], [80.2024739, 12.989497]]}}, {"type": "Feature", "properties": {"@id": "way/25504467", "highway": "residential", "name": "West Karikalan Street", "original_osm_index": 6}, "geometry": {"type": "LineString", "coordinates": [[80.1988838, 12.9922217], [80.1983434, 12.9922984], [80.1982468, 12.992309], [80.1977887, 12.992359], [80.1973828, 12.9923877], [80.1968929, 12.9923784], [80.1964766, 12.9923131], [80.1960197, 12.9922588], [80.1956929, 12.9922102]]}}, {"type": "Feature", "properties": {"@id": "way/25552951", "highway": "tertiary", "name": "Nanganallur 1st Main Road", "official_name": "Nanganallur Road", "oneway": "no", "ref": "O4318", "surface": "asphalt", "original_osm_index": 7}, "geometry": {"type": "LineString", "coordinates": [[80.1891, 12.982991884678846], [80.189465, 12.9829864], [80.1900741, 12.9829633], [80.1902943, 12.982953], [80.1909052, 12.9829245], [80.1920289, 12.9828515], [80.1924205, 12.9827848], [80.1927556, 12.9827267], [80.1931421, 12.9826464], [80.1935473, 12.9825533], [80.1938674, 12.9824786], [80.193961, 12.9824313], [80.1940745, 12.9822011], [80.1946212, 12.9816924], [80.194813, 12.9815509], [80.1948803, 12.9815154], [80.1949583, 12.9814809], [80.1950376, 12.9814722], [80.1951201, 12.9814755], [80.195227, 12.9814808]]}}, {"type": "Feature", "properties": {"@id": "way/25553310", "highway": "residential", "lane_markings": "no", "name": "Nanganallur 100ft Road", "surface": "asphalt", "original_osm_index": 8}, "geometry": {"type": "LineString", "coordinates": [[80.1911932, 12.975427], [80.1904302, 12.9758802], [80.1896456, 12.9763167], [80.1893527, 12.9764882], [80.1891, 12.976627259763315]]}}, {"type": "Feature", "properties": {"@id": "way/25556182", "highway": "tertiary", "name": "Kakkan Nagar Main Road", "original_osm_index": 9}, "geometry": {"type": "LineString", "coordinates": [[80.20600525758898, 12.9924], [80.2058473, 12.9919874], [80.2058126, 12.9919179], [80.2055741, 12.9914413], [80.2052312, 12.9905523], [80.2051628, 12.9903304], [80.2049944, 12.9894652], [80.2048999, 12.9891277], [80.2048546, 12.9889661], [80.2048306, 12.9885877]]}}, {"type": "Feature", "properties": {"@id": "way/25561949", "highway": "residential", "name": "Madipakkam Main Road", "oneway": "no", "original_osm_index": 10}, "geometry": {"type": "LineString", "coordinates": [[80.1899181, 12.9690131], [80.1909282, 12.9687151], [80.1914592, 12.9685655], [80.1916274, 12.9685121], [80.1920509, 12.9684122], [80.1922207, 12.9683719], [80.1926786, 12.9682775], [80.1930615, 12.9681903], [80.1936371, 12.9680625], [80.1941148, 12.9679483], [80.1941422, 12.9679417], [80.1941691, 12.9679287], [80.1941832, 12.9679169], [80.1941905, 12.9678973], [80.1941952, 12.9678803], [80.1941925, 12.9678509], [80.1941779, 12.9677225], [80.1941449, 12.9674327], [80.1941449, 12.9674144], [80.1941549, 12.9673961], [80.194167, 12.9673837], [80.1941825, 12.9673713], [80.1947011, 12.9672861], [80.196145, 12.9670161]]}}, {"type": "Feature", "properties": {"@id": "way/25562013", "highway": "residential", "name": "Anna Salai", "name:etymology:wikidata": "Q138765", "name:ta": "அண்ணா சாலை", "original_osm_index": 11}, "geometry": {"type": "LineString", "coordinates": [[80.1917865, 12.9804971], [80.1917248, 12.9799745], [80.1915966, 12.9792583], [80.1915137, 12.9788498], [80.1914434, 12.9784695], [80.1913825, 12.9781139]]}}, {"type": "Feature", "properties": {"@id": "way/25562252", "highway": "residential", "lane_markings": "no", "name": "Lakshmi Nagar 9th Street", "surface": "asphalt", "original_osm_index": 12}, "geometry": {"type": "LineString", "coordinates": [[80.1892939, 12.9758326], [80.1891, 12.975839802772933]]}}, {"type": "Feature", "properties": {"@id": "way/25562280", "highway": "residential", "lanes": "2", "name": "விக்னேஷ்வரா நகர் 1வது தெரு", "name:en": "Vigneshwara Nagar 1st Street", "name:ta": "விக்னேஷ்வரா நகர் 1வது தெரு", "surface": "asphalt", "original_osm_index": 13}, "geometry": {"type": "LineString", "coordinates": [[80.1907954, 12.9710173], [80.1902388, 12.9711435], [80.189159, 12.9714332]]}}, {"type": "Feature", "properties": {"@id": "way/25562473", "highway": "residential", "name": "Gangai Amman Koil Street", "original_osm_index": 14}, "geometry": {"type": "LineString", "coordinates": [[80.2184145, 12.9883099], [80.2176869, 12.9884057], [80.2171809, 12.9884853], [80.2169403, 12.9885383], [80.2167365, 12.9886324], [80.2165581, 12.9887474], [80.2164227, 12.9888454], [80.2163878, 12.9889068], [80.2163098, 12.989104], [80.2162966, 12.9891825], [80.2162567, 12.9895385], [80.2162505, 12.9896216], [80.2162177, 12.9899355]]}}, {"type": "Feature", "properties": {"@id": "way/25562487", "highway": "tertiary", "maxspeed": "20", "name": "Ponniamman Koil Street", "original_osm_index": 15}, "geometry": {"type": "LineString", "coordinates": [[80.1972991, 12.9794004], [80.1973276, 12.9790557], [80.1973482, 12.9786197], [80.1974382, 12.9774805], [80.1973938, 12.976972], [80.1974293, 12.9763815], [80.1974719, 12.9755516], [80.19747, 12.9749463], [80.1974716, 12.974645], [80.1974675, 12.974293], [80.1974729, 12.9741749], [80.1974331, 12.9740374], [80.1970519, 12.973976], [80.1969085, 12.9734591], [80.1968764, 12.973329], [80.196837, 12.9730978], [80.1966301, 12.973108], [80.1966186, 12.9731049], [80.1966067, 12.9730963], [80.1965978, 12.9730812], [80.1965538, 12.9728369], [80.1964637, 12.9723418]]}}, {"type": "Feature", "properties": {"@id": "way/25562494", "highway": "tertiary", "lane_markings": "yes", "lanes": "2", "name": "2nd Main Road", "surface": "asphalt", "original_osm_index": 16}, "geometry": {"type": "LineString", "coordinates": [[80.1933682, 12.9896609], [80.1933468, 12.9895457], [80.193284, 12.9892158], [80.1931656, 12.9888103], [80.1931488, 12.9887276], [80.1930787, 12.9883611], [80.1929731, 12.9879587], [80.1928615, 12.987468], [80.1927293, 12.9869088], [80.1926876, 12.9867322], [80.1926089, 12.9863992], [80.1925544, 12.986218], [80.1924964, 12.985956], [80.1924217, 12.9856126], [80.1923461, 12.9852205], [80.192301, 12.9849919], [80.1922325, 12.9844068], [80.1922253, 12.9843357], [80.1921244, 12.9836568], [80.1921145, 12.9835214], [80.1920289, 12.9828515], [80.1919233, 12.9818677], [80.1918766, 12.9812454], [80.1917865, 12.9804971]]}}, {"type": "Feature", "properties": {"@id": "way/25562576", "highway": "residential", "oneway": "yes", "original_osm_index": 17}, "geometry": {"type": "LineString", "coordinates": [[80.1935687, 12.9912744], [80.1943719, 12.9911235]]}}, {"type": "Feature", "properties": {"@id": "way/25562663", "highway": "residential", "name": "Murugan Street", "original_osm_index": 18}, "geometry": {"type": "LineString", "coordinates": [[80.1962043, 12.9697463], [80.1941564, 12.9699878], [80.1938197, 12.9700333]]}}, {"type": "Feature", "properties": {"@id": "way/25562666", "highway": "residential", "name": "Arul Jothi Street", "oneway": "no", "surface": "asphalt", "original_osm_index": 19}, "geometry": {"type": "LineString", "coordinates": [[80.1920509, 12.9684122], [80.1921766, 12.9688566], [80.1922025, 12.9689916], [80.1923038, 12.9695604], [80.1923574, 12.9698781], [80.1924178, 12.9702875], [80.192517, 12.9708996]]}}, {"type": "Feature", "properties": {"@id": "way/25562669", "highway": "residential", "name": "Kannagi Street", "name:etymology:wikidata": "Q3115610", "oneway": "no", "original_osm_index": 20}, "geometry": {"type": "LineString", "coordinates": [[80.1962068, 12.968966], [80.1952233, 12.9690648], [80.1951957, 12.9690807], [80.1951434, 12.9691382], [80.1950968, 12.9691533], [80.1948858, 12.9691841], [80.1943778, 12.9692581], [80.19426, 12.9692753], [80.1923038, 12.9695604]]}}, {"type": "Feature", "properties": {"@id": "way/25689285", "highway": "residential", "name": "M. G. R. Street", "name:etymology:wikidata": "Q127868", "name:ta": "எம். ஜி. ஆர். தெரு", "surface": "asphalt", "original_osm_index": 21}, "geometry": {"type": "LineString", "coordinates": [[80.1919642, 12.9779758], [80.1918711, 12.97758], [80.1917295, 12.9771214], [80.1915667, 12.9765938], [80.1914381, 12.9761773], [80.1912378, 12.9755935], [80.1911932, 12.975427], [80.1910624, 12.9751106], [80.1910436, 12.975027], [80.191053, 12.9750022], [80.1910892, 12.9749617], [80.1912233, 12.9749042], [80.191344, 12.9748859], [80.1915345, 12.9748963], [80.1916166, 12.9748886], [80.1916476, 12.9748648], [80.1916632, 12.9748257], [80.1916866, 12.9747021], [80.1917138, 12.9746643], [80.1917525, 12.9746445], [80.1918056, 12.9746292], [80.1921479, 12.9745312]]}}, {"type": "Feature", "properties": {"@id": "way/25689603", "highway": "tertiary", "name": "Murugappa Street", "surface": "asphalt", "original_osm_index": 22}, "geometry": {"type": "LineString", "coordinates": [[80.1922824, 12.9748662], [80.1923802, 12.9748352], [80.1929939, 12.9747282], [80.1931486, 12.9747419], [80.1935017, 12.9747978], [80.1939175, 12.9748579], [80.1943202, 12.974953], [80.1951784, 12.9751309], [80.1957908, 12.9752132], [80.196519, 12.975369], [80.1969892, 12.9754597], [80.1974719, 12.9755516]]}}, {"type": "Feature", "properties": {"@id": "way/25689605", "highway": "tertiary", "name": "Puzhuthivakkam Road", "name:etymology:wikidata": "Q2716320", "name:ta": "புழுதிவாக்கம் சாலை", "ref": "O5544", "original_osm_index": 23}, "geometry": {"type": "LineString", "coordinates": [[80.1964637, 12.9723418], [80.195986, 12.9723883], [80.1958193, 12.9723893], [80.1954423, 12.9723925], [80.195236, 12.9723983], [80.1949692, 12.9724059], [80.1947133, 12.9724132], [80.1941674, 12.9724337], [80.1939431, 12.9726167], [80.1938448, 12.9726788], [80.1938041, 12.9727036], [80.1937584, 12.9727194], [80.1937096, 12.9727264], [80.1936, 12.9727269], [80.193429, 12.9727276], [80.1930807, 12.9726555], [80.1928504, 12.9725745], [80.1926551, 12.9725151], [80.1925334, 12.9724986], [80.1924148, 12.9724956], [80.1916116, 12.972605], [80.1915389, 12.9726258], [80.1914709, 12.9726442]]}}, {"type": "Feature", "properties": {"@id": "way/25689918", "bicycle": "yes", "cycleway": "lane", "foot": "yes", "highway": "primary", "lanes": "2", "maxspeed": "50", "motorroad": "no", "name": "Taramani Link Road", "name:ta": "தரமணி சாலை", "old_ref": "MDR752", "oneway": "yes", "ref": "SH48B", "surface": "asphalt", "original_osm_index": 24}, "geometry": {"type": "LineString", "coordinates": [[80.2227628, 12.9769934], [80.223144, 12.9772234], [80.2235307, 12.9774565], [80.2246021, 12.9781163], [80.224769, 12.9782125], [80.2250841, 12.9783943]]}}, {"type": "Feature", "properties": {"@id": "way/25690464", "highway": "tertiary", "name": "Moovarasampettai Main Road", "name:etymology:wikidata": "Q2541545", "official_name": "Mount Medavakkam Road - Moovarasampattu - Thirisoolam Road", "ref": "O8733", "original_osm_index": 25}, "geometry": {"type": "LineString", "coordinates": [[80.1891, 12.969300135422742], [80.1891916, 12.9692758], [80.1893045, 12.9692458], [80.1898774, 12.9690267]]}}, {"type": "Feature", "properties": {"@id": "way/25774686", "highway": "residential", "original_osm_index": 26}, "geometry": {"type": "LineString", "coordinates": [[80.1922772, 12.9734183], [80.1924071, 12.9737594], [80.1925662, 12.9741746], [80.1925954, 12.9742076], [80.192641, 12.9742281], [80.1926795, 12.9742361], [80.193511, 12.9742564]]}}, {"type": "Feature", "properties": {"@id": "way/25774690", "highway": "residential", "name": "Union Carbide Colony Main Road", "original_osm_index": 27}, "geometry": {"type": "LineString", "coordinates": [[80.1953555, 12.973876], [80.19423, 12.9738373], [80.1939205, 12.9738443], [80.1935233, 12.9738477], [80.1934283, 12.9738454], [80.1930318, 12.9738003], [80.1924071, 12.9737594]]}}, {"type": "Feature", "properties": {"@id": "way/25774695", "highway": "residential", "original_osm_index": 28}, "geometry": {"type": "LineString", "coordinates": [[80.1957902, 12.9743994], [80.1939059, 12.9743191]]}}, {"type": "Feature", "properties": {"@id": "way/25774706", "highway": "residential", "original_osm_index": 29}, "geometry": {"type": "LineString", "coordinates": [[80.1941375, 12.9727647], [80.194108, 12.9731756], [80.1944721, 12.9732432], [80.1948617, 12.9733131], [80.1948924, 12.9733192], [80.1954742, 12.9734341], [80.1955004, 12.9734299], [80.1955188, 12.9734238], [80.1955326, 12.9734099], [80.19556, 12.9730917], [80.1955519, 12.9730548], [80.1955285, 12.9730293], [80.1947401, 12.9728772], [80.1941375, 12.9727647]]}}, {"type": "Feature", "properties": {"@id": "way/25774708", "highway": "residential", "name": "Venkatesa Nagar Main Road", "sidewalk": "no", "surface": "asphalt", "original_osm_index": 30}, "geometry": {"type": "LineString", "coordinates": [[80.1930807, 12.9726555], [80.1930419, 12.9728996], [80.1930246, 12.9731353], [80.1930309, 12.9733682], [80.1930318, 12.9738003]]}}, {"type": "Feature", "properties": {"@id": "way/25774714", "highway": "residential", "name": "Bhagat Singh Street", "name:etymology:wikidata": "Q377808", "original_osm_index": 31}, "geometry": {"type": "LineString", "coordinates": [[80.1941674, 12.9724337], [80.1941003, 12.9719784], [80.1940767, 12.9718188], [80.1940676, 12.9717567], [80.1940059, 12.9713382], [80.1939959, 12.9712705], [80.1939295, 12.9708202], [80.1939196, 12.9707527], [80.1938687, 12.9704077], [80.1938243, 12.9701065]]}}, {"type": "Feature", "properties": {"@id": "way/25774722", "highway": "residential", "lane_markings": "no", "name": "Lakshmi Nagar 4th Stage 2nd Cross Street", "surface": "asphalt", "original_osm_index": 32}, "geometry": {"type": "LineString", "coordinates": [[80.189143, 12.9718216], [80.1891, 12.97182073519553]]}}, {"type": "Feature", "properties": {"@id": "way/25774730", "highway": "residential", "lane_markings": "no", "name": "பாலாஜி நகர் 7வது தெரு", "name:en": "Balaji Nagar 7th Street", "name:ta": "பாலாஜி நகர் 7வது தெரு", "surface": "asphalt", "original_osm_index": 33}, "geometry": {"type": "LineString", "coordinates": [[80.1915774, 12.9729215], [80.1908834, 12.9729277], [80.1903696, 12.9729522], [80.1900453, 12.9729677]]}}, {"type": "Feature", "properties": {"@id": "way/25774733", "highway": "residential", "lanes": "2", "name": "பாலாஜி நகர் 6வது தெரு", "name:en": "Balaji Nagar 6th Street", "name:ta": "பாலாஜி நகர் 6வது தெரு", "surface": "asphalt", "original_osm_index": 34}, "geometry": {"type": "LineString", "coordinates": [[80.1904079, 12.9739509], [80.1903914, 12.9734661], [80.1903804, 12.9731423], [80.1903696, 12.9729522]]}}, {"type": "Feature", "properties": {"@id": "way/25774736", "highway": "residential", "lanes": "2", "lit": "yes", "maxspeed": "20", "name": "பாலாஜி நகர் 10வது தெரு", "name:en": "Balaji Nagar 10th Street", "name:ta": "பாலாஜி நகர் 10வது தெரு", "oneway": "no", "surface": "asphalt", "width": "20", "original_osm_index": 35}, "geometry": {"type": "LineString", "coordinates": [[80.1898001, 12.971682], [80.1898721, 12.972016], [80.1899095, 12.9721893], [80.1899723, 12.9724809], [80.1900361, 12.9729063], [80.1900453, 12.9729677]]}}, {"type": "Feature", "properties": {"@id": "way/26551233", "highway": "tertiary", "name": "New Colony Main Road", "original_osm_index": 36}, "geometry": {"type": "LineString", "coordinates": [[80.2018045, 12.9897433], [80.2017814, 12.9893621], [80.2022449, 12.9890777], [80.2028615, 12.9887185], [80.2035104, 12.9883377], [80.2037983, 12.9882327]]}}, {"type": "Feature", "properties": {"@id": "way/26551244", "highway": "residential", "original_osm_index": 37}, "geometry": {"type": "LineString", "coordinates": [[80.2052351, 12.9769709], [80.2055517, 12.9767181], [80.2056456, 12.976624], [80.205667, 12.9765011], [80.205659, 12.9763548], [80.2055979, 12.9759394], [80.2055371, 12.9754912], [80.2055075, 12.9753492], [80.2054594, 12.9749736]]}}, {"type": "Feature", "properties": {"@id": "way/26551307", "comment": "is it there all the places????", "highway": "residential", "name": "Lake View Road", "original_osm_index": 38}, "geometry": {"type": "LineString", "coordinates": [[80.2054838, 12.9878045], [80.2069894, 12.9876176], [80.2075579, 12.9876223], [80.20858, 12.9876315], [80.209207, 12.987637], [80.2104598, 12.9873965], [80.2104945, 12.9873945], [80.2114078, 12.9873145], [80.2120309, 12.9872523], [80.213009, 12.9870544], [80.2136016, 12.9869345]]}}, {"type": "Feature", "properties": {"@id": "way/27273977", "access": "yes", "highway": "residential", "layer": "1", "name": "Karuneegar Street", "name:etymology:wikidata": "Q6373691", "surface": "concrete", "original_osm_index": 39}, "geometry": {"type": "LineString", "coordinates": [[80.2009962, 12.9901041], [80.2012047, 12.991322], [80.2012462, 12.9917967], [80.2012327, 12.9918303], [80.20128118363482, 12.9924]]}}, {"type": "Feature", "properties": {"@id": "way/27274005", "highway": "residential", "name": "Ramakrishnapuram 3rd Street", "name:en": "Ramakrishnapuram 3rd Street", "name:ta": "ராமகிருஷ்ணபுரம் 3வது தெரு", "original_osm_index": 40}, "geometry": {"type": "LineString", "coordinates": [[80.2024739, 12.989497], [80.2028097, 12.9893489], [80.2032355, 12.9892153], [80.2038033, 12.9891538], [80.2042144, 12.9891191], [80.2045338, 12.9890615], [80.2048546, 12.9889661], [80.2059355, 12.9889256]]}}, {"type": "Feature", "properties": {"@id": "way/27274014", "highway": "residential", "original_osm_index": 41}, "geometry": {"type": "LineString", "coordinates": [[80.204218, 12.9863579], [80.2052195, 12.9861882]]}}, {"type": "Feature", "properties": {"@id": "way/27274040", "highway": "residential", "original_osm_index": 42}, "geometry": {"type": "LineString", "coordinates": [[80.2053913, 12.9873359], [80.2044949, 12.9874889], [80.2042401, 12.9875281], [80.204106, 12.9875386], [80.2038903, 12.9875332]]}}, {"type": "Feature", "properties": {"@id": "way/27274042", "highway": "residential", "original_osm_index": 43}, "geometry": {"type": "LineString", "coordinates": [[80.2053283, 12.9868615], [80.2044107, 12.9870115]]}}, {"type": "Feature", "properties": {"@id": "way/27274044", "highway": "residential", "name": "Mohanapuri 5th Street", "original_osm_index": 44}, "geometry": {"type": "LineString", "coordinates": [[80.2050952, 12.9854653], [80.2059396, 12.98529], [80.2068834, 12.9851028], [80.2077348, 12.984934], [80.2086973, 12.9848169]]}}, {"type": "Feature", "properties": {"@id": "way/27274048", "highway": "residential", "name": "Mohanapuri 4th Street", "original_osm_index": 45}, "geometry": {"type": "LineString", "coordinates": [[80.2051565, 12.9858202], [80.206003, 12.9856578], [80.2067576, 12.9855723], [80.2074303, 12.9855181], [80.2078212, 12.9854249], [80.2083647, 12.985382], [80.2091043, 12.9854953], [80.2096768, 12.9855017], [80.2098972, 12.9855041], [80.2103135, 12.9855017]]}}, {"type": "Feature", "properties": {"@id": "way/27274050", "highway": "residential", "original_osm_index": 46}, "geometry": {"type": "LineString", "coordinates": [[80.2048945, 12.9839602], [80.2053707, 12.9839193], [80.205774, 12.9838871], [80.2063772, 12.9838201], [80.2067096, 12.9837927], [80.2070478, 12.9837605]]}}, {"type": "Feature", "properties": {"@id": "way/27274055", "highway": "residential", "original_osm_index": 47}, "geometry": {"type": "LineString", "coordinates": [[80.2068777, 12.9818813], [80.2069192, 12.9821505], [80.20697, 12.9826033], [80.2070151, 12.9830658], [80.2070284, 12.9831996], [80.2070307, 12.9832652], [80.2070382, 12.9834838], [80.2070478, 12.9837605]]}}, {"type": "Feature", "properties": {"@id": "way/27274056", "highway": "residential", "original_osm_index": 48}, "geometry": {"type": "LineString", "coordinates": [[80.2070151, 12.9830658], [80.2078659, 12.9830097], [80.2086777, 12.9829656]]}}, {"type": "Feature", "properties": {"@id": "way/27274066", "highway": "residential", "original_osm_index": 49}, "geometry": {"type": "LineString", "coordinates": [[80.2035104, 12.9883377], [80.2035472, 12.9878003], [80.2036001, 12.9874439], [80.2037122, 12.9865969], [80.2037232, 12.9864964], [80.2037857, 12.9860507], [80.2037934, 12.9859081], [80.2037385, 12.9855823], [80.2037123, 12.9854255], [80.2036677, 12.9849758], [80.2038549, 12.9849092], [80.204423, 12.9848032], [80.2049754, 12.9847007]]}}, {"type": "Feature", "properties": {"@id": "way/27274085", "highway": "residential", "name": "New Colony 8th Street", "original_osm_index": 50}, "geometry": {"type": "LineString", "coordinates": [[80.2037123, 12.9854255], [80.2033977, 12.9854287], [80.2031449, 12.9854858], [80.2027189, 12.9855731], [80.2025983, 12.9856], [80.2024403, 12.9856198], [80.2021283, 12.9857016], [80.2017805, 12.9857785], [80.2011064, 12.9858742]]}}, {"type": "Feature", "properties": {"@id": "way/27274104", "created_by": "Potlatch 0.10b", "highway": "residential", "original_osm_index": 51}, "geometry": {"type": "LineString", "coordinates": [[80.2014447, 12.9839387], [80.2025353, 12.9837595], [80.2031816, 12.9836471], [80.2048598, 12.9835031]]}}, {"type": "Feature", "properties": {"@id": "way/27274109", "highway": "residential", "lanes": "2", "maxspeed": "20", "name": "Vallalar Street", "surface": "asphalt", "original_osm_index": 52}, "geometry": {"type": "LineString", "coordinates": [[80.2017092, 12.9854567], [80.2016092, 12.985005], [80.2015384, 12.9846043], [80.2015316, 12.984566], [80.2014761, 12.984165], [80.2014447, 12.9839387], [80.2014275, 12.9837882], [80.2014097, 12.9835353], [80.2013754, 12.9831618], [80.2013375, 12.9828717], [80.2013192, 12.9827704], [80.2012653, 12.9824084], [80.2011614, 12.9818729], [80.2010954, 12.9812657]]}}, {"type": "Feature", "properties": {"@id": "way/27274122", "highway": "residential", "original_osm_index": 53}, "geometry": {"type": "LineString", "coordinates": [[80.2011064, 12.9858742], [80.2003521, 12.9860626], [80.2002149, 12.9861402], [80.1997371, 12.9861828], [80.199227, 12.9861999]]}}, {"type": "Feature", "properties": {"@id": "way/27274123", "highway": "residential", "original_osm_index": 54}, "geometry": {"type": "LineString", "coordinates": [[80.2011758, 12.9863045], [80.2002722, 12.9864936]]}}, {"type": "Feature", "properties": {"@id": "way/27274148", "highway": "residential", "original_osm_index": 55}, "geometry": {"type": "LineString", "coordinates": [[80.2022449, 12.9890777], [80.2021444, 12.9885875], [80.2021119, 12.9883518], [80.2020933, 12.9881033], [80.2020191, 12.9876261], [80.2019833, 12.9874735], [80.2019468, 12.987076], [80.2019672, 12.9866844]]}}, {"type": "Feature", "properties": {"@id": "way/27274149", "highway": "residential", "name": "New Colony 5th Street", "original_osm_index": 56}, "geometry": {"type": "LineString", "coordinates": [[80.201276, 12.9867758], [80.2016549, 12.9867257], [80.2019672, 12.9866844], [80.2024428, 12.9866421], [80.2029565, 12.9865838], [80.2037232, 12.9864964]]}}, {"type": "Feature", "properties": {"@id": "way/27274150", "highway": "residential", "original_osm_index": 57}, "geometry": {"type": "LineString", "coordinates": [[80.2003915, 12.9869243], [80.2004509, 12.987488], [80.2004495, 12.9875544], [80.2004228, 12.9876458], [80.2003528, 12.987963], [80.2003357, 12.9880537], [80.2003093, 12.9881933], [80.2002892, 12.9882848], [80.2002892, 12.9884168], [80.2003482, 12.9887419], [80.2004284, 12.9891841], [80.2004495, 12.9893302], [80.2004555, 12.989372], [80.2005456, 12.9898237], [80.2005625, 12.9898682], [80.2007045, 12.9902435]]}}, {"type": "Feature", "properties": {"@id": "way/27274151", "highway": "residential", "original_osm_index": 58}, "geometry": {"type": "LineString", "coordinates": [[80.1994648, 12.9876028], [80.2004509, 12.987488]]}}, {"type": "Feature", "properties": {"@id": "way/27274156", "created_by": "Potlatch 0.10b", "highway": "residential", "name": "Parthasarathy Nagar 3rd Street", "name:en": "Parthasarathy Nagar 3rd Street", "name:ta": "பார்த்தசாரதி நகர் 3வது தெரு", "surface": "asphalt", "original_osm_index": 59}, "geometry": {"type": "LineString", "coordinates": [[80.2012493, 12.9899836], [80.2008422, 12.9884337]]}}, {"type": "Feature", "properties": {"@id": "way/27274160", "highway": "residential", "original_osm_index": 60}, "geometry": {"type": "LineString", "coordinates": [[80.2008422, 12.9884337], [80.2009709, 12.988397], [80.2008183, 12.9875931]]}}, {"type": "Feature", "properties": {"@id": "way/27274184", "created_by": "Potlatch 0.10c", "highway": "residential", "original_osm_index": 61}, "geometry": {"type": "LineString", "coordinates": [[80.2049417, 12.9843539], [80.2037804, 12.9844771]]}}, {"type": "Feature", "properties": {"@id": "way/27274185", "highway": "residential", "name": "5 Cross Street", "surface": "asphalt", "original_osm_index": 62}, "geometry": {"type": "LineString", "coordinates": [[80.2049417, 12.9843539], [80.2058157, 12.984276]]}}, {"type": "Feature", "properties": {"@id": "way/27274192", "access": "private", "highway": "service", "original_osm_index": 63}, "geometry": {"type": "LineString", "coordinates": [[80.2094527, 12.9830039], [80.2094282, 12.9833146], [80.2094271, 12.9833799], [80.2094207, 12.9837604]]}}, {"type": "Feature", "properties": {"@id": "way/27274195", "highway": "residential", "original_osm_index": 64}, "geometry": {"type": "LineString", "coordinates": [[80.2104135, 12.987002], [80.2103908, 12.9866539], [80.2103774, 12.9861877], [80.2103282, 12.9857053], [80.2103135, 12.9855017], [80.2103678, 12.9852584], [80.2103715, 12.9850561], [80.2103783, 12.9846867], [80.2104068, 12.9843444], [80.2104087, 12.9838112]]}}, {"type": "Feature", "properties": {"@id": "way/27274197", "highway": "residential", "name": "4th Main Road", "original_osm_index": 65}, "geometry": {"type": "LineString", "coordinates": [[80.205299, 12.9820093], [80.205777, 12.9819954], [80.2060319, 12.9819483], [80.2063373, 12.9819114], [80.2067214, 12.9818777], [80.2068777, 12.9818813]]}}, {"type": "Feature", "properties": {"@id": "way/27274198", "highway": "residential", "name": "Mahalakshmi Nagar 8th Cross Street", "original_osm_index": 66}, "geometry": {"type": "LineString", "coordinates": [[80.2064929, 12.9832378], [80.20644, 12.9827525], [80.2064137, 12.9825588], [80.2063881, 12.9823833], [80.2063373, 12.9819114]]}}, {"type": "Feature", "properties": {"@id": "way/27274201", "created_by": "Potlatch 0.10b", "highway": "residential", "original_osm_index": 67}, "geometry": {"type": "LineString", "coordinates": [[80.2053707, 12.9839193], [80.2053282, 12.9833353]]}}, {"type": "Feature", "properties": {"@id": "way/27274204", "created_by": "Potlatch 0.10b", "highway": "residential", "original_osm_index": 68}, "geometry": {"type": "LineString", "coordinates": [[80.2053282, 12.9833353], [80.2064929, 12.9832378]]}}, {"type": "Feature", "properties": {"@id": "way/27274218", "highway": "residential", "original_osm_index": 69}, "geometry": {"type": "LineString", "coordinates": [[80.2092987, 12.9890682], [80.2093816, 12.9894987], [80.2094438, 12.9898546], [80.2095183, 12.9902409], [80.2095861, 12.9905645], [80.2095996, 12.9906324]]}}, {"type": "Feature", "properties": {"@id": "way/27319407", "highway": "residential", "name": "main road", "original_osm_index": 70}, "geometry": {"type": "LineString", "coordinates": [[80.2115508, 12.9720213], [80.2106706, 12.9721615], [80.2094859, 12.9723131], [80.2093767, 12.972321], [80.2093363, 12.9722852], [80.2093394, 12.9717936]]}}, {"type": "Feature", "properties": {"@id": "way/27319409", "highway": "residential", "name": "3rd main road sivaram Street", "original_osm_index": 71}, "geometry": {"type": "LineString", "coordinates": [[80.2116252, 12.9662165], [80.2090356, 12.9665268]]}}, {"type": "Feature", "properties": {"@id": "way/27319410", "highway": "residential", "name": "ramnagarst 1st main road", "original_osm_index": 72}, "geometry": {"type": "LineString", "coordinates": [[80.2117073, 12.9667286], [80.2090742, 12.9670407]]}}, {"type": "Feature", "properties": {"@id": "way/27319412", "highway": "residential", "name": "Subramaniyan Street", "original_osm_index": 73}, "geometry": {"type": "LineString", "coordinates": [[80.2117899, 12.9672438], [80.2091323, 12.9675553]]}}, {"type": "Feature", "properties": {"@id": "way/27319413", "highway": "residential", "name": "ramalinganagar street", "original_osm_index": 74}, "geometry": {"type": "LineString", "coordinates": [[80.2115442, 12.9657114], [80.209014, 12.965977]]}}, {"type": "Feature", "properties": {"@id": "way/27319415", "highway": "residential", "name": "kalaivanar street", "name:etymology:wikidata": "Q12975497", "original_osm_index": 75}, "geometry": {"type": "LineString", "coordinates": [[80.2114573, 12.9651697], [80.2090117, 12.9654764]]}}, {"type": "Feature", "properties": {"@id": "way/27319417", "highway": "residential", "name": "4th cross road", "original_osm_index": 76}, "geometry": {"type": "LineString", "coordinates": [[80.2118718, 12.9677548], [80.2116744, 12.967805], [80.2102473, 12.9679792], [80.2091397, 12.9681144]]}}, {"type": "Feature", "properties": {"@id": "way/27319418", "highway": "residential", "name": "n 3rd Street", "original_osm_index": 77}, "geometry": {"type": "LineString", "coordinates": [[80.2117124, 12.9683291], [80.2091835, 12.9686419]]}}, {"type": "Feature", "properties": {"@id": "way/27319419", "highway": "residential", "name": "6th Street", "original_osm_index": 78}, "geometry": {"type": "LineString", "coordinates": [[80.2118118, 12.968817], [80.2092088, 12.9691775]]}}, {"type": "Feature", "properties": {"@id": "way/27319420", "highway": "residential", "name": "srinivasapuram road", "original_osm_index": 79}, "geometry": {"type": "LineString", "coordinates": [[80.2118594, 12.9690386], [80.2118118, 12.968817], [80.211768, 12.9686406], [80.2117124, 12.9683291], [80.2117323, 12.9682314], [80.2116744, 12.967805]]}}, {"type": "Feature", "properties": {"@id": "way/27319423", "highway": "residential", "original_osm_index": 80}, "geometry": {"type": "LineString", "coordinates": [[80.2113537, 12.9645233], [80.2114161, 12.9649122], [80.2114573, 12.9651697], [80.2115268, 12.9656028], [80.2115442, 12.9657114], [80.2116032, 12.9660797], [80.2116252, 12.9662165], [80.2116463, 12.9663481], [80.2116846, 12.9665873], [80.2117073, 12.9667286], [80.2117547, 12.9670243], [80.2117899, 12.9672438], [80.2118718, 12.9677548]]}}, {"type": "Feature", "properties": {"@id": "way/27319430", "highway": "residential", "original_osm_index": 81}, "geometry": {"type": "LineString", "coordinates": [[80.2118594, 12.9690386], [80.2119027, 12.9693065], [80.2118783, 12.9693541], [80.211756, 12.9693914], [80.209234, 12.969712]]}}, {"type": "Feature", "properties": {"@id": "way/27319431", "highway": "residential", "name": "Ramasamy Street", "original_osm_index": 82}, "geometry": {"type": "LineString", "coordinates": [[80.2118092, 12.969897], [80.2113022, 12.9699777], [80.2092625, 12.9702758]]}}, {"type": "Feature", "properties": {"@id": "way/27319432", "highway": "residential", "original_osm_index": 83}, "geometry": {"type": "LineString", "coordinates": [[80.2119021, 12.9703914], [80.2110424, 12.9705179], [80.2092853, 12.9707242], [80.2088952, 12.9707919], [80.2088738, 12.9707988], [80.2088597, 12.9708105], [80.2088545, 12.9708272], [80.2088683, 12.9709795], [80.2089384, 12.9715862]]}}, {"type": "Feature", "properties": {"@id": "way/27319434", "highway": "residential", "original_osm_index": 84}, "geometry": {"type": "LineString", "coordinates": [[80.212148, 12.97145], [80.2105672, 12.9716524], [80.2093394, 12.9717936]]}}, {"type": "Feature", "properties": {"@id": "way/27319437", "highway": "residential", "name": "Srinivasapuram Road", "original_osm_index": 85}, "geometry": {"type": "LineString", "coordinates": [[80.2147828, 12.9660328], [80.2150322, 12.9665404], [80.2150881, 12.9667124], [80.2151936, 12.9670369], [80.2152436, 12.9671854], [80.2153813, 12.9675493], [80.2154705, 12.9676709], [80.2155408, 12.9678512], [80.2155492, 12.9679044], [80.215484, 12.9680091], [80.2151226, 12.9683632], [80.2149414, 12.9685545], [80.2143523, 12.9685936], [80.2136217, 12.9687455], [80.2131771, 12.9688213], [80.2128227, 12.9688818], [80.2123929, 12.9689551], [80.2118594, 12.9690386]]}}, {"type": "Feature", "properties": {"@id": "way/27319439", "created_by": "Potlatch 0.10b", "highway": "residential", "original_osm_index": 86}, "geometry": {"type": "LineString", "coordinates": [[80.2131293, 12.9702609], [80.212893, 12.9692349], [80.2128227, 12.9688818]]}}, {"type": "Feature", "properties": {"@id": "way/27319440", "highway": "residential", "name": "Padmavathi Street", "original_osm_index": 87}, "geometry": {"type": "LineString", "coordinates": [[80.2147828, 12.9660328], [80.2145305, 12.9660916], [80.2137445, 12.9662852], [80.213715, 12.9662761], [80.2136935, 12.9662526], [80.2136224, 12.9660343], [80.2136023, 12.9660199], [80.2135795, 12.9660173], [80.2129966, 12.9661173], [80.2116463, 12.9663481]]}}, {"type": "Feature", "properties": {"@id": "way/27319442", "highway": "residential", "name": "Vallal Kumaran Street", "name:etymology:wikidata": "Q12977152", "original_osm_index": 88}, "geometry": {"type": "LineString", "coordinates": [[80.2144565, 12.9651088], [80.2143519, 12.965124], [80.212854, 12.9653772], [80.2115268, 12.9656028]]}}, {"type": "Feature", "properties": {"@id": "way/27319443", "highway": "residential", "name": "Vallal Adiyamman Street", "name:etymology:wikidata": "Q12973421", "original_osm_index": 89}, "geometry": {"type": "LineString", "coordinates": [[80.2143232, 12.9646665], [80.214195, 12.964657], [80.2127749, 12.9649287], [80.2114573, 12.9651697]]}}, {"type": "Feature", "properties": {"@id": "way/27319445", "highway": "residential", "name": "N 1st Street", "original_osm_index": 90}, "geometry": {"type": "LineString", "coordinates": [[80.2129962, 12.9675122], [80.2118718, 12.9677548]]}}, {"type": "Feature", "properties": {"@id": "way/27319662", "highway": "residential", "original_osm_index": 91}, "geometry": {"type": "LineString", "coordinates": [[80.207117, 12.9781124], [80.2090154, 12.9779863], [80.2093168, 12.9779739], [80.2100678, 12.9779429]]}}, {"type": "Feature", "properties": {"@id": "way/27319724", "created_by": "Potlatch 0.10b", "highway": "residential", "original_osm_index": 92}, "geometry": {"type": "LineString", "coordinates": [[80.2104609, 12.9775817], [80.2122065, 12.977805], [80.2125242, 12.9778418]]}}, {"type": "Feature", "properties": {"@id": "way/27319745", "created_by": "Potlatch 0.10b", "highway": "residential", "original_osm_index": 93}, "geometry": {"type": "LineString", "coordinates": [[80.2122525, 12.9773865], [80.2122065, 12.977805], [80.2121558, 12.9782455]]}}, {"type": "Feature", "properties": {"@id": "way/27319759", "highway": "residential", "original_osm_index": 94}, "geometry": {"type": "LineString", "coordinates": [[80.2104943, 12.9771928], [80.2118465, 12.9773366], [80.2122001, 12.9773801], [80.2122525, 12.9773865]]}}, {"type": "Feature", "properties": {"@id": "way/27319829", "highway": "residential", "name": "Chokkalingam Nagar Road", "original_osm_index": 95}, "geometry": {"type": "LineString", "coordinates": [[80.2127891, 12.9791936], [80.2128289, 12.9783732], [80.2129009, 12.9775035], [80.2129033, 12.9774872], [80.212909, 12.977473]]}}, {"type": "Feature", "properties": {"@id": "way/27319879", "created_by": "Potlatch 0.10b", "highway": "residential", "original_osm_index": 96}, "geometry": {"type": "LineString", "coordinates": [[80.2105243, 12.976905], [80.2104943, 12.9771928], [80.2104609, 12.9775817], [80.2104521, 12.9777188]]}}, {"type": "Feature", "properties": {"@id": "way/27319880", "created_by": "Potlatch 0.10b", "highway": "residential", "original_osm_index": 97}, "geometry": {"type": "LineString", "coordinates": [[80.2103521, 12.9768351], [80.2105243, 12.976905]]}}, {"type": "Feature", "properties": {"@id": "way/27319881", "highway": "residential", "name": "kalki nagar main road", "original_osm_index": 98}, "geometry": {"type": "LineString", "coordinates": [[80.2095962, 12.9752217], [80.2100305, 12.9752216], [80.2100871, 12.9752215], [80.2102041, 12.9752215], [80.2103144, 12.975254], [80.2103431, 12.9753018], [80.2103515, 12.9753158], [80.2103563, 12.9754807], [80.2103588, 12.9755589], [80.2103578, 12.9758889], [80.2103576, 12.9759411], [80.2103555, 12.9763208], [80.2103521, 12.9768351]]}}, {"type": "Feature", "properties": {"@id": "way/27319883", "highway": "residential", "name": "anna nagar 2nd street", "original_osm_index": 99}, "geometry": {"type": "LineString", "coordinates": [[80.207117, 12.9781124], [80.2071222, 12.9781252], [80.2071889, 12.978465], [80.2072713, 12.9788956], [80.2073446, 12.979261], [80.2073716, 12.9793955], [80.2074433, 12.979753], [80.2074906, 12.9800014]]}}, {"type": "Feature", "properties": {"@id": "way/27319884", "highway": "residential", "original_osm_index": 100}, "geometry": {"type": "LineString", "coordinates": [[80.2058294, 12.9783687], [80.2064199, 12.978023], [80.2069998, 12.9777167]]}}, {"type": "Feature", "properties": {"@id": "way/27319889", "highway": "residential", "name": "Bhuvaneswari Nager 3rd Street", "original_osm_index": 101}, "geometry": {"type": "LineString", "coordinates": [[80.2071889, 12.978465], [80.2067535, 12.9786626], [80.2058779, 12.9791928], [80.205174, 12.9793295]]}}, {"type": "Feature", "properties": {"@id": "way/27319890", "created_by": "Potlatch 0.10b", "highway": "residential", "original_osm_index": 102}, "geometry": {"type": "LineString", "coordinates": [[80.210307, 12.97835], [80.2089787, 12.9784245], [80.2071889, 12.978465]]}}, {"type": "Feature", "properties": {"@id": "way/27319891", "created_by": "Potlatch 0.10b", "highway": "residential", "original_osm_index": 103}, "geometry": {"type": "LineString", "coordinates": [[80.2089784, 12.978862], [80.2072713, 12.9788956]]}}, {"type": "Feature", "properties": {"@id": "way/27319894", "created_by": "Potlatch 0.10b", "highway": "residential", "original_osm_index": 104}, "geometry": {"type": "LineString", "coordinates": [[80.2103069, 12.9787681], [80.2089784, 12.978862]]}}, {"type": "Feature", "properties": {"@id": "way/27319895", "created_by": "Potlatch 0.10b", "highway": "residential", "original_osm_index": 105}, "geometry": {"type": "LineString", "coordinates": [[80.2106496, 12.9791583], [80.2104884, 12.9791713], [80.2089583, 12.9792644]]}}, {"type": "Feature", "properties": {"@id": "way/27319897", "highway": "residential", "original_osm_index": 106}, "geometry": {"type": "LineString", "coordinates": [[80.2116564, 12.9781717], [80.2116397, 12.9785906], [80.2116257, 12.9789436]]}}, {"type": "Feature", "properties": {"@id": "way/27319898", "highway": "residential", "original_osm_index": 107}, "geometry": {"type": "LineString", "coordinates": [[80.2106066, 12.9813511], [80.2106151, 12.9810297], [80.2105501, 12.980468], [80.2104884, 12.9791713]]}}, {"type": "Feature", "properties": {"@id": "way/27319899", "highway": "residential", "name": "Nethaji Colony 6th Cross Street", "original_osm_index": 108}, "geometry": {"type": "LineString", "coordinates": [[80.210983, 12.982113], [80.2109996, 12.9817102], [80.2110351, 12.9813117], [80.2110627, 12.9806808], [80.2111118, 12.9799106], [80.2111385, 12.9795738], [80.2111804, 12.9792201]]}}, {"type": "Feature", "properties": {"@id": "way/27319901", "highway": "residential", "original_osm_index": 109}, "geometry": {"type": "LineString", "coordinates": [[80.2100629, 12.9775665], [80.209302, 12.9775255], [80.2091524, 12.9775427], [80.208253, 12.9776263], [80.2069998, 12.9777167]]}}, {"type": "Feature", "properties": {"@id": "way/27319902", "highway": "residential", "original_osm_index": 110}, "geometry": {"type": "LineString", "coordinates": [[80.208253, 12.9776263], [80.2082012, 12.9772085], [80.2081329, 12.9768013], [80.2081252, 12.9764001]]}}, {"type": "Feature", "properties": {"@id": "way/27319905", "highway": "residential", "name": "mahalakshmi nagar 3rd main road", "original_osm_index": 111}, "geometry": {"type": "LineString", "coordinates": [[80.2085845, 12.9801897], [80.2086128, 12.9807036], [80.2086156, 12.9807544], [80.208618, 12.9811459], [80.2086588, 12.9815502], [80.2086469, 12.9818026], [80.2086957, 12.9825124]]}}, {"type": "Feature", "properties": {"@id": "way/27319906", "highway": "residential", "original_osm_index": 112}, "geometry": {"type": "LineString", "coordinates": [[80.2138286, 12.9820912], [80.2138456, 12.9817255], [80.2138483, 12.9816848], [80.21387, 12.9813007], [80.213859, 12.9811603], [80.2138631, 12.9808884], [80.2138585, 12.9807758], [80.2138545, 12.9807628], [80.2138425, 12.9807451], [80.213825, 12.9807373], [80.2138035, 12.9807366], [80.213181, 12.980692], [80.213126, 12.9807085]]}}, {"type": "Feature", "properties": {"@id": "way/27319907", "highway": "residential", "original_osm_index": 113}, "geometry": {"type": "LineString", "coordinates": [[80.2165878, 12.9826623], [80.2159299, 12.9825931], [80.2132334, 12.9824483], [80.212877, 12.9824113], [80.2125653, 12.9823812], [80.2121849, 12.9823292], [80.212099, 12.9822656], [80.2117868, 12.982194], [80.210983, 12.982113]]}}, {"type": "Feature", "properties": {"@id": "way/27319908", "highway": "residential", "original_osm_index": 114}, "geometry": {"type": "LineString", "coordinates": [[80.2138631, 12.9808884], [80.2145667, 12.9809486], [80.2146907, 12.9809449]]}}, {"type": "Feature", "properties": {"@id": "way/27319909", "highway": "residential", "original_osm_index": 115}, "geometry": {"type": "LineString", "coordinates": [[80.2154167, 12.9809614], [80.2159569, 12.9809778], [80.2180746, 12.9810724]]}}, {"type": "Feature", "properties": {"@id": "way/27319910", "highway": "residential", "original_osm_index": 116}, "geometry": {"type": "LineString", "coordinates": [[80.2153619, 12.9764425], [80.2153643, 12.9767775], [80.2152943, 12.9773901], [80.215227, 12.9777648], [80.2151511, 12.9781009], [80.2150757, 12.9784772], [80.2150165, 12.9788194]]}}, {"type": "Feature", "properties": {"@id": "way/27319912", "highway": "residential", "name": "6th Main Road", "original_osm_index": 117}, "geometry": {"type": "LineString", "coordinates": [[80.2185631, 12.9741889], [80.2171697, 12.9741773], [80.2164666, 12.9742305]]}}, {"type": "Feature", "properties": {"@id": "way/27319913", "created_by": "Potlatch 0.10b", "highway": "residential", "original_osm_index": 118}, "geometry": {"type": "LineString", "coordinates": [[80.2185729, 12.9738228], [80.2185631, 12.9741889], [80.2185705, 12.9744638], [80.2185518, 12.9748205]]}}, {"type": "Feature", "properties": {"@id": "way/27319916", "highway": "residential", "name": "11th Main Road", "original_osm_index": 119}, "geometry": {"type": "LineString", "coordinates": [[80.2170494, 12.9718764], [80.2176075, 12.9718357], [80.2180806, 12.9718013], [80.219175, 12.9717386]]}}, {"type": "Feature", "properties": {"@id": "way/27319920", "created_by": "Potlatch 0.10b", "highway": "residential", "original_osm_index": 120}, "geometry": {"type": "LineString", "coordinates": [[80.2180806, 12.9718013], [80.2181057, 12.9722677], [80.2181858, 12.9726714], [80.2181852, 12.9731871]]}}, {"type": "Feature", "properties": {"@id": "way/27319921", "highway": "residential", "name": "13th Main Road", "original_osm_index": 121}, "geometry": {"type": "LineString", "coordinates": [[80.218843, 12.9709191], [80.217994, 12.970997], [80.2175333, 12.9710802], [80.2171442, 12.9711482], [80.2170859, 12.9711815], [80.2170421, 12.9712231]]}}, {"type": "Feature", "properties": {"@id": "way/27319922", "created_by": "Potlatch 0.10b", "highway": "residential", "lit": "yes", "surface": "asphalt", "original_osm_index": 122}, "geometry": {"type": "LineString", "coordinates": [[80.217994, 12.970997], [80.2180343, 12.9713557], [80.2180806, 12.9718013]]}}, {"type": "Feature", "properties": {"@id": "way/27319923", "highway": "residential", "name": "VGP Selva Nagar Main Road", "original_osm_index": 123}, "geometry": {"type": "LineString", "coordinates": [[80.2205423, 12.9716815], [80.2199798, 12.9717808], [80.2193682, 12.9718808]]}}, {"type": "Feature", "properties": {"@id": "way/27319924", "access": "customers", "highway": "service", "name": "Chennai Silks Parking", "original_osm_index": 124}, "geometry": {"type": "LineString", "coordinates": [[80.2188139, 12.970198], [80.2193649, 12.9700465]]}}, {"type": "Feature", "properties": {"@id": "way/27319925", "highway": "residential", "name": "VGP Selva Nagar 1st Street", "original_osm_index": 125}, "geometry": {"type": "LineString", "coordinates": [[80.2195067, 12.9702608], [80.2195539, 12.9702703], [80.2196875, 12.9702817], [80.2197769, 12.9702891], [80.2198786, 12.971114], [80.2199798, 12.9717808]]}}, {"type": "Feature", "properties": {"@id": "way/27319926", "highway": "residential", "name": "VGP Selva Nagar 2nd Street", "original_osm_index": 126}, "geometry": {"type": "LineString", "coordinates": [[80.2205423, 12.9716815], [80.2205079, 12.9714412], [80.2204437, 12.971013]]}}, {"type": "Feature", "properties": {"@id": "way/27319930", "highway": "tertiary", "name": "Perungudi Station Road", "name:etymology:wikidata": "Q7171100", "oneway": "yes", "original_osm_index": 127}, "geometry": {"type": "LineString", "coordinates": [[80.2284, 12.972517567640523], [80.2269419, 12.9711007]]}}, {"type": "Feature", "properties": {"@id": "way/27319933", "highway": "residential", "name": "Bhavathi Amman Koil Street", "original_osm_index": 128}, "geometry": {"type": "LineString", "coordinates": [[80.2128493, 12.9833068], [80.2128366, 12.983775], [80.2128366, 12.9837946], [80.2128431, 12.9838104], [80.2128517, 12.9838171], [80.2128667, 12.9838211], [80.2128989, 12.9838266], [80.2129244, 12.9838305], [80.212941, 12.9838368], [80.2129465, 12.983856], [80.2129452, 12.9838808], [80.212922, 12.9844852], [80.2129242, 12.9847857], [80.2129209, 12.9848925], [80.2129224, 12.9851812], [80.2129313, 12.9852878], [80.2129323, 12.9856616], [80.2129368, 12.985754], [80.2129426, 12.9860566], [80.2129803, 12.9865039], [80.213009, 12.9870544]]}}, {"type": "Feature", "properties": {"@id": "way/27319935", "highway": "residential", "original_osm_index": 129}, "geometry": {"type": "LineString", "coordinates": [[80.2165533, 12.9830393], [80.2151713, 12.9829623], [80.2150836, 12.9829628], [80.2150505, 12.982969]]}}, {"type": "Feature", "properties": {"@id": "way/27319949", "highway": "residential", "original_osm_index": 130}, "geometry": {"type": "LineString", "coordinates": [[80.2085752, 12.9920818], [80.20865323439179, 12.9924]]}}, {"type": "Feature", "properties": {"@id": "way/27319958", "highway": "residential", "original_osm_index": 131}, "geometry": {"type": "LineString", "coordinates": [[80.2041202, 12.990314], [80.2037566, 12.9903427], [80.2032722, 12.9902995], [80.2025241, 12.9901123]]}}, {"type": "Feature", "properties": {"@id": "way/27319959", "highway": "residential", "original_osm_index": 132}, "geometry": {"type": "LineString", "coordinates": [[80.2041735, 12.9911421], [80.2033944, 12.9911868], [80.2026335, 12.9912547]]}}, {"type": "Feature", "properties": {"@id": "way/27319960", "highway": "residential", "original_osm_index": 133}, "geometry": {"type": "LineString", "coordinates": [[80.2055741, 12.9914413], [80.2049388, 12.9916639], [80.2045125, 12.9918345], [80.2043291, 12.9919068], [80.2042017, 12.9919233], [80.2035713, 12.9919903], [80.2031728, 12.9920683], [80.2029948, 12.9921035], [80.2026415, 12.9921734]]}}, {"type": "Feature", "properties": {"@id": "way/27319964", "highway": "residential", "name": "4th Cross Street", "original_osm_index": 134}, "geometry": {"type": "LineString", "coordinates": [[80.2091241, 12.9851536], [80.2091043, 12.9854953], [80.2090937, 12.9858919], [80.2090418, 12.9862476], [80.2090648, 12.9866965], [80.2090506, 12.9870721], [80.2090681, 12.987123]]}}, {"type": "Feature", "properties": {"@id": "way/27319965", "highway": "residential", "original_osm_index": 135}, "geometry": {"type": "LineString", "coordinates": [[80.2086941, 12.9839509], [80.2079165, 12.9840265], [80.2078765, 12.9840319], [80.2070838, 12.9841423], [80.2064368, 12.9842325]]}}, {"type": "Feature", "properties": {"@id": "way/27319966", "highway": "residential", "original_osm_index": 136}, "geometry": {"type": "LineString", "coordinates": [[80.2086685, 12.9843653], [80.2079238, 12.9844213], [80.2076556, 12.984469], [80.2068082, 12.984646], [80.2064893, 12.9847126]]}}, {"type": "Feature", "properties": {"@id": "way/27319967", "highway": "residential", "original_osm_index": 137}, "geometry": {"type": "LineString", "coordinates": [[80.2086777, 12.9829656], [80.2086549, 12.9834742], [80.2078917, 12.9834999]]}}, {"type": "Feature", "properties": {"@id": "way/27319968", "highway": "residential", "original_osm_index": 138}, "geometry": {"type": "LineString", "coordinates": [[80.2074906, 12.9800014], [80.2075431, 12.9802622], [80.2076095, 12.9807972]]}}, {"type": "Feature", "properties": {"@id": "way/27319969", "highway": "residential", "original_osm_index": 139}, "geometry": {"type": "LineString", "coordinates": [[80.2144024, 12.9799048], [80.2143804, 12.9794987]]}}, {"type": "Feature", "properties": {"@id": "way/27319970", "highway": "residential", "original_osm_index": 140}, "geometry": {"type": "LineString", "coordinates": [[80.2146268, 12.9795088], [80.2148831, 12.9795185], [80.2156282, 12.9795467], [80.2159163, 12.9795588], [80.2161314, 12.9795652], [80.216261, 12.9795696], [80.2165937, 12.9795799], [80.2168711, 12.9795877], [80.2174796, 12.9796167]]}}, {"type": "Feature", "properties": {"@id": "way/27319972", "highway": "residential", "original_osm_index": 141}, "geometry": {"type": "LineString", "coordinates": [[80.2153232, 12.9799251], [80.2148843, 12.9798909], [80.2147341, 12.9798896]]}}, {"type": "Feature", "properties": {"@id": "way/27319973", "highway": "residential", "original_osm_index": 142}, "geometry": {"type": "LineString", "coordinates": [[80.2172795, 12.9803032], [80.2163075, 12.9803526], [80.2159884, 12.9803167], [80.2156079, 12.9802572], [80.2152311, 12.9801914], [80.2144181, 12.9801133]]}}, {"type": "Feature", "properties": {"@id": "way/27319974", "highway": "residential", "name": "MGR Nagar 5th Main Road", "original_osm_index": 143}, "geometry": {"type": "LineString", "coordinates": [[80.2132697, 12.9801645], [80.2144188, 12.9802379]]}}, {"type": "Feature", "properties": {"@id": "way/27319977", "highway": "residential", "name": "4th Cross Street", "original_osm_index": 144}, "geometry": {"type": "LineString", "coordinates": [[80.2159843, 12.9818408], [80.2138456, 12.9817255]]}}, {"type": "Feature", "properties": {"@id": "way/27319978", "highway": "residential", "original_osm_index": 145}, "geometry": {"type": "LineString", "coordinates": [[80.2159642, 12.9822399], [80.2138286, 12.9820912], [80.2131876, 12.9820315], [80.2131477, 12.9820173], [80.2131236, 12.9819976], [80.2131169, 12.9819585], [80.2131141, 12.9818737], [80.2126276, 12.9818906], [80.2124841, 12.9818968]]}}, {"type": "Feature", "properties": {"@id": "way/27319981", "highway": "residential", "original_osm_index": 146}, "geometry": {"type": "LineString", "coordinates": [[80.2088124, 12.9767435], [80.2081329, 12.9768013], [80.2068915, 12.9769798]]}}, {"type": "Feature", "properties": {"@id": "way/27319982", "highway": "residential", "original_osm_index": 147}, "geometry": {"type": "LineString", "coordinates": [[80.2046298, 12.9815938], [80.2042226, 12.9816467], [80.2040478, 12.9816695], [80.2040069, 12.9816748], [80.2036108, 12.9817263], [80.2033824, 12.9817497], [80.2029673, 12.9817913]]}}, {"type": "Feature", "properties": {"@id": "way/27319983", "created_by": "Potlatch 0.10b", "highway": "residential", "original_osm_index": 148}, "geometry": {"type": "LineString", "coordinates": [[80.2044389, 12.9804424], [80.2034994, 12.9805618], [80.2036108, 12.9817263]]}}, {"type": "Feature", "properties": {"@id": "way/27319984", "highway": "residential", "name": "10th Street", "original_osm_index": 149}, "geometry": {"type": "LineString", "coordinates": [[80.2030449, 12.9802073], [80.2034594, 12.9801724], [80.204373, 12.9800357]]}}, {"type": "Feature", "properties": {"@id": "way/27319986", "highway": "residential", "original_osm_index": 150}, "geometry": {"type": "LineString", "coordinates": [[80.2020146, 12.9793742], [80.202126, 12.9797206], [80.2023213, 12.980141]]}}, {"type": "Feature", "properties": {"@id": "way/27319988", "highway": "residential", "original_osm_index": 151}, "geometry": {"type": "LineString", "coordinates": [[80.2013908, 12.9798954], [80.2014524, 12.9803207], [80.2014982, 12.9808352], [80.2015602, 12.9812329]]}}, {"type": "Feature", "properties": {"@id": "way/27319989", "created_by": "Potlatch 0.10c", "highway": "residential", "original_osm_index": 152}, "geometry": {"type": "LineString", "coordinates": [[80.2020827, 12.9811832], [80.2015602, 12.9812329], [80.2010954, 12.9812657], [80.2005681, 12.9813224], [80.2001733, 12.9813785], [80.1997903, 12.9814132]]}}, {"type": "Feature", "properties": {"@id": "way/27319995", "highway": "residential", "original_osm_index": 153}, "geometry": {"type": "LineString", "coordinates": [[80.2030373, 12.9824181], [80.2034251, 12.982354], [80.2042508, 12.9822212]]}}, {"type": "Feature", "properties": {"@id": "way/27319997", "highway": "residential", "original_osm_index": 154}, "geometry": {"type": "LineString", "coordinates": [[80.2042508, 12.9822212], [80.2042975, 12.9826199], [80.204353, 12.9830604]]}}, {"type": "Feature", "properties": {"@id": "way/27319999", "highway": "residential", "original_osm_index": 155}, "geometry": {"type": "LineString", "coordinates": [[80.2000801, 12.9851913], [80.2009618, 12.985064], [80.2016092, 12.985005], [80.2021591, 12.9849144]]}}, {"type": "Feature", "properties": {"@id": "way/27320005", "highway": "residential", "original_osm_index": 156}, "geometry": {"type": "LineString", "coordinates": [[80.2030787, 12.98287], [80.2025495, 12.9829607], [80.2013754, 12.9831618]]}}, {"type": "Feature", "properties": {"@id": "way/27320008", "highway": "residential", "name": "9th Cross Street", "original_osm_index": 157}, "geometry": {"type": "LineString", "coordinates": [[80.20644, 12.9827525], [80.2054567, 12.9828264]]}}, {"type": "Feature", "properties": {"@id": "way/27320009", "created_by": "Potlatch 0.10b", "highway": "residential", "original_osm_index": 158}, "geometry": {"type": "LineString", "coordinates": [[80.2076556, 12.984469], [80.2077348, 12.984934], [80.2078212, 12.9854249], [80.2078561, 12.9862222]]}}, {"type": "Feature", "properties": {"@id": "way/27320010", "created_by": "Potlatch 0.10c", "highway": "residential", "original_osm_index": 159}, "geometry": {"type": "LineString", "coordinates": [[80.2103144, 12.9824436], [80.2103144, 12.9827716]]}}, {"type": "Feature", "properties": {"@id": "way/27320012", "highway": "residential", "name": "Parthiban Street", "original_osm_index": 160}, "geometry": {"type": "LineString", "coordinates": [[80.2023693, 12.9785065], [80.2023468, 12.9785184], [80.2023164, 12.9785284], [80.2019594, 12.9785934], [80.2012346, 12.9787196], [80.2002176, 12.9787847], [80.2001314, 12.9787838], [80.199858, 12.9787811], [80.19981, 12.978775], [80.1995597, 12.9787434], [80.1994603, 12.9787336], [80.1990724, 12.9787004], [80.1986986, 12.978683], [80.1977971, 12.978641], [80.1973482, 12.9786197], [80.1969561, 12.9785979], [80.196916, 12.9785951], [80.1965521, 12.9785696], [80.1965217, 12.9785675], [80.1962351, 12.9785474], [80.1958182, 12.9785347], [80.1953647, 12.9785189], [80.1946445, 12.9785533], [80.1940542, 12.9787324]]}}, {"type": "Feature", "properties": {"@id": "way/27320013", "highway": "residential", "original_osm_index": 161}, "geometry": {"type": "LineString", "coordinates": [[80.2019078, 12.9781968], [80.2019016, 12.9781249], [80.2019139, 12.9778642], [80.2018697, 12.9778191], [80.2018214, 12.977791], [80.2015462, 12.9777621], [80.2012086, 12.9777493], [80.2009416, 12.9777315], [80.1991363, 12.9776141], [80.1989348, 12.9776056], [80.1982689, 12.9775696], [80.1978869, 12.9775489], [80.1974382, 12.9774805], [80.1970052, 12.9774959], [80.1968482, 12.9774987], [80.1966734, 12.9775157], [80.1964115, 12.977541], [80.196351, 12.9775442], [80.1959206, 12.9775391], [80.1956401, 12.9775397], [80.1946417, 12.9775619], [80.1945422, 12.9775861], [80.1938746, 12.9776901], [80.1938413, 12.9776951]]}}, {"type": "Feature", "properties": {"@id": "way/27320014", "highway": "residential", "original_osm_index": 162}, "geometry": {"type": "LineString", "coordinates": [[80.1989345, 12.9770593], [80.1973938, 12.976972], [80.1969213, 12.9769277], [80.1963926, 12.9768863], [80.1959994, 12.9768853]]}}, {"type": "Feature", "properties": {"@id": "way/27320015", "highway": "residential", "name": "2nd Street", "original_osm_index": 163}, "geometry": {"type": "LineString", "coordinates": [[80.1998688, 12.9791734], [80.1995381, 12.9791454], [80.1990536, 12.9791407], [80.1973276, 12.9790557]]}}, {"type": "Feature", "properties": {"@id": "way/27320016", "highway": "residential", "name": "Drowpathi Amman Koil Street", "surface": "asphalt", "original_osm_index": 164}, "geometry": {"type": "LineString", "coordinates": [[80.1997832, 12.9795034], [80.1987486, 12.9794544], [80.1984526, 12.9794912], [80.1978443, 12.9794903], [80.1975377, 12.9794685], [80.1972991, 12.9794004]]}}, {"type": "Feature", "properties": {"@id": "way/27320018", "highway": "residential", "name": "Hindu Colony 2nd Main Road", "original_osm_index": 165}, "geometry": {"type": "LineString", "coordinates": [[80.1974716, 12.974645], [80.1979023, 12.9746033], [80.1986963, 12.9745238], [80.1989309, 12.9745038], [80.1990768, 12.9745016], [80.1991448, 12.9745025], [80.1991922, 12.9745304], [80.1992834, 12.9745696], [80.1994443, 12.9745984], [80.1998947, 12.9746197], [80.2006919, 12.9746271], [80.2008356, 12.9746725], [80.2009378, 12.9747047], [80.201697, 12.9750957], [80.2017427, 12.9751207]]}}, {"type": "Feature", "properties": {"@id": "way/27320019", "highway": "residential", "name": "Hindu Colony 1st Main Road", "original_osm_index": 166}, "geometry": {"type": "LineString", "coordinates": [[80.2014276, 12.9754137], [80.2006345, 12.9751908], [80.1998445, 12.9750495], [80.1989839, 12.9749677], [80.19747, 12.9749463]]}}, {"type": "Feature", "properties": {"@id": "way/27320020", "highway": "residential", "name": "Sengazhaniamman Koil Street", "original_osm_index": 167}, "geometry": {"type": "LineString", "coordinates": [[80.2007059, 12.971742], [80.2005929, 12.9715959], [80.1964153, 12.9720503]]}}, {"type": "Feature", "properties": {"@id": "way/27320021", "highway": "residential", "name": "Otten Street", "original_osm_index": 168}, "geometry": {"type": "LineString", "coordinates": [[80.2013376, 12.9693534], [80.2009099, 12.9693866], [80.200352, 12.9694298], [80.1998414, 12.9694694], [80.1994832, 12.9694971], [80.1991395, 12.9695207], [80.1986854, 12.969552], [80.1981668, 12.9695809], [80.1979362, 12.9695968], [80.1962043, 12.9697463]]}}, {"type": "Feature", "properties": {"@id": "way/27320094", "access": "private", "highway": "service", "original_osm_index": 169}, "geometry": {"type": "LineString", "coordinates": [[80.2066688, 12.9810098], [80.2066071, 12.9810222], [80.2061001, 12.9811138], [80.2057951, 12.9812281], [80.2056896, 12.9812683], [80.2056867, 12.9812687], [80.2055458, 12.9814257]]}}, {"type": "Feature", "properties": {"@id": "way/27320095", "highway": "residential", "original_osm_index": 170}, "geometry": {"type": "LineString", "coordinates": [[80.2131015, 12.9844982], [80.2131289, 12.9839266], [80.2131584, 12.9838639], [80.213196, 12.9837828], [80.2132255, 12.9836861], [80.213227, 12.9829019], [80.2132334, 12.9824483]]}}, {"type": "Feature", "properties": {"@id": "way/27320100", "highway": "residential", "name": "4th street", "original_osm_index": 171}, "geometry": {"type": "LineString", "coordinates": [[80.2048404, 12.9693019], [80.2048394, 12.9691515], [80.2048392, 12.9691256], [80.20491, 12.9687878], [80.2052204, 12.9687307], [80.2054739, 12.9686985], [80.2059623, 12.9685907], [80.2065923, 12.9684608], [80.2073358, 12.9683075]]}}, {"type": "Feature", "properties": {"@id": "way/27320102", "highway": "residential", "name": "8th Street", "original_osm_index": 172}, "geometry": {"type": "LineString", "coordinates": [[80.1940149, 12.9861847], [80.1946099, 12.9860038], [80.1953904, 12.9856646]]}}, {"type": "Feature", "properties": {"@id": "way/27320103", "highway": "residential", "name": "Annai Therasa Nagar 7th Street", "name:ta": "அன்னை தெரசா நகர் 7வது தெரு", "original_osm_index": 173}, "geometry": {"type": "LineString", "coordinates": [[80.2032548, 12.9709276], [80.2040208, 12.9708213], [80.205047, 12.9707007], [80.2057224, 12.9706214], [80.2064285, 12.9705385], [80.2075824, 12.9704029]]}}, {"type": "Feature", "properties": {"@id": "way/27320104", "highway": "residential", "original_osm_index": 174}, "geometry": {"type": "LineString", "coordinates": [[80.2032669, 12.9704854], [80.2039844, 12.9703757], [80.2049809, 12.9702515], [80.2056521, 12.9701756]]}}, {"type": "Feature", "properties": {"@id": "way/27320105", "highway": "residential", "name": "3rd main road", "original_osm_index": 175}, "geometry": {"type": "LineString", "coordinates": [[80.2090209, 12.9656537], [80.2086205, 12.9657171], [80.2076685, 12.9659147], [80.207257, 12.9660057]]}}, {"type": "Feature", "properties": {"@id": "way/27320106", "created_by": "Potlatch 0.10b", "highway": "residential", "original_osm_index": 176}, "geometry": {"type": "LineString", "coordinates": [[80.2090085, 12.9662371], [80.2073155, 12.9665491]]}}, {"type": "Feature", "properties": {"@id": "way/27320107", "access": "yes", "bicycle": "yes", "cycleway": "lane", "highway": "residential", "horse": "yes", "motor_vehicle": "designated", "name": "Sivaraman Street", "original_osm_index": 177}, "geometry": {"type": "LineString", "coordinates": [[80.2090576, 12.9668061], [80.2073617, 12.9671366], [80.2060825, 12.9673537], [80.2058313, 12.9674021], [80.2055516, 12.9674561]]}}, {"type": "Feature", "properties": {"@id": "way/27320108", "highway": "residential", "original_osm_index": 178}, "geometry": {"type": "LineString", "coordinates": [[80.2091232, 12.9673622], [80.2074539, 12.9676431]]}}, {"type": "Feature", "properties": {"@id": "way/27320109", "highway": "residential", "name": "Gangai Street", "name:ta": "கங்கை தெரு", "original_osm_index": 179}, "geometry": {"type": "LineString", "coordinates": [[80.2091333, 12.9680616], [80.2075618, 12.9682632], [80.2073358, 12.9683075]]}}, {"type": "Feature", "properties": {"@id": "way/27320110", "highway": "residential", "name": "Cauvery Street", "name:ta": "காவிரி தெரு", "original_osm_index": 180}, "geometry": {"type": "LineString", "coordinates": [[80.2091876, 12.9687276], [80.2074164, 12.9689764]]}}, {"type": "Feature", "properties": {"@id": "way/27320111", "highway": "residential", "name": "Vaigai Street", "name:ta": "வைகை தெரு", "original_osm_index": 181}, "geometry": {"type": "LineString", "coordinates": [[80.2092136, 12.9692799], [80.2074802, 12.9695059]]}}, {"type": "Feature", "properties": {"@id": "way/27320113", "highway": "residential", "original_osm_index": 182}, "geometry": {"type": "LineString", "coordinates": [[80.2087742, 12.9705344], [80.2076141, 12.9706553]]}}, {"type": "Feature", "properties": {"@id": "way/27320114", "highway": "residential", "original_osm_index": 183}, "geometry": {"type": "LineString", "coordinates": [[80.2050112, 12.9712345], [80.205828, 12.9711377], [80.2058615, 12.9710998], [80.2059094, 12.9710659], [80.2064797, 12.9709692], [80.2076402, 12.970863]]}}, {"type": "Feature", "properties": {"@id": "way/27320115", "highway": "residential", "name": "1st Street", "original_osm_index": 184}, "geometry": {"type": "LineString", "coordinates": [[80.2054739, 12.9686985], [80.2054976, 12.9690176], [80.205556, 12.9693907], [80.2056027, 12.9697921], [80.2056521, 12.9701756], [80.2057224, 12.9706214]]}}, {"type": "Feature", "properties": {"@id": "way/27320116", "highway": "residential", "name": "28th Street", "original_osm_index": 185}, "geometry": {"type": "LineString", "coordinates": [[80.1954333, 12.9873565], [80.194536, 12.987578], [80.1929731, 12.9879587], [80.1913528, 12.9882909]]}}, {"type": "Feature", "properties": {"@id": "way/27320117", "highway": "residential", "name": "2nd Main Road", "original_osm_index": 186}, "geometry": {"type": "LineString", "coordinates": [[80.1932504, 12.9834953], [80.1934433, 12.9841309], [80.1934717, 12.9842397], [80.1936285, 12.9847212], [80.1936985, 12.9849502], [80.1938098, 12.9854081], [80.1938483, 12.9855964], [80.1939754, 12.9860157], [80.1940149, 12.9861847]]}}, {"type": "Feature", "properties": {"@id": "way/27320118", "highway": "residential", "original_osm_index": 187}, "geometry": {"type": "LineString", "coordinates": [[80.1987415, 12.986254], [80.1988461, 12.9868234], [80.1990205, 12.9877555], [80.1991289, 12.9882337]]}}, {"type": "Feature", "properties": {"@id": "way/27320119", "created_by": "Potlatch 0.10c", "highway": "residential", "lit": "yes", "surface": "asphalt", "original_osm_index": 188}, "geometry": {"type": "LineString", "coordinates": [[80.2164206, 12.9736468], [80.2136613, 12.9737726]]}}, {"type": "Feature", "properties": {"@id": "way/27320131", "highway": "residential", "name": "Main Road", "original_osm_index": 189}, "geometry": {"type": "LineString", "coordinates": [[80.21784, 12.9844609], [80.2171231, 12.9844131], [80.2167196, 12.9843949], [80.2165411, 12.9843757]]}}, {"type": "Feature", "properties": {"@id": "way/27320133", "highway": "residential", "name": "1st Cross Street", "original_osm_index": 190}, "geometry": {"type": "LineString", "coordinates": [[80.2165533, 12.9830393], [80.2165878, 12.9826623], [80.2166103, 12.982295], [80.2166544, 12.9819307], [80.2166614, 12.9819082], [80.2166778, 12.9818925], [80.2167056, 12.9818847], [80.2167419, 12.9818853], [80.2173386, 12.9819536]]}}, {"type": "Feature", "properties": {"@id": "way/27320135", "highway": "residential", "original_osm_index": 191}, "geometry": {"type": "LineString", "coordinates": [[80.2210148, 12.9810784], [80.2206807, 12.9811104], [80.2206398, 12.9811248], [80.2206147, 12.9811475], [80.2205928, 12.9811744], [80.2205841, 12.9812084], [80.2205372, 12.9816619], [80.2205287, 12.9817112], [80.220513, 12.9817429], [80.2204835, 12.9817573], [80.2204514, 12.9817586], [80.2203738, 12.9817578], [80.2199103, 12.9817464], [80.2195492, 12.9816668], [80.2192985, 12.9816333], [80.218709, 12.9815596], [80.2185799, 12.9815404], [80.2180551, 12.9814744]]}}, {"type": "Feature", "properties": {"@id": "way/27320137", "highway": "residential", "original_osm_index": 192}, "geometry": {"type": "LineString", "coordinates": [[80.2157799, 12.9815059], [80.2147704, 12.9814475], [80.2147302, 12.9814423], [80.2146806, 12.9814358], [80.2146553, 12.9814196]]}}, {"type": "Feature", "properties": {"@id": "way/27320139", "highway": "residential", "name": "Main Road", "original_osm_index": 193}, "geometry": {"type": "LineString", "coordinates": [[80.2165411, 12.9843757], [80.2158762, 12.9844377], [80.2145014, 12.9843623], [80.2137503, 12.9843541]]}}, {"type": "Feature", "properties": {"@id": "way/27320141", "highway": "residential", "name": "5th Main Road", "original_osm_index": 194}, "geometry": {"type": "LineString", "coordinates": [[80.2166119, 12.9833932], [80.2150025, 12.9833195], [80.2146252, 12.9833112], [80.2135758, 12.9832734]]}}, {"type": "Feature", "properties": {"@id": "way/27320142", "highway": "residential", "name": "4th Main Road", "original_osm_index": 195}, "geometry": {"type": "LineString", "coordinates": [[80.2135611, 12.9836701], [80.2144203, 12.9836872], [80.214737, 12.9836906], [80.2151919, 12.9837098], [80.2159977, 12.9837437], [80.2165805, 12.9837954]]}}, {"type": "Feature", "properties": {"@id": "way/27320146", "highway": "residential", "original_osm_index": 196}, "geometry": {"type": "LineString", "coordinates": [[80.2168711, 12.9795877], [80.2168888, 12.9799268]]}}, {"type": "Feature", "properties": {"@id": "way/27320147", "created_by": "Potlatch 0.10b", "highway": "residential", "original_osm_index": 197}, "geometry": {"type": "LineString", "coordinates": [[80.2143845, 12.9791439], [80.2161475, 12.9793026]]}}, {"type": "Feature", "properties": {"@id": "way/27320148", "highway": "residential", "original_osm_index": 198}, "geometry": {"type": "LineString", "coordinates": [[80.2143406, 12.9765472], [80.2143194, 12.9769513], [80.214315, 12.9770889], [80.2143049, 12.9773199], [80.2142734, 12.9777082], [80.2142511, 12.9779777], [80.2142266, 12.978333], [80.2142263, 12.9783461], [80.2142331, 12.9783595]]}}, {"type": "Feature", "properties": {"@id": "way/27320149", "highway": "residential", "original_osm_index": 199}, "geometry": {"type": "LineString", "coordinates": [[80.2162531, 12.976495], [80.2153619, 12.9764425], [80.2152203, 12.9764706], [80.2143406, 12.9765472]]}}, {"type": "Feature", "properties": {"@id": "way/27320151", "created_by": "Potlatch 0.10b", "highway": "residential", "lit": "yes", "surface": "asphalt", "original_osm_index": 200}, "geometry": {"type": "LineString", "coordinates": [[80.2155765, 12.9774084], [80.2152943, 12.9773901], [80.2143049, 12.9773199]]}}, {"type": "Feature", "properties": {"@id": "way/27320153", "highway": "residential", "original_osm_index": 201}, "geometry": {"type": "LineString", "coordinates": [[80.2151155, 12.9742645], [80.2151598, 12.9746784], [80.2151671, 12.9748185], [80.21515, 12.975157], [80.2151578, 12.9752233], [80.2151757, 12.9753747], [80.2151733, 12.9756818]]}}, {"type": "Feature", "properties": {"@id": "way/27320155", "created_by": "Potlatch 0.10b", "highway": "residential", "lit": "yes", "surface": "asphalt", "original_osm_index": 202}, "geometry": {"type": "LineString", "coordinates": [[80.2164319, 12.9747602], [80.2151671, 12.9748185]]}}, {"type": "Feature", "properties": {"@id": "way/27320160", "highway": "residential", "name": "Sri Devi Karumari Amman Nagar Avenue", "name:ta": "ஸ்ரீ தேவி கருமாரி அம்மன் நகர் அவென்யூ", "original_osm_index": 203}, "geometry": {"type": "LineString", "coordinates": [[80.216449, 12.9752769], [80.2164146, 12.9754165], [80.2163132, 12.9756844], [80.2163163, 12.9757796], [80.2163033, 12.9760836], [80.2162909, 12.9761855], [80.2162531, 12.976495], [80.2162395, 12.9766061], [80.216251, 12.9767233], [80.2162269, 12.9767723]]}}, {"type": "Feature", "properties": {"@id": "way/27320161", "highway": "residential", "original_osm_index": 204}, "geometry": {"type": "LineString", "coordinates": [[80.2186029, 12.9795109], [80.2183307, 12.979481], [80.2180767, 12.9794639], [80.2177081, 12.9794415]]}}, {"type": "Feature", "properties": {"@id": "way/27320162", "highway": "residential", "name": "Ram Nagar Main Road", "original_osm_index": 205}, "geometry": {"type": "LineString", "coordinates": [[80.2161626, 12.9711221], [80.216274, 12.9715826], [80.2163499, 12.9721079], [80.2163977, 12.9725623], [80.2164019, 12.9726539], [80.2164186, 12.9730212], [80.2164253, 12.9731675], [80.216417, 12.9735621], [80.2164206, 12.9736468], [80.2164666, 12.9742305], [80.2164319, 12.9747602], [80.216449, 12.9752769]]}}, {"type": "Feature", "properties": {"@id": "way/27320164", "highway": "residential", "lit": "yes", "name": "Vijayanagar 2nd Main Road", "surface": "asphalt", "original_osm_index": 206}, "geometry": {"type": "LineString", "coordinates": [[80.216449, 12.9752769], [80.2151757, 12.9753747]]}}, {"type": "Feature", "properties": {"@id": "way/27320166", "highway": "residential", "name": "Vijayanagar 1st Main Road", "original_osm_index": 207}, "geometry": {"type": "LineString", "coordinates": [[80.2171068, 12.9757663], [80.2184046, 12.9758552], [80.2186878, 12.9758716], [80.2189812, 12.9758898], [80.219042, 12.9759093], [80.2194643, 12.9758451], [80.2201188, 12.9755981], [80.2202, 12.9756064], [80.2202557, 12.9756216], [80.2203207, 12.9756393], [80.2203991, 12.9756813], [80.2204375, 12.9757042]]}}, {"type": "Feature", "properties": {"@id": "way/27320167", "highway": "residential", "original_osm_index": 208}, "geometry": {"type": "LineString", "coordinates": [[80.2186582, 12.9764353], [80.2186666, 12.9762701], [80.2186878, 12.9758716]]}}, {"type": "Feature", "properties": {"@id": "way/27320171", "highway": "residential", "original_osm_index": 209}, "geometry": {"type": "LineString", "coordinates": [[80.2136303, 12.9724665], [80.2148331, 12.972383], [80.2150113, 12.9723609], [80.2163499, 12.9721079]]}}, {"type": "Feature", "properties": {"@id": "way/27320189", "highway": "residential", "original_osm_index": 210}, "geometry": {"type": "LineString", "coordinates": [[80.2150784, 12.9718177], [80.216274, 12.9715826]]}}, {"type": "Feature", "properties": {"@id": "way/27320193", "highway": "residential", "lit": "yes", "surface": "asphalt", "original_osm_index": 211}, "geometry": {"type": "LineString", "coordinates": [[80.2148218, 12.9703394], [80.2148143, 12.9703536], [80.2148357, 12.9704883], [80.2149071, 12.9709047], [80.2161213, 12.9706674], [80.2168147, 12.970532], [80.2180807, 12.9702883]]}}, {"type": "Feature", "properties": {"@id": "way/27320194", "highway": "residential", "lanes": "2", "name": "6th Main Road", "oneway": "no", "surface": "asphalt", "width": "30'", "original_osm_index": 212}, "geometry": {"type": "LineString", "coordinates": [[80.213524, 12.971629], [80.2148814, 12.9714234], [80.2150899, 12.9713288], [80.2161626, 12.9711221]]}}, {"type": "Feature", "properties": {"@id": "way/27320196", "created_by": "Potlatch 0.10b", "highway": "residential", "original_osm_index": 213}, "geometry": {"type": "LineString", "coordinates": [[80.2170241, 12.9714307], [80.216274, 12.9715826]]}}, {"type": "Feature", "properties": {"@id": "way/27320197", "created_by": "Potlatch 0.10b", "highway": "residential", "original_osm_index": 214}, "geometry": {"type": "LineString", "coordinates": [[80.2170731, 12.9719676], [80.2163499, 12.9721079]]}}, {"type": "Feature", "properties": {"@id": "way/27320198", "highway": "residential", "name": "7th Main Road", "original_osm_index": 215}, "geometry": {"type": "LineString", "coordinates": [[80.2181664, 12.9735563], [80.2172131, 12.9735438], [80.2171898, 12.9735591], [80.216417, 12.9735621]]}}, {"type": "Feature", "properties": {"@id": "way/27320311", "highway": "residential", "original_osm_index": 216}, "geometry": {"type": "LineString", "coordinates": [[80.2083647, 12.985382], [80.2083455, 12.9858], [80.2083328, 12.9861993]]}}, {"type": "Feature", "properties": {"@id": "way/27320312", "created_by": "Potlatch 0.10b", "highway": "residential", "original_osm_index": 217}, "geometry": {"type": "LineString", "coordinates": [[80.2099615, 12.9866446], [80.2090648, 12.9866965], [80.2085807, 12.9866996], [80.2074908, 12.9866637]]}}, {"type": "Feature", "properties": {"@id": "way/27320351", "created_by": "Potlatch 0.10b", "highway": "residential", "original_osm_index": 218}, "geometry": {"type": "LineString", "coordinates": [[80.2032564, 12.9841463], [80.2037144, 12.9840943], [80.2048945, 12.9839602]]}}, {"type": "Feature", "properties": {"@id": "way/27320353", "highway": "residential", "name": "Income Tax Main Road", "original_osm_index": 219}, "geometry": {"type": "LineString", "coordinates": [[80.2029673, 12.9817913], [80.2030373, 12.9824181], [80.2030787, 12.98287], [80.2031527, 12.9832779], [80.2031816, 12.9836471], [80.2032564, 12.9841463], [80.2033174, 12.9847002], [80.2033977, 12.9854287]]}}, {"type": "Feature", "properties": {"@id": "way/27320357", "highway": "residential", "original_osm_index": 220}, "geometry": {"type": "LineString", "coordinates": [[80.2029673, 12.9817913], [80.2025132, 12.9818641], [80.2022465, 12.9819069], [80.2021996, 12.9818879], [80.202154, 12.9818396], [80.2020822, 12.98136], [80.2020827, 12.9811832]]}}, {"type": "Feature", "properties": {"@id": "way/27320358", "highway": "residential", "original_osm_index": 221}, "geometry": {"type": "LineString", "coordinates": [[80.1997903, 12.9814132], [80.199687, 12.9815524], [80.1990342, 12.9816662]]}}, {"type": "Feature", "properties": {"@id": "way/27320360", "highway": "residential", "original_osm_index": 222}, "geometry": {"type": "LineString", "coordinates": [[80.1990161, 12.981547], [80.1981924, 12.9816464], [80.1980197, 12.9816758], [80.1975653, 12.9817533]]}}, {"type": "Feature", "properties": {"@id": "way/27340369", "highway": "residential", "original_osm_index": 223}, "geometry": {"type": "LineString", "coordinates": [[80.1988381, 12.9842943], [80.1988857, 12.9845223], [80.1988898, 12.9845441], [80.1989343, 12.9847801], [80.1990184, 12.9851011], [80.199099, 12.9854417], [80.1991754, 12.9858133]]}}, {"type": "Feature", "properties": {"@id": "way/27340390", "highway": "residential", "original_osm_index": 224}, "geometry": {"type": "LineString", "coordinates": [[80.199227, 12.9861999], [80.199098, 12.9861981], [80.1987415, 12.986254], [80.1984342, 12.9863238], [80.1979175, 12.9864411], [80.1973985, 12.9865622]]}}, {"type": "Feature", "properties": {"@id": "way/27340402", "highway": "residential", "name": "Parthasarathy Nagar 10th Street", "name:en": "Parthasarathy Nagar 10th Street", "name:ta": "பார்த்தசாரதி 10வது தெரு", "surface": "asphalt", "original_osm_index": 225}, "geometry": {"type": "LineString", "coordinates": [[80.2001297, 12.9904909], [80.1985391, 12.9909628]]}}, {"type": "Feature", "properties": {"@id": "way/27340405", "created_by": "Potlatch 0.10c", "highway": "residential", "name": "Parthasarathy Nagar 9th Street", "name:en": "Parthasarathy Nagar 9th Street", "name:ta": "பார்த்தசாரதி 9வது தெரு", "surface": "asphalt", "original_osm_index": 226}, "geometry": {"type": "LineString", "coordinates": [[80.1991626, 12.9902037], [80.200003, 12.9900243]]}}, {"type": "Feature", "properties": {"@id": "way/27340407", "highway": "residential", "name": "Parthasarathy Nagar 11th Street", "name:en": "Parthasarathy Nagar 11th Street", "name:ta": "பார்த்தசாரதி 11வது தெரு", "surface": "asphalt", "original_osm_index": 227}, "geometry": {"type": "LineString", "coordinates": [[80.1987627, 12.9890893], [80.1988424, 12.9894502], [80.1988558, 12.9894684], [80.1988788, 12.9894705], [80.1993938, 12.9894111], [80.1998287, 12.9893456]]}}, {"type": "Feature", "properties": {"@id": "way/27340420", "highway": "residential", "name": "Shanthi Nagar Main Rd", "original_osm_index": 228}, "geometry": {"type": "LineString", "coordinates": [[80.1991289, 12.9882337], [80.1985824, 12.9883522], [80.1978933, 12.9884814], [80.1978903, 12.988482]]}}, {"type": "Feature", "properties": {"@id": "way/27340422", "highway": "residential", "original_osm_index": 229}, "geometry": {"type": "LineString", "coordinates": [[80.1988461, 12.9868234], [80.1983645, 12.986917], [80.1975105, 12.9871039]]}}, {"type": "Feature", "properties": {"@id": "way/27340438", "highway": "residential", "name": "Shanthi Nagar 1st Street", "name:en": "Shanthi Nagar 1st Street", "name:ta": "சாந்தி நகர் 1வது தெரு", "original_osm_index": 230}, "geometry": {"type": "LineString", "coordinates": [[80.1997082, 12.9889268], [80.1992771, 12.9889998], [80.1989432, 12.9890579], [80.1987627, 12.9890893], [80.1985123, 12.9891329], [80.1980676, 12.9892094]]}}, {"type": "Feature", "properties": {"@id": "way/27340458", "highway": "residential", "original_osm_index": 231}, "geometry": {"type": "LineString", "coordinates": [[80.1985123, 12.9891329], [80.198599, 12.9895638], [80.198639, 12.9897137]]}}, {"type": "Feature", "properties": {"@id": "way/27340466", "highway": "residential", "original_osm_index": 232}, "geometry": {"type": "LineString", "coordinates": [[80.1987389, 12.987813], [80.1977251, 12.9879898]]}}, {"type": "Feature", "properties": {"@id": "way/27340485", "highway": "residential", "name": "6th Street", "original_osm_index": 233}, "geometry": {"type": "LineString", "coordinates": [[80.1978403, 12.9835733], [80.1980142, 12.9844114], [80.1980488, 12.9846704], [80.1980811, 12.9849124], [80.1981046, 12.9850497], [80.1981707, 12.9853065], [80.1983209, 12.98589]]}}, {"type": "Feature", "properties": {"@id": "way/27340504", "created_by": "Potlatch 0.10c", "highway": "residential", "original_osm_index": 234}, "geometry": {"type": "LineString", "coordinates": [[80.1981046, 12.9850497], [80.1973108, 12.9850447]]}}, {"type": "Feature", "properties": {"@id": "way/27340509", "highway": "residential", "original_osm_index": 235}, "geometry": {"type": "LineString", "coordinates": [[80.1980811, 12.9849124], [80.1985754, 12.9848358], [80.1989343, 12.9847801]]}}, {"type": "Feature", "properties": {"@id": "way/27340574", "highway": "residential", "original_osm_index": 236}, "geometry": {"type": "LineString", "coordinates": [[80.1988857, 12.9845223], [80.1992519, 12.9844426], [80.1994707, 12.9844004], [80.1998035, 12.9843248], [80.2004645, 12.9842122], [80.2008714, 12.9841822]]}}, {"type": "Feature", "properties": {"@id": "way/27340634", "highway": "residential", "name": "8th Street", "original_osm_index": 237}, "geometry": {"type": "LineString", "coordinates": [[80.2003915, 12.9869243], [80.1999472, 12.9870054], [80.1998949, 12.9870002], [80.19986, 12.9869728], [80.1998493, 12.9869283], [80.1997371, 12.9861828]]}}, {"type": "Feature", "properties": {"@id": "way/27340655", "highway": "residential", "original_osm_index": 238}, "geometry": {"type": "LineString", "coordinates": [[80.199099, 12.9854417], [80.199674, 12.9853702], [80.2001062, 12.9852628]]}}, {"type": "Feature", "properties": {"@id": "way/27342698", "created_by": "Potlatch 0.10c", "highway": "residential", "original_osm_index": 239}, "geometry": {"type": "LineString", "coordinates": [[80.2004228, 12.9876458], [80.2008183, 12.9875931], [80.2014194, 12.9875011]]}}, {"type": "Feature", "properties": {"@id": "way/27342702", "highway": "residential", "surface": "asphalt", "original_osm_index": 240}, "geometry": {"type": "LineString", "coordinates": [[80.201518, 12.9899032], [80.2012748, 12.9889661]]}}, {"type": "Feature", "properties": {"@id": "way/27342705", "created_by": "Potlatch 0.10c", "highway": "residential", "original_osm_index": 241}, "geometry": {"type": "LineString", "coordinates": [[80.2016683, 12.9904983], [80.201518, 12.9899032]]}}, {"type": "Feature", "properties": {"@id": "way/27342714", "highway": "residential", "original_osm_index": 242}, "geometry": {"type": "LineString", "coordinates": [[80.2019262, 12.9917936], [80.2019132, 12.9915185], [80.2018743, 12.990699], [80.2017027, 12.9907158], [80.2016683, 12.9904983]]}}, {"type": "Feature", "properties": {"@id": "way/27342717", "highway": "residential", "name": "Yadhaval Street", "original_osm_index": 243}, "geometry": {"type": "LineString", "coordinates": [[80.20212836032799, 12.9924], [80.2020755, 12.9917852]]}}, {"type": "Feature", "properties": {"@id": "way/27342733", "highway": "residential", "original_osm_index": 244}, "geometry": {"type": "LineString", "coordinates": [[80.2059355, 12.9889256], [80.2060242, 12.9895234], [80.206063, 12.9897845], [80.2061326, 12.9901842], [80.2064299, 12.9910965], [80.2066589, 12.9916884], [80.2068868, 12.9922463]]}}, {"type": "Feature", "properties": {"@id": "way/27342737", "highway": "residential", "original_osm_index": 245}, "geometry": {"type": "LineString", "coordinates": [[80.2062417, 12.9888864], [80.2063916, 12.9894457], [80.2064329, 12.9896], [80.2065232, 12.9899368], [80.2065549, 12.9901136], [80.2066993, 12.9906839], [80.206764, 12.990901], [80.2067573, 12.9909781], [80.2067278, 12.9910094], [80.2064299, 12.9910965], [80.2060093, 12.9912384], [80.2055741, 12.9914413]]}}, {"type": "Feature", "properties": {"@id": "way/27342739", "highway": "residential", "original_osm_index": 246}, "geometry": {"type": "LineString", "coordinates": [[80.2111031, 12.989393], [80.2094438, 12.9898546], [80.2089173, 12.9899906], [80.2085196, 12.9901144], [80.2081346, 12.990239], [80.2077657, 12.9903564], [80.2070199, 12.9905854]]}}, {"type": "Feature", "properties": {"@id": "way/27342742", "highway": "tertiary", "name": "TNHB Main Road", "original_osm_index": 247}, "geometry": {"type": "LineString", "coordinates": [[80.2095861, 12.9905645], [80.2101377, 12.9904151], [80.2110124, 12.9901836], [80.2113205, 12.9900993], [80.2118526, 12.9899628], [80.212227, 12.9898633], [80.2125722, 12.9897621], [80.2134067, 12.9895556], [80.2142763, 12.9893444], [80.2146595, 12.9892626]]}}, {"type": "Feature", "properties": {"@id": "way/27342746", "highway": "residential", "name": "12th Cross Street", "original_osm_index": 248}, "geometry": {"type": "LineString", "coordinates": [[80.2082945, 12.9886751], [80.2083526, 12.9890317], [80.2084013, 12.9893309], [80.2084734, 12.9897552], [80.2085196, 12.9901144], [80.2086308, 12.9904976], [80.2087581, 12.9908885]]}}, {"type": "Feature", "properties": {"@id": "way/27342747", "highway": "residential", "original_osm_index": 249}, "geometry": {"type": "LineString", "coordinates": [[80.2076226, 12.9892312], [80.2076785, 12.9895647], [80.207755, 12.9899768], [80.2077657, 12.9903564], [80.2078836, 12.9907532], [80.2079999, 12.9911305]]}}, {"type": "Feature", "properties": {"@id": "way/27342751", "highway": "residential", "original_osm_index": 250}, "geometry": {"type": "LineString", "coordinates": [[80.208764, 12.988739], [80.2088438, 12.9891936], [80.2084013, 12.9893309], [80.2080085, 12.989458], [80.2076785, 12.9895647], [80.2069014, 12.9898151], [80.2065232, 12.9899368]]}}, {"type": "Feature", "properties": {"@id": "way/27342752", "highway": "residential", "original_osm_index": 251}, "geometry": {"type": "LineString", "coordinates": [[80.2089173, 12.9899906], [80.2091452, 12.990765]]}}, {"type": "Feature", "properties": {"@id": "way/27342754", "created_by": "Potlatch 0.10c", "highway": "residential", "original_osm_index": 252}, "geometry": {"type": "LineString", "coordinates": [[80.2056163, 12.9902556], [80.2060093, 12.9912384], [80.2062495, 12.9918504], [80.2064577, 12.992355]]}}, {"type": "Feature", "properties": {"@id": "way/27342756", "highway": "residential", "original_osm_index": 253}, "geometry": {"type": "LineString", "coordinates": [[80.2072338, 12.9920898], [80.2071648, 12.9917854], [80.20711, 12.9915437]]}}, {"type": "Feature", "properties": {"@id": "way/27342760", "highway": "residential", "original_osm_index": 254}, "geometry": {"type": "LineString", "coordinates": [[80.2093872, 12.9914009], [80.2090865, 12.9914982], [80.2082952, 12.9917544], [80.2075299, 12.9920022], [80.2072338, 12.9920898], [80.2070672, 12.992181], [80.2068868, 12.9922463], [80.2065686, 12.9923269], [80.2064577, 12.992355], [80.20624087275748, 12.9924]]}}, {"type": "Feature", "properties": {"@id": "way/27342765", "highway": "residential", "original_osm_index": 255}, "geometry": {"type": "LineString", "coordinates": [[80.2092877, 12.9910826], [80.2089805, 12.991192], [80.2082196, 12.9914575], [80.207543, 12.9916678]]}}, {"type": "Feature", "properties": {"@id": "way/27342832", "highway": "residential", "name": "3rd Street", "original_osm_index": 256}, "geometry": {"type": "LineString", "coordinates": [[80.2103552, 12.9923752], [80.2106883, 12.9922864], [80.2109118, 12.9922269], [80.2111809, 12.9921552], [80.2115225, 12.992071]]}}, {"type": "Feature", "properties": {"@id": "way/27343036", "highway": "residential", "name": "TNHB Colony 1st Main Road", "original_osm_index": 257}, "geometry": {"type": "LineString", "coordinates": [[80.2126459, 12.9913653], [80.2137882, 12.9910876], [80.2142425, 12.9909597], [80.214458, 12.9907891], [80.2146511, 12.9905772], [80.2147718, 12.990412], [80.2148367, 12.9902972], [80.21486, 12.9901467], [80.2148508, 12.9900161], [80.2147968, 12.9898055], [80.2146595, 12.9892626]]}}, {"type": "Feature", "properties": {"@id": "way/27343408", "highway": "residential", "name": "Ezumudaliyar Street", "original_osm_index": 258}, "geometry": {"type": "LineString", "coordinates": [[80.2136896, 12.9906884], [80.2137882, 12.9910876], [80.2138223, 12.9912237], [80.213877, 12.9914284], [80.2140941, 12.9922392], [80.21413719498632, 12.9924]]}}, {"type": "Feature", "properties": {"@id": "way/27343410", "highway": "residential", "name": "TNHB Colony 2nd Main Road", "original_osm_index": 259}, "geometry": {"type": "LineString", "coordinates": [[80.212227, 12.9898633], [80.2125424, 12.9909922], [80.2126459, 12.9913653], [80.2127262, 12.9917476], [80.21290673382165, 12.9924]]}}, {"type": "Feature", "properties": {"@id": "way/27343412", "highway": "residential", "name": "1st Street", "original_osm_index": 260}, "geometry": {"type": "LineString", "coordinates": [[80.2102581, 12.9920149], [80.2103552, 12.9923752], [80.2103618187738, 12.9924]]}}, {"type": "Feature", "properties": {"@id": "way/27343414", "highway": "residential", "name": "TNHB Colony 1st Avenue", "original_osm_index": 261}, "geometry": {"type": "LineString", "coordinates": [[80.2110124, 12.9901836], [80.2113094, 12.9913117], [80.2114244, 12.9917028], [80.2115225, 12.992071]]}}, {"type": "Feature", "properties": {"@id": "way/27343415", "highway": "residential", "name": "2nd Street", "original_osm_index": 262}, "geometry": {"type": "LineString", "coordinates": [[80.2106883, 12.9922864], [80.21072160530406, 12.9924]]}}, {"type": "Feature", "properties": {"@id": "way/27343417", "highway": "residential", "name": "10th Street", "original_osm_index": 263}, "geometry": {"type": "LineString", "coordinates": [[80.2123428, 12.9918454], [80.21249144220442, 12.9924]]}}, {"type": "Feature", "properties": {"@id": "way/27343418", "highway": "residential", "name": "TNHB Colony 3rd Avenue", "name:ta": "த.நா.வீ.வா குடியிருப்பு 3வது அவின்யூ", "original_osm_index": 264}, "geometry": {"type": "LineString", "coordinates": [[80.2125424, 12.9909922], [80.2121689, 12.9910872], [80.2118957, 12.9911588], [80.2116119, 12.9912334], [80.2113094, 12.9913117]]}}, {"type": "Feature", "properties": {"@id": "way/27343427", "highway": "residential", "original_osm_index": 265}, "geometry": {"type": "LineString", "coordinates": [[80.2161337, 12.9920792], [80.2161186, 12.992081], [80.2161022, 12.9920908], [80.2159297, 12.9922033], [80.2157133, 12.9923306], [80.2156035, 12.9923886], [80.215584075, 12.9924]]}}, {"type": "Feature", "properties": {"@id": "way/27343428", "highway": "living_street", "name": "Nehru Nagar NSK 2nd Street", "original_osm_index": 266}, "geometry": {"type": "LineString", "coordinates": [[80.2146792, 12.9908923], [80.214867, 12.9913427], [80.2148833, 12.9913974], [80.2148831, 12.9914367], [80.2148844, 12.9914799], [80.2149005, 12.9915361], [80.2149162, 12.9915988], [80.2151916, 12.9921637], [80.21530305604242, 12.9924]]}}, {"type": "Feature", "properties": {"@id": "way/27343431", "highway": "residential", "name": "Nehru Nagar NSK 1st Street", "original_osm_index": 267}, "geometry": {"type": "LineString", "coordinates": [[80.2150504, 12.990738], [80.2153512, 12.9916206], [80.2154034, 12.9917824], [80.2154263, 12.9918824], [80.2154933, 12.9921137], [80.2156035, 12.9923886]]}}, {"type": "Feature", "properties": {"@id": "way/27343434", "highway": "residential", "name": "Veerabandiya Kattabomman Street", "name:etymology:wikidata": "Q888293", "name:ta": "வீரபாண்டிய கட்டபொம்மன் தெரு", "original_osm_index": 268}, "geometry": {"type": "LineString", "coordinates": [[80.2159297, 12.9922033], [80.21606704772307, 12.9924]]}}, {"type": "Feature", "properties": {"@id": "way/27343640", "highway": "residential", "original_osm_index": 269}, "geometry": {"type": "LineString", "coordinates": [[80.20805420646568, 12.9924], [80.2080018, 12.992201], [80.2075981, 12.9922894], [80.2076345410905, 12.9924]]}}, {"type": "Feature", "properties": {"@id": "way/27343644", "highway": "residential", "original_osm_index": 270}, "geometry": {"type": "LineString", "coordinates": [[80.2095183, 12.9902409], [80.2111251, 12.9897669]]}}, {"type": "Feature", "properties": {"@id": "way/27343646", "highway": "residential", "name": "1st Street", "original_osm_index": 271}, "geometry": {"type": "LineString", "coordinates": [[80.2024923, 12.9897524], [80.2046346, 12.9895525], [80.2049944, 12.9894652]]}}, {"type": "Feature", "properties": {"@id": "way/27343649", "created_by": "Potlatch 0.10c", "highway": "residential", "original_osm_index": 272}, "geometry": {"type": "LineString", "coordinates": [[80.2026506, 12.9879806], [80.2035472, 12.9878003]]}}, {"type": "Feature", "properties": {"@id": "way/27343654", "highway": "residential", "original_osm_index": 273}, "geometry": {"type": "LineString", "coordinates": [[80.203084, 12.9874346], [80.2030188, 12.9870393], [80.2029565, 12.9865838]]}}, {"type": "Feature", "properties": {"@id": "way/27343657", "highway": "residential", "original_osm_index": 274}, "geometry": {"type": "LineString", "coordinates": [[80.2019672, 12.9866844], [80.2019656, 12.9865768], [80.2019648, 12.9865129], [80.2019633, 12.9864541], [80.2019618, 12.9864056], [80.2019583, 12.9863109], [80.2019548, 12.9862161], [80.2019573, 12.9862002], [80.2019656, 12.9861848], [80.2019824, 12.9861688], [80.2019966, 12.986158], [80.2020184, 12.9861533], [80.2020396, 12.9861515], [80.2027621, 12.9860284], [80.2027758, 12.9860165], [80.2027832, 12.9860028], [80.2027881, 12.9859836], [80.2027863, 12.9859626], [80.2027189, 12.9855731]]}}, {"type": "Feature", "properties": {"@id": "way/27343659", "highway": "residential", "original_osm_index": 275}, "geometry": {"type": "LineString", "coordinates": [[80.2086469, 12.9818026], [80.20823, 12.9818495], [80.2077601, 12.9818813], [80.2075735, 12.9818504], [80.2073591, 12.9818545], [80.2068777, 12.9818813]]}}, {"type": "Feature", "properties": {"@id": "way/27343662", "highway": "residential", "original_osm_index": 276}, "geometry": {"type": "LineString", "coordinates": [[80.2077601, 12.9818813], [80.2077758, 12.9821266], [80.2078282, 12.9825532], [80.2078659, 12.9830097]]}}, {"type": "Feature", "properties": {"@id": "way/27343663", "created_by": "Potlatch 0.10c", "highway": "residential", "original_osm_index": 277}, "geometry": {"type": "LineString", "coordinates": [[80.2067114, 12.9814203], [80.2077325, 12.9814073], [80.208416, 12.9813933]]}}, {"type": "Feature", "properties": {"@id": "way/27343664", "highway": "residential", "original_osm_index": 278}, "geometry": {"type": "LineString", "coordinates": [[80.2089585, 12.9796947], [80.2074433, 12.979753], [80.206769, 12.9798622], [80.2066614, 12.9798796], [80.2063148, 12.9799431], [80.205618, 12.9800708], [80.2055344, 12.9800865]]}}, {"type": "Feature", "properties": {"@id": "way/27343668", "highway": "residential", "name": "2nd Main Road", "original_osm_index": 279}, "geometry": {"type": "LineString", "coordinates": [[80.208957, 12.9801723], [80.2085845, 12.9801897], [80.2075431, 12.9802622], [80.2065607, 12.9803784]]}}, {"type": "Feature", "properties": {"@id": "way/27343672", "highway": "residential", "name": "Thalambu Street", "original_osm_index": 280}, "geometry": {"type": "LineString", "coordinates": [[80.2052002, 12.9799068], [80.2045577, 12.9800069]]}}, {"type": "Feature", "properties": {"@id": "way/27343676", "highway": "residential", "original_osm_index": 281}, "geometry": {"type": "LineString", "coordinates": [[80.2055848, 12.9806775], [80.2055662, 12.9806759], [80.2049814, 12.9807798], [80.2045304, 12.9808604], [80.2041512, 12.9809106]]}}, {"type": "Feature", "properties": {"@id": "way/27343677", "highway": "residential", "original_osm_index": 282}, "geometry": {"type": "LineString", "coordinates": [[80.2090154, 12.9779863], [80.2089787, 12.9784245], [80.2089784, 12.978862], [80.2089583, 12.9792644], [80.2089558, 12.979287], [80.2089585, 12.9796947], [80.2089582, 12.9798508], [80.208957, 12.9801723]]}}, {"type": "Feature", "properties": {"@id": "way/27343679", "created_by": "Potlatch 0.10c", "highway": "residential", "original_osm_index": 283}, "geometry": {"type": "LineString", "coordinates": [[80.2102878, 12.9779493], [80.210307, 12.97835]]}}, {"type": "Feature", "properties": {"@id": "way/27343680", "highway": "residential", "original_osm_index": 284}, "geometry": {"type": "LineString", "coordinates": [[80.2023693, 12.9785065], [80.202382, 12.9784851], [80.202382, 12.9784557], [80.202319, 12.9780933], [80.2022056, 12.9775928], [80.2021844, 12.9774031], [80.2021812, 12.9773746], [80.2021501, 12.9769325], [80.2021294, 12.9766252], [80.2021125, 12.9763752]]}}, {"type": "Feature", "properties": {"@id": "way/27343683", "created_by": "Potlatch 0.10c", "highway": "residential", "original_osm_index": 285}, "geometry": {"type": "LineString", "coordinates": [[80.2059179, 12.9846927], [80.2049986, 12.9848504]]}}, {"type": "Feature", "properties": {"@id": "way/27343688", "highway": "residential", "original_osm_index": 286}, "geometry": {"type": "LineString", "coordinates": [[80.205774, 12.9838871], [80.2058157, 12.984276], [80.2059179, 12.9846927], [80.20594, 12.9848459], [80.2059835, 12.9848806], [80.2064893, 12.9847126]]}}, {"type": "Feature", "properties": {"@id": "way/27343689", "created_by": "Potlatch 0.10c", "highway": "residential", "original_osm_index": 287}, "geometry": {"type": "LineString", "coordinates": [[80.2076936, 12.9834228], [80.2070382, 12.9834838]]}}, {"type": "Feature", "properties": {"@id": "way/27343690", "created_by": "Potlatch 0.10c", "highway": "residential", "lit": "yes", "surface": "asphalt", "original_osm_index": 288}, "geometry": {"type": "LineString", "coordinates": [[80.2086957, 12.9825124], [80.2082557, 12.9825494], [80.2078282, 12.9825532], [80.20697, 12.9826033]]}}, {"type": "Feature", "properties": {"@id": "way/27343691", "created_by": "Potlatch 0.10c", "highway": "residential", "original_osm_index": 289}, "geometry": {"type": "LineString", "coordinates": [[80.2077758, 12.9821266], [80.2069192, 12.9821505]]}}, {"type": "Feature", "properties": {"@id": "way/27343693", "created_by": "Potlatch 0.10c", "highway": "residential", "original_osm_index": 290}, "geometry": {"type": "LineString", "coordinates": [[80.2059255, 12.9807464], [80.2066071, 12.9806302]]}}, {"type": "Feature", "properties": {"@id": "way/27343694", "highway": "residential", "original_osm_index": 291}, "geometry": {"type": "LineString", "coordinates": [[80.2059599, 12.9796693], [80.2059306, 12.9795499], [80.2059309, 12.9795276], [80.2059354, 12.9795063], [80.2059464, 12.9794918], [80.2059582, 12.9794791], [80.2060837, 12.9794172], [80.2072713, 12.9788956]]}}, {"type": "Feature", "properties": {"@id": "way/27343695", "highway": "residential", "original_osm_index": 292}, "geometry": {"type": "LineString", "coordinates": [[80.205651, 12.9810363], [80.204591, 12.9811904], [80.204062, 12.981265], [80.2040459, 12.9812672], [80.2040307, 12.9812756]]}}, {"type": "Feature", "properties": {"@id": "way/27343696", "highway": "residential", "original_osm_index": 293}, "geometry": {"type": "LineString", "coordinates": [[80.2055848, 12.9806775], [80.2055969, 12.9806875], [80.2056066, 12.9807018], [80.205651, 12.9810363], [80.2056896, 12.9812683]]}}, {"type": "Feature", "properties": {"@id": "way/27343706", "highway": "residential", "original_osm_index": 294}, "geometry": {"type": "LineString", "coordinates": [[80.213507, 12.9864783], [80.2132767, 12.9864848], [80.2129803, 12.9865039], [80.2117347, 12.9866121], [80.2117099, 12.9861148], [80.2116952, 12.9856771]]}}, {"type": "Feature", "properties": {"@id": "way/27343708", "highway": "residential", "name": "EB Colony 1st Street", "original_osm_index": 295}, "geometry": {"type": "LineString", "coordinates": [[80.2103678, 12.9852584], [80.2116851, 12.98523], [80.2129224, 12.9851812]]}}, {"type": "Feature", "properties": {"@id": "way/27343709", "highway": "residential", "name": "Lakshmi Hayagriva 2nd Main Road", "original_osm_index": 296}, "geometry": {"type": "LineString", "coordinates": [[80.2103282, 12.9857053], [80.2116952, 12.9856771], [80.2129323, 12.9856616]]}}, {"type": "Feature", "properties": {"@id": "way/27343711", "highway": "residential", "name": "Radhar Nagar Extension 2nd Street", "original_osm_index": 297}, "geometry": {"type": "LineString", "coordinates": [[80.2140966, 12.9849115], [80.2129209, 12.9848925]]}}, {"type": "Feature", "properties": {"@id": "way/27343713", "highway": "residential", "name": "Radhar Nagar Extension 2nd Street", "original_osm_index": 298}, "geometry": {"type": "LineString", "coordinates": [[80.2140108, 12.9852962], [80.2129313, 12.9852878]]}}, {"type": "Feature", "properties": {"@id": "way/27343715", "highway": "residential", "name": "11th Street", "original_osm_index": 299}, "geometry": {"type": "LineString", "coordinates": [[80.2141187, 12.9856372], [80.2138417, 12.9856394], [80.2136902, 12.9856444], [80.2136727, 12.9856503], [80.2136654, 12.9856627], [80.2136593, 12.9856744], [80.2136439, 12.9857195], [80.2136292, 12.985743], [80.213618, 12.9857555]]}}, {"type": "Feature", "properties": {"@id": "way/27343720", "highway": "residential", "name": "South Street", "original_osm_index": 300}, "geometry": {"type": "LineString", "coordinates": [[80.2165459, 12.9856943], [80.2173448, 12.9853748], [80.2175872, 12.9852798], [80.2178505, 12.9852018]]}}, {"type": "Feature", "properties": {"@id": "way/27343721", "highway": "residential", "name": "2nd Street", "original_osm_index": 301}, "geometry": {"type": "LineString", "coordinates": [[80.2166761, 12.986056], [80.2166547, 12.9860247], [80.2165459, 12.9856943], [80.2164802, 12.9855331], [80.2163977, 12.9852819], [80.2163449, 12.9851622], [80.2163294, 12.9851532], [80.2163114, 12.9851504], [80.2162869, 12.9851493], [80.2158587, 12.9851742]]}}, {"type": "Feature", "properties": {"@id": "way/27343722", "highway": "residential", "name": "Balahi Colony Main Road", "original_osm_index": 302}, "geometry": {"type": "LineString", "coordinates": [[80.2148605, 12.9864337], [80.2150772, 12.986435], [80.2154867, 12.9863988], [80.2158843, 12.9863751], [80.2162661, 12.9864169], [80.2167539, 12.9864566]]}}, {"type": "Feature", "properties": {"@id": "way/27343728", "access": "private", "highway": "residential", "original_osm_index": 303}, "geometry": {"type": "LineString", "coordinates": [[80.2102694, 12.9807002], [80.2101795, 12.9807015], [80.2098995, 12.9807046], [80.2094317, 12.9807023], [80.2091812, 12.980704]]}}, {"type": "Feature", "properties": {"@id": "way/27343730", "highway": "residential", "original_osm_index": 304}, "geometry": {"type": "LineString", "coordinates": [[80.2042521, 12.9792317], [80.2031762, 12.9793872]]}}, {"type": "Feature", "properties": {"@id": "way/27343733", "created_by": "Potlatch 0.10c", "highway": "residential", "original_osm_index": 305}, "geometry": {"type": "LineString", "coordinates": [[80.2042975, 12.9826199], [80.2030787, 12.98287]]}}, {"type": "Feature", "properties": {"@id": "way/27343734", "highway": "residential", "original_osm_index": 306}, "geometry": {"type": "LineString", "coordinates": [[80.2048073, 12.982992], [80.204353, 12.9830604], [80.2033932, 12.9832327]]}}, {"type": "Feature", "properties": {"@id": "way/27343740", "created_by": "Potlatch 0.10c", "highway": "residential", "original_osm_index": 307}, "geometry": {"type": "LineString", "coordinates": [[80.2051628, 12.9903304], [80.2041084, 12.9904821]]}}, {"type": "Feature", "properties": {"@id": "way/27343752", "highway": "residential", "original_osm_index": 308}, "geometry": {"type": "LineString", "coordinates": [[80.2028615, 12.9887185], [80.2026506, 12.9879806]]}}, {"type": "Feature", "properties": {"@id": "way/27343755", "highway": "residential", "original_osm_index": 309}, "geometry": {"type": "LineString", "coordinates": [[80.2020191, 12.9876261], [80.2024837, 12.9875711], [80.203084, 12.9874346], [80.2032809, 12.9873921], [80.2036001, 12.9874439]]}}, {"type": "Feature", "properties": {"@id": "way/27343757", "highway": "residential", "name": "Godavari Street", "original_osm_index": 310}, "geometry": {"type": "LineString", "coordinates": [[80.2009618, 12.985064], [80.2009188, 12.9846482], [80.2008714, 12.9841822], [80.2010145, 12.9841838], [80.2009901, 12.9837907], [80.200948, 12.9833967], [80.2009115, 12.9829727]]}}, {"type": "Feature", "properties": {"@id": "way/27343759", "highway": "residential", "original_osm_index": 311}, "geometry": {"type": "LineString", "coordinates": [[80.2052131, 12.9820078], [80.205183, 12.9816929], [80.2051782, 12.9815525]]}}, {"type": "Feature", "properties": {"@id": "way/27343760", "highway": "residential", "name": "1st Main Road", "original_osm_index": 312}, "geometry": {"type": "LineString", "coordinates": [[80.2126363, 12.9793447], [80.2118908, 12.9793162], [80.2111804, 12.9792201], [80.2107593, 12.9791649], [80.2106496, 12.9791583]]}}, {"type": "Feature", "properties": {"@id": "way/27343765", "highway": "residential", "original_osm_index": 313}, "geometry": {"type": "LineString", "coordinates": [[80.1966263, 12.980178], [80.1966584, 12.9804298], [80.1967439, 12.9809685], [80.1967927, 12.9813655]]}}, {"type": "Feature", "properties": {"@id": "way/27343769", "highway": "residential", "name": "Gopinathan Street", "original_osm_index": 314}, "geometry": {"type": "LineString", "coordinates": [[80.1992494, 12.9765824], [80.199249, 12.9764904], [80.1989077, 12.9765005], [80.1978429, 12.9764748], [80.1975533, 12.9764489], [80.1974782, 12.9764384], [80.1974293, 12.9763815], [80.1964727, 12.9762944], [80.1961089, 12.9762682]]}}, {"type": "Feature", "properties": {"@id": "way/27343770", "highway": "residential", "name": "Rajarathinam Street", "original_osm_index": 315}, "geometry": {"type": "LineString", "coordinates": [[80.1931466, 12.9762925], [80.1931676, 12.9762736], [80.1933987, 12.9760541], [80.1934248, 12.9760472], [80.1934513, 12.9760545], [80.1935188, 12.9760991], [80.1935604, 12.9761259], [80.1936085, 12.9761375], [80.1936906, 12.976143], [80.1944347, 12.9761427], [80.1946296, 12.9761327], [80.1956702, 12.9760548], [80.1959936, 12.9760398], [80.1960312, 12.9760398], [80.1960688, 12.9760479], [80.1960875, 12.9760829], [80.1960942, 12.9761287], [80.1961089, 12.9762682], [80.1961103, 12.9763587], [80.1961009, 12.9765168], [80.1960969, 12.9765678], [80.1960768, 12.9766161], [80.1960433, 12.976675], [80.1960097, 12.9767847], [80.1959994, 12.9768853], [80.1959662, 12.9770711], [80.1959206, 12.9775391]]}}, {"type": "Feature", "properties": {"@id": "way/27343771", "highway": "residential", "name": "Karikalan Street", "name:ta": "கரிகாலன் தெரு", "original_osm_index": 316}, "geometry": {"type": "LineString", "coordinates": [[80.1989337, 12.9757978], [80.1989126, 12.976143], [80.1989077, 12.9765005], [80.1989122, 12.976708], [80.198926, 12.9768226], [80.1989345, 12.9770593], [80.1989402, 12.9773782]]}}, {"type": "Feature", "properties": {"@id": "way/27343773", "highway": "residential", "name": "Macmillon Colony Main Road", "surface": "asphalt", "original_osm_index": 317}, "geometry": {"type": "LineString", "coordinates": [[80.1896456, 12.9763167], [80.189653, 12.9764149], [80.1896947, 12.976681], [80.1897528, 12.9770522], [80.1897952, 12.9773231], [80.1898098, 12.9774493], [80.1898303, 12.9777142], [80.1898856, 12.9781775], [80.189923, 12.9782728], [80.1899459, 12.9787088], [80.1899955, 12.9794365], [80.1900363, 12.9797502], [80.1900515, 12.9798511], [80.1900823, 12.9800559], [80.1901172, 12.9803543], [80.190153, 12.9806923]]}}, {"type": "Feature", "properties": {"@id": "way/27343774", "highway": "residential", "name": "1st Main Road, Lakshmi Nagar", "original_osm_index": 318}, "geometry": {"type": "LineString", "coordinates": [[80.1891, 12.980097672727226], [80.1891306, 12.9803797], [80.1891429, 12.9806943]]}}, {"type": "Feature", "properties": {"@id": "way/27343775", "highway": "residential", "name": "5th Street, Lakshmi Nagar", "surface": "asphalt", "original_osm_index": 319}, "geometry": {"type": "LineString", "coordinates": [[80.1898856, 12.9781775], [80.1891, 12.97822207875653]]}}, {"type": "Feature", "properties": {"@id": "way/27343779", "highway": "residential", "name": "Srinivasan Street", "surface": "asphalt", "original_osm_index": 320}, "geometry": {"type": "LineString", "coordinates": [[80.1954016, 12.9789185], [80.1948711, 12.9789776], [80.1943046, 12.9791868]]}}, {"type": "Feature", "properties": {"@id": "way/27343784", "highway": "residential", "name": "Kamarajar Street", "name:etymology:wikidata": "Q522048", "name:ta": "காமராஜர் தெரு", "original_osm_index": 321}, "geometry": {"type": "LineString", "coordinates": [[80.1930302, 12.9777148], [80.193117, 12.9780962], [80.1932553, 12.9785004], [80.1934203, 12.9788608], [80.1934845, 12.9791583], [80.1936404, 12.9795047], [80.1938386, 12.9799375], [80.1939676, 12.9803053], [80.1940787, 12.9805908], [80.1943613, 12.9811079]]}}, {"type": "Feature", "properties": {"@id": "way/27344637", "highway": "residential", "original_osm_index": 322}, "geometry": {"type": "LineString", "coordinates": [[80.1996387, 12.9920472], [80.2002573, 12.9919573], [80.200672, 12.9919006], [80.2012327, 12.9918303]]}}, {"type": "Feature", "properties": {"@id": "way/27344639", "highway": "residential", "surface": "asphalt", "original_osm_index": 323}, "geometry": {"type": "LineString", "coordinates": [[80.200672, 12.9919006], [80.2006311, 12.9915863], [80.2006002, 12.9914387], [80.200623, 12.9914273], [80.2006432, 12.9914216], [80.2006913, 12.9914123], [80.2007097, 12.9914026], [80.2007182, 12.9913913], [80.2007213, 12.9913703], [80.2006355, 12.9908441], [80.2005969, 12.9906518]]}}, {"type": "Feature", "properties": {"@id": "way/27344661", "highway": "residential", "original_osm_index": 324}, "geometry": {"type": "LineString", "coordinates": [[80.2118718, 12.9813097], [80.211821, 12.981838], [80.2117868, 12.982194]]}}, {"type": "Feature", "properties": {"@id": "way/27344662", "highway": "residential", "name": "2nd Cross Lane", "original_osm_index": 325}, "geometry": {"type": "LineString", "coordinates": [[80.216766, 12.980646], [80.215973, 12.9806523]]}}, {"type": "Feature", "properties": {"@id": "way/27344663", "created_by": "Potlatch 0.10c", "highway": "residential", "original_osm_index": 326}, "geometry": {"type": "LineString", "coordinates": [[80.2159884, 12.9803167], [80.215973, 12.9806523], [80.2159569, 12.9809778]]}}, {"type": "Feature", "properties": {"@id": "way/27344666", "highway": "residential", "original_osm_index": 327}, "geometry": {"type": "LineString", "coordinates": [[80.2137324, 12.9756989], [80.2137619, 12.9753365], [80.2137705, 12.9753196], [80.2137903, 12.9753128], [80.2138128, 12.975318], [80.2138452, 12.9753355], [80.2138872, 12.9753755], [80.2142256, 12.9757918], [80.2141867, 12.9760316], [80.2141639, 12.9761971], [80.2141345, 12.9764112], [80.2141213, 12.9767272], [80.2140932, 12.9767651], [80.2140462, 12.9767677], [80.2134475, 12.9767242], [80.2134127, 12.9767125], [80.2133926, 12.9766957], [80.2133717, 12.9766625], [80.213395, 12.9764168], [80.2129448, 12.9763794]]}}, {"type": "Feature", "properties": {"@id": "way/27344667", "highway": "residential", "name": "Murugan Nagar Extension 1st Street", "original_osm_index": 328}, "geometry": {"type": "LineString", "coordinates": [[80.2130977, 12.9736589], [80.2130515, 12.9751917], [80.2130423, 12.9754953], [80.2130379, 12.9755406], [80.2130117, 12.9758119], [80.2129794, 12.9760344]]}}, {"type": "Feature", "properties": {"@id": "way/27344668", "created_by": "Potlatch 0.10c", "highway": "residential", "original_osm_index": 329}, "geometry": {"type": "LineString", "coordinates": [[80.2136341, 12.9733623], [80.2150547, 12.9732116], [80.2164253, 12.9731675]]}}, {"type": "Feature", "properties": {"@id": "way/27344671", "highway": "residential", "original_osm_index": 330}, "geometry": {"type": "LineString", "coordinates": [[80.213639, 12.9736528], [80.2136341, 12.9733623], [80.2136648, 12.9728784], [80.2136303, 12.9724665], [80.2135734, 12.9720386], [80.213524, 12.971629]]}}, {"type": "Feature", "properties": {"@id": "way/27344672", "highway": "residential", "original_osm_index": 331}, "geometry": {"type": "LineString", "coordinates": [[80.2116532, 12.9738456], [80.2116509, 12.9741521], [80.2116467, 12.9742309], [80.2116384, 12.9745731], [80.2116259, 12.9746734], [80.2115839, 12.97507], [80.2110771, 12.9750225]]}}, {"type": "Feature", "properties": {"@id": "way/27344673", "highway": "residential", "original_osm_index": 332}, "geometry": {"type": "LineString", "coordinates": [[80.2126355, 12.9741865], [80.2121054, 12.9741776], [80.2116509, 12.9741521]]}}, {"type": "Feature", "properties": {"@id": "way/27344675", "elevation": "5", "highway": "residential", "original_osm_index": 333}, "geometry": {"type": "LineString", "coordinates": [[80.21248, 12.9721078], [80.2125386, 12.9726672], [80.2125455, 12.9727315], [80.2126142, 12.9732853], [80.2126274, 12.9734], [80.2126642, 12.9737212], [80.212276, 12.9737665], [80.2121801, 12.9738175], [80.2121338, 12.9738658], [80.2121054, 12.9741776]]}}, {"type": "Feature", "properties": {"@id": "way/27344679", "highway": "residential", "original_osm_index": 334}, "geometry": {"type": "LineString", "coordinates": [[80.2116384, 12.9745731], [80.2126071, 12.9746042]]}}, {"type": "Feature", "properties": {"@id": "way/27344680", "highway": "residential", "original_osm_index": 335}, "geometry": {"type": "LineString", "coordinates": [[80.2107404, 12.9769079], [80.2107616, 12.9759394], [80.2114613, 12.9759277], [80.2119891, 12.9759427]]}}, {"type": "Feature", "properties": {"@id": "way/27344681", "created_by": "Potlatch 0.10c", "highway": "residential", "original_osm_index": 336}, "geometry": {"type": "LineString", "coordinates": [[80.1953602, 12.982758], [80.1950508, 12.9828791]]}}, {"type": "Feature", "properties": {"@id": "way/27344682", "highway": "residential", "name": "4th Main Road", "original_osm_index": 337}, "geometry": {"type": "LineString", "coordinates": [[80.1948837, 12.9824209], [80.194965, 12.9826617], [80.1950508, 12.9828791], [80.1952416, 12.9833951], [80.1953325, 12.9836978], [80.1955306, 12.9843568]]}}, {"type": "Feature", "properties": {"@id": "way/27344683", "highway": "residential", "original_osm_index": 338}, "geometry": {"type": "LineString", "coordinates": [[80.1958362, 12.9842771], [80.1955306, 12.9843568], [80.1950199, 12.9844952]]}}, {"type": "Feature", "properties": {"@id": "way/27344708", "highway": "residential", "name": "6th Street", "original_osm_index": 339}, "geometry": {"type": "LineString", "coordinates": [[80.1949836, 12.9843406], [80.1945475, 12.9844728], [80.194321, 12.9845684], [80.1941318, 12.9846276], [80.1939894, 12.9846389], [80.1938459, 12.9846625], [80.1936285, 12.9847212]]}}, {"type": "Feature", "properties": {"@id": "way/27344711", "highway": "residential", "name": "5th Street", "original_osm_index": 340}, "geometry": {"type": "LineString", "coordinates": [[80.1948428, 12.9837689], [80.1948092, 12.9837776], [80.1934433, 12.9841309]]}}, {"type": "Feature", "properties": {"@id": "way/27344715", "highway": "residential", "name": "Sundaramoorthy Street", "original_osm_index": 341}, "geometry": {"type": "LineString", "coordinates": [[80.1953002, 12.9814858], [80.1952564, 12.9816183], [80.1952545, 12.9816276], [80.1952599, 12.9816508], [80.1952619, 12.9816673], [80.1952757, 12.9816903], [80.1952992, 12.9817104], [80.1953234, 12.9817315], [80.1953477, 12.9817527], [80.1953719, 12.9817738], [80.1953961, 12.9817949], [80.1954177, 12.981819], [80.1954394, 12.9818431], [80.1954676, 12.981884], [80.1954926, 12.981928], [80.1955233, 12.9819748], [80.1955699, 12.9820819], [80.1955912, 12.9821307], [80.1956133, 12.9822049], [80.1956334, 12.9822721], [80.1956604, 12.9823626], [80.1956874, 12.9824532], [80.1957195, 12.9825095], [80.1957507, 12.9825645], [80.1957995, 12.9826502], [80.1958441, 12.9827286], [80.1958733, 12.9827799], [80.1958978, 12.9828229], [80.1959186, 12.9828605], [80.195922, 12.9828731], [80.1959169, 12.9828874], [80.1958806, 12.9829089], [80.1958013, 12.9829514]]}}, {"type": "Feature", "properties": {"@id": "way/27344719", "highway": "residential", "name": "Nanganallur 3rd Main Road", "original_osm_index": 342}, "geometry": {"type": "LineString", "coordinates": [[80.1913528, 12.9882909], [80.1913451, 12.9877959], [80.1913124, 12.9873244], [80.1912934, 12.9870527], [80.19127, 12.9867174], [80.1912433, 12.9863294], [80.1912307, 12.9862599], [80.1911744, 12.9858435], [80.1911616, 12.9857046], [80.191132, 12.9854643], [80.1911063, 12.9850664], [80.1910996, 12.9848558], [80.1910538, 12.9844309], [80.1910232, 12.984153], [80.1910074, 12.9839276], [80.1909997, 12.9838181], [80.1909869, 12.9836359], [80.1909052, 12.9829245], [80.1908508, 12.9820622]]}}, {"type": "Feature", "properties": {"@id": "way/27344720", "highway": "residential", "name": "29th Street", "original_osm_index": 343}, "geometry": {"type": "LineString", "coordinates": [[80.1910996, 12.9848558], [80.1900132, 12.9848609], [80.1896305, 12.9848677], [80.1891, 12.984877074740126]]}}, {"type": "Feature", "properties": {"@id": "way/27344721", "highway": "residential", "name": "27th Street", "original_osm_index": 344}, "geometry": {"type": "LineString", "coordinates": [[80.1910232, 12.984153], [80.1901014, 12.9841459], [80.1900001, 12.9841431], [80.1895184, 12.9841465], [80.1891, 12.984142938091466]]}}, {"type": "Feature", "properties": {"@id": "way/27344722", "created_by": "Potlatch 0.10f", "highway": "residential", "name": "24th Street", "original_osm_index": 345}, "geometry": {"type": "LineString", "coordinates": [[80.1901014, 12.9841459], [80.1900741, 12.9829633]]}}, {"type": "Feature", "properties": {"@id": "way/27344723", "created_by": "Potlatch 0.10f", "highway": "residential", "name": "17th Street", "original_osm_index": 346}, "geometry": {"type": "LineString", "coordinates": [[80.1921145, 12.9835214], [80.1909869, 12.9836359]]}}, {"type": "Feature", "properties": {"@id": "way/27344724", "highway": "residential", "name": "16th Street", "original_osm_index": 347}, "geometry": {"type": "LineString", "coordinates": [[80.1922253, 12.9843357], [80.1910538, 12.9844309]]}}, {"type": "Feature", "properties": {"@id": "way/27344725", "highway": "residential", "name": "15th Street", "original_osm_index": 348}, "geometry": {"type": "LineString", "coordinates": [[80.192301, 12.9849919], [80.1911063, 12.9850664]]}}, {"type": "Feature", "properties": {"@id": "way/27344726", "highway": "residential", "name": "14th Street", "original_osm_index": 349}, "geometry": {"type": "LineString", "coordinates": [[80.1924217, 12.9856126], [80.1911616, 12.9857046]]}}, {"type": "Feature", "properties": {"@id": "way/27344727", "created_by": "Potlatch 0.10f", "highway": "residential", "name": "13th Street", "original_osm_index": 350}, "geometry": {"type": "LineString", "coordinates": [[80.1925544, 12.986218], [80.1916072, 12.9862847], [80.1912433, 12.9863294]]}}, {"type": "Feature", "properties": {"@id": "way/27344728", "created_by": "Potlatch 0.10c", "highway": "residential", "original_osm_index": 351}, "geometry": {"type": "LineString", "coordinates": [[80.1936985, 12.9849502], [80.1923461, 12.9852205]]}}, {"type": "Feature", "properties": {"@id": "way/27344729", "highway": "residential", "name": "8th Street", "original_osm_index": 352}, "geometry": {"type": "LineString", "coordinates": [[80.1934717, 12.9842397], [80.1922325, 12.9844068]]}}, {"type": "Feature", "properties": {"@id": "way/27344730", "highway": "residential", "name": "7th Street", "original_osm_index": 353}, "geometry": {"type": "LineString", "coordinates": [[80.1952713, 12.982228], [80.1948837, 12.9824209], [80.1943865, 12.9826684], [80.1941067, 12.9827684], [80.1934657, 12.9829672], [80.1934209, 12.982984], [80.1933976, 12.9830157], [80.1933955, 12.9830504], [80.1934047, 12.983088], [80.1935181, 12.9833689], [80.1935213, 12.9833911], [80.1935201, 12.9834133], [80.1935105, 12.9834305], [80.1934993, 12.9834437], [80.1934636, 12.9834624], [80.1932504, 12.9834953], [80.1921244, 12.9836568]]}}, {"type": "Feature", "properties": {"@id": "way/27344731", "highway": "residential", "name": "10th Street", "original_osm_index": 354}, "geometry": {"type": "LineString", "coordinates": [[80.1938483, 12.9855964], [80.1933208, 12.9857587], [80.1924964, 12.985956]]}}, {"type": "Feature", "properties": {"@id": "way/27344732", "highway": "residential", "name": "7th Street", "original_osm_index": 355}, "geometry": {"type": "LineString", "coordinates": [[80.1951009, 12.9848938], [80.19411, 12.9852885], [80.1938098, 12.9854081]]}}, {"type": "Feature", "properties": {"@id": "way/27344733", "highway": "residential", "name": "33rd Street", "original_osm_index": 356}, "geometry": {"type": "LineString", "coordinates": [[80.1911744, 12.9858435], [80.1900451, 12.9859133], [80.1891, 12.985819954332946]]}}, {"type": "Feature", "properties": {"@id": "way/27344734", "created_by": "Potlatch 0.10f", "highway": "residential", "name": "34th Street", "original_osm_index": 357}, "geometry": {"type": "LineString", "coordinates": [[80.1912307, 12.9862599], [80.1899993, 12.9863634]]}}, {"type": "Feature", "properties": {"@id": "way/27344735", "highway": "residential", "name": "35th Street", "original_osm_index": 358}, "geometry": {"type": "LineString", "coordinates": [[80.19127, 12.9867174], [80.1899623, 12.9867418], [80.1894875, 12.9867031], [80.1891, 12.98667065248552]]}}, {"type": "Feature", "properties": {"@id": "way/27344736", "highway": "residential", "name": "5th Main Road", "original_osm_index": 359}, "geometry": {"type": "LineString", "coordinates": [[80.190897, 12.9909492], [80.1907514, 12.9905148], [80.1905589, 12.9899638], [80.1905324, 12.9898827], [80.1904502, 12.9895142], [80.1903301, 12.9889762], [80.1902232, 12.988607], [80.1901908, 12.988004], [80.1901012, 12.9874257], [80.1900797, 12.9873563], [80.1899623, 12.9867418]]}}, {"type": "Feature", "properties": {"@id": "way/27344737", "highway": "residential", "name": "3rd Street", "original_osm_index": 360}, "geometry": {"type": "LineString", "coordinates": [[80.211669, 12.9843071], [80.212351, 12.9844039], [80.212922, 12.9844852], [80.2131015, 12.9844982], [80.2134468, 12.9844872], [80.2134816, 12.9844813], [80.2135109, 12.9844636]]}}, {"type": "Feature", "properties": {"@id": "way/27344738", "highway": "residential", "name": "3rd Street", "original_osm_index": 361}, "geometry": {"type": "LineString", "coordinates": [[80.2116644, 12.9846804], [80.2112893, 12.9846807], [80.2108876, 12.9846842], [80.2103783, 12.9846867]]}}, {"type": "Feature", "properties": {"@id": "way/27344741", "highway": "residential", "original_osm_index": 362}, "geometry": {"type": "LineString", "coordinates": [[80.1997088370412, 12.9924], [80.1996428, 12.9920679], [80.1996387, 12.9920472], [80.1995071, 12.9913274]]}}, {"type": "Feature", "properties": {"@id": "way/27344762", "highway": "residential", "name": "Karuneegar Street", "name:etymology:wikidata": "Q6373691", "original_osm_index": 363}, "geometry": {"type": "LineString", "coordinates": [[80.2020755, 12.9917852], [80.2019262, 12.9917936], [80.2016872, 12.9917825], [80.2012327, 12.9918303]]}}, {"type": "Feature", "properties": {"@id": "way/27344764", "highway": "residential", "original_osm_index": 364}, "geometry": {"type": "LineString", "coordinates": [[80.2065549, 12.9901136], [80.2061326, 12.9901842], [80.2056163, 12.9902556], [80.2051628, 12.9903304]]}}, {"type": "Feature", "properties": {"@id": "way/27344778", "highway": "residential", "name": "Lakeview Street", "original_osm_index": 365}, "geometry": {"type": "LineString", "coordinates": [[80.2048306, 12.9885877], [80.2059119, 12.98851], [80.2061324, 12.9884821], [80.206176, 12.988486], [80.2062048, 12.9885109], [80.2062323, 12.9885644], [80.2062417, 12.9888864]]}}, {"type": "Feature", "properties": {"@id": "way/27344863", "highway": "residential", "original_osm_index": 366}, "geometry": {"type": "LineString", "coordinates": [[80.20722184215785, 12.9924], [80.2072165, 12.9923862]]}}, {"type": "Feature", "properties": {"@id": "way/27344864", "highway": "residential", "original_osm_index": 367}, "geometry": {"type": "LineString", "coordinates": [[80.2074128, 12.9923326], [80.2075981, 12.9922894]]}}, {"type": "Feature", "properties": {"@id": "way/27344880", "highway": "residential", "name": "10th Street", "original_osm_index": 368}, "geometry": {"type": "LineString", "coordinates": [[80.2118526, 12.9899628], [80.2119358, 12.990259], [80.2121689, 12.9910872]]}}, {"type": "Feature", "properties": {"@id": "way/27344882", "highway": "residential", "name": "9th Street", "original_osm_index": 369}, "geometry": {"type": "LineString", "coordinates": [[80.2125722, 12.9897621], [80.2126489, 12.9900362], [80.2128799, 12.9908995]]}}, {"type": "Feature", "properties": {"@id": "way/27344887", "highway": "residential", "name": "TNHB Colony 7th Street", "original_osm_index": 370}, "geometry": {"type": "LineString", "coordinates": [[80.2142763, 12.9893444], [80.2143486, 12.9896664], [80.2144391, 12.9900057], [80.2144637, 12.9900979], [80.2144529, 12.9901686], [80.2143886, 12.9902582], [80.2143242, 12.9903568], [80.214172, 12.9905426], [80.2141132, 12.9905784], [80.2139988, 12.9906073]]}}, {"type": "Feature", "properties": {"@id": "way/27344890", "highway": "residential", "name": "5th Street", "original_osm_index": 371}, "geometry": {"type": "LineString", "coordinates": [[80.2132353357399, 12.9924], [80.2130418, 12.99166]]}}, {"type": "Feature", "properties": {"@id": "way/27345238", "highway": "residential", "original_osm_index": 372}, "geometry": {"type": "LineString", "coordinates": [[80.2088438, 12.9891936], [80.2092987, 12.9890682]]}}, {"type": "Feature", "properties": {"@id": "way/27345485", "highway": "residential", "original_osm_index": 373}, "geometry": {"type": "LineString", "coordinates": [[80.19836038207988, 12.9924], [80.1983434, 12.9922984]]}}, {"type": "Feature", "properties": {"@id": "way/27345487", "highway": "residential", "original_osm_index": 374}, "geometry": {"type": "LineString", "coordinates": [[80.196868, 12.9916885], [80.1968929, 12.9923784], [80.19689221675054, 12.9924]]}}, {"type": "Feature", "properties": {"@id": "way/27345488", "highway": "residential", "original_osm_index": 375}, "geometry": {"type": "LineString", "coordinates": [[80.1959091, 12.9917385], [80.1964413, 12.9917456], [80.196868, 12.9916885], [80.1972659, 12.9916444]]}}, {"type": "Feature", "properties": {"@id": "way/27345491", "highway": "residential", "original_osm_index": 376}, "geometry": {"type": "LineString", "coordinates": [[80.19599097953275, 12.9924], [80.1960197, 12.9922588]]}}, {"type": "Feature", "properties": {"@id": "way/27345492", "highway": "residential", "name": "1st Main Road", "original_osm_index": 377}, "geometry": {"type": "LineString", "coordinates": [[80.1891667, 12.9903527], [80.1892136, 12.9904344], [80.1893216, 12.9906488], [80.1893498, 12.990684], [80.1893941, 12.9907115], [80.1897942, 12.990817], [80.1898977, 12.9908454], [80.1908035, 12.9912584], [80.1919625, 12.9917296], [80.1929747, 12.9920827], [80.193285, 12.9922001], [80.1933253, 12.9922144]]}}, {"type": "Feature", "properties": {"@id": "way/27345518", "highway": "primary", "name": "Inner Ring Road (Southern Sector)", "name:ta": "உள்வட்டச் சாலை", "oneway": "yes", "ref": "SH2A", "original_osm_index": 378}, "geometry": {"type": "LineString", "coordinates": [[80.1954013, 12.9892144], [80.1954047, 12.9896572], [80.195406, 12.9898263], [80.1954118, 12.9900647], [80.1953159, 12.9903976], [80.1952352, 12.9905232], [80.1951964, 12.9905835], [80.1950119, 12.9907504], [80.194898, 12.9908403], [80.1946656, 12.9910237], [80.1944171, 12.9912198]]}}, {"type": "Feature", "properties": {"@id": "way/27345519", "highway": "residential", "original_osm_index": 379}, "geometry": {"type": "LineString", "coordinates": [[80.1891667, 12.9903527], [80.1892043, 12.9903092], [80.1892691, 12.9902467], [80.1893478, 12.9902044], [80.1894685, 12.9901664], [80.1899367, 12.9900652]]}}, {"type": "Feature", "properties": {"@id": "way/27345521", "highway": "residential", "name": "Thillai ganga nagar 2nd Main Road", "original_osm_index": 380}, "geometry": {"type": "LineString", "coordinates": [[80.1922811, 12.9907056], [80.1918104, 12.9907833], [80.1914913, 12.9908313], [80.190897, 12.9909492]]}}, {"type": "Feature", "properties": {"@id": "way/27351780", "highway": "residential", "original_osm_index": 381}, "geometry": {"type": "LineString", "coordinates": [[80.1989139, 12.9808014], [80.1989234, 12.9808425], [80.1990161, 12.981547], [80.1990342, 12.9816662], [80.1991011, 12.9820924], [80.1991642, 12.982462], [80.1992323, 12.9828878], [80.1992875, 12.983221], [80.1993276, 12.9834839], [80.1993682, 12.9837378]]}}, {"type": "Feature", "properties": {"@id": "way/27351781", "highway": "residential", "original_osm_index": 382}, "geometry": {"type": "LineString", "coordinates": [[80.1991642, 12.982462], [80.1977279, 12.9827875]]}}, {"type": "Feature", "properties": {"@id": "way/27351828", "highway": "residential", "name": "Sathyanarayanan Street", "sidewalk": "no", "surface": "asphalt", "original_osm_index": 383}, "geometry": {"type": "LineString", "coordinates": [[80.1955836, 12.9754902], [80.1956702, 12.9760548], [80.1956973, 12.9764884], [80.1956806, 12.9768057], [80.1956429, 12.9771886]]}}, {"type": "Feature", "properties": {"@id": "way/27351831", "highway": "residential", "original_osm_index": 384}, "geometry": {"type": "LineString", "coordinates": [[80.1939175, 12.9748579], [80.1939059, 12.9743191], [80.1939205, 12.9738443]]}}, {"type": "Feature", "properties": {"@id": "way/27351841", "highway": "residential", "name": "Gandhi Street", "name:etymology:wikidata": "Q1001", "name:ta": "காந்தி தெரு", "original_osm_index": 385}, "geometry": {"type": "LineString", "coordinates": [[80.193117, 12.9780962], [80.1914434, 12.9784695]]}}, {"type": "Feature", "properties": {"@id": "way/27351930", "highway": "residential", "name": "Nehru Street", "name:etymology:wikidata": "Q1047", "name:ta": "நேரு தெரு", "original_osm_index": 386}, "geometry": {"type": "LineString", "coordinates": [[80.1932553, 12.9785004], [80.1923504, 12.9786878], [80.192333, 12.9786914], [80.1919816, 12.9787667], [80.191818, 12.9788018], [80.1915137, 12.9788498]]}}, {"type": "Feature", "properties": {"@id": "way/27351932", "highway": "residential", "name": "Cholan Street", "name:ta": "சோழன் தெரு", "surface": "asphalt", "original_osm_index": 387}, "geometry": {"type": "LineString", "coordinates": [[80.1939603, 12.9787201], [80.1934203, 12.9788608], [80.1926246, 12.9790237], [80.1924396, 12.9790679]]}}, {"type": "Feature", "properties": {"@id": "way/27351934", "highway": "residential", "name": "V. O. C. Street", "name:etymology:wikidata": "Q492527", "name:ta": "வ. உ. சி. தெரு", "surface": "asphalt", "original_osm_index": 388}, "geometry": {"type": "LineString", "coordinates": [[80.1920186, 12.9795567], [80.1921664, 12.9795192], [80.1925303, 12.9794268], [80.1927028, 12.979383], [80.1934845, 12.9791583], [80.1940867, 12.9789709]]}}, {"type": "Feature", "properties": {"@id": "way/27351936", "highway": "residential", "name": "John Kennady Street", "name:ta": "ஜான் கென்னடி தெரு", "surface": "asphalt", "original_osm_index": 389}, "geometry": {"type": "LineString", "coordinates": [[80.1921031, 12.979919], [80.1936404, 12.9795047], [80.1942744, 12.9792921]]}}, {"type": "Feature", "properties": {"@id": "way/27351938", "highway": "residential", "name": "Nanganallur 19th Street", "name:ta": "நங்கநல்லூர் 19வது தெரு", "original_osm_index": 390}, "geometry": {"type": "LineString", "coordinates": [[80.1918766, 12.9812454], [80.1902238, 12.9814482], [80.1891, 12.981470777175726]]}}, {"type": "Feature", "properties": {"@id": "way/27351949", "highway": "residential", "original_osm_index": 391}, "geometry": {"type": "LineString", "coordinates": [[80.1943613, 12.9811079], [80.194488, 12.9809776], [80.1945195, 12.9809381], [80.1945393, 12.9808824], [80.1945461, 12.9808045], [80.1943586, 12.9802122], [80.1942618, 12.979735]]}}, {"type": "Feature", "properties": {"@id": "way/27351951", "highway": "residential", "name": "Alex Street", "name:ta": "அலெக்ஸ் தெரு", "surface": "asphalt", "original_osm_index": 392}, "geometry": {"type": "LineString", "coordinates": [[80.1945647, 12.9796956], [80.19454, 12.979944], [80.1945479, 12.980114], [80.19461, 12.9802874], [80.1946827, 12.9804659], [80.1947672, 12.980665], [80.1948449, 12.9808224], [80.1949997, 12.9811735], [80.1950282, 12.9812357], [80.1950911, 12.9813142], [80.1951201, 12.9814755]]}}, {"type": "Feature", "properties": {"@id": "way/27351987", "highway": "residential", "name": "Vengat Narayanan Street", "original_osm_index": 393}, "geometry": {"type": "LineString", "coordinates": [[80.1954016, 12.9789185], [80.1953647, 12.9785189], [80.1953787, 12.9780843], [80.1953707, 12.9780624], [80.1953587, 12.9780475], [80.1953423, 12.9780391], [80.1946234, 12.9780011], [80.1939067, 12.9781007]]}}, {"type": "Feature", "properties": {"@id": "way/27352028", "highway": "residential", "source": "digitalglobe", "surface": "asphalt", "original_osm_index": 394}, "geometry": {"type": "LineString", "coordinates": [[80.1912233, 12.9749042], [80.1914898, 12.9752543], [80.1915618, 12.9753489], [80.1925208, 12.9760287], [80.1930127, 12.9765968], [80.1930861, 12.9766887], [80.193166, 12.9768113], [80.193226, 12.9769299], [80.1933002, 12.9770838], [80.1933502, 12.9771749], [80.1935681, 12.9775818]]}}, {"type": "Feature", "properties": {"@id": "way/27352031", "highway": "residential", "lane_markings": "no", "name": "Balaji Nagar 2nd Street", "name:ta": "பாலாஜி நகர் 2வது தெரு", "surface": "asphalt", "original_osm_index": 395}, "geometry": {"type": "LineString", "coordinates": [[80.1898878, 12.9739081], [80.1898852, 12.9743166], [80.1898976, 12.9743706], [80.1899315, 12.9744096], [80.1899746, 12.9744367], [80.1905239, 12.9747247], [80.1908379, 12.9749346]]}}, {"type": "Feature", "properties": {"@id": "way/27352037", "highway": "residential", "original_osm_index": 396}, "geometry": {"type": "LineString", "coordinates": [[80.1927361, 12.9768148], [80.1928577, 12.9771454], [80.1930302, 12.9777148]]}}, {"type": "Feature", "properties": {"@id": "way/27352051", "highway": "residential", "lane_markings": "no", "name": "பாலாஜி நகர் 4வது தெரு", "name:en": "Balaji Nagar 4th Street", "name:ta": "பாலாஜி நகர் 4வது தெரு", "surface": "asphalt", "original_osm_index": 397}, "geometry": {"type": "LineString", "coordinates": [[80.1893431, 12.9734002], [80.1894324, 12.9734015], [80.1899112, 12.9734086]]}}, {"type": "Feature", "properties": {"@id": "way/27352061", "highway": "residential", "original_osm_index": 398}, "geometry": {"type": "LineString", "coordinates": [[80.190474, 12.9760058], [80.1904302, 12.9758802], [80.1903912, 12.9758041], [80.1903268, 12.9757069], [80.1902318, 12.9756263], [80.1901301, 12.9755996]]}}, {"type": "Feature", "properties": {"@id": "way/27352071", "highway": "residential", "name": "Kalai Magal Street", "original_osm_index": 399}, "geometry": {"type": "LineString", "coordinates": [[80.1982009, 12.9700127], [80.1970417, 12.9701596], [80.1962106, 12.970265]]}}, {"type": "Feature", "properties": {"@id": "way/27352073", "highway": "residential", "name": "Sreedharan Road", "original_osm_index": 400}, "geometry": {"type": "LineString", "coordinates": [[80.1990079, 12.9686063], [80.1986019, 12.9686503], [80.198537, 12.9686567], [80.197782, 12.9687588], [80.1962102, 12.9689311]]}}, {"type": "Feature", "properties": {"@id": "way/27352077", "highway": "residential", "original_osm_index": 401}, "geometry": {"type": "LineString", "coordinates": [[80.2014464, 12.967267], [80.2003799, 12.9673369], [80.1999297, 12.9673862], [80.1989301, 12.9675008], [80.1985165, 12.9675408]]}}, {"type": "Feature", "properties": {"@id": "way/27352083", "created_by": "Potlatch 0.10c", "highway": "residential", "original_osm_index": 402}, "geometry": {"type": "LineString", "coordinates": [[80.2009187, 12.9666527], [80.2003232, 12.9667089], [80.1996948, 12.966872], [80.1984615, 12.9670847]]}}, {"type": "Feature", "properties": {"@id": "way/27352085", "created_by": "Potlatch 0.10c", "highway": "residential", "original_osm_index": 403}, "geometry": {"type": "LineString", "coordinates": [[80.1994753, 12.9656355], [80.2001456, 12.9655448]]}}, {"type": "Feature", "properties": {"@id": "way/27352086", "highway": "residential", "name": "venkatraman Street", "original_osm_index": 404}, "geometry": {"type": "LineString", "coordinates": [[80.1996948, 12.966872], [80.199636, 12.9665829], [80.1996083, 12.9663657], [80.1995879, 12.9662344], [80.1994933, 12.9657445], [80.1994753, 12.9656355], [80.1994358, 12.9653146], [80.1994025, 12.9650862], [80.1993717, 12.9648946]]}}, {"type": "Feature", "properties": {"@id": "way/27352089", "highway": "residential", "name": "Gopal Street", "oneway": "no", "original_osm_index": 405}, "geometry": {"type": "LineString", "coordinates": [[80.1961159, 12.9661698], [80.1944977, 12.9664779]]}}, {"type": "Feature", "properties": {"@id": "way/27352102", "highway": "residential", "name": "Adisankaran Street", "original_osm_index": 406}, "geometry": {"type": "LineString", "coordinates": [[80.1961121, 12.9653701], [80.1958561, 12.9654771], [80.1955905, 12.9655174], [80.1943742, 12.9657789]]}}, {"type": "Feature", "properties": {"@id": "way/27352105", "highway": "residential", "name": "Gopal Street", "oneway": "no", "original_osm_index": 407}, "geometry": {"type": "LineString", "coordinates": [[80.1913384, 12.9672232], [80.1924652, 12.9669844], [80.1944977, 12.9664779]]}}, {"type": "Feature", "properties": {"@id": "way/27352106", "highway": "residential", "name": "Bhuvaneshwari Street", "oneway": "no", "original_osm_index": 408}, "geometry": {"type": "LineString", "coordinates": [[80.1946012, 12.9669406], [80.1934103, 12.9672257], [80.1931694, 12.9672927]]}}, {"type": "Feature", "properties": {"@id": "way/27352111", "highway": "residential", "name": "Nehru 2nd Street", "original_osm_index": 409}, "geometry": {"type": "LineString", "coordinates": [[80.1930615, 12.9681903], [80.1929552, 12.9678152], [80.1928562, 12.9674374]]}}, {"type": "Feature", "properties": {"@id": "way/27352115", "highway": "residential", "name": "Kamaraj Street", "name:etymology:wikidata": "Q522048", "surface": "asphalt", "original_osm_index": 410}, "geometry": {"type": "LineString", "coordinates": [[80.1916274, 12.9685121], [80.1915403, 12.9681021], [80.1914523, 12.9676955], [80.1913384, 12.9672232]]}}, {"type": "Feature", "properties": {"@id": "way/27352121", "highway": "residential", "name": "Anna Street", "name:etymology:wikidata": "Q138765", "sidewalk": "no", "surface": "asphalt", "original_osm_index": 411}, "geometry": {"type": "LineString", "coordinates": [[80.1905557, 12.9661567], [80.190648, 12.9668333], [80.1906998, 12.9673805], [80.1907463, 12.9676591], [80.1908531, 12.968271], [80.1909282, 12.9687151]]}}, {"type": "Feature", "properties": {"@id": "way/27352124", "highway": "residential", "name": "Sethuraman Colony 3rd Street", "original_osm_index": 412}, "geometry": {"type": "LineString", "coordinates": [[80.1902022, 12.9671378], [80.1901013, 12.9662454]]}}, {"type": "Feature", "properties": {"@id": "way/27352168", "highway": "residential", "original_osm_index": 413}, "geometry": {"type": "LineString", "coordinates": [[80.1999674, 12.9677839], [80.1989648, 12.9678799], [80.1989993, 12.9683158], [80.1990079, 12.9686063]]}}, {"type": "Feature", "properties": {"@id": "way/27353603", "highway": "residential", "name": "Mohanapuri 3rd Street", "original_osm_index": 414}, "geometry": {"type": "LineString", "coordinates": [[80.2052195, 12.9861882], [80.2060719, 12.9860798], [80.2074189, 12.9859084]]}}, {"type": "Feature", "properties": {"@id": "way/27353805", "highway": "residential", "original_osm_index": 415}, "geometry": {"type": "LineString", "coordinates": [[80.2050952, 12.9854653], [80.2048498, 12.9856298], [80.2042914, 12.9859104], [80.204218, 12.9863579], [80.2041405, 12.9866697], [80.2038903, 12.9875332], [80.2037983, 12.9882327]]}}, {"type": "Feature", "properties": {"@id": "way/27353822", "created_by": "Potlatch 0.10c", "highway": "residential", "original_osm_index": 416}, "geometry": {"type": "LineString", "coordinates": [[80.2041405, 12.9866697], [80.2037122, 12.9865969]]}}, {"type": "Feature", "properties": {"@id": "way/27353960", "highway": "residential", "original_osm_index": 417}, "geometry": {"type": "LineString", "coordinates": [[80.2037144, 12.9840943], [80.2037804, 12.9844771], [80.2038549, 12.9849092]]}}, {"type": "Feature", "properties": {"@id": "way/27353970", "highway": "residential", "original_osm_index": 418}, "geometry": {"type": "LineString", "coordinates": [[80.2024072, 12.9825471], [80.2026133, 12.9825049], [80.2030373, 12.9824181]]}}, {"type": "Feature", "properties": {"@id": "way/27353990", "created_by": "Potlatch 0.10c", "highway": "residential", "original_osm_index": 419}, "geometry": {"type": "LineString", "coordinates": [[80.2019483, 12.9822938], [80.2020111, 12.9826504], [80.2013192, 12.9827704]]}}, {"type": "Feature", "properties": {"@id": "way/27353995", "highway": "residential", "original_osm_index": 420}, "geometry": {"type": "LineString", "coordinates": [[80.1991642, 12.982462], [80.199979, 12.9822832], [80.2002867, 12.982223], [80.2002767, 12.9821578], [80.2001733, 12.9813785]]}}, {"type": "Feature", "properties": {"@id": "way/27354002", "highway": "residential", "original_osm_index": 421}, "geometry": {"type": "LineString", "coordinates": [[80.1992875, 12.983221], [80.1988536, 12.9832998], [80.1986509, 12.9833366], [80.1984087, 12.9834033], [80.1982657, 12.9834426]]}}, {"type": "Feature", "properties": {"@id": "way/27354011", "highway": "residential", "original_osm_index": 422}, "geometry": {"type": "LineString", "coordinates": [[80.1982657, 12.9834426], [80.1980912, 12.9834962], [80.1978403, 12.9835733], [80.1970052, 12.9839909]]}}, {"type": "Feature", "properties": {"@id": "way/27354024", "highway": "residential", "original_osm_index": 423}, "geometry": {"type": "LineString", "coordinates": [[80.1988381, 12.9842943], [80.198469, 12.9843468], [80.1980142, 12.9844114]]}}, {"type": "Feature", "properties": {"@id": "way/27354061", "highway": "residential", "original_osm_index": 424}, "geometry": {"type": "LineString", "coordinates": [[80.2060719, 12.9860798], [80.206003, 12.9856578], [80.2059396, 12.98529]]}}, {"type": "Feature", "properties": {"@id": "way/27354087", "created_by": "Potlatch 0.10c", "highway": "residential", "name": "Mohanapuri 3rd Street", "original_osm_index": 425}, "geometry": {"type": "LineString", "coordinates": [[80.2079238, 12.9844213], [80.2078765, 12.9840319]]}}, {"type": "Feature", "properties": {"@id": "way/27354092", "access": "private", "highway": "service", "original_osm_index": 426}, "geometry": {"type": "LineString", "coordinates": [[80.2091034, 12.9830159], [80.2091027, 12.9829893], [80.2091017, 12.9829468]]}}, {"type": "Feature", "properties": {"@id": "way/27354110", "highway": "residential", "original_osm_index": 427}, "geometry": {"type": "LineString", "coordinates": [[80.210983, 12.982113], [80.210613, 12.9821204], [80.210019, 12.982145], [80.2099388, 12.9821395], [80.2099255, 12.9820112], [80.2095459, 12.9820134], [80.2094891, 12.9820208], [80.2094767, 12.9820669], [80.2094825, 12.9822277], [80.2094783, 12.982398], [80.2094654, 12.982918]]}}, {"type": "Feature", "properties": {"@id": "way/27354129", "highway": "residential", "original_osm_index": 428}, "geometry": {"type": "LineString", "coordinates": [[80.213227, 12.9829019], [80.212344, 12.9828626], [80.212124, 12.9828497], [80.2112998, 12.9828025], [80.2107427, 12.982785], [80.2103144, 12.9827716]]}}, {"type": "Feature", "properties": {"@id": "way/27354137", "highway": "residential", "original_osm_index": 429}, "geometry": {"type": "LineString", "coordinates": [[80.2098436, 12.9837631], [80.209824, 12.9833185], [80.2098115, 12.9831575], [80.2098097, 12.9829157]]}}, {"type": "Feature", "properties": {"@id": "way/27354139", "highway": "residential", "original_osm_index": 430}, "geometry": {"type": "LineString", "coordinates": [[80.2094282, 12.9833146], [80.2095094, 12.9833175], [80.209824, 12.9833185]]}}, {"type": "Feature", "properties": {"@id": "way/27354144", "highway": "residential", "original_osm_index": 431}, "geometry": {"type": "LineString", "coordinates": [[80.2104087, 12.9838112], [80.210398, 12.9838001], [80.2103069, 12.9837709]]}}, {"type": "Feature", "properties": {"@id": "way/27354150", "highway": "residential", "original_osm_index": 432}, "geometry": {"type": "LineString", "coordinates": [[80.2108876, 12.9846842], [80.210863, 12.9837731], [80.2108171, 12.9837445], [80.210838, 12.9833252], [80.2108837, 12.9833104], [80.2108896, 12.9830757]]}}, {"type": "Feature", "properties": {"@id": "way/27354163", "highway": "residential", "original_osm_index": 433}, "geometry": {"type": "LineString", "coordinates": [[80.2112587, 12.9838073], [80.2112544, 12.9838829], [80.2112519, 12.9842018], [80.211287, 12.9842726], [80.2112893, 12.9846807]]}}, {"type": "Feature", "properties": {"@id": "way/27354215", "highway": "residential", "original_osm_index": 434}, "geometry": {"type": "LineString", "coordinates": [[80.212351, 12.9844039], [80.2123752, 12.9843539], [80.2124973, 12.9840312], [80.212512, 12.9839737], [80.2125179, 12.9839422], [80.2125254, 12.9838612], [80.2125308, 12.9838207], [80.2125348, 12.9837998], [80.2125496, 12.9837841], [80.212575, 12.983775], [80.2126019, 12.9837724], [80.212626, 12.9837593], [80.2126327, 12.9837358], [80.2126341, 12.9836848], [80.2126501, 12.9832065]]}}, {"type": "Feature", "properties": {"@id": "way/27354235", "created_by": "Potlatch 0.10c", "highway": "residential", "original_osm_index": 435}, "geometry": {"type": "LineString", "coordinates": [[80.2082557, 12.9825494], [80.20823, 12.9818495]]}}, {"type": "Feature", "properties": {"@id": "way/27354246", "highway": "residential", "original_osm_index": 436}, "geometry": {"type": "LineString", "coordinates": [[80.2100799, 12.9810385], [80.2101332, 12.9815697], [80.2094219, 12.9816195], [80.2092246, 12.9815419], [80.2090469, 12.9815445], [80.2086588, 12.9815502]]}}, {"type": "Feature", "properties": {"@id": "way/27354253", "highway": "residential", "original_osm_index": 437}, "geometry": {"type": "LineString", "coordinates": [[80.2098313, 12.9810452], [80.208618, 12.9811459]]}}, {"type": "Feature", "properties": {"@id": "way/27354302", "created_by": "Potlatch 0.10c", "highway": "residential", "original_osm_index": 438}, "geometry": {"type": "LineString", "coordinates": [[80.2150406, 12.9860819], [80.2150772, 12.986435]]}}, {"type": "Feature", "properties": {"@id": "way/27354311", "highway": "residential", "name": "7th Street", "original_osm_index": 439}, "geometry": {"type": "LineString", "coordinates": [[80.21429, 12.9861533], [80.2143368, 12.9866607], [80.2143413, 12.9867297], [80.2143426, 12.9867976], [80.2143131, 12.9868486], [80.2142335, 12.9869134]]}}, {"type": "Feature", "properties": {"@id": "way/27354313", "highway": "residential", "name": "6th Street", "original_osm_index": 440}, "geometry": {"type": "LineString", "coordinates": [[80.2140671, 12.9861673], [80.2141611, 12.9861523], [80.2141938, 12.9861599], [80.21429, 12.9861533], [80.2144177, 12.9861338], [80.2145818, 12.9861108]]}}, {"type": "Feature", "properties": {"@id": "way/27354723", "highway": "residential", "name": "Janakpuri 1st Street", "original_osm_index": 441}, "geometry": {"type": "LineString", "coordinates": [[80.2201129, 12.9891078], [80.2189178, 12.9895322]]}}, {"type": "Feature", "properties": {"@id": "way/27354929", "highway": "residential", "name": "Dhandeeshwaram 3rd Main Road", "original_osm_index": 442}, "geometry": {"type": "LineString", "coordinates": [[80.2236363, 12.9832338], [80.2236553, 12.9825453], [80.2236826, 12.9818565], [80.2237031, 12.9813456], [80.2237221, 12.9807753]]}}, {"type": "Feature", "properties": {"@id": "way/27354930", "highway": "residential", "name": "Dhandeeshwaram Nagar 4th Cross Street", "original_osm_index": 443}, "geometry": {"type": "LineString", "coordinates": [[80.2260831, 12.9832676], [80.2257954, 12.9832603], [80.2252538, 12.9832544], [80.2247555, 12.983249], [80.2243439, 12.9832445], [80.2242769, 12.9832438], [80.2236363, 12.9832338], [80.2232963, 12.9832337]]}}, {"type": "Feature", "properties": {"@id": "way/27354936", "highway": "residential", "name": "Dhandeeswaram Nagar 10th Cross Road", "original_osm_index": 444}, "geometry": {"type": "LineString", "coordinates": [[80.222685, 12.9794981], [80.2227026, 12.9794892], [80.2227245, 12.979486], [80.2235009, 12.9794855], [80.2237868, 12.9795119], [80.2244906, 12.9795298], [80.2247155, 12.9795375]]}}, {"type": "Feature", "properties": {"@id": "way/27354978", "highway": "residential", "name": "Dhandeeshwaram Nagar 3rd Main Road", "original_osm_index": 445}, "geometry": {"type": "LineString", "coordinates": [[80.2237868, 12.9795119], [80.2237599, 12.9801331], [80.223748, 12.9804221], [80.2237221, 12.9807753]]}}, {"type": "Feature", "properties": {"@id": "way/27354982", "highway": "residential", "original_osm_index": 446}, "geometry": {"type": "LineString", "coordinates": [[80.2237031, 12.9813456], [80.2241265, 12.981374], [80.2253304, 12.9814483]]}}, {"type": "Feature", "properties": {"@id": "way/27354983", "highway": "residential", "name": "Dhandeeswaram Nagar 4th Avenue [west]", "original_osm_index": 447}, "geometry": {"type": "LineString", "coordinates": [[80.2243727, 12.9804605], [80.2246817, 12.9804795], [80.2253806, 12.9804998]]}}, {"type": "Feature", "properties": {"@id": "way/27354984", "highway": "residential", "name": "Seethapathy Nagar Extn", "original_osm_index": 448}, "geometry": {"type": "LineString", "coordinates": [[80.2262918, 12.9818422], [80.2263053, 12.9816352], [80.2263311, 12.9812397], [80.2263395, 12.9808293], [80.2263477, 12.9805958], [80.2263689, 12.9801177], [80.2265295, 12.9798171], [80.2265621, 12.9794892], [80.2265993, 12.9794126], [80.2266635, 12.9793065]]}}, {"type": "Feature", "properties": {"@id": "way/27354987", "highway": "residential", "name": "Seethapathy Nagar 3rd Cross Street", "original_osm_index": 449}, "geometry": {"type": "LineString", "coordinates": [[80.2273698, 12.9807423], [80.2263395, 12.9808293]]}}, {"type": "Feature", "properties": {"@id": "way/27354993", "highway": "residential", "name": "ThiruVedi Amman Koil Street", "original_osm_index": 450}, "geometry": {"type": "LineString", "coordinates": [[80.227654, 12.9860201], [80.227647, 12.9859448], [80.227638, 12.9855451], [80.227636, 12.9854589], [80.2276475, 12.9849476], [80.2276476, 12.9848093], [80.2276515, 12.9847106], [80.2276505, 12.9840291], [80.2276504, 12.9839266], [80.2276486, 12.9838169], [80.227646, 12.9837782]]}}, {"type": "Feature", "properties": {"@id": "way/27354996", "highway": "residential", "name": "Shanti Street", "original_osm_index": 451}, "geometry": {"type": "LineString", "coordinates": [[80.2284, 12.982945885583943], [80.2281783, 12.9829649], [80.2281235, 12.9829696], [80.2280382, 12.9829806], [80.227964, 12.9829889], [80.2276677, 12.9830248], [80.2275865, 12.9830321]]}}, {"type": "Feature", "properties": {"@id": "way/27354998", "highway": "residential", "name": "Usha Street", "original_osm_index": 452}, "geometry": {"type": "LineString", "coordinates": [[80.2280823, 12.9825986], [80.2284, 12.982558711293677]]}}, {"type": "Feature", "properties": {"@id": "way/27355015", "highway": "residential", "name": "Rani Street", "original_osm_index": 453}, "geometry": {"type": "LineString", "coordinates": [[80.2284, 12.981703059566215], [80.2283812, 12.9817048], [80.227998, 12.9817402]]}}, {"type": "Feature", "properties": {"@id": "way/27355024", "highway": "residential", "name": "Ravi Street", "original_osm_index": 454}, "geometry": {"type": "LineString", "coordinates": [[80.2269654, 12.9811883], [80.2270405, 12.9822604], [80.2270502, 12.9823596], [80.2270877, 12.9827431], [80.2271264, 12.9832645], [80.2271657, 12.983807]]}}, {"type": "Feature", "properties": {"@id": "way/27355029", "highway": "residential", "name": "Seethapathy Nagar 2rd Cross Street", "original_osm_index": 455}, "geometry": {"type": "LineString", "coordinates": [[80.2274094, 12.9811665], [80.2279514, 12.9811039], [80.2283255, 12.9810607], [80.2284, 12.981052092743925]]}}, {"type": "Feature", "properties": {"@id": "way/27355030", "highway": "residential", "name": "Jayanthi street", "original_osm_index": 456}, "geometry": {"type": "LineString", "coordinates": [[80.2263001, 12.9838672], [80.226573, 12.9838384], [80.2271657, 12.983807], [80.227646, 12.9837782]]}}, {"type": "Feature", "properties": {"@id": "way/27355031", "highway": "residential", "name": "Latha Street;Seethapathy Nagar 1st Cross Street", "original_osm_index": 457}, "geometry": {"type": "LineString", "coordinates": [[80.2270405, 12.9822604], [80.2274885, 12.9822199]]}}, {"type": "Feature", "properties": {"@id": "way/27355032", "highway": "residential", "name": "Dhandeeshwaram Nagar 2nd Cross Street", "original_osm_index": 458}, "geometry": {"type": "LineString", "coordinates": [[80.2247357, 12.9840885], [80.2251399, 12.9841343], [80.2255887, 12.9841616], [80.225603, 12.9841625], [80.2261285, 12.9841916]]}}, {"type": "Feature", "properties": {"@id": "way/27355033", "highway": "residential", "name": "Dhandeeshwaram Nagar 3rd Cross Street", "original_osm_index": 459}, "geometry": {"type": "LineString", "coordinates": [[80.2247435, 12.9836858], [80.2256132, 12.983754], [80.225778, 12.9837669], [80.2260739, 12.9837862]]}}, {"type": "Feature", "properties": {"@id": "way/27355034", "highway": "residential", "name": "Dhandeeswaram Nagar 1st Cross Road", "sidewalk": "no", "surface": "asphalt", "original_osm_index": 460}, "geometry": {"type": "LineString", "coordinates": [[80.2251366, 12.9847842], [80.2251303, 12.9847902], [80.2251207, 12.9847933], [80.224722, 12.9847923], [80.2242405, 12.9847953], [80.2237835, 12.9848023], [80.223656, 12.9848043]]}}, {"type": "Feature", "properties": {"@id": "way/27355047", "highway": "residential", "lane_markings": "no", "name": "Theradi Street", "surface": "concrete", "original_osm_index": 461}, "geometry": {"type": "LineString", "coordinates": [[80.2241779, 12.9852689], [80.2236278, 12.9854194], [80.2233612, 12.985474], [80.2233142, 12.9854614]]}}, {"type": "Feature", "properties": {"@id": "way/27355049", "highway": "residential", "lane_markings": "no", "lit": "yes", "name": "East Mada Street", "surface": "concrete", "original_osm_index": 462}, "geometry": {"type": "LineString", "coordinates": [[80.2241779, 12.9852689], [80.2241945, 12.9852747], [80.2242047, 12.9852836], [80.2242124, 12.9852945], [80.2242832, 12.985493], [80.2242978, 12.9855465], [80.2243359, 12.9857412], [80.2243879, 12.9859967], [80.2245841, 12.9865442]]}}, {"type": "Feature", "properties": {"@id": "way/27355065", "highway": "residential", "name": "JagannathaPuram 1st Main road", "original_osm_index": 463}, "geometry": {"type": "LineString", "coordinates": [[80.2218285, 12.9842286], [80.221748, 12.9845724], [80.221753, 12.9848498], [80.221748, 12.9851327], [80.221439, 12.9854589], [80.22094, 12.9856707], [80.2207357, 12.9857678]]}}, {"type": "Feature", "properties": {"@id": "way/27355067", "highway": "residential", "name": "JagannathaPuram 2nd Street", "original_osm_index": 464}, "geometry": {"type": "LineString", "coordinates": [[80.2203291, 12.9844422], [80.2203694, 12.9850342], [80.2204377, 12.9858568]]}}, {"type": "Feature", "properties": {"@id": "way/27355070", "highway": "residential", "name": "RajaLaxmi Nagar 2nd main Road", "original_osm_index": 465}, "geometry": {"type": "LineString", "coordinates": [[80.220674, 12.985002], [80.2203694, 12.9850342], [80.2198983, 12.9850431], [80.2194567, 12.9850434], [80.2190836, 12.9850341], [80.2185684, 12.9850183], [80.2179249, 12.984981]]}}, {"type": "Feature", "properties": {"@id": "way/27355073", "highway": "residential", "name": "RajaLaxmi Nagar 6th Cross Street", "original_osm_index": 466}, "geometry": {"type": "LineString", "coordinates": [[80.2194567, 12.9850434], [80.2194255, 12.9856167]]}}, {"type": "Feature", "properties": {"@id": "way/27355075", "highway": "residential", "name": "RajaLaxmi Nagar 5th cross Street", "original_osm_index": 467}, "geometry": {"type": "LineString", "coordinates": [[80.2199068, 12.9844386], [80.2198983, 12.9850431], [80.2198959, 12.986027]]}}, {"type": "Feature", "properties": {"@id": "way/27355078", "highway": "residential", "name": "Janakpuri 2nd Street", "original_osm_index": 468}, "geometry": {"type": "LineString", "coordinates": [[80.2200337, 12.9885531], [80.2187315, 12.9890468]]}}, {"type": "Feature", "properties": {"@id": "way/27355081", "highway": "residential", "name": "Gandhi Street", "original_osm_index": 469}, "geometry": {"type": "LineString", "coordinates": [[80.2174893, 12.989678], [80.2169363, 12.989812], [80.2162177, 12.9899355], [80.2161476, 12.9899785], [80.215925, 12.9901526], [80.2156755, 12.9902542], [80.2155255, 12.9903247], [80.2154477, 12.9903848], [80.2154016, 12.9904626], [80.2153793, 12.9905364], [80.2153693, 12.990616]]}}, {"type": "Feature", "properties": {"@id": "way/27355084", "highway": "residential", "name": "Lakshmipuram Street", "original_osm_index": 470}, "geometry": {"type": "LineString", "coordinates": [[80.2216268, 12.9866349], [80.2216946, 12.9868068], [80.2217006, 12.9868316], [80.2216996, 12.9868518], [80.2216798, 12.9868676], [80.2216597, 12.986876], [80.2207679, 12.9872524], [80.2205573, 12.9873596], [80.2203514, 12.9874826], [80.2201224, 12.9876066], [80.2199697, 12.9876831], [80.2195527, 12.9878817], [80.219374, 12.987961], [80.2193054, 12.9879696]]}}, {"type": "Feature", "properties": {"@id": "way/27355089", "highway": "residential", "lanes": "1", "maxspeed": "20", "name": "Lakshmipuram Main Road", "oneway": "no", "surface": "concrete", "original_osm_index": 471}, "geometry": {"type": "LineString", "coordinates": [[80.2229796, 12.9859715], [80.2227971, 12.9859723], [80.2226357, 12.986113], [80.2225723, 12.9862448], [80.2223488, 12.9863705], [80.2222179, 12.9863942], [80.2219883, 12.9864374], [80.2218676, 12.9865141], [80.2216268, 12.9866349], [80.2215338, 12.9866742], [80.2211815, 12.9868222]]}}, {"type": "Feature", "properties": {"@id": "way/27355096", "highway": "residential", "original_osm_index": 472}, "geometry": {"type": "LineString", "coordinates": [[80.2192985, 12.9816333], [80.2193281, 12.9819273], [80.2193862, 12.9822755], [80.2194002, 12.9825196]]}}, {"type": "Feature", "properties": {"@id": "way/27355136", "highway": "residential", "original_osm_index": 473}, "geometry": {"type": "LineString", "coordinates": [[80.2217186, 12.9822402], [80.2205961, 12.9822366], [80.2199336, 12.9822548], [80.2193862, 12.9822755]]}}, {"type": "Feature", "properties": {"@id": "way/27355140", "highway": "residential", "name": "Dhandeeswaram Nagar 9th Main Road;Tansi Nagar 3rd street", "oneway": "no", "original_osm_index": 474}, "geometry": {"type": "LineString", "coordinates": [[80.2235055, 12.9781336], [80.2235051, 12.9785458], [80.2234963, 12.9789836], [80.2235009, 12.9794855]]}}, {"type": "Feature", "properties": {"@id": "way/27355157", "highway": "residential", "name": "Sarathy Nagar 5th street", "surface": "asphalt", "original_osm_index": 475}, "geometry": {"type": "LineString", "coordinates": [[80.2224526, 12.9750627], [80.222572, 12.9748202], [80.222617, 12.9748255], [80.2231874, 12.9748906], [80.2233897, 12.97491], [80.2233983, 12.9749097], [80.2234055, 12.974906], [80.2234083, 12.9748968], [80.2234082, 12.9748862], [80.2234069, 12.9747411]]}}, {"type": "Feature", "properties": {"@id": "way/27355171", "access": "yes", "bicycle": "yes", "cycleway": "lane", "foot": "yes", "highway": "residential", "lanes": "2", "maxspeed": "20", "motor_vehicle": "yes", "name": "Dr.Seetharaman Nagar Main Road", "oneway": "no", "original_osm_index": 476}, "geometry": {"type": "LineString", "coordinates": [[80.2212371, 12.9726226], [80.2211844, 12.9723157], [80.2211396, 12.9721065]]}}, {"type": "Feature", "properties": {"@id": "way/27355192", "highway": "residential", "original_osm_index": 477}, "geometry": {"type": "LineString", "coordinates": [[80.193961, 12.9824313], [80.1941067, 12.9827684]]}}, {"type": "Feature", "properties": {"@id": "way/27355238", "highway": "residential", "original_osm_index": 478}, "geometry": {"type": "LineString", "coordinates": [[80.1891, 12.982360739999995], [80.1891006, 12.9823611], [80.1902679, 12.9823418]]}}, {"type": "Feature", "properties": {"@id": "way/27359644", "highway": "residential", "original_osm_index": 479}, "geometry": {"type": "LineString", "coordinates": [[80.2033296, 12.9743758], [80.2036742, 12.9745252], [80.2041549, 12.9747856], [80.2045336, 12.9750355], [80.2048199, 12.9750539], [80.2054594, 12.9749736]]}}, {"type": "Feature", "properties": {"@id": "way/27359672", "highway": "residential", "name": "Annai Therasa Nagar 2nd Street", "name:ta": "அன்னை தெரசா நகர் 2வது தெரு", "original_osm_index": 480}, "geometry": {"type": "LineString", "coordinates": [[80.2048404, 12.9693019], [80.2048471, 12.9693318], [80.2048769, 12.9694651], [80.2049391, 12.9698811], [80.2049809, 12.9702515], [80.205047, 12.9707007]]}}, {"type": "Feature", "properties": {"@id": "way/27359679", "highway": "residential", "name": "Sivaprakash Nagar 2nd Street", "original_osm_index": 481}, "geometry": {"type": "LineString", "coordinates": [[80.2059658, 12.9730097], [80.2059042, 12.9723138], [80.2058762, 12.9719532], [80.2058347, 12.9716997], [80.2058225, 12.9716044], [80.2061015, 12.9715703], [80.2077053, 12.9713807]]}}, {"type": "Feature", "properties": {"@id": "way/27359681", "highway": "residential", "original_osm_index": 482}, "geometry": {"type": "LineString", "coordinates": [[80.2065137, 12.9719542], [80.2065211, 12.9721404], [80.20654, 12.9730152]]}}, {"type": "Feature", "properties": {"@id": "way/27359684", "highway": "residential", "original_osm_index": 483}, "geometry": {"type": "LineString", "coordinates": [[80.20654, 12.9730152], [80.2064849, 12.973532], [80.2065377, 12.9739796], [80.206594, 12.9742498]]}}, {"type": "Feature", "properties": {"@id": "way/27359690", "highway": "residential", "original_osm_index": 484}, "geometry": {"type": "LineString", "coordinates": [[80.2069674, 12.9718955], [80.2069824, 12.9721084], [80.2069863, 12.9724308], [80.2070304, 12.9725221], [80.2070897, 12.9730176]]}}, {"type": "Feature", "properties": {"@id": "way/27359691", "highway": "residential", "original_osm_index": 485}, "geometry": {"type": "LineString", "coordinates": [[80.2078226, 12.972315], [80.2077511, 12.9723192], [80.2076252, 12.9723395], [80.2075018, 12.9723707], [80.2074685, 12.9723988], [80.2074627, 12.972486], [80.2074916, 12.9730037]]}}, {"type": "Feature", "properties": {"@id": "way/27359699", "highway": "residential", "name": "Annai Therasa Nagar 11th Street", "name:ta": "அன்னை தெரசா நகர் 11வது தெரு", "original_osm_index": 486}, "geometry": {"type": "LineString", "coordinates": [[80.2045615, 12.9719319], [80.2041593, 12.9720064], [80.2039362, 12.9720477], [80.2034523, 12.9721373]]}}, {"type": "Feature", "properties": {"@id": "way/27359713", "created_by": "Potlatch 0.10c", "highway": "residential", "original_osm_index": 487}, "geometry": {"type": "LineString", "coordinates": [[80.2048769, 12.9694651], [80.205556, 12.9693907]]}}, {"type": "Feature", "properties": {"@id": "way/27359725", "highway": "residential", "original_osm_index": 488}, "geometry": {"type": "LineString", "coordinates": [[80.2041867, 12.9699602], [80.2049391, 12.9698811], [80.2056027, 12.9697921]]}}, {"type": "Feature", "properties": {"@id": "way/27359746", "created_by": "Potlatch 0.10c", "highway": "residential", "original_osm_index": 489}, "geometry": {"type": "LineString", "coordinates": [[80.2050278, 12.9690748], [80.2054976, 12.9690176]]}}, {"type": "Feature", "properties": {"@id": "way/27359749", "highway": "residential", "original_osm_index": 490}, "geometry": {"type": "LineString", "coordinates": [[80.2074621, 12.969365], [80.2060894, 12.9695476], [80.2060211, 12.9689735], [80.2059623, 12.9685907]]}}, {"type": "Feature", "properties": {"@id": "way/27359753", "highway": "residential", "original_osm_index": 491}, "geometry": {"type": "LineString", "coordinates": [[80.2050322, 12.9673022], [80.2049463, 12.9669377], [80.204837, 12.9663713], [80.2047838, 12.9660667], [80.2046765, 12.9656381], [80.2046618, 12.9655796]]}}, {"type": "Feature", "properties": {"@id": "way/27359756", "highway": "residential", "name": "1st main road", "original_osm_index": 492}, "geometry": {"type": "LineString", "coordinates": [[80.2036753, 12.9665376], [80.204837, 12.9663713], [80.2064331, 12.9660574], [80.2072354, 12.9659061]]}}, {"type": "Feature", "properties": {"@id": "way/27359766", "highway": "residential", "original_osm_index": 493}, "geometry": {"type": "LineString", "coordinates": [[80.2038731, 12.9687904], [80.2039305, 12.9687921], [80.2039919, 12.9688242], [80.2040523, 12.9688582], [80.204095, 12.9688758], [80.2041523, 12.9688887], [80.2042024, 12.9688941], [80.2042738, 12.9688938], [80.20491, 12.9687878], [80.2048315, 12.9684965], [80.2048077, 12.9683834], [80.2047363, 12.9681325], [80.2047021, 12.9680907], [80.2046491, 12.9680757], [80.2043833, 12.9681073], [80.2040413, 12.968142], [80.2040162, 12.9681384], [80.2039975, 12.9681241], [80.2039816, 12.9681058], [80.2039495, 12.9680169], [80.203843, 12.9675378], [80.203744, 12.9671936], [80.2037257, 12.9671298], [80.2035843, 12.9668341], [80.2035105, 12.9667962], [80.2034622, 12.966791]]}}, {"type": "Feature", "properties": {"@id": "way/27359777", "highway": "residential", "name": "main Street", "original_osm_index": 494}, "geometry": {"type": "LineString", "coordinates": [[80.2037257, 12.9671298], [80.2049463, 12.9669377], [80.2060733, 12.9667474], [80.2073155, 12.9665491]]}}, {"type": "Feature", "properties": {"@id": "way/27359782", "highway": "residential", "name": "1st Street", "original_osm_index": 495}, "geometry": {"type": "LineString", "coordinates": [[80.203843, 12.9675378], [80.2050322, 12.9673022]]}}, {"type": "Feature", "properties": {"@id": "way/27359785", "highway": "residential", "original_osm_index": 496}, "geometry": {"type": "LineString", "coordinates": [[80.1999674, 12.9677839], [80.2000118, 12.9682418], [80.2000499, 12.968635]]}}, {"type": "Feature", "properties": {"@id": "way/27359789", "highway": "residential", "original_osm_index": 497}, "geometry": {"type": "LineString", "coordinates": [[80.1974923, 12.9708593], [80.1982799, 12.9707915], [80.1988972, 12.9707673], [80.1988349, 12.9703692], [80.1987725, 12.9699818]]}}, {"type": "Feature", "properties": {"@id": "way/27359814", "highway": "residential", "original_osm_index": 498}, "geometry": {"type": "LineString", "coordinates": [[80.1982689, 12.9775696], [80.1982548, 12.9779713], [80.1983538, 12.9779879], [80.1987114, 12.9780081], [80.1990995, 12.9780477], [80.1994933, 12.978103], [80.1998235, 12.9781163], [80.2002417, 12.9781332], [80.2005167, 12.978105]]}}, {"type": "Feature", "properties": {"@id": "way/27359825", "highway": "residential", "original_osm_index": 499}, "geometry": {"type": "LineString", "coordinates": [[80.1990724, 12.9787004], [80.1990995, 12.9780477]]}}, {"type": "Feature", "properties": {"@id": "way/27359864", "highway": "residential", "name": "Vanuvampet South New Street", "name:ta": "வானுவம்பேட்டை தெற்கு புதுத்தெரு", "original_osm_index": 500}, "geometry": {"type": "LineString", "coordinates": [[80.1957195, 12.9816619], [80.1961475, 12.9815139], [80.1962222, 12.9814839], [80.1963123, 12.9814554], [80.1967927, 12.9813655], [80.1975289, 12.9812549]]}}, {"type": "Feature", "properties": {"@id": "way/27359881", "highway": "residential", "original_osm_index": 501}, "geometry": {"type": "LineString", "coordinates": [[80.1957911, 12.9886332], [80.1955636, 12.988695]]}}, {"type": "Feature", "properties": {"@id": "way/27359927", "created_by": "Potlatch 0.10c", "highway": "residential", "original_osm_index": 502}, "geometry": {"type": "LineString", "coordinates": [[80.1961964, 12.9875729], [80.1955858, 12.9877194]]}}, {"type": "Feature", "properties": {"@id": "way/27359930", "highway": "residential", "original_osm_index": 503}, "geometry": {"type": "LineString", "coordinates": [[80.1930787, 12.9883611], [80.1934968, 12.9882645], [80.1939747, 12.9881498], [80.1946304, 12.9879635], [80.1952104, 12.9877959]]}}, {"type": "Feature", "properties": {"@id": "way/27359931", "highway": "residential", "original_osm_index": 504}, "geometry": {"type": "LineString", "coordinates": [[80.1931488, 12.9887276], [80.1953848, 12.9882089]]}}, {"type": "Feature", "properties": {"@id": "way/27359937", "highway": "residential", "name": "16th Street", "original_osm_index": 505}, "geometry": {"type": "LineString", "coordinates": [[80.1933468, 12.9895457], [80.1927948, 12.9896633], [80.1927449, 12.9893591], [80.1920705, 12.9894916], [80.1916953, 12.9895959], [80.1915569, 12.9896162], [80.19095, 12.9897712], [80.1905324, 12.9898827]]}}, {"type": "Feature", "properties": {"@id": "way/27359963", "highway": "residential", "name": "25th Street", "original_osm_index": 506}, "geometry": {"type": "LineString", "coordinates": [[80.1919614, 12.9890628], [80.1926852, 12.9889145], [80.1931656, 12.9888103]]}}, {"type": "Feature", "properties": {"@id": "way/27359967", "highway": "residential", "name": "தில்லை கங்கா நகர் 27ஆவது தெரு", "name:en": "Thillai Ganga Nagar 27th Street", "name:ta": "தில்லை கங்கா நகர் 27ஆவது தெரு", "original_osm_index": 507}, "geometry": {"type": "LineString", "coordinates": [[80.1903301, 12.9889762], [80.190772, 12.9888724], [80.1912497, 12.9887445], [80.1915405, 12.9886717], [80.191873, 12.988614], [80.1930787, 12.9883611]]}}, {"type": "Feature", "properties": {"@id": "way/27359976", "highway": "residential", "name": "2nd Main Road", "original_osm_index": 508}, "geometry": {"type": "LineString", "coordinates": [[80.1936398, 12.9868141], [80.1941475, 12.9866747], [80.1951311, 12.9863472]]}}, {"type": "Feature", "properties": {"@id": "way/27360054", "highway": "residential", "name": "Godavari Street", "original_osm_index": 509}, "geometry": {"type": "LineString", "coordinates": [[80.2009618, 12.985064], [80.200991, 12.9852258], [80.2010043, 12.9853582], [80.2010574, 12.9856324], [80.2011064, 12.9858742]]}}, {"type": "Feature", "properties": {"@id": "way/27360068", "highway": "residential", "original_osm_index": 510}, "geometry": {"type": "LineString", "coordinates": [[80.1998092, 12.983458], [80.1998386, 12.9838037], [80.1998694, 12.9838443], [80.1999526, 12.9838743], [80.2009901, 12.9837907]]}}, {"type": "Feature", "properties": {"@id": "way/27360125", "created_by": "Potlatch 0.10c", "highway": "residential", "original_osm_index": 511}, "geometry": {"type": "LineString", "coordinates": [[80.2047997, 12.9795352], [80.2043252, 12.9796189], [80.203242, 12.9797756], [80.2023213, 12.980141]]}}, {"type": "Feature", "properties": {"@id": "way/27360216", "highway": "residential", "name": "Nehru Street", "name:etymology:wikidata": "Q1047", "original_osm_index": 512}, "geometry": {"type": "LineString", "coordinates": [[80.200497, 12.9808999], [80.2007777, 12.9806803], [80.2008131, 12.980603], [80.2008445, 12.9803736], [80.200826, 12.9800055]]}}, {"type": "Feature", "properties": {"@id": "way/27360243", "highway": "residential", "original_osm_index": 513}, "geometry": {"type": "LineString", "coordinates": [[80.2026879, 12.9848213], [80.2026227, 12.9844232], [80.2025353, 12.9837595]]}}, {"type": "Feature", "properties": {"@id": "way/27360247", "highway": "residential", "original_osm_index": 514}, "geometry": {"type": "LineString", "coordinates": [[80.2025983, 12.9856], [80.2025287, 12.9852854], [80.2024377, 12.9848744]]}}, {"type": "Feature", "properties": {"@id": "way/27360282", "highway": "residential", "name": "Bharathidasan Street", "original_osm_index": 515}, "geometry": {"type": "LineString", "coordinates": [[80.2007359, 12.9822451], [80.2006025, 12.9815258], [80.2005681, 12.9813224]]}}, {"type": "Feature", "properties": {"@id": "way/27360404", "highway": "residential", "original_osm_index": 516}, "geometry": {"type": "LineString", "coordinates": [[80.2065607, 12.9803784], [80.2065079, 12.980308], [80.2064838, 12.9802975], [80.2064221, 12.9803001], [80.2057266, 12.9804385]]}}, {"type": "Feature", "properties": {"@id": "way/27360411", "created_by": "Potlatch 0.10c", "highway": "residential", "original_osm_index": 517}, "geometry": {"type": "LineString", "coordinates": [[80.2059412, 12.9809851], [80.2066278, 12.9808161]]}}, {"type": "Feature", "properties": {"@id": "way/27360453", "highway": "residential", "original_osm_index": 518}, "geometry": {"type": "LineString", "coordinates": [[80.20949, 12.9763184], [80.2094892, 12.9765835], [80.2095206, 12.976618], [80.2095374, 12.9766853], [80.2095405, 12.9767606], [80.2095704, 12.9767989], [80.209632, 12.9768109], [80.2097208, 12.9768201], [80.2097444, 12.9768214], [80.2100803, 12.9768397]]}}, {"type": "Feature", "properties": {"@id": "way/27360535", "highway": "residential", "name": "Veeramamunivar Street", "name:etymology:wikidata": "Q246260", "original_osm_index": 519}, "geometry": {"type": "LineString", "coordinates": [[80.1900797, 12.9873563], [80.1895241, 12.9873138], [80.1892853, 12.9872926], [80.1891863, 12.987293], [80.1891, 12.987288489738686]]}}, {"type": "Feature", "properties": {"@id": "way/27360538", "highway": "residential", "original_osm_index": 520}, "geometry": {"type": "LineString", "coordinates": [[80.1891, 12.98806061278817], [80.1892135, 12.9880577], [80.1894047, 12.9880402], [80.1898169, 12.9880212], [80.1901908, 12.988004], [80.1903932, 12.9879719], [80.1905931, 12.9879349], [80.1913451, 12.9877959], [80.1924185, 12.9875638], [80.1928615, 12.987468]]}}, {"type": "Feature", "properties": {"@id": "way/27360554", "highway": "residential", "original_osm_index": 521}, "geometry": {"type": "LineString", "coordinates": [[80.1895554, 12.988704], [80.1899367, 12.9900652]]}}, {"type": "Feature", "properties": {"@id": "way/27360562", "highway": "residential", "name": "17th Street", "original_osm_index": 522}, "geometry": {"type": "LineString", "coordinates": [[80.190772, 12.9888724], [80.19095, 12.9897712], [80.1912812, 12.9904021], [80.1914913, 12.9908313]]}}, {"type": "Feature", "properties": {"@id": "way/27360563", "highway": "residential", "name": "18th Street", "original_osm_index": 523}, "geometry": {"type": "LineString", "coordinates": [[80.1912497, 12.9887445], [80.1915569, 12.9896162]]}}, {"type": "Feature", "properties": {"@id": "way/27360571", "highway": "residential", "original_osm_index": 524}, "geometry": {"type": "LineString", "coordinates": [[80.1920705, 12.9894916], [80.192158, 12.9897949], [80.1921751, 12.989854], [80.1922814, 12.9902225], [80.1934053, 12.9900877]]}}, {"type": "Feature", "properties": {"@id": "way/27360640", "highway": "residential", "name": "Nanganallur 100 Feet Road", "surface": "asphalt", "original_osm_index": 525}, "geometry": {"type": "LineString", "coordinates": [[80.190474, 12.9760058], [80.189653, 12.9764149], [80.1893384, 12.9765943], [80.1892817, 12.9766267], [80.1891, 12.976730293144907]]}}, {"type": "Feature", "properties": {"@id": "way/27369669", "highway": "residential", "name": "Iyappa Nagar 1st Street", "name:en": "Iyappa Nagar 1st Street", "name:ta": "ஐயப்பா நகர் 1வது தெரு", "oneway": "yes", "surface": "asphalt", "original_osm_index": 526}, "geometry": {"type": "LineString", "coordinates": [[80.1911308, 12.9642261], [80.1902258, 12.9644049], [80.1900303, 12.9644111], [80.1897234, 12.9644209], [80.1891, 12.96454396223274]]}}, {"type": "Feature", "properties": {"@id": "way/27369673", "highway": "residential", "name": "Iyappa Nagar 2nd Street", "name:en": "Iyappa Nagar 2nd Street", "name:ta": "ஐயப்பா நகர் 2வது தெரு", "surface": "asphalt", "original_osm_index": 527}, "geometry": {"type": "LineString", "coordinates": [[80.1910002, 12.9637281], [80.1902886, 12.9638825], [80.1901887, 12.9638805], [80.1900921, 12.9638485], [80.1900485, 12.9638433], [80.1898045, 12.9638576]]}}, {"type": "Feature", "properties": {"@id": "way/27369674", "highway": "residential", "name": "Ganesh Nagar 4th Street", "name:en": "Ganesh Nagar 4th Street", "name:ta": "கணேசன் நகர் 4வது தெரு", "surface": "asphalt", "original_osm_index": 528}, "geometry": {"type": "LineString", "coordinates": [[80.18947854827807, 12.9621], [80.1895027, 12.9622318], [80.1896026, 12.9627702], [80.1896784, 12.9631786], [80.1897229, 12.9634182], [80.1898045, 12.9638576]]}}, {"type": "Feature", "properties": {"@id": "way/27369787", "highway": "residential", "name": "Ayyappan Kovil Street", "name:en": "Ayyappan Kovil Street", "name:ta": "ஐயப்பன் கோவில் தெரு", "surface": "asphalt", "original_osm_index": 529}, "geometry": {"type": "LineString", "coordinates": [[80.190426, 12.9651214], [80.1896938, 12.9652605], [80.1891, 12.965367253242789]]}}, {"type": "Feature", "properties": {"@id": "way/27369802", "highway": "residential", "original_osm_index": 530}, "geometry": {"type": "LineString", "coordinates": [[80.1891, 12.968275093705966], [80.1893151, 12.9682366], [80.1894997, 12.9681954], [80.1895614, 12.9681779]]}}, {"type": "Feature", "properties": {"@id": "way/27369853", "highway": "residential", "name": "Balaji Nagar 1st Street", "name:ta": "பாலாஜி நகர் 1வது தெரு", "surface": "asphalt", "original_osm_index": 531}, "geometry": {"type": "LineString", "coordinates": [[80.1894858, 12.9747886], [80.1898798, 12.9748334], [80.189937, 12.9748538], [80.1899931, 12.9748755], [80.1903362, 12.9750636], [80.1903596, 12.9750729], [80.1903825, 12.9750804], [80.1904087, 12.9750833], [80.1904396, 12.9750815], [80.1908379, 12.9749346]]}}, {"type": "Feature", "properties": {"@id": "way/27369855", "highway": "residential", "name": "Navalar Street", "name:ta": "நாவலர் தெரு", "original_osm_index": 532}, "geometry": {"type": "LineString", "coordinates": [[80.189923, 12.9782728], [80.1905301, 12.9782037], [80.1909725, 12.9781611], [80.1913825, 12.9781139]]}}, {"type": "Feature", "properties": {"@id": "way/27369869", "highway": "residential", "original_osm_index": 533}, "geometry": {"type": "LineString", "coordinates": [[80.1941978, 12.9899849], [80.1942615, 12.990304], [80.1943106, 12.9906277], [80.1943248, 12.9907214], [80.194373, 12.9910391], [80.1943719, 12.9911235]]}}, {"type": "Feature", "properties": {"@id": "way/27369871", "highway": "tertiary", "original_osm_index": 534}, "geometry": {"type": "LineString", "coordinates": [[80.1971548, 12.9887147], [80.1967186, 12.9888451], [80.19635, 12.9889488], [80.1959898, 12.9890502], [80.1955541, 12.989151], [80.1954013, 12.9892144]]}}, {"type": "Feature", "properties": {"@id": "way/27369882", "highway": "residential", "original_osm_index": 535}, "geometry": {"type": "LineString", "coordinates": [[80.1969712, 12.9912251], [80.195809, 12.9914007], [80.1957171, 12.9913963], [80.1944281, 12.9915391]]}}, {"type": "Feature", "properties": {"@id": "way/27369883", "highway": "residential", "original_osm_index": 536}, "geometry": {"type": "LineString", "coordinates": [[80.1934053, 12.9900877], [80.1941978, 12.9899849], [80.1942288, 12.9899724], [80.1942461, 12.989957], [80.1942611, 12.9899364], [80.1942684, 12.9899138], [80.1942496, 12.9897513], [80.1946392, 12.9897053], [80.1952087, 12.9896707], [80.1954047, 12.9896572]]}}, {"type": "Feature", "properties": {"@id": "way/27370084", "created_by": "Potlatch 0.10c", "highway": "residential", "original_osm_index": 537}, "geometry": {"type": "LineString", "coordinates": [[80.2116234, 12.9813169], [80.2110351, 12.9813117]]}}, {"type": "Feature", "properties": {"@id": "way/27370086", "highway": "residential", "original_osm_index": 538}, "geometry": {"type": "LineString", "coordinates": [[80.213126, 12.9807085], [80.2126891, 12.9806932], [80.2126629, 12.9810686], [80.2126615, 12.9810806], [80.2126668, 12.9810921], [80.2126786, 12.981097], [80.2126981, 12.9810983], [80.2131373, 12.9811159], [80.213859, 12.9811603]]}}, {"type": "Feature", "properties": {"@id": "way/27370088", "created_by": "Potlatch 0.10c", "highway": "residential", "original_osm_index": 539}, "geometry": {"type": "LineString", "coordinates": [[80.2146381, 12.9828735], [80.2146252, 12.9833112]]}}, {"type": "Feature", "properties": {"@id": "way/27370091", "created_by": "Potlatch 0.10c", "highway": "residential", "original_osm_index": 540}, "geometry": {"type": "LineString", "coordinates": [[80.2147309, 12.9840659], [80.214737, 12.9836906]]}}, {"type": "Feature", "properties": {"@id": "way/27370092", "highway": "residential", "original_osm_index": 541}, "geometry": {"type": "LineString", "coordinates": [[80.2137955, 12.9839867], [80.2143252, 12.9840338], [80.2143721, 12.984022], [80.2144097, 12.9839776], [80.2144203, 12.9836872]]}}, {"type": "Feature", "properties": {"@id": "way/27370104", "highway": "residential", "original_osm_index": 542}, "geometry": {"type": "LineString", "coordinates": [[80.2210238, 12.9843099], [80.2210173, 12.9837531], [80.2219798, 12.9836808]]}}, {"type": "Feature", "properties": {"@id": "way/27370109", "highway": "residential", "name": "Pillaiyar Koil Street", "original_osm_index": 543}, "geometry": {"type": "LineString", "coordinates": [[80.2186299, 12.9825879], [80.2186143, 12.9824291], [80.218709, 12.9815596]]}}, {"type": "Feature", "properties": {"@id": "way/27370113", "comment": "not there", "highway": "residential", "name": "Dhandeeshwaram Nagar 9th Cross Avenue", "surface": "asphalt", "original_osm_index": 544}, "geometry": {"type": "LineString", "coordinates": [[80.2231107, 12.9800888], [80.2230827, 12.9807664]]}}, {"type": "Feature", "properties": {"@id": "way/27370115", "highway": "residential", "original_osm_index": 545}, "geometry": {"type": "LineString", "coordinates": [[80.2230327, 12.9818215], [80.2236826, 12.9818565]]}}, {"type": "Feature", "properties": {"@id": "way/27370117", "highway": "residential", "name": "Dhandeeshwaram 1st Main Road Extension", "original_osm_index": 546}, "geometry": {"type": "LineString", "coordinates": [[80.2222234, 12.9825239], [80.2222307, 12.9820341], [80.2222305, 12.9819413]]}}, {"type": "Feature", "properties": {"@id": "way/27370123", "highway": "residential", "original_osm_index": 547}, "geometry": {"type": "LineString", "coordinates": [[80.225778, 12.9837669], [80.2257954, 12.9832603]]}}, {"type": "Feature", "properties": {"@id": "way/27370125", "highway": "residential", "name": "Dhandeeshwaram Nagar 5th Main Road", "sidewalk": "no", "surface": "asphalt", "original_osm_index": 548}, "geometry": {"type": "LineString", "coordinates": [[80.2242769, 12.9832438], [80.2242615, 12.9838423], [80.2242405, 12.9847953]]}}, {"type": "Feature", "properties": {"@id": "way/27370153", "highway": "residential", "name": "3rd Main Road", "original_osm_index": 549}, "geometry": {"type": "LineString", "coordinates": [[80.2233612, 12.985474], [80.2235811, 12.9860477]]}}, {"type": "Feature", "properties": {"@id": "way/27370156", "highway": "residential", "name": "5th Street", "original_osm_index": 550}, "geometry": {"type": "LineString", "coordinates": [[80.2145819, 12.9854935], [80.2145572, 12.9854556], [80.2145451, 12.985415], [80.2145652, 12.9851197], [80.2145732, 12.9850984]]}}, {"type": "Feature", "properties": {"@id": "way/27370164", "highway": "residential", "name": "Andal Nagar Extension 2nd Street", "original_osm_index": 551}, "geometry": {"type": "LineString", "coordinates": [[80.2132697, 12.9801645], [80.2125847, 12.9801209], [80.2123939, 12.9800937], [80.2120755, 12.9800484], [80.2117611, 12.9800036], [80.2111118, 12.9799106]]}}, {"type": "Feature", "properties": {"@id": "way/27370168", "highway": "residential", "original_osm_index": 552}, "geometry": {"type": "LineString", "coordinates": [[80.2172583, 12.9799808], [80.2172795, 12.9803032], [80.2172914, 12.9805016]]}}, {"type": "Feature", "properties": {"@id": "way/27370170", "highway": "residential", "original_osm_index": 553}, "geometry": {"type": "LineString", "coordinates": [[80.2146961, 12.9804638], [80.2151711, 12.9804998], [80.2152073, 12.9804841], [80.21522, 12.9804557], [80.2152311, 12.9801914]]}}, {"type": "Feature", "properties": {"@id": "way/27370171", "highway": "residential", "name": "Vaigai Street", "name:etymology:wikidata": "Q2744225", "oneway": "no", "original_osm_index": 554}, "geometry": {"type": "LineString", "coordinates": [[80.2181637, 12.977869], [80.2176459, 12.9778406], [80.2168982, 12.9777794]]}}, {"type": "Feature", "properties": {"@id": "way/27370175", "created_by": "Potlatch 0.10c", "highway": "residential", "original_osm_index": 555}, "geometry": {"type": "LineString", "coordinates": [[80.2151511, 12.9781009], [80.2142511, 12.9779777]]}}, {"type": "Feature", "properties": {"@id": "way/27370180", "highway": "residential", "original_osm_index": 556}, "geometry": {"type": "LineString", "coordinates": [[80.2142734, 12.9777082], [80.215227, 12.9777648], [80.2158282, 12.9778561], [80.2161272, 12.977899]]}}, {"type": "Feature", "properties": {"@id": "way/27370187", "highway": "residential", "name": "Golden Avenue Main Road", "name:ta": "கோல்டன் அவென்யூ பிரதான சாலை", "original_osm_index": 557}, "geometry": {"type": "LineString", "coordinates": [[80.2181769, 12.9769447], [80.2170141, 12.9768606]]}}, {"type": "Feature", "properties": {"@id": "way/27370209", "highway": "residential", "original_osm_index": 558}, "geometry": {"type": "LineString", "coordinates": [[80.2101311, 12.9797055], [80.2101094, 12.9796657], [80.2100672, 12.9796376], [80.2094349, 12.9796572], [80.2094013, 12.9796696], [80.2093792, 12.9796951], [80.209375, 12.9798489], [80.2093889, 12.9800922]]}}, {"type": "Feature", "properties": {"@id": "way/27370215", "highway": "residential", "original_osm_index": 559}, "geometry": {"type": "LineString", "coordinates": [[80.2142256, 12.9757918], [80.2147317, 12.9757331], [80.2151733, 12.9756818]]}}, {"type": "Feature", "properties": {"@id": "way/27370224", "highway": "residential", "original_osm_index": 560}, "geometry": {"type": "LineString", "coordinates": [[80.2134296, 12.9747523], [80.2137757, 12.9747442], [80.214307, 12.9747072], [80.2144205, 12.9746996], [80.2151598, 12.9746784]]}}, {"type": "Feature", "properties": {"@id": "way/27370225", "highway": "residential", "original_osm_index": 561}, "geometry": {"type": "LineString", "coordinates": [[80.2137557, 12.9742839], [80.2137757, 12.9747442]]}}, {"type": "Feature", "properties": {"@id": "way/27370227", "highway": "residential", "original_osm_index": 562}, "geometry": {"type": "LineString", "coordinates": [[80.2110665, 12.9742242], [80.2116467, 12.9742309]]}}, {"type": "Feature", "properties": {"@id": "way/27370228", "highway": "residential", "original_osm_index": 563}, "geometry": {"type": "LineString", "coordinates": [[80.2111185, 12.973828], [80.2116532, 12.9738456]]}}, {"type": "Feature", "properties": {"@id": "way/27370233", "highway": "residential", "original_osm_index": 564}, "geometry": {"type": "LineString", "coordinates": [[80.2202632, 12.9826892], [80.2203007, 12.9832257]]}}, {"type": "Feature", "properties": {"@id": "way/27370234", "access": "private", "highway": "residential", "oneway": "yes", "original_osm_index": 565}, "geometry": {"type": "LineString", "coordinates": [[80.2193495, 12.9795442], [80.2194835, 12.9791282], [80.2194797, 12.9791096], [80.2194611, 12.9791066]]}}, {"type": "Feature", "properties": {"@id": "way/27370236", "highway": "residential", "original_osm_index": 566}, "geometry": {"type": "LineString", "coordinates": [[80.2186458, 12.9798253], [80.2191856, 12.9799592]]}}, {"type": "Feature", "properties": {"@id": "way/27370250", "highway": "residential", "name": "Tansi Nagar 20th Street", "name:ta": "டான்ஸி நகர் 20வது தெரு", "original_osm_index": 567}, "geometry": {"type": "LineString", "coordinates": [[80.2259433, 12.9752532], [80.2257467, 12.9766018], [80.2256989, 12.9769835]]}}, {"type": "Feature", "properties": {"@id": "way/27370252", "highway": "residential", "original_osm_index": 568}, "geometry": {"type": "LineString", "coordinates": [[80.2234052, 12.9743876], [80.2240259, 12.9744167], [80.2250735, 12.9745014]]}}, {"type": "Feature", "properties": {"@id": "way/27370255", "highway": "residential", "name": "Venus Colony 1st street", "original_osm_index": 569}, "geometry": {"type": "LineString", "coordinates": [[80.2276129, 12.9723255], [80.2275694, 12.9726826], [80.2275575, 12.9727466], [80.2272821, 12.9742244], [80.2272402, 12.9743328], [80.2271631, 12.9749469]]}}, {"type": "Feature", "properties": {"@id": "way/27370256", "highway": "residential", "name": "Veenus Colony 3th Street", "original_osm_index": 570}, "geometry": {"type": "LineString", "coordinates": [[80.2282217, 12.9729592], [80.2281219, 12.9735679], [80.2280917, 12.9737523], [80.2280482, 12.9739996], [80.2279979, 12.9743239]]}}, {"type": "Feature", "properties": {"@id": "way/27370258", "highway": "residential", "name": "BalaKrishnan Nagar", "original_osm_index": 571}, "geometry": {"type": "LineString", "coordinates": [[80.2281127, 12.974331], [80.2284, 12.974340986363636]]}}, {"type": "Feature", "properties": {"@id": "way/27370262", "highway": "residential", "name": "Jeeva Street", "original_osm_index": 572}, "geometry": {"type": "LineString", "coordinates": [[80.2284, 12.974709872035493], [80.2280893, 12.9746813]]}}, {"type": "Feature", "properties": {"@id": "way/27370265", "highway": "residential", "name": "Mahathma Gandhi Street", "name:etymology:wikidata": "Q1001", "original_osm_index": 573}, "geometry": {"type": "LineString", "coordinates": [[80.2284, 12.97596833461727], [80.2279348, 12.9758988]]}}, {"type": "Feature", "properties": {"@id": "way/27370266", "highway": "residential", "name": "Kambar Street", "name:etymology:wikidata": "Q1535227", "original_osm_index": 574}, "geometry": {"type": "LineString", "coordinates": [[80.2284, 12.976446063611538], [80.2278161, 12.9763861]]}}, {"type": "Feature", "properties": {"@id": "way/27370267", "highway": "residential", "name": "Sastri Road", "original_osm_index": 575}, "geometry": {"type": "LineString", "coordinates": [[80.2277059, 12.9784282], [80.2276855, 12.9780531], [80.2276749, 12.9776691], [80.2276716, 12.9776122], [80.2276788, 12.9772974], [80.2276763, 12.9772017]]}}, {"type": "Feature", "properties": {"@id": "way/27370269", "highway": "residential", "name": "Annai Indira Nagar Sapthagiri Street", "original_osm_index": 576}, "geometry": {"type": "LineString", "coordinates": [[80.2284, 12.978036112651779], [80.2276855, 12.9780531]]}}, {"type": "Feature", "properties": {"@id": "way/27370270", "highway": "residential", "name": "Karikalan Street", "name:etymology:wikidata": "Q745268", "original_osm_index": 577}, "geometry": {"type": "LineString", "coordinates": [[80.2284, 12.977641282459071], [80.2276716, 12.9776122]]}}, {"type": "Feature", "properties": {"@id": "way/27370273", "highway": "residential", "name": "Kumaran Street", "original_osm_index": 578}, "geometry": {"type": "LineString", "coordinates": [[80.2284, 12.9768418223323], [80.2277173, 12.9767825]]}}, {"type": "Feature", "properties": {"@id": "way/27370274", "highway": "service", "original_osm_index": 579}, "geometry": {"type": "LineString", "coordinates": [[80.226281, 12.9759146], [80.2269817, 12.9761087], [80.2270466, 12.9759946], [80.227102, 12.9758077]]}}, {"type": "Feature", "properties": {"@id": "way/27370275", "highway": "residential", "name": "Avvai Street", "name:etymology:wikidata": "Q2873107", "original_osm_index": 580}, "geometry": {"type": "LineString", "coordinates": [[80.2270653, 12.9764195], [80.2277605, 12.9765721]]}}, {"type": "Feature", "properties": {"@id": "way/27370284", "highway": "residential", "name": "Kamarajar Street", "name:etymology:wikidata": "Q522048", "original_osm_index": 581}, "geometry": {"type": "LineString", "coordinates": [[80.2284, 12.975569343152811], [80.227992, 12.9754982]]}}, {"type": "Feature", "properties": {"@id": "way/27370286", "highway": "residential", "name": "Varatharajapuram", "original_osm_index": 582}, "geometry": {"type": "LineString", "coordinates": [[80.2224858, 12.9767092], [80.2228506, 12.976741], [80.2236092, 12.976767], [80.2239906, 12.97678], [80.2240187, 12.9767886], [80.2240489, 12.9768037], [80.2240662, 12.9768195], [80.224183, 12.9769487], [80.2242062, 12.9769593]]}}, {"type": "Feature", "properties": {"@id": "way/27370292", "highway": "residential", "name": "21st Street", "original_osm_index": 583}, "geometry": {"type": "LineString", "coordinates": [[80.2242662, 12.9758302], [80.2245356, 12.9758328], [80.2250034, 12.9758494]]}}, {"type": "Feature", "properties": {"@id": "way/27370293", "highway": "residential", "original_osm_index": 584}, "geometry": {"type": "LineString", "coordinates": [[80.2246149, 12.9751483], [80.2245356, 12.9758328]]}}, {"type": "Feature", "properties": {"@id": "way/27370294", "highway": "residential", "original_osm_index": 585}, "geometry": {"type": "LineString", "coordinates": [[80.2242315, 12.9756121], [80.2242575, 12.9747864]]}}, {"type": "Feature", "properties": {"@id": "way/27370299", "highway": "residential", "name": "Tansi Nagar 17th street", "original_osm_index": 586}, "geometry": {"type": "LineString", "coordinates": [[80.2237428, 12.9760192], [80.2240014, 12.9761044], [80.2242437, 12.9761843], [80.2246552, 12.9763124], [80.2249129, 12.9763685]]}}, {"type": "Feature", "properties": {"@id": "way/27370313", "highway": "residential", "name": "Tansi Nagar 9th Street", "name:ta": "டான்ஸி நகர் 9வது தெரு", "original_osm_index": 587}, "geometry": {"type": "LineString", "coordinates": [[80.226239, 12.9779831], [80.2259087, 12.9779799], [80.225733, 12.977976], [80.2256653, 12.9779546], [80.2253446, 12.9777619], [80.2249786, 12.9775699]]}}, {"type": "Feature", "properties": {"@id": "way/27370327", "highway": "residential", "lit": "yes", "name": "Sri Devi Karumari Amman Nagar 3rd Street", "name:ta": "ஸ்ரீ தேவி கருமாரி அம்மன் நகர் 3வது தெரு", "surface": "asphalt", "original_osm_index": 588}, "geometry": {"type": "LineString", "coordinates": [[80.2156541, 12.9756724], [80.2163132, 12.9756844]]}}, {"type": "Feature", "properties": {"@id": "way/27370347", "highway": "residential", "maxspeed": "20", "name": "3rd Street Karthikeyapuram", "oneway": "no", "original_osm_index": 589}, "geometry": {"type": "LineString", "coordinates": [[80.1934492, 12.9641029], [80.1937835, 12.9639287], [80.1942378, 12.9637848], [80.1953048, 12.9634468], [80.195884, 12.9633489]]}}, {"type": "Feature", "properties": {"@id": "way/27370352", "highway": "residential", "maxspeed": "20", "name": "Lake View Road Karthikeyapuram", "oneway": "no", "surface": "asphalt", "original_osm_index": 590}, "geometry": {"type": "LineString", "coordinates": [[80.1938904, 12.9643995], [80.1936839, 12.9644559], [80.1936718, 12.9644558], [80.1936601, 12.9644539], [80.1936521, 12.9644493], [80.1936444, 12.9644405], [80.1936362, 12.9644251], [80.1934492, 12.9641029], [80.1929532, 12.9636944], [80.1928179, 12.9635669], [80.1927858, 12.9635119], [80.1927629, 12.9634375], [80.1926753, 12.9626943], [80.19263242676969, 12.9621]]}}, {"type": "Feature", "properties": {"@id": "way/27370355", "highway": "residential", "maxspeed": "20", "name": "4th Street, Karthikeyapuram", "oneway": "no", "original_osm_index": 591}, "geometry": {"type": "LineString", "coordinates": [[80.1938904, 12.9643995], [80.1943911, 12.9642619], [80.1953767, 12.9639615], [80.1954344, 12.9639276], [80.1954438, 12.9638897], [80.1954304, 12.9638505], [80.1953048, 12.9634468], [80.1951233, 12.962826]]}}, {"type": "Feature", "properties": {"@id": "way/27370364", "highway": "residential", "original_osm_index": 592}, "geometry": {"type": "LineString", "coordinates": [[80.2040568, 12.9628966], [80.2040876, 12.9630148], [80.2041594, 12.9634932], [80.2042667, 12.9640099], [80.2044009, 12.9645481], [80.2045415, 12.9651308]]}}, {"type": "Feature", "properties": {"@id": "way/27370367", "highway": "residential", "original_osm_index": 593}, "geometry": {"type": "LineString", "coordinates": [[80.2055655, 12.9622727], [80.2056617, 12.9627007], [80.205773, 12.9631952], [80.2058931, 12.9637292], [80.2059944, 12.9641798], [80.2060107, 12.9642522], [80.2061432, 12.9648414], [80.2062428, 12.9653051]]}}, {"type": "Feature", "properties": {"@id": "way/27370369", "highway": "residential", "original_osm_index": 594}, "geometry": {"type": "LineString", "coordinates": [[80.2018631, 12.9642341], [80.2018384, 12.9643685], [80.2018444, 12.9645179], [80.2018126, 12.964836], [80.2017569, 12.9653921]]}}, {"type": "Feature", "properties": {"@id": "way/27370370", "highway": "residential", "name": "5th Main Road", "original_osm_index": 595}, "geometry": {"type": "LineString", "coordinates": [[80.2018631, 12.9642341], [80.2030257, 12.9642182], [80.2030486, 12.9642176], [80.2042667, 12.9640099], [80.2058931, 12.9637292]]}}, {"type": "Feature", "properties": {"@id": "way/27370389", "highway": "residential", "name": "MGR 1st Street", "original_osm_index": 596}, "geometry": {"type": "LineString", "coordinates": [[80.1998664, 12.963884], [80.1999812, 12.9649946]]}}, {"type": "Feature", "properties": {"@id": "way/27370906", "highway": "residential", "original_osm_index": 597}, "geometry": {"type": "LineString", "coordinates": [[80.2023931, 12.9895267], [80.2018045, 12.9897433]]}}, {"type": "Feature", "properties": {"@id": "way/27371012", "highway": "residential", "original_osm_index": 598}, "geometry": {"type": "LineString", "coordinates": [[80.2075579, 12.9876223], [80.2075498, 12.9871488], [80.2075043, 12.986944], [80.2074908, 12.9866637], [80.207451, 12.9862536], [80.2074189, 12.9859084], [80.2074303, 12.9855181]]}}, {"type": "Feature", "properties": {"@id": "way/27371013", "highway": "residential", "name": "Mohanapuri 2nd Street", "original_osm_index": 599}, "geometry": {"type": "LineString", "coordinates": [[80.2053283, 12.9868615], [80.20619, 12.9866983], [80.20641, 12.9866343], [80.2068069, 12.9864345], [80.2070325, 12.9863353], [80.207451, 12.9862536], [80.2078561, 12.9862222], [80.2083328, 12.9861993], [80.2090418, 12.9862476], [80.2092209, 12.9862638], [80.2099403, 12.9862228], [80.2103774, 12.9861877]]}}, {"type": "Feature", "properties": {"@id": "way/27371038", "created_by": "Potlatch 0.10c", "highway": "residential", "original_osm_index": 600}, "geometry": {"type": "LineString", "coordinates": [[80.2086973, 12.9848169], [80.2086685, 12.9843653]]}}, {"type": "Feature", "properties": {"@id": "way/27371077", "created_by": "Potlatch 0.10c", "highway": "residential", "name": "Lakshmi Hayagriva 1st Main Road", "original_osm_index": 601}, "geometry": {"type": "LineString", "coordinates": [[80.2103774, 12.9861877], [80.2117099, 12.9861148], [80.2129426, 12.9860566], [80.2134553, 12.9860485]]}}, {"type": "Feature", "properties": {"@id": "way/27442558", "highway": "residential", "name": "Jacod Road", "original_osm_index": 602}, "geometry": {"type": "LineString", "coordinates": [[80.1975283, 12.9674865], [80.1961952, 12.9677102]]}}, {"type": "Feature", "properties": {"@id": "way/27442560", "highway": "residential", "name": "6th Street Karthikeyapuram", "oneway": "no", "surface": "paved", "original_osm_index": 603}, "geometry": {"type": "LineString", "coordinates": [[80.1953112, 12.9623581], [80.1948138, 12.9624351], [80.1934443, 12.962647]]}}, {"type": "Feature", "properties": {"@id": "way/27442588", "highway": "residential", "name": "Esswaran Koil Street", "original_osm_index": 604}, "geometry": {"type": "LineString", "coordinates": [[80.196079, 12.964028], [80.1961157, 12.9639656], [80.1961438, 12.9639341], [80.1964553, 12.9637006], [80.1967834, 12.9635155], [80.1970529, 12.9634227], [80.1981272, 12.9631197], [80.1981052, 12.9630006], [80.1980404, 12.962667], [80.197983, 12.9625105]]}}, {"type": "Feature", "properties": {"@id": "way/27442591", "highway": "residential", "original_osm_index": 605}, "geometry": {"type": "LineString", "coordinates": [[80.19656466194897, 12.9621], [80.1966213, 12.962337], [80.1966669, 12.9625056], [80.1966789, 12.9626259], [80.1966789, 12.9627762], [80.1966863, 12.9628859]]}}, {"type": "Feature", "properties": {"@id": "way/27442594", "highway": "residential", "name": "Ethirajulu Street", "original_osm_index": 606}, "geometry": {"type": "LineString", "coordinates": [[80.1978712, 12.9622201], [80.1976948, 12.9622403], [80.1975842, 12.9622638], [80.197518, 12.9622864], [80.1974621, 12.9623109], [80.1973964, 12.9623671], [80.1973273, 12.9624481], [80.1972395, 12.9625331], [80.1971664, 12.9625857], [80.1971101, 12.9626249], [80.1970826, 12.9626585], [80.1970695, 12.962685], [80.1970665, 12.9627317], [80.1970612, 12.9627644], [80.1970477, 12.9627945], [80.1970129, 12.9628232], [80.1969787, 12.9628415], [80.1969251, 12.9628526], [80.1966863, 12.9628859], [80.1958015, 12.963005]]}}, {"type": "Feature", "properties": {"@id": "way/27442596", "highway": "residential", "original_osm_index": 607}, "geometry": {"type": "LineString", "coordinates": [[80.1967834, 12.9635155], [80.1966863, 12.9628859]]}}, {"type": "Feature", "properties": {"@id": "way/27442606", "highway": "residential", "name": "5th", "original_osm_index": 608}, "geometry": {"type": "LineString", "coordinates": [[80.1994327, 12.9625951], [80.19939323677632, 12.9621]]}}, {"type": "Feature", "properties": {"@id": "way/27442607", "created_by": "Potlatch 0.10c", "highway": "residential", "original_osm_index": 609}, "geometry": {"type": "LineString", "coordinates": [[80.200042, 12.9624908], [80.19998838644854, 12.9621]]}}, {"type": "Feature", "properties": {"@id": "way/27442608", "created_by": "Potlatch 0.10c", "highway": "residential", "original_osm_index": 610}, "geometry": {"type": "LineString", "coordinates": [[80.2005096, 12.9624615], [80.2004795975216, 12.9621]]}}, {"type": "Feature", "properties": {"@id": "way/27442609", "highway": "residential", "original_osm_index": 611}, "geometry": {"type": "LineString", "coordinates": [[80.20572250949417, 12.9621], [80.2057539, 12.9622176]]}}, {"type": "Feature", "properties": {"@id": "way/27442611", "created_by": "Potlatch 0.10c", "highway": "residential", "original_osm_index": 612}, "geometry": {"type": "LineString", "coordinates": [[80.2048362, 12.9625129], [80.2047373, 12.9621247], [80.20473101027324, 12.9621]]}}, {"type": "Feature", "properties": {"@id": "way/27442614", "highway": "residential", "lanes": "1", "name": "2nd Street", "oneway": "no", "original_osm_index": 613}, "geometry": {"type": "LineString", "coordinates": [[80.2031724, 12.9621742], [80.20354225173176, 12.9621]]}}, {"type": "Feature", "properties": {"@id": "way/27442618", "highway": "residential", "name": "Maruthi Street", "original_osm_index": 614}, "geometry": {"type": "LineString", "coordinates": [[80.2031973, 12.9626757], [80.2043523, 12.9623478]]}}, {"type": "Feature", "properties": {"@id": "way/27442619", "highway": "residential", "name": "Ramachandra Road", "oneway": "no", "original_osm_index": 615}, "geometry": {"type": "LineString", "coordinates": [[80.2031667398401, 12.9621], [80.2031724, 12.9621742], [80.2031734, 12.9622623], [80.2031973, 12.9626757], [80.2032334, 12.9629061], [80.2032627, 12.9630709]]}}, {"type": "Feature", "properties": {"@id": "way/27442621", "highway": "residential", "lanes": "1", "name": "Moorthi Street", "oneway": "no", "original_osm_index": 616}, "geometry": {"type": "LineString", "coordinates": [[80.2024792, 12.9627693], [80.2031973, 12.9626757]]}}, {"type": "Feature", "properties": {"@id": "way/27442623", "highway": "residential", "original_osm_index": 617}, "geometry": {"type": "LineString", "coordinates": [[80.2025245, 12.9631009], [80.2024792, 12.9627693], [80.2024617, 12.962337], [80.20245212013718, 12.9621]]}}, {"type": "Feature", "properties": {"@id": "way/27442626", "highway": "residential", "name": "Bajanai Koil Street", "original_osm_index": 618}, "geometry": {"type": "LineString", "coordinates": [[80.2004322, 12.9634309], [80.2006232, 12.9633798], [80.2007527, 12.9633465], [80.2009094, 12.96332], [80.2010447, 12.9632992], [80.2011597, 12.9632895], [80.2012864, 12.9632846], [80.2014169, 12.9632748], [80.201778, 12.9632666], [80.2018597, 12.9632544], [80.2025245, 12.9631009], [80.2032334, 12.9629061]]}}, {"type": "Feature", "properties": {"@id": "way/27442627", "highway": "residential", "original_osm_index": 619}, "geometry": {"type": "LineString", "coordinates": [[80.2040876, 12.9630148], [80.2056617, 12.9627007], [80.2065939, 12.9625092], [80.2079085, 12.9622231]]}}, {"type": "Feature", "properties": {"@id": "way/27442630", "bicycle": "yes", "foot": "yes", "highway": "residential", "name": "Ram Nagar 6th cross road", "oneway": "no", "surface": "sand", "original_osm_index": 620}, "geometry": {"type": "LineString", "coordinates": [[80.20787869957776, 12.9621], [80.2079085, 12.9622231], [80.207932, 12.9623198], [80.2080278, 12.9627154], [80.2080603, 12.9628642], [80.208169, 12.963298], [80.2081822, 12.9633527], [80.2082938, 12.9638131], [80.208306, 12.9638634], [80.2083525, 12.9640552]]}}, {"type": "Feature", "properties": {"@id": "way/27442631", "highway": "residential", "lanes": "2", "name": "6th Main Road", "oneway": "no", "original_osm_index": 621}, "geometry": {"type": "MultiLineString", "coordinates": [[[80.1985645, 12.9630833], [80.1985135, 12.9627304], [80.1987777, 12.9626899], [80.1988341, 12.9630389], [80.1988324, 12.9630513], [80.1988237, 12.9630568], [80.1988133, 12.9630591], [80.1985645, 12.9630833]], [[80.1985645, 12.9630833], [80.1981272, 12.9631197], [80.1983319, 12.9632671], [80.1984306, 12.9634286], [80.1985053, 12.963757], [80.1985203, 12.9637897], [80.1985384, 12.9638103], [80.1985578, 12.9638204], [80.1985964, 12.9638251], [80.1993214, 12.9638573], [80.1995543, 12.9638781], [80.1996087, 12.9638801], [80.1996434, 12.9638813], [80.1998664, 12.963884], [80.2002104, 12.9638717], [80.2004956, 12.9638596], [80.2017794, 12.9637585], [80.201871, 12.9637518], [80.2027042, 12.963689], [80.2028734, 12.9636792], [80.2028886, 12.9636783], [80.2032766, 12.9636218], [80.2041594, 12.9634932], [80.205773, 12.9631952], [80.2066793, 12.9629901]]]}}, {"type": "Feature", "properties": {"@id": "way/27442633", "highway": "residential", "name": "5th Main Road", "original_osm_index": 622}, "geometry": {"type": "LineString", "coordinates": [[80.208169, 12.963298], [80.2068021, 12.9635391], [80.2058931, 12.9637292]]}}, {"type": "Feature", "properties": {"@id": "way/27442635", "highway": "residential", "name": "3rd main road", "original_osm_index": 623}, "geometry": {"type": "LineString", "coordinates": [[80.2088354, 12.9641222], [80.2111363, 12.9635985]]}}, {"type": "Feature", "properties": {"@id": "way/27442638", "highway": "residential", "original_osm_index": 624}, "geometry": {"type": "LineString", "coordinates": [[80.2113537, 12.9645233], [80.2112685, 12.964188], [80.2111772, 12.9637368], [80.2111363, 12.9635985], [80.2110984, 12.9633009], [80.2110628, 12.9631362], [80.2110046, 12.9628323], [80.2109688, 12.9626819], [80.2108972, 12.9623629], [80.2108598, 12.9623011], [80.2108081, 12.9622305], [80.2107947, 12.9622136], [80.2107752, 12.9621992], [80.2107552, 12.962188], [80.210733, 12.9621867], [80.2106968, 12.9621926], [80.2106559, 12.9622031]]}}, {"type": "Feature", "properties": {"@id": "way/27442640", "highway": "residential", "name": "Ram Nagar 8th Main road", "oneway": "no", "original_osm_index": 625}, "geometry": {"type": "MultiLineString", "coordinates": [[[80.2106559, 12.9622031], [80.2106217660122, 12.9621]], [[80.20882461030995, 12.9621], [80.207932, 12.9623198]]]}}, {"type": "Feature", "properties": {"@id": "way/27442642", "highway": "residential", "name": "4th main road", "original_osm_index": 626}, "geometry": {"type": "LineString", "coordinates": [[80.2090372, 12.9644991], [80.2091138, 12.9644888], [80.2112685, 12.964188]]}}, {"type": "Feature", "properties": {"@id": "way/27442643", "highway": "residential", "name": "3rd Main Road", "original_osm_index": 627}, "geometry": {"type": "LineString", "coordinates": [[80.2083578, 12.9644421], [80.2070034, 12.9646865], [80.2065451, 12.964769], [80.2061432, 12.9648414], [80.2045415, 12.9651308]]}}, {"type": "Feature", "properties": {"@id": "way/27442645", "highway": "residential", "original_osm_index": 628}, "geometry": {"type": "LineString", "coordinates": [[80.2068911, 12.9639988], [80.2059944, 12.9641798]]}}, {"type": "Feature", "properties": {"@id": "way/27480303", "highway": "residential", "original_osm_index": 629}, "geometry": {"type": "LineString", "coordinates": [[80.2071813, 12.9913918], [80.2070199, 12.9905854], [80.2069656, 12.9902326], [80.2069014, 12.9898151], [80.2068349, 12.9894908], [80.2068301, 12.9894676], [80.206805, 12.9893452], [80.206696, 12.988814]]}}, {"type": "Feature", "properties": {"@id": "way/27480304", "bridge": "yes", "highway": "primary", "lanes": "2", "layer": "1", "maxspeed": "40", "maxweight": "2.5", "name": "Velachery MRTS Bridge", "name:ta": "வேளச்சேரி பறக்கும் தொடருந்து பாலம்", "official_name": "Marmalong Bridge - Irumbuliyur - Vandalur - Mudichur - Oragadam - Walajabad Road", "oneway": "yes", "ref": "SH48", "source": "survey", "surface": "asphalt", "width": "9.2", "original_osm_index": 630}, "geometry": {"type": "LineString", "coordinates": [[80.2164408, 12.9647758], [80.2169745, 12.9662144], [80.2187432, 12.9705968]]}}, {"type": "Feature", "properties": {"@id": "way/27480309", "highway": "secondary", "lanes": "2", "name": "Velachery Main Road", "name:etymology:wikidata": "Q7918771", "name:ta": "வேளச்சேரி முதன்மைச் சாலை", "old_ref": "SH48", "oneway": "no", "surface": "asphalt", "original_osm_index": 631}, "geometry": {"type": "LineString", "coordinates": [[80.221206, 12.9775013], [80.221206, 12.9775302], [80.2212061, 12.9777428], [80.2212061, 12.9777947], [80.2212006, 12.9778953], [80.2211832, 12.9782163], [80.2211808, 12.9782556], [80.2211783, 12.9782956], [80.2211625, 12.978553], [80.2211596, 12.97858], [80.221155, 12.9786104], [80.2211496, 12.9786619], [80.221148, 12.9787549], [80.2211452, 12.9789188], [80.2211391, 12.9790322], [80.2211311, 12.9791794], [80.2211287, 12.979223], [80.221109, 12.9795872], [80.2211068, 12.9796274], [80.2211016, 12.9797452], [80.2210909, 12.9799885], [80.2210873, 12.9800405], [80.2210826, 12.9801776], [80.2210755, 12.9802805], [80.2210565, 12.9805552], [80.2210445, 12.9807765], [80.2210148, 12.9810784], [80.2210859, 12.981247], [80.221117, 12.9813206], [80.2215039, 12.9818333], [80.2217186, 12.9822402], [80.2218538, 12.9825674], [80.2218989, 12.9827629], [80.2219894, 12.9829338], [80.2221099, 12.9831615], [80.2225076, 12.9838003], [80.2225223, 12.9838238], [80.2226277, 12.9839929], [80.2226639, 12.9840511], [80.2228777, 12.9843858], [80.2231255, 12.9847671], [80.2232491, 12.9850804], [80.2232618, 12.9851127], [80.2233058, 12.985361], [80.2233142, 12.9854614], [80.2230311, 12.9857206], [80.2229796, 12.9859715], [80.2229732, 12.9861768], [80.2229705, 12.9864666], [80.2230567, 12.9870692], [80.2230821, 12.9873016], [80.2230974, 12.9876327], [80.2230826, 12.9877398], [80.2230746, 12.9877973], [80.223065, 12.9878213], [80.2230558, 12.9878444], [80.2229244, 12.9880352], [80.2227406, 12.9882717], [80.2223986, 12.9886651], [80.222389, 12.9886732], [80.2221745, 12.9888541], [80.2221549, 12.9888707], [80.2220104, 12.9889818], [80.2216446, 12.9892802], [80.2214745, 12.9894189], [80.2213262, 12.9895414], [80.2211671, 12.989668], [80.2209708, 12.989835], [80.2208592, 12.9899415], [80.2207226, 12.9901027]]}}, {"type": "Feature", "properties": {"@id": "way/28125474", "highway": "residential", "name": "Nanganallur 21st Street", "original_osm_index": 632}, "geometry": {"type": "LineString", "coordinates": [[80.1891, 12.981922693772242], [80.1895275, 12.9819172], [80.1899651, 12.9819129], [80.1902479, 12.9819]]}}, {"type": "Feature", "properties": {"@id": "way/28295260", "highway": "residential", "name": "Kannan Nagar 2nd Cross Street", "name:ta": "கண்ணன் நகர் 2வது குறுக்குத்தெரு", "original_osm_index": 633}, "geometry": {"type": "LineString", "coordinates": [[80.1892936, 12.9705304], [80.1891394, 12.9700261], [80.1891, 12.969905984968477]]}}, {"type": "Feature", "properties": {"@id": "way/28295262", "highway": "residential", "name": "Kannan Nagar 1st Cross Street", "name:ta": "கண்ணன் நகர் 1வது குறுக்குத்தெரு", "original_osm_index": 634}, "geometry": {"type": "LineString", "coordinates": [[80.1897161, 12.9703888], [80.1894999, 12.9698004], [80.1893045, 12.9692458]]}}, {"type": "Feature", "properties": {"@id": "way/28295263", "highway": "residential", "name": "விக்னேஸ்வரா நகர் 2வது தெரு", "name:en": "Vigneshwara Nagar 2nd Street", "name:ta": "விக்னேஸ்வரா நகர் 2வது தெரு", "original_osm_index": 635}, "geometry": {"type": "LineString", "coordinates": [[80.1891, 12.971057924564183], [80.1899279, 12.9708047], [80.1905976, 12.9705984]]}}, {"type": "Feature", "properties": {"@id": "way/28305008", "highway": "residential", "lane_markings": "no", "name": "Kanniga Colony 1st Street Extension", "surface": "asphalt", "original_osm_index": 636}, "geometry": {"type": "LineString", "coordinates": [[80.1893527, 12.9764882], [80.1893296, 12.9762804], [80.1892939, 12.9758326]]}}, {"type": "Feature", "properties": {"@id": "way/28305018", "highway": "residential", "name": "2nd Street, Lakshmi Nagar", "original_osm_index": 637}, "geometry": {"type": "LineString", "coordinates": [[80.1891, 12.979542354296877], [80.189243, 12.9795242], [80.1899955, 12.9794365]]}}, {"type": "Feature", "properties": {"@id": "way/28305043", "highway": "residential", "original_osm_index": 638}, "geometry": {"type": "LineString", "coordinates": [[80.1895184, 12.9841465], [80.1894885, 12.9836689], [80.189465, 12.9829864]]}}, {"type": "Feature", "properties": {"@id": "way/28310454", "created_by": "Potlatch 0.10f", "highway": "residential", "name": "Ilangovadigal Street", "name:etymology:wikidata": "Q3032538", "original_osm_index": 639}, "geometry": {"type": "LineString", "coordinates": [[80.1899862, 12.9864878], [80.1895625, 12.9864435], [80.1891, 12.9863732478052]]}}, {"type": "Feature", "properties": {"@id": "way/28311752", "highway": "residential", "name": "6th Street, Lakshmi Nagar", "original_osm_index": 640}, "geometry": {"type": "LineString", "coordinates": [[80.1898303, 12.9777142], [80.1891, 12.977781083910891]]}}, {"type": "Feature", "properties": {"@id": "way/28500905", "highway": "residential", "lane_markings": "no", "name": "Vijay Avenue", "surface": "asphalt", "original_osm_index": 641}, "geometry": {"type": "LineString", "coordinates": [[80.1891, 12.97388905950096], [80.189438, 12.9738888]]}}, {"type": "Feature", "properties": {"@id": "way/28507313", "access": "private", "highway": "service", "name": "7th Main Road", "original_osm_index": 642}, "geometry": {"type": "LineString", "coordinates": [[80.22209623112914, 12.9924], [80.2222981, 12.9923005], [80.2219588, 12.9911665], [80.2218867, 12.9909676]]}}, {"type": "Feature", "properties": {"@id": "way/28560879", "highway": "residential", "lane_markings": "no", "lit": "yes", "name": "Lakshmi Nagar 4th Stage", "surface": "asphalt", "original_osm_index": 643}, "geometry": {"type": "LineString", "coordinates": [[80.189159, 12.9714332], [80.1891653, 12.9714908], [80.189143, 12.9718216], [80.1891, 12.972132493805331]]}}, {"type": "Feature", "properties": {"@id": "way/28571968", "highway": "residential", "original_osm_index": 644}, "geometry": {"type": "LineString", "coordinates": [[80.2164186, 12.9730212], [80.2171933, 12.9730033]]}}, {"type": "Feature", "properties": {"@id": "way/28571969", "highway": "residential", "lit": "yes", "surface": "asphalt", "original_osm_index": 645}, "geometry": {"type": "LineString", "coordinates": [[80.2176075, 12.9718357], [80.2175333, 12.9710802]]}}, {"type": "Feature", "properties": {"@id": "way/28571970", "highway": "residential", "lit": "no", "name": "12th Main Road", "surface": "asphalt", "original_osm_index": 646}, "geometry": {"type": "LineString", "coordinates": [[80.2180343, 12.9713557], [80.2183747, 12.9713278], [80.2187139, 12.9713]]}}, {"type": "Feature", "properties": {"@id": "way/28571971", "highway": "residential", "name": "9th Main Road", "original_osm_index": 647}, "geometry": {"type": "LineString", "coordinates": [[80.2181858, 12.9726714], [80.2171823, 12.97272]]}}, {"type": "Feature", "properties": {"@id": "way/28571973", "highway": "residential", "original_osm_index": 648}, "geometry": {"type": "LineString", "coordinates": [[80.2195488, 12.9738301], [80.2196271, 12.9743413], [80.219798, 12.974749], [80.2199569, 12.9751394], [80.2201188, 12.9755981]]}}, {"type": "Feature", "properties": {"@id": "way/28571974", "highway": "residential", "name": "Vijayanagar 2nd Main Road", "oneway": "no", "original_osm_index": 649}, "geometry": {"type": "LineString", "coordinates": [[80.2199569, 12.9751394], [80.2192021, 12.9753251]]}}, {"type": "Feature", "properties": {"@id": "way/28571975", "created_by": "Potlatch 0.10b", "highway": "residential", "original_osm_index": 650}, "geometry": {"type": "LineString", "coordinates": [[80.2171758, 12.972552], [80.2163977, 12.9725623]]}}, {"type": "Feature", "properties": {"@id": "way/28571976", "highway": "residential", "name": "10th Main Road", "original_osm_index": 651}, "geometry": {"type": "LineString", "coordinates": [[80.2171098, 12.9722985], [80.2181057, 12.9722677]]}}, {"type": "Feature", "properties": {"@id": "way/28571977", "highway": "residential", "original_osm_index": 652}, "geometry": {"type": "LineString", "coordinates": [[80.2150472, 12.9728131], [80.2150547, 12.9732116]]}}, {"type": "Feature", "properties": {"@id": "way/28571978", "highway": "residential", "original_osm_index": 653}, "geometry": {"type": "LineString", "coordinates": [[80.2164666, 12.9742305], [80.2151155, 12.9742645], [80.2149512, 12.974262], [80.2144158, 12.9742623], [80.2139068, 12.9742772], [80.2137557, 12.9742839]]}}, {"type": "Feature", "properties": {"@id": "way/29502952", "highway": "residential", "original_osm_index": 654}, "geometry": {"type": "LineString", "coordinates": [[80.2201224, 12.9876066], [80.2203267, 12.9881142]]}}, {"type": "Feature", "properties": {"@id": "way/29503007", "highway": "residential", "name": "RajaLaxmi Nagar 10th Street", "original_osm_index": 655}, "geometry": {"type": "LineString", "coordinates": [[80.2190934, 12.9843659], [80.2190836, 12.9850341]]}}, {"type": "Feature", "properties": {"@id": "way/29503032", "highway": "residential", "name": "Bajannai Street", "original_osm_index": 656}, "geometry": {"type": "LineString", "coordinates": [[80.2194002, 12.9825196], [80.2194177, 12.9826813], [80.2194509, 12.9831315], [80.2194563, 12.9832378]]}}, {"type": "Feature", "properties": {"@id": "way/29503047", "highway": "residential", "name": "Telungu Brahmin Street", "original_osm_index": 657}, "geometry": {"type": "LineString", "coordinates": [[80.2194177, 12.9826813], [80.2199412, 12.9826762], [80.2202632, 12.9826892], [80.2218989, 12.9827629]]}}, {"type": "Feature", "properties": {"@id": "way/29503164", "highway": "residential", "name": "Pillaiyar Koil Lane", "smoothness": "bad", "surface": "concrete", "original_osm_index": 658}, "geometry": {"type": "LineString", "coordinates": [[80.2194002, 12.9825196], [80.2186299, 12.9825879]]}}, {"type": "Feature", "properties": {"@id": "way/29503165", "highway": "residential", "name": "Brahmin Street", "name:etymology:wikidata": "Q47140", "original_osm_index": 659}, "geometry": {"type": "LineString", "coordinates": [[80.2186392, 12.9832611], [80.2194563, 12.9832378], [80.2203007, 12.9832257], [80.2218389, 12.983189], [80.2221099, 12.9831615]]}}, {"type": "Feature", "properties": {"@id": "way/29503189", "highway": "residential", "name": "Dandeeswaram Main Road", "original_osm_index": 660}, "geometry": {"type": "LineString", "coordinates": [[80.2252797, 12.9825829], [80.2247761, 12.9825666], [80.2243823, 12.9825529], [80.2240867, 12.982549], [80.2236553, 12.9825453], [80.2231798, 12.9825398], [80.2229787, 12.9825341], [80.2228474, 12.9825323], [80.2226609, 12.9825298], [80.2222234, 12.9825239], [80.2218538, 12.9825674]]}}, {"type": "Feature", "properties": {"@id": "way/29503192", "highway": "residential", "name": "Amuda Street", "original_osm_index": 661}, "geometry": {"type": "LineString", "coordinates": [[80.2271264, 12.9832645], [80.2263595, 12.9833181]]}}, {"type": "Feature", "properties": {"@id": "way/29503197", "highway": "residential", "original_osm_index": 662}, "geometry": {"type": "LineString", "coordinates": [[80.2266827, 12.9824311], [80.2266781, 12.9821232], [80.2266721, 12.982097], [80.2266651, 12.9820794], [80.2266449, 12.982065], [80.2266241, 12.9820617], [80.2264229, 12.9820658], [80.2263321, 12.9820644], [80.2263042, 12.9820556], [80.2262832, 12.9820292], [80.2262918, 12.9818422]]}}, {"type": "Feature", "properties": {"@id": "way/29503201", "highway": "residential", "name": "Bharathi Street", "name:etymology:wikidata": "Q256286", "original_osm_index": 663}, "geometry": {"type": "LineString", "coordinates": [[80.2252919, 12.9823656], [80.2257926, 12.9823945], [80.2264729, 12.9824337], [80.2266827, 12.9824311]]}}, {"type": "Feature", "properties": {"@id": "way/29503209", "highway": "residential", "name": "Dhandeeshwaram 4th cross street", "original_osm_index": 664}, "geometry": {"type": "LineString", "coordinates": [[80.2241265, 12.981374], [80.2241091, 12.9818062], [80.2240867, 12.982549]]}}, {"type": "Feature", "properties": {"@id": "way/29503211", "highway": "residential", "original_osm_index": 665}, "geometry": {"type": "LineString", "coordinates": [[80.2241091, 12.9818062], [80.2247523, 12.981854], [80.2247675, 12.9818558], [80.2247823, 12.9818634]]}}, {"type": "Feature", "properties": {"@id": "way/29503216", "highway": "residential", "original_osm_index": 666}, "geometry": {"type": "LineString", "coordinates": [[80.2230439, 12.981597], [80.2227232, 12.981573], [80.2227044, 12.9815704], [80.2226891, 12.98156], [80.2226826, 12.9815426], [80.2226816, 12.9815246], [80.2227352, 12.980757]]}}, {"type": "Feature", "properties": {"@id": "way/29503220", "highway": "residential", "lane_markings": "no", "name": "Thirumekarai Street", "surface": "concrete", "original_osm_index": 667}, "geometry": {"type": "LineString", "coordinates": [[80.2243359, 12.9857412], [80.2245258, 12.9856618], [80.224664, 12.9855915], [80.2248725, 12.9854605], [80.2249456, 12.9854029], [80.2249745, 12.9853803], [80.224993, 12.9853488]]}}, {"type": "Feature", "properties": {"@id": "way/29503256", "highway": "residential", "name": "Dhandeeshwaram Nagar 3rd Avenue (East)", "original_osm_index": 668}, "geometry": {"type": "LineString", "coordinates": [[80.2253573, 12.9809527], [80.2261256, 12.9810254]]}}, {"type": "Feature", "properties": {"@id": "way/29503268", "highway": "residential", "name": "Raja Street", "original_osm_index": 669}, "geometry": {"type": "LineString", "coordinates": [[80.2281235, 12.9829696], [80.2280823, 12.9825986], [80.2280324, 12.9821752], [80.227998, 12.9817402], [80.2279514, 12.9811039]]}}, {"type": "Feature", "properties": {"@id": "way/29503279", "highway": "residential", "name": "Dhandeeswaram Nagar 7th Avenue(East)", "original_osm_index": 670}, "geometry": {"type": "LineString", "coordinates": [[80.2265295, 12.9798171], [80.2261846, 12.9796415], [80.2254699, 12.9792498]]}}, {"type": "Feature", "properties": {"@id": "way/29503289", "highway": "residential", "name": "Dhandeeswaram Nagar 11th Cross Road", "original_osm_index": 671}, "geometry": {"type": "LineString", "coordinates": [[80.2234963, 12.9789836], [80.2244896, 12.9790009]]}}, {"type": "Feature", "properties": {"@id": "way/29503292", "highway": "residential", "name": "Dhandeeswaram Nagar 9th Cross Road", "original_osm_index": 672}, "geometry": {"type": "LineString", "coordinates": [[80.2237599, 12.9801331], [80.2231107, 12.9800888], [80.2226675, 12.9800806], [80.2225848, 12.9800751]]}}, {"type": "Feature", "properties": {"@id": "way/30015053", "highway": "residential", "name": "TNHB Colony 4th Main Road", "original_osm_index": 673}, "geometry": {"type": "LineString", "coordinates": [[80.2098751, 12.9921125], [80.2102581, 12.9920149], [80.2106804, 12.9919105], [80.2114244, 12.9917028]]}}, {"type": "Feature", "properties": {"@id": "way/30015054", "highway": "residential", "name": "11th Street", "original_osm_index": 674}, "geometry": {"type": "LineString", "coordinates": [[80.2104311, 12.9915472], [80.2102057, 12.9906915], [80.2101377, 12.9904151]]}}, {"type": "Feature", "properties": {"@id": "way/30015055", "highway": "tertiary", "name": "2nd Cross Street", "original_osm_index": 675}, "geometry": {"type": "LineString", "coordinates": [[80.2071813, 12.9913918], [80.20711, 12.9915437], [80.2066589, 12.9916884], [80.2062495, 12.9918504], [80.2058473, 12.9919874]]}}, {"type": "Feature", "properties": {"@id": "way/30015056", "highway": "tertiary", "name": "Dr. Ambedkar Nagar 4th Main Road", "original_osm_index": 676}, "geometry": {"type": "LineString", "coordinates": [[80.2095996, 12.9906324], [80.2091452, 12.990765], [80.2088529, 12.9908582], [80.2087581, 12.9908885], [80.2079999, 12.9911305], [80.2074391, 12.9913095], [80.2071813, 12.9913918]]}}, {"type": "Feature", "properties": {"@id": "way/30015057", "highway": "residential", "original_osm_index": 677}, "geometry": {"type": "LineString", "coordinates": [[80.2143486, 12.9896664], [80.2140518, 12.9897311], [80.2138209, 12.9897778], [80.213812, 12.9897807], [80.213807, 12.9897853], [80.213805, 12.9897926], [80.2138062, 12.9898013], [80.2138657, 12.9900369], [80.2139988, 12.9906073]]}}, {"type": "Feature", "properties": {"@id": "way/30015059", "highway": "residential", "original_osm_index": 678}, "geometry": {"type": "LineString", "coordinates": [[80.2133852, 12.9907682], [80.2131517, 12.9899457], [80.2131423, 12.9899274], [80.2131312, 12.9899161], [80.2131108, 12.9899124], [80.2130914, 12.9899157], [80.2126489, 12.9900362]]}}, {"type": "Feature", "properties": {"@id": "way/30015060", "highway": "residential", "name": "67th Lane", "original_osm_index": 679}, "geometry": {"type": "LineString", "coordinates": [[80.2113874, 12.9904087], [80.2116119, 12.9912334]]}}, {"type": "Feature", "properties": {"@id": "way/30015061", "highway": "living_street", "original_osm_index": 680}, "geometry": {"type": "LineString", "coordinates": [[80.2119358, 12.990259], [80.2116571, 12.9903338], [80.211643, 12.9903394], [80.2116376, 12.9903472], [80.2116352, 12.9903543], [80.2116356, 12.9903619], [80.2116386, 12.9903743], [80.2116683, 12.9904731]]}}, {"type": "Feature", "properties": {"@id": "way/30015062", "highway": "living_street", "original_osm_index": 681}, "geometry": {"type": "LineString", "coordinates": [[80.2108458, 12.9905196], [80.2102057, 12.9906915]]}}, {"type": "Feature", "properties": {"@id": "way/30015064", "highway": "residential", "original_osm_index": 682}, "geometry": {"type": "LineString", "coordinates": [[80.2118028, 12.9919889], [80.21192527470147, 12.9924]]}}, {"type": "Feature", "properties": {"@id": "way/30015066", "highway": "residential", "original_osm_index": 683}, "geometry": {"type": "LineString", "coordinates": [[80.21125223994954, 12.9924], [80.2111809, 12.9921552]]}}, {"type": "Feature", "properties": {"@id": "way/30015068", "highway": "residential", "name": "40th Lane", "original_osm_index": 684}, "geometry": {"type": "LineString", "coordinates": [[80.21357373646154, 12.9924], [80.2137891, 12.9923401], [80.2138062, 12.9923293], [80.2138129, 12.9923057], [80.2138075, 12.9922757], [80.2137569, 12.9920834]]}}, {"type": "Feature", "properties": {"@id": "way/30024681", "access": "private", "highway": "service", "motor_vehicle": "yes", "original_osm_index": 685}, "geometry": {"type": "LineString", "coordinates": [[80.22599863342741, 12.9924], [80.2259124, 12.9905908]]}}, {"type": "Feature", "properties": {"@id": "way/30029203", "access": "private", "highway": "service", "original_osm_index": 686}, "geometry": {"type": "LineString", "coordinates": [[80.22734517063196, 12.9924], [80.227332, 12.9921006], [80.2273388, 12.9916457], [80.2273367, 12.9915499], [80.2273343, 12.991402], [80.2272198, 12.9913513], [80.2272555, 12.9901747]]}}, {"type": "Feature", "properties": {"@id": "way/30029204", "access": "private", "highway": "service", "original_osm_index": 687}, "geometry": {"type": "LineString", "coordinates": [[80.2284, 12.990882400384168], [80.2277236, 12.9908627], [80.2277266, 12.9902521]]}}, {"type": "Feature", "properties": {"@id": "way/30029206", "access": "private", "highway": "service", "original_osm_index": 688}, "geometry": {"type": "LineString", "coordinates": [[80.2284, 12.988802811829121], [80.2280185, 12.9882352]]}}, {"type": "Feature", "properties": {"@id": "way/30029209", "access": "private", "highway": "service", "name": "Playfield Avenue", "parking:both": "no", "surface": "asphalt", "original_osm_index": 689}, "geometry": {"type": "LineString", "coordinates": [[80.2278409, 12.9898696], [80.227879, 12.9897978], [80.2280153, 12.9894627], [80.228133, 12.9892125], [80.2283239, 12.9890146], [80.2284, 12.98896413527466]]}}, {"type": "Feature", "properties": {"@id": "way/30029210", "covered": "no", "highway": "living_street", "maxspeed": "20", "name": "Aerospace Engineering road", "surface": "asphalt", "original_osm_index": 690}, "geometry": {"type": "LineString", "coordinates": [[80.2284, 12.99156266273721], [80.2273367, 12.9915499]]}}, {"type": "Feature", "properties": {"@id": "way/30029214", "access": "private", "highway": "service", "original_osm_index": 691}, "geometry": {"type": "LineString", "coordinates": [[80.227332, 12.9921006], [80.2271895, 12.9923], [80.22709684463277, 12.9924]]}}, {"type": "Feature", "properties": {"@id": "way/30029221", "access": "private", "highway": "track", "original_osm_index": 692}, "geometry": {"type": "LineString", "coordinates": [[80.2258425, 12.9917947], [80.2254706, 12.9923908], [80.22544539310621, 12.9924]]}}, {"type": "Feature", "properties": {"@id": "way/30029227", "access": "private", "highway": "track", "original_osm_index": 693}, "geometry": {"type": "LineString", "coordinates": [[80.2234229, 12.9894994], [80.2232347, 12.9895649], [80.2225802, 12.9922157], [80.22265154115405, 12.9924]]}}, {"type": "Feature", "properties": {"@id": "way/30029245", "access": "private", "highway": "service", "original_osm_index": 694}, "geometry": {"type": "LineString", "coordinates": [[80.2261963, 12.9901153], [80.2262154, 12.9891976]]}}, {"type": "Feature", "properties": {"@id": "way/30029246", "highway": "residential", "original_osm_index": 695}, "geometry": {"type": "LineString", "coordinates": [[80.2223986, 12.9886651], [80.2226086, 12.989031], [80.2228745, 12.9895851]]}}, {"type": "Feature", "properties": {"@id": "way/30029249", "highway": "residential", "original_osm_index": 696}, "geometry": {"type": "LineString", "coordinates": [[80.2226086, 12.989031], [80.2229019, 12.9887585], [80.2230624, 12.9886133], [80.223191, 12.9885309], [80.223188, 12.988398], [80.2231701, 12.9881357], [80.2231321, 12.9879031]]}}, {"type": "Feature", "properties": {"@id": "way/30029251", "highway": "residential", "name": "Sony Nagar 1st Street", "original_osm_index": 697}, "geometry": {"type": "LineString", "coordinates": [[80.2281449, 12.9858832], [80.2281813, 12.9863158], [80.2282384, 12.986924]]}}, {"type": "Feature", "properties": {"@id": "way/30029255", "highway": "residential", "name": "Sony Nagar 2nd Street", "original_osm_index": 698}, "geometry": {"type": "LineString", "coordinates": [[80.2281813, 12.9863158], [80.227568, 12.9864925], [80.2274852, 12.9865186], [80.2273695, 12.9865424]]}}, {"type": "Feature", "properties": {"@id": "way/30037409", "access": "private", "highway": "service", "original_osm_index": 699}, "geometry": {"type": "LineString", "coordinates": [[80.2277585, 12.9882745], [80.2280185, 12.9882352], [80.2282689, 12.9881842]]}}, {"type": "Feature", "properties": {"@id": "way/30038517", "access": "private", "highway": "service", "original_osm_index": 700}, "geometry": {"type": "LineString", "coordinates": [[80.2273388, 12.9916457], [80.2270396, 12.9916525], [80.2270396, 12.9919793]]}}, {"type": "Feature", "properties": {"@id": "way/30596411", "created_by": "Potlatch 0.10c", "highway": "residential", "original_osm_index": 701}, "geometry": {"type": "LineString", "coordinates": [[80.208306, 12.9638634], [80.2069127, 12.9640957]]}}, {"type": "Feature", "properties": {"@id": "way/30596414", "highway": "residential", "original_osm_index": 702}, "geometry": {"type": "LineString", "coordinates": [[80.2031762, 12.9793872], [80.202126, 12.9797206], [80.2018579, 12.979827], [80.2013908, 12.9798954], [80.200826, 12.9800055]]}}, {"type": "Feature", "properties": {"@id": "way/30596415", "highway": "residential", "name": "Street in Tansi Nagar (anna nagar) Velachery", "original_osm_index": 703}, "geometry": {"type": "LineString", "coordinates": [[80.2250848, 12.9748448], [80.2260006, 12.9748515], [80.2264216, 12.9748861], [80.226806, 12.9749176]]}}, {"type": "Feature", "properties": {"@id": "way/30596539", "highway": "residential", "name": "Amman Koil Street", "original_osm_index": 704}, "geometry": {"type": "LineString", "coordinates": [[80.2123318, 12.983173], [80.2117985, 12.9831438], [80.2117791, 12.9831428], [80.2117653, 12.983146], [80.21176, 12.9831595], [80.2117576, 12.9831745], [80.2117183, 12.9837493], [80.2116992, 12.983839], [80.211669, 12.9843071], [80.2116553, 12.9844527], [80.2116644, 12.9846804], [80.21166, 12.9847935], [80.2116851, 12.98523]]}}, {"type": "Feature", "properties": {"@id": "way/30596855", "highway": "residential", "name": "Yamunai Street", "name:ta": "யமுனைத் தெரு", "original_osm_index": 705}, "geometry": {"type": "LineString", "coordinates": [[80.207351, 12.9685635], [80.2091405, 12.9683547]]}}, {"type": "Feature", "properties": {"@id": "way/30596856", "highway": "residential", "original_osm_index": 706}, "geometry": {"type": "LineString", "coordinates": [[80.2093131, 12.9712748], [80.2103395, 12.9711638], [80.2120179, 12.9709179]]}}, {"type": "Feature", "properties": {"@id": "way/30596857", "highway": "residential", "original_osm_index": 707}, "geometry": {"type": "LineString", "coordinates": [[80.2052204, 12.9687307], [80.2051113, 12.968317], [80.2049968, 12.9678081]]}}, {"type": "Feature", "properties": {"@id": "way/30596860", "highway": "residential", "original_osm_index": 708}, "geometry": {"type": "LineString", "coordinates": [[80.2018479, 12.9658721], [80.2018268, 12.9659395], [80.202122, 12.9664411], [80.2023642, 12.9669385], [80.2026713, 12.9674338], [80.2028425, 12.9677978], [80.2030575, 12.9681501], [80.2031903, 12.9684102], [80.2032147, 12.9684383], [80.2032426, 12.9684488], [80.2032644, 12.9684496], [80.2038304, 12.9684059], [80.2040145, 12.9683917]]}}, {"type": "Feature", "properties": {"@id": "way/30596863", "highway": "residential", "original_osm_index": 709}, "geometry": {"type": "LineString", "coordinates": [[80.2023642, 12.9669385], [80.2028668, 12.9668485], [80.2031793, 12.9668041], [80.2034622, 12.966791]]}}, {"type": "Feature", "properties": {"@id": "way/30596864", "highway": "residential", "name": "Main Road", "original_osm_index": 710}, "geometry": {"type": "LineString", "coordinates": [[80.2026713, 12.9674338], [80.203744, 12.9671936]]}}, {"type": "Feature", "properties": {"@id": "way/30596865", "highway": "residential", "name": "1st Street", "original_osm_index": 711}, "geometry": {"type": "LineString", "coordinates": [[80.2028425, 12.9677978], [80.203843, 12.9675378]]}}, {"type": "Feature", "properties": {"@id": "way/30596866", "highway": "residential", "original_osm_index": 712}, "geometry": {"type": "LineString", "coordinates": [[80.2030575, 12.9681501], [80.2038023, 12.9680424], [80.2039495, 12.9680169]]}}, {"type": "Feature", "properties": {"@id": "way/30596868", "highway": "residential", "name": "1st steet extension", "original_osm_index": 713}, "geometry": {"type": "LineString", "coordinates": [[80.206327, 12.970035], [80.2075157, 12.9698721]]}}, {"type": "Feature", "properties": {"@id": "way/30596870", "highway": "residential", "original_osm_index": 714}, "geometry": {"type": "LineString", "coordinates": [[80.2012055, 12.9737991], [80.2013309, 12.9737826], [80.2016951, 12.9737346], [80.2020479, 12.9736881]]}}, {"type": "Feature", "properties": {"@id": "way/30596871", "highway": "residential", "original_osm_index": 715}, "geometry": {"type": "LineString", "coordinates": [[80.2012055, 12.9737991], [80.2012919, 12.9744027], [80.2013016, 12.9744855], [80.2012782, 12.9745343], [80.2012462, 12.9745506], [80.2010114, 12.9745356], [80.2009295, 12.9745529], [80.2008748, 12.9746075], [80.2008356, 12.9746725]]}}, {"type": "Feature", "properties": {"@id": "way/30596872", "highway": "residential", "original_osm_index": 716}, "geometry": {"type": "LineString", "coordinates": [[80.1991112, 12.9738934], [80.2005491, 12.9737613], [80.2007881, 12.973757], [80.200944, 12.9737494]]}}, {"type": "Feature", "properties": {"@id": "way/30596873", "highway": "residential", "name": "Eswaran Koil Street", "original_osm_index": 717}, "geometry": {"type": "LineString", "coordinates": [[80.2032006, 12.9737516], [80.2021413, 12.9738558], [80.2020479, 12.9736881], [80.2019723, 12.9733388], [80.2019125, 12.9730626], [80.2018072, 12.9726544], [80.2017295, 12.9725335], [80.201633, 12.9724629], [80.2011582, 12.9724002], [80.2008077, 12.972421], [80.1992782, 12.9726693], [80.1991689, 12.9727558], [80.1989662, 12.9727978], [80.1981943, 12.9729523], [80.1978028, 12.973], [80.197418, 12.9730517], [80.196837, 12.9730978]]}}, {"type": "Feature", "properties": {"@id": "way/30596875", "highway": "residential", "original_osm_index": 718}, "geometry": {"type": "LineString", "coordinates": [[80.1991448, 12.9745025], [80.1991131, 12.9740639], [80.1991112, 12.9738934], [80.1987127, 12.9736875], [80.1986825, 12.9736587], [80.1986108, 12.97356], [80.1985746, 12.9735424], [80.1982861, 12.9735542], [80.1981943, 12.9729523]]}}, {"type": "Feature", "properties": {"@id": "way/30596876", "highway": "residential", "original_osm_index": 719}, "geometry": {"type": "LineString", "coordinates": [[80.197418, 12.9730517], [80.1974711, 12.9734071], [80.1975017, 12.973609], [80.1975191, 12.9736345], [80.1975406, 12.9736528], [80.1975822, 12.9736666], [80.1978902, 12.9735918]]}}, {"type": "Feature", "properties": {"@id": "way/30596877", "highway": "residential", "original_osm_index": 720}, "geometry": {"type": "LineString", "coordinates": [[80.1974711, 12.9734071], [80.1969085, 12.9734591]]}}, {"type": "Feature", "properties": {"@id": "way/30596878", "highway": "residential", "original_osm_index": 721}, "geometry": {"type": "LineString", "coordinates": [[80.1978028, 12.973], [80.1978902, 12.9735918]]}}, {"type": "Feature", "properties": {"@id": "way/30596881", "highway": "residential", "original_osm_index": 722}, "geometry": {"type": "LineString", "coordinates": [[80.2019125, 12.9730626], [80.2023738, 12.9730002], [80.2025462, 12.9729733], [80.2026361, 12.9729536], [80.2026562, 12.9729086], [80.2026539, 12.9727956], [80.2026334, 12.9725864], [80.2025838, 12.9725426], [80.2025114, 12.9725263], [80.2020833, 12.9725734]]}}, {"type": "Feature", "properties": {"@id": "way/30596884", "highway": "residential", "original_osm_index": 723}, "geometry": {"type": "LineString", "coordinates": [[80.201633, 12.9724629], [80.2018878, 12.9723675], [80.2019508, 12.9723192], [80.2020028, 12.9722181], [80.2019844, 12.9719888]]}}, {"type": "Feature", "properties": {"@id": "way/30596885", "highway": "residential", "original_osm_index": 724}, "geometry": {"type": "LineString", "coordinates": [[80.2027398, 12.9716408], [80.2027085, 12.9718494], [80.2026529, 12.9719245], [80.2024203, 12.97194], [80.2019844, 12.9719888], [80.2012571, 12.972078]]}}, {"type": "Feature", "properties": {"@id": "way/30597361", "highway": "residential", "original_osm_index": 725}, "geometry": {"type": "LineString", "coordinates": [[80.2053884, 12.9741776], [80.2042957, 12.9742553], [80.2042716, 12.974235], [80.2042454, 12.9741906]]}}, {"type": "Feature", "properties": {"@id": "way/30597365", "highway": "residential", "name": "Balaji Nagar 28th Street", "name:ta": "பாலாஜி நகர் 28வது தெரு", "original_osm_index": 726}, "geometry": {"type": "LineString", "coordinates": [[80.2042248, 12.9740548], [80.2033243, 12.9741433]]}}, {"type": "Feature", "properties": {"@id": "way/30597367", "highway": "residential", "source": "digitalglobe", "original_osm_index": 727}, "geometry": {"type": "LineString", "coordinates": [[80.2042454, 12.9741906], [80.2042248, 12.9740548], [80.2041294, 12.9734235], [80.2041124, 12.9733936], [80.2040948, 12.9733833], [80.2040514, 12.9733832], [80.2035371, 12.97344]]}}, {"type": "Feature", "properties": {"@id": "way/30597368", "highway": "residential", "original_osm_index": 728}, "geometry": {"type": "LineString", "coordinates": [[80.2023738, 12.9730002], [80.2023941, 12.973185]]}}, {"type": "Feature", "properties": {"@id": "way/30597369", "highway": "residential", "original_osm_index": 729}, "geometry": {"type": "LineString", "coordinates": [[80.2026539, 12.9727956], [80.2030049, 12.9727673]]}}, {"type": "Feature", "properties": {"@id": "way/30597370", "highway": "residential", "lanes": "2", "name": "Sivaprakash Nagar First Street", "original_osm_index": 730}, "geometry": {"type": "LineString", "coordinates": [[80.2061845, 12.9725803], [80.2061879, 12.9722545], [80.2061861, 12.9720482], [80.2062128, 12.9720134], [80.2062477, 12.9719924], [80.2065137, 12.9719542], [80.2069674, 12.9718955], [80.2077555, 12.9717807]]}}, {"type": "Feature", "properties": {"@id": "way/30597371", "highway": "residential", "original_osm_index": 731}, "geometry": {"type": "LineString", "coordinates": [[80.2071128, 12.9745956], [80.2070387, 12.974204], [80.2069627, 12.9736563], [80.2069488, 12.9733918], [80.207378, 12.9733836], [80.2075889, 12.9733755], [80.2079322, 12.9733607]]}}, {"type": "Feature", "properties": {"@id": "way/30597372", "highway": "residential", "original_osm_index": 732}, "geometry": {"type": "LineString", "coordinates": [[80.207378, 12.9733836], [80.2073986, 12.9735827], [80.2075289, 12.9741855], [80.2075646, 12.9746245]]}}, {"type": "Feature", "properties": {"@id": "way/30597373", "highway": "residential", "oneway": "yes", "original_osm_index": 733}, "geometry": {"type": "LineString", "coordinates": [[80.2084109, 12.9747899], [80.2083532, 12.9747229], [80.2082921, 12.9746857], [80.2080867, 12.9746971], [80.2079562, 12.9747105], [80.2078937, 12.9740954]]}}, {"type": "Feature", "properties": {"@id": "way/30597374", "highway": "residential", "name": "Balaji Nagar 25th Street", "name:ta": "பாலாஜி நகர் 25வது தெரு", "original_osm_index": 734}, "geometry": {"type": "LineString", "coordinates": [[80.2065882, 12.9744382], [80.2058917, 12.974489], [80.2054173, 12.9745272]]}}, {"type": "Feature", "properties": {"@id": "way/30597375", "highway": "residential", "original_osm_index": 735}, "geometry": {"type": "LineString", "coordinates": [[80.2065377, 12.9739796], [80.2058415, 12.9740439]]}}, {"type": "Feature", "properties": {"@id": "way/30597376", "highway": "residential", "name": "Balaji Nagar 32nd Street", "name:ta": "பாலாஜி நகர் 32வது தெரு", "original_osm_index": 736}, "geometry": {"type": "LineString", "coordinates": [[80.2058917, 12.974489], [80.2058415, 12.9740439], [80.2058188, 12.9735965]]}}, {"type": "Feature", "properties": {"@id": "way/30597377", "highway": "residential", "original_osm_index": 737}, "geometry": {"type": "LineString", "coordinates": [[80.2064849, 12.973532], [80.2061591, 12.9735439], [80.2058188, 12.9735965], [80.2053263, 12.9735996]]}}, {"type": "Feature", "properties": {"@id": "way/30597378", "highway": "residential", "name": "Balaji Nagar 21st Street", "name:ta": "பாலாஜி நகர் 21வது தெரு", "original_osm_index": 738}, "geometry": {"type": "LineString", "coordinates": [[80.2055979, 12.9759394], [80.2066474, 12.975866], [80.2067091, 12.9758216]]}}, {"type": "Feature", "properties": {"@id": "way/30597381", "highway": "residential", "name": "Balaji Nagar 23rd Street", "name:ta": "பாலாஜி நகர் 23வது தெரு", "original_osm_index": 739}, "geometry": {"type": "LineString", "coordinates": [[80.2070887, 12.9753681], [80.2069669, 12.975378], [80.2066676, 12.9754022], [80.2055371, 12.9754912]]}}, {"type": "Feature", "properties": {"@id": "way/30597382", "highway": "residential", "original_osm_index": 740}, "geometry": {"type": "LineString", "coordinates": [[80.2052821, 12.9754405], [80.2049584, 12.9754688]]}}, {"type": "Feature", "properties": {"@id": "way/30597383", "highway": "residential", "original_osm_index": 741}, "geometry": {"type": "LineString", "coordinates": [[80.2048199, 12.9750539], [80.2049584, 12.9754688]]}}, {"type": "Feature", "properties": {"@id": "way/30597384", "highway": "tertiary", "name": "Brindavan Nagar Main Road", "surface": "asphalt", "original_osm_index": 742}, "geometry": {"type": "LineString", "coordinates": [[80.2048945, 12.9839602], [80.2048598, 12.9835031], [80.2048073, 12.982992], [80.2047995, 12.9828782], [80.2047434, 12.9824459], [80.2046926, 12.9822006], [80.2046298, 12.9815938], [80.204591, 12.9811904], [80.2045304, 12.9808604], [80.2044389, 12.9804424], [80.204373, 12.9800357]]}}, {"type": "Feature", "properties": {"@id": "way/30597387", "highway": "residential", "name": "Balaji Nagar 19th Street", "name:ta": "பாலாஜி நகர் 19வது தெரு", "original_osm_index": 743}, "geometry": {"type": "LineString", "coordinates": [[80.203775, 12.9762664], [80.2048329, 12.9764789], [80.2049549, 12.9764855], [80.2050783, 12.9764711], [80.205659, 12.9763548]]}}, {"type": "Feature", "properties": {"@id": "way/30597388", "highway": "tertiary", "name": "Murugappa Street", "original_osm_index": 744}, "geometry": {"type": "LineString", "coordinates": [[80.1974719, 12.9755516], [80.1978612, 12.9756148], [80.1989337, 12.9757978], [80.1997125, 12.9759575], [80.2001078, 12.9760303], [80.200366, 12.9760779], [80.2006251, 12.9761242], [80.2007218, 12.9761415], [80.2007478, 12.9761462], [80.201146, 12.9762205], [80.2017598, 12.9763161], [80.2021125, 12.9763752], [80.2023433, 12.976421], [80.2029361, 12.9765487], [80.203874, 12.9766987]]}}, {"type": "Feature", "properties": {"@id": "way/30597390", "highway": "residential", "original_osm_index": 745}, "geometry": {"type": "LineString", "coordinates": [[80.1978429, 12.9764748], [80.1978585, 12.9761044], [80.1978612, 12.9756148]]}}, {"type": "Feature", "properties": {"@id": "way/30597391", "highway": "residential", "original_osm_index": 746}, "geometry": {"type": "LineString", "coordinates": [[80.1978585, 12.9761044], [80.1985369, 12.9761316], [80.1989126, 12.976143]]}}, {"type": "Feature", "properties": {"@id": "way/30597392", "highway": "residential", "original_osm_index": 747}, "geometry": {"type": "LineString", "coordinates": [[80.200366, 12.9760779], [80.2004154, 12.9768007]]}}, {"type": "Feature", "properties": {"@id": "way/30597393", "highway": "residential", "original_osm_index": 748}, "geometry": {"type": "LineString", "coordinates": [[80.2007218, 12.9761415], [80.2007812, 12.9768119]]}}, {"type": "Feature", "properties": {"@id": "way/30597394", "highway": "residential", "original_osm_index": 749}, "geometry": {"type": "LineString", "coordinates": [[80.201146, 12.9762205], [80.2011928, 12.9770497], [80.2012032, 12.9772934], [80.2012086, 12.9777493], [80.2012011, 12.9783077], [80.2012088, 12.9783727], [80.2012346, 12.9787196]]}}, {"type": "Feature", "properties": {"@id": "way/30597395", "highway": "residential", "original_osm_index": 750}, "geometry": {"type": "LineString", "coordinates": [[80.2015426, 12.9779997], [80.2015462, 12.9777621], [80.2015584, 12.977426], [80.2015737, 12.9770068], [80.2015844, 12.9766838]]}}, {"type": "Feature", "properties": {"@id": "way/30597396", "highway": "residential", "original_osm_index": 751}, "geometry": {"type": "LineString", "coordinates": [[80.2011928, 12.9770497], [80.2015737, 12.9770068], [80.2021501, 12.9769325]]}}, {"type": "Feature", "properties": {"@id": "way/30597397", "highway": "residential", "original_osm_index": 752}, "geometry": {"type": "LineString", "coordinates": [[80.2000495, 12.9763807], [80.2000714, 12.9768071]]}}, {"type": "Feature", "properties": {"@id": "way/30597398", "highway": "residential", "original_osm_index": 753}, "geometry": {"type": "LineString", "coordinates": [[80.2023433, 12.976421], [80.2023466, 12.976267], [80.2023389, 12.9759368], [80.2023414, 12.9757463]]}}, {"type": "Feature", "properties": {"@id": "way/30597399", "highway": "residential", "original_osm_index": 754}, "geometry": {"type": "LineString", "coordinates": [[80.2023389, 12.9759368], [80.2021379, 12.9759291]]}}, {"type": "Feature", "properties": {"@id": "way/30597400", "highway": "residential", "original_osm_index": 755}, "geometry": {"type": "LineString", "coordinates": [[80.2021196, 12.9752541], [80.2021115, 12.975], [80.2020755, 12.9745696], [80.2020602, 12.9744971], [80.2020588, 12.9743556], [80.2020568, 12.9743082], [80.2020688, 12.9742739]]}}, {"type": "Feature", "properties": {"@id": "way/30597401", "highway": "residential", "original_osm_index": 756}, "geometry": {"type": "LineString", "coordinates": [[80.2017427, 12.9751207], [80.2021196, 12.9752541]]}}, {"type": "Feature", "properties": {"@id": "way/30597402", "highway": "residential", "name": "Balaji Nagar 1st Cross Street", "name:ta": "பாலாஜி நகர் 1வது குறுக்கு தெரு", "original_osm_index": 757}, "geometry": {"type": "LineString", "coordinates": [[80.2023466, 12.976267], [80.2027639, 12.9762466], [80.2032049, 12.9762286], [80.2034964, 12.9762125], [80.2037563, 12.9761659]]}}, {"type": "Feature", "properties": {"@id": "way/30597403", "highway": "residential", "name": "Ganesh Nagar 7th Street", "name:ta": "கணேஷ் நகர் 7வது தெரு", "original_osm_index": 758}, "geometry": {"type": "LineString", "coordinates": [[80.2027639, 12.9762466], [80.2027562, 12.9757617]]}}, {"type": "Feature", "properties": {"@id": "way/30597404", "highway": "residential", "name": "Ganesh Nagar 8th Street", "name:ta": "கணேஷ் நகர் 8வது தெரு", "original_osm_index": 759}, "geometry": {"type": "LineString", "coordinates": [[80.2032049, 12.9762286], [80.2031789, 12.9758144]]}}, {"type": "Feature", "properties": {"@id": "way/30597405", "highway": "residential", "name": "Balaji Nagar 2nd Cross Street", "name:ta": "பாலாஜி நகர் 2வது குறுக்கு தெரு", "original_osm_index": 760}, "geometry": {"type": "LineString", "coordinates": [[80.2036816, 12.9758015], [80.2035046, 12.9758438]]}}, {"type": "Feature", "properties": {"@id": "way/30597406", "highway": "residential", "name": "Balaji Nagar 3rd Cross Street", "name:ta": "பாலாஜி நகர் 3வது குறுக்கு தெரு", "original_osm_index": 761}, "geometry": {"type": "LineString", "coordinates": [[80.2036162, 12.9755056], [80.2030332, 12.9756967]]}}, {"type": "Feature", "properties": {"@id": "way/30597407", "highway": "residential", "name": "Balaji Nagar 4th Cross Street", "name:ta": "பாலாஜி நகர் 4வது குறுக்கு தெரு", "original_osm_index": 762}, "geometry": {"type": "LineString", "coordinates": [[80.2035931, 12.9753552], [80.2044357, 12.9753236]]}}, {"type": "Feature", "properties": {"@id": "way/30597409", "highway": "residential", "name": "A.G.S. Colony 2nd Street", "name:ta": "ஏ.ஜி.எஸ். காலனி 2வது தெரு", "original_osm_index": 763}, "geometry": {"type": "LineString", "coordinates": [[80.2079338, 12.9727103], [80.2088469, 12.9725533]]}}, {"type": "Feature", "properties": {"@id": "way/30597410", "highway": "residential", "original_osm_index": 764}, "geometry": {"type": "LineString", "coordinates": [[80.2106258, 12.9727839], [80.2106164, 12.9727315], [80.210603, 12.9727119], [80.2105728, 12.9727112], [80.209119, 12.9728693], [80.2089802, 12.9729171], [80.2089273, 12.9729112]]}}, {"type": "Feature", "properties": {"@id": "way/30597411", "highway": "residential", "name": "A.G.S. Colony 1st Street", "name:ta": "ஏ.ஜி.எஸ். காலனி 1வது தெரு", "original_osm_index": 765}, "geometry": {"type": "LineString", "coordinates": [[80.2087777, 12.9721159], [80.2078171, 12.9722706]]}}, {"type": "Feature", "properties": {"@id": "way/30597412", "highway": "residential", "original_osm_index": 766}, "geometry": {"type": "LineString", "coordinates": [[80.207748, 12.9717209], [80.2082983, 12.9716616], [80.2089384, 12.9715862]]}}, {"type": "Feature", "properties": {"@id": "way/30597413", "highway": "residential", "original_osm_index": 767}, "geometry": {"type": "LineString", "coordinates": [[80.2139525, 12.9639679], [80.2138602, 12.9637441], [80.2137788, 12.9635472], [80.2136687, 12.9632806], [80.2136111, 12.9631412], [80.2135533, 12.9630015], [80.2134526, 12.9627579], [80.213302, 12.9623937], [80.2132668, 12.9623084], [80.21318060191334, 12.9621]]}}, {"type": "Feature", "properties": {"@id": "way/30597414", "highway": "residential", "name": "7th Main Road", "original_osm_index": 768}, "geometry": {"type": "LineString", "coordinates": [[80.2106559, 12.9622031], [80.2080603, 12.9628642]]}}, {"type": "Feature", "properties": {"@id": "way/30597415", "highway": "residential", "name": "Ram nagar 6th Main Road", "surface": "sand", "original_osm_index": 769}, "geometry": {"type": "LineString", "coordinates": [[80.2081822, 12.9633527], [80.2109688, 12.9626819]]}}, {"type": "Feature", "properties": {"@id": "way/30597416", "highway": "residential", "name": "5th Main Road", "original_osm_index": 770}, "geometry": {"type": "LineString", "coordinates": [[80.2110628, 12.9631362], [80.2082938, 12.9638131]]}}, {"type": "Feature", "properties": {"@id": "way/30597417", "highway": "residential", "original_osm_index": 771}, "geometry": {"type": "LineString", "coordinates": [[80.2001456, 12.9655448], [80.2002484, 12.9661428], [80.2003232, 12.9667089]]}}, {"type": "Feature", "properties": {"@id": "way/30597418", "highway": "residential", "original_osm_index": 772}, "geometry": {"type": "LineString", "coordinates": [[80.1983528, 12.9666219], [80.1996083, 12.9663657]]}}, {"type": "Feature", "properties": {"@id": "way/30597419", "highway": "residential", "original_osm_index": 773}, "geometry": {"type": "LineString", "coordinates": [[80.1971467, 12.9661978], [80.1972764, 12.9661715], [80.197429, 12.9661392], [80.1974924, 12.9661262], [80.1978201, 12.966071], [80.1981848, 12.9660321], [80.1985354, 12.9659208], [80.1994933, 12.9657445]]}}, {"type": "Feature", "properties": {"@id": "way/30597420", "highway": "residential", "name": "Bharathiyar Street", "name:etymology:wikidata": "Q256286", "original_osm_index": 774}, "geometry": {"type": "LineString", "coordinates": [[80.1985614, 12.9648709], [80.1993442, 12.9641124], [80.1995543, 12.9638781]]}}, {"type": "Feature", "properties": {"@id": "way/30597421", "highway": "residential", "name": "2nd Street", "original_osm_index": 775}, "geometry": {"type": "LineString", "coordinates": [[80.1993214, 12.9638573], [80.1992775, 12.9626195], [80.1994327, 12.9625951], [80.200042, 12.9624908]]}}, {"type": "Feature", "properties": {"@id": "way/30597422", "highway": "residential", "original_osm_index": 776}, "geometry": {"type": "LineString", "coordinates": [[80.2011773, 12.9624683], [80.2009892, 12.9624664], [80.2005096, 12.9624615], [80.2003617, 12.9624696], [80.200042, 12.9624908]]}}, {"type": "Feature", "properties": {"@id": "way/30597423", "highway": "residential", "original_osm_index": 777}, "geometry": {"type": "LineString", "coordinates": [[80.2004956, 12.9638596], [80.2004322, 12.9634309], [80.2004118, 12.9633291], [80.2003882, 12.9632396], [80.2003605, 12.9630789], [80.200436, 12.9630539], [80.2018269, 12.9628714]]}}, {"type": "Feature", "properties": {"@id": "way/30597424", "highway": "residential", "lanes": "1", "name": "4th Main Road", "oneway": "no", "original_osm_index": 778}, "geometry": {"type": "LineString", "coordinates": [[80.2008409, 12.9649441], [80.2012214, 12.9648832], [80.2015032, 12.9648523], [80.2016582, 12.9648345], [80.2018126, 12.964836], [80.2027394, 12.9648137], [80.2031954, 12.9647914], [80.2035762, 12.9647535], [80.2044009, 12.9645481], [80.2060107, 12.9642522]]}}, {"type": "Feature", "properties": {"@id": "way/30597425", "highway": "residential", "original_osm_index": 779}, "geometry": {"type": "LineString", "coordinates": [[80.2018444, 12.9645179], [80.2016193, 12.9645252], [80.201418, 12.9645458], [80.2010723, 12.9645874], [80.2006701, 12.964644], [80.2003056, 12.9647141], [80.2002998, 12.9647142], [80.2002951, 12.964713]]}}, {"type": "Feature", "properties": {"@id": "way/30597426", "highway": "residential", "original_osm_index": 780}, "geometry": {"type": "LineString", "coordinates": [[80.2006194, 12.9654851], [80.2005194, 12.9650095]]}}, {"type": "Feature", "properties": {"@id": "way/30597428", "highway": "residential", "original_osm_index": 781}, "geometry": {"type": "LineString", "coordinates": [[80.2017794, 12.9637585], [80.201778, 12.9632666]]}}, {"type": "Feature", "properties": {"@id": "way/30597429", "highway": "residential", "original_osm_index": 782}, "geometry": {"type": "LineString", "coordinates": [[80.2018597, 12.9632544], [80.2018269, 12.9628714], [80.2018325, 12.9628225], [80.2017814, 12.9624822], [80.2017701, 12.9624284]]}}, {"type": "Feature", "properties": {"@id": "way/30597832", "highway": "residential", "lanes": "1", "name": "Rajaji Nagar Main Road", "oneway": "no", "surface": "paved", "original_osm_index": 783}, "geometry": {"type": "LineString", "coordinates": [[80.2032627, 12.9630709], [80.203277, 12.9631075], [80.2033087, 12.9631188], [80.2033803, 12.9631025], [80.2040568, 12.9628966], [80.2043977, 12.9627464], [80.204416, 12.9627314], [80.2044211, 12.9627206], [80.2044295, 12.9626896], [80.2044286, 12.9626662], [80.2048362, 12.9625129], [80.2055655, 12.9622727], [80.2057539, 12.9622176], [80.206151, 12.9621091], [80.20621502180747, 12.9621]]}}, {"type": "Feature", "properties": {"@id": "way/30597834", "highway": "residential", "original_osm_index": 784}, "geometry": {"type": "LineString", "coordinates": [[80.2047373, 12.9621247], [80.20481442075356, 12.9621]]}}, {"type": "Feature", "properties": {"@id": "way/30597835", "highway": "residential", "original_osm_index": 785}, "geometry": {"type": "LineString", "coordinates": [[80.206151, 12.9621091], [80.20614875975457, 12.9621]]}}, {"type": "Feature", "properties": {"@id": "way/30598635", "highway": "secondary", "lanes": "2", "maxspeed": "20", "name": "Bazaar Road", "name:ta": "பஜார் சாலை", "network": "IN:MDR:TN", "official_name": "Madipakkam - Velachery Road", "oneway": "yes", "ref": "MDR622", "surface": "asphalt", "original_osm_index": 786}, "geometry": {"type": "LineString", "coordinates": [[80.2071462, 12.9652122], [80.2070951, 12.9652204], [80.206552, 12.965308], [80.206363, 12.9653218], [80.206289, 12.9653085], [80.2062428, 12.9653051], [80.2061874, 12.9653011], [80.2060895, 12.9653129], [80.2058648, 12.9653441], [80.2046618, 12.9655796], [80.2043863, 12.9656308], [80.2043452, 12.965638], [80.2039051, 12.9657147], [80.2035749, 12.9657795], [80.2033056, 12.9657968], [80.202278, 12.9658239], [80.2020665, 12.9658297], [80.2019549, 12.965833], [80.2018922, 12.9658156], [80.2018234, 12.9657507], [80.2018046, 12.965637], [80.2017839, 12.9654916], [80.2017569, 12.9653921], [80.2017134, 12.9653521], [80.2016547, 12.9653251], [80.2015807, 12.965309], [80.2014939, 12.9653058], [80.2012837, 12.9653423], [80.2006194, 12.9654851], [80.2005331, 12.9655186]]}}, {"type": "Feature", "properties": {"@id": "way/30598636", "highway": "primary", "lane_markings": "yes", "maxspeed": "40", "name": "Major Mukund Varadharajan Salai", "name:ta": "மேஜர் முகுந்த் வரதராஜன் சாலை", "official_name": "Marmalong Bridge - Irumbuliyur - Vandalur - Mudichur - Oragadam - Walajabad Road", "oneway": "yes", "ref": "SH48", "surface": "asphalt", "original_osm_index": 787}, "geometry": {"type": "LineString", "coordinates": [[80.2164817, 12.9645798], [80.2163197, 12.9641632]]}}, {"type": "Feature", "properties": {"@id": "way/30598638", "bridge": "yes", "highway": "primary", "lanes": "2", "layer": "1", "maxspeed": "50", "name": "Velachery MRTS Bridge", "name:ta": "வேளச்சேரி பறக்கும் தொடருந்து பாலம்", "official_name": "Marmalong Bridge - Irumbuliyur - Vandalur - Mudichur - Oragadam - Walajabad Road", "oneway": "yes", "ref": "SH48", "source": "survey", "surface": "asphalt", "width": "9.2", "original_osm_index": 788}, "geometry": {"type": "LineString", "coordinates": [[80.2188214, 12.9704804], [80.2165229, 12.9647335]]}}, {"type": "Feature", "properties": {"@id": "way/30598640", "highway": "residential", "original_osm_index": 789}, "geometry": {"type": "LineString", "coordinates": [[80.2148218, 12.9703394], [80.2148372, 12.9703296], [80.2160021, 12.9701452]]}}, {"type": "Feature", "properties": {"@id": "way/30598642", "highway": "residential", "original_osm_index": 790}, "geometry": {"type": "LineString", "coordinates": [[80.2135734, 12.9720386], [80.214614, 12.9719631], [80.2146924, 12.9719623], [80.2147333, 12.9719759], [80.2147666, 12.9720004], [80.2148331, 12.972383]]}}, {"type": "Feature", "properties": {"@id": "way/30598643", "highway": "residential", "original_osm_index": 791}, "geometry": {"type": "LineString", "coordinates": [[80.2130977, 12.9736589], [80.2126642, 12.9737212], [80.2126355, 12.9741865], [80.2126071, 12.9746042], [80.2126029, 12.9750123], [80.2125753, 12.9754002], [80.2125508, 12.9758648], [80.2125413, 12.9759941]]}}, {"type": "Feature", "properties": {"@id": "way/30598644", "created_by": "Potlatch 0.10c", "highway": "residential", "original_osm_index": 792}, "geometry": {"type": "LineString", "coordinates": [[80.2164019, 12.9726539], [80.2150515, 12.9726837], [80.2150472, 12.9728131], [80.2136648, 12.9728784]]}}, {"type": "Feature", "properties": {"@id": "way/30598645", "highway": "residential", "name": "8th Main Road", "original_osm_index": 793}, "geometry": {"type": "LineString", "coordinates": [[80.2172007, 12.973194], [80.2181852, 12.9731871], [80.2190276, 12.9731728]]}}, {"type": "Feature", "properties": {"@id": "way/30598646", "highway": "residential", "original_osm_index": 794}, "geometry": {"type": "LineString", "coordinates": [[80.2170421, 12.9712231], [80.2170241, 12.9714307], [80.2170494, 12.9718764], [80.2170731, 12.9719676], [80.2171098, 12.9722985], [80.2171758, 12.972552], [80.2171823, 12.97272], [80.2171933, 12.9730033], [80.2172007, 12.973194]]}}, {"type": "Feature", "properties": {"@id": "way/30598647", "highway": "residential", "original_osm_index": 795}, "geometry": {"type": "LineString", "coordinates": [[80.2172007, 12.973194], [80.2172131, 12.9735438]]}}, {"type": "Feature", "properties": {"@id": "way/30598648", "highway": "residential", "original_osm_index": 796}, "geometry": {"type": "LineString", "coordinates": [[80.2171898, 12.9735591], [80.2171697, 12.9741773]]}}, {"type": "Feature", "properties": {"@id": "way/30601304", "highway": "residential", "name": "Kalki Nagar 1st Cross", "original_osm_index": 797}, "geometry": {"type": "LineString", "coordinates": [[80.2103576, 12.9759411], [80.2093803, 12.9759274]]}}, {"type": "Feature", "properties": {"@id": "way/30604286", "highway": "residential", "name": "Buhuvaneswary Nagar 2nd Main Road", "original_osm_index": 798}, "geometry": {"type": "LineString", "coordinates": [[80.2204517, 12.9697776], [80.2229406, 12.9698015], [80.2241127, 12.9698845]]}}, {"type": "Feature", "properties": {"@id": "way/30604287", "highway": "residential", "original_osm_index": 799}, "geometry": {"type": "LineString", "coordinates": [[80.2221739, 12.9722652], [80.2211844, 12.9723157]]}}, {"type": "Feature", "properties": {"@id": "way/30604288", "access": "private", "highway": "residential", "original_osm_index": 800}, "geometry": {"type": "LineString", "coordinates": [[80.2212269, 12.9735047], [80.2212156, 12.9734837], [80.2212145, 12.9732757], [80.222376, 12.9732368], [80.2228069, 12.9732149]]}}, {"type": "Feature", "properties": {"@id": "way/30604289", "access": "private", "highway": "residential", "original_osm_index": 801}, "geometry": {"type": "LineString", "coordinates": [[80.2204048, 12.9743682], [80.2207295, 12.974324], [80.2210542, 12.9742797], [80.2211085, 12.9742612], [80.2211474, 12.9742337], [80.2211635, 12.9742089], [80.2211715, 12.9741605], [80.2211675, 12.974107], [80.2211474, 12.9738142], [80.2211541, 12.9737881], [80.2211675, 12.9737711], [80.2211983, 12.9737659], [80.221614, 12.9737478], [80.2220982, 12.9737268], [80.2222806, 12.9737188], [80.2222954, 12.9737252], [80.2223034, 12.9737371], [80.2223347, 12.9740749]]}}, {"type": "Feature", "properties": {"@id": "way/30604290", "highway": "residential", "original_osm_index": 802}, "geometry": {"type": "LineString", "coordinates": [[80.2233787, 12.9761907], [80.2230849, 12.9761473], [80.2227091, 12.9761274], [80.2226949, 12.9761251], [80.2226825, 12.9761177], [80.2226771, 12.9761048], [80.2226756, 12.9760921], [80.2226719, 12.9756732]]}}, {"type": "Feature", "properties": {"@id": "way/30604291", "highway": "residential", "original_osm_index": 803}, "geometry": {"type": "LineString", "coordinates": [[80.2231874, 12.9748906], [80.2231776, 12.9751538]]}}, {"type": "Feature", "properties": {"@id": "way/30604294", "highway": "residential", "lane_markings": "no", "name": "Sarathy Nagar 5th street", "surface": "asphalt", "original_osm_index": 804}, "geometry": {"type": "LineString", "coordinates": [[80.2219008, 12.9749637], [80.2221786, 12.9749491], [80.2224526, 12.9750627], [80.2226906, 12.9751649]]}}, {"type": "Feature", "properties": {"@id": "way/30604295", "highway": "residential", "lane_markings": "no", "name": "Sarathy Nagar 1st Main Road", "surface": "asphalt", "original_osm_index": 805}, "geometry": {"type": "LineString", "coordinates": [[80.2218849, 12.9747717], [80.2218997, 12.974951], [80.2219008, 12.9749637], [80.2219211, 12.9751715], [80.2219329, 12.9752918], [80.221937, 12.975391], [80.2219517, 12.9757501], [80.2219418, 12.9757854], [80.2219323, 12.975819], [80.2218618, 12.9760699], [80.2217575, 12.9762417]]}}, {"type": "Feature", "properties": {"@id": "way/30604296", "highway": "residential", "name": "Sarathy Nagar 1st street", "original_osm_index": 806}, "geometry": {"type": "LineString", "coordinates": [[80.2219418, 12.9757854], [80.2219299, 12.9757759], [80.2218331, 12.9756672], [80.2216913, 12.975568]]}}, {"type": "Feature", "properties": {"@id": "way/30604298", "highway": "residential", "lane_markings": "no", "name": "Sarathy Nagar 2nd street", "surface": "asphalt", "original_osm_index": 807}, "geometry": {"type": "LineString", "coordinates": [[80.2219517, 12.9757501], [80.2223191, 12.975721], [80.2226719, 12.9756732], [80.2228784, 12.9756389], [80.2228952, 12.9756357], [80.2229061, 12.9756271]]}}, {"type": "Feature", "properties": {"@id": "way/30604300", "highway": "residential", "name": "Varadarajapuram", "original_osm_index": 808}, "geometry": {"type": "LineString", "coordinates": [[80.2222483, 12.9765627], [80.2223261, 12.9765304], [80.2223481, 12.9765252], [80.2223706, 12.9765239], [80.2227608, 12.9765378]]}}, {"type": "Feature", "properties": {"@id": "way/30604301", "alt_name": "Bypass Road", "cycleway": "lane", "highway": "primary", "lanes": "2", "maxspeed": "50", "name": "Velachery Bypass Road", "name:ta": "வேளச்சேரி புறவழிச்சாலை", "oneway": "yes", "ref": "SH48C", "surface": "asphalt", "original_osm_index": 809}, "geometry": {"type": "LineString", "coordinates": [[80.2184067, 12.9800506], [80.2183344, 12.9802393], [80.2182592, 12.9804939], [80.2181511, 12.9808421], [80.2180746, 12.9810724], [80.2179509, 12.9814509], [80.2179014, 12.9817607], [80.2178536, 12.982412], [80.2178532, 12.9829414], [80.2178474, 12.9830905], [80.2178496, 12.9833506], [80.2178388, 12.983921], [80.21784, 12.9844609], [80.2178505, 12.9852018], [80.217889, 12.9856366], [80.2179865, 12.9861744], [80.2180718, 12.9865688], [80.2180785, 12.986602], [80.2181306, 12.9869397], [80.2182229, 12.9874624]]}}, {"type": "Feature", "properties": {"@id": "way/30604302", "highway": "secondary", "lanes": "2", "maxspeed": "30", "maxspeed:type": "sign", "name": "Velachery Main Road", "name:etymology:wikidata": "Q7918771", "name:ta": "வேளச்சேரி முதன்மைச் சாலை", "old_ref": "SH48", "oneway": "yes", "surface": "asphalt", "width": "8 m", "original_osm_index": 810}, "geometry": {"type": "LineString", "coordinates": [[80.2194481, 12.9916914], [80.21892396976008, 12.9924]]}}, {"type": "Feature", "properties": {"@id": "way/30604303", "access": "permissive", "highway": "residential", "name": "Radhakrishnan Street", "name:ta": "ராதாகிருஷ்ணன் தெரு", "original_osm_index": 811}, "geometry": {"type": "LineString", "coordinates": [[80.219162, 12.9905819], [80.2189459, 12.9906531], [80.218732, 12.99072], [80.2181347, 12.9909067]]}}, {"type": "Feature", "properties": {"@id": "way/30604304", "access": "permissive", "highway": "residential", "name": "Pandian Street", "original_osm_index": 812}, "geometry": {"type": "LineString", "coordinates": [[80.2189838, 12.9900885], [80.2184966, 12.9902449], [80.2178309, 12.9904582]]}}, {"type": "Feature", "properties": {"@id": "way/30604305", "highway": "living_street", "original_osm_index": 813}, "geometry": {"type": "LineString", "coordinates": [[80.2184992, 12.9886272], [80.2177979, 12.9889362], [80.2177652, 12.9889439], [80.2177459, 12.9889329], [80.2177042, 12.9887565], [80.2177122, 12.9887225], [80.2177444, 12.9887094], [80.2181923, 12.9886467], [80.2182728, 12.9886336], [80.2183206, 12.9886178], [80.2184774, 12.9885594]]}}, {"type": "Feature", "properties": {"@id": "way/30604306", "highway": "residential", "original_osm_index": 814}, "geometry": {"type": "LineString", "coordinates": [[80.2179509, 12.9814509], [80.2172412, 12.9813608], [80.2171457, 12.981348], [80.2170693, 12.9813479], [80.2169988, 12.9813479], [80.2166713, 12.9813519], [80.2160289, 12.981334], [80.2156531, 12.9813145], [80.2153039, 12.9813017]]}}, {"type": "Feature", "properties": {"@id": "way/30604307", "highway": "residential", "original_osm_index": 815}, "geometry": {"type": "LineString", "coordinates": [[80.2146081, 12.9866988], [80.2145772, 12.9863212], [80.2145818, 12.9861108], [80.2145819, 12.9854935]]}}, {"type": "Feature", "properties": {"@id": "way/30604308", "highway": "residential", "name": "3rd Street", "original_osm_index": 816}, "geometry": {"type": "LineString", "coordinates": [[80.2163977, 12.9852819], [80.2170898, 12.9850354], [80.2171811, 12.9850367], [80.217224, 12.9850589], [80.2172441, 12.9850929], [80.2172743, 12.9851726], [80.2173051, 12.9852445], [80.2173448, 12.9853748]]}}, {"type": "Feature", "properties": {"@id": "way/30605099", "highway": "residential", "name": "LIC Colony Main Road", "sidewalk": "no", "original_osm_index": 817}, "geometry": {"type": "LineString", "coordinates": [[80.2226964, 12.977566], [80.2224838, 12.9775548], [80.2222232, 12.977541], [80.2219893, 12.9775311], [80.2219607, 12.9775298], [80.2213705, 12.9775075], [80.2212911, 12.9775045], [80.221206, 12.9775013]]}}, {"type": "Feature", "properties": {"@id": "way/30605100", "highway": "residential", "name": "Dhandeeswaram Nagar 10th Main Road", "surface": "asphalt", "original_osm_index": 818}, "geometry": {"type": "LineString", "coordinates": [[80.2244943, 12.9786684], [80.2244896, 12.9790009], [80.2244906, 12.9795298]]}}, {"type": "Feature", "properties": {"@id": "way/30605103", "highway": "residential", "name": "Dhandeeswaram Nagar 6th Avenue(East)", "original_osm_index": 819}, "geometry": {"type": "LineString", "coordinates": [[80.2254419, 12.9797346], [80.2261221, 12.9797584], [80.2261846, 12.9796415]]}}, {"type": "Feature", "properties": {"@id": "way/30605104", "highway": "residential", "original_osm_index": 820}, "geometry": {"type": "LineString", "coordinates": [[80.2254699, 12.9792498], [80.2248679, 12.9792278]]}}, {"type": "Feature", "properties": {"@id": "way/30605105", "highway": "residential", "name": "Dhandeeswaram Nagar 5th Avenue [west]", "original_osm_index": 821}, "geometry": {"type": "LineString", "coordinates": [[80.2247026, 12.9799325], [80.2254229, 12.9799712]]}}, {"type": "Feature", "properties": {"@id": "way/30605106", "highway": "residential", "name": "Tansi Nagar 2nd Street", "original_osm_index": 822}, "geometry": {"type": "LineString", "coordinates": [[80.223144, 12.9772234], [80.2231302, 12.9773388], [80.2231277, 12.9773759], [80.2230877, 12.9781489], [80.223146, 12.9783488], [80.2231436, 12.9791181], [80.2231383, 12.9791326], [80.2231302, 12.9791429], [80.2231191, 12.979149], [80.2231047, 12.9791514], [80.2226527, 12.9791712]]}}, {"type": "Feature", "properties": {"@id": "way/30606815", "highway": "living_street", "original_osm_index": 823}, "geometry": {"type": "LineString", "coordinates": [[80.2199697, 12.9876831], [80.2196329, 12.9868709]]}}, {"type": "Feature", "properties": {"@id": "way/30606816", "highway": "residential", "original_osm_index": 824}, "geometry": {"type": "LineString", "coordinates": [[80.2130956, 12.9816467], [80.2130987, 12.9815567], [80.2130652, 12.9815344], [80.2130122, 12.9815246], [80.212257, 12.9815478]]}}, {"type": "Feature", "properties": {"@id": "way/30606818", "highway": "residential", "original_osm_index": 825}, "geometry": {"type": "LineString", "coordinates": [[80.2103908, 12.9866539], [80.211445, 12.9866108], [80.2117347, 12.9866121]]}}, {"type": "Feature", "properties": {"@id": "way/30606819", "created_by": "Potlatch 0.10b", "highway": "residential", "original_osm_index": 826}, "geometry": {"type": "LineString", "coordinates": [[80.2100072, 12.9870417], [80.2099615, 12.9866446], [80.2099403, 12.9862228], [80.2098972, 12.9855041]]}}, {"type": "Feature", "properties": {"@id": "way/30606823", "highway": "residential", "original_osm_index": 827}, "geometry": {"type": "LineString", "coordinates": [[80.2222179, 12.9863942], [80.2222611, 12.9865963], [80.2223251, 12.9870172], [80.2223641, 12.9872452]]}}, {"type": "Feature", "properties": {"@id": "way/30606824", "highway": "residential", "name": "Nehru Nagar Lake View Street", "original_osm_index": 828}, "geometry": {"type": "LineString", "coordinates": [[80.2153693, 12.990616], [80.2150504, 12.990738], [80.2146792, 12.9908923], [80.2143012, 12.9910514]]}}, {"type": "Feature", "properties": {"@id": "way/30606825", "highway": "residential", "name": "Mathiazhagan Street", "original_osm_index": 829}, "geometry": {"type": "LineString", "coordinates": [[80.2143012, 12.9910514], [80.2144647, 12.991425], [80.2145557, 12.9916488], [80.214623, 12.9918142], [80.2147123, 12.992014], [80.21487257161206, 12.9924]]}}, {"type": "Feature", "properties": {"@id": "way/30606826", "bridge": "yes", "highway": "residential", "layer": "1", "original_osm_index": 830}, "geometry": {"type": "LineString", "coordinates": [[80.2142926, 12.9910379], [80.2142607, 12.9909882]]}}, {"type": "Feature", "properties": {"@id": "way/30606830", "highway": "residential", "name": "Amnbil Dharmalingam Street", "name:etymology:wikidata": "Q4752505", "original_osm_index": 831}, "geometry": {"type": "LineString", "coordinates": [[80.21576252076252, 12.9924], [80.2157133, 12.9923306]]}}, {"type": "Feature", "properties": {"@id": "way/30606837", "highway": "residential", "original_osm_index": 832}, "geometry": {"type": "LineString", "coordinates": [[80.21567, 12.9885887], [80.2157293, 12.9886611], [80.2157568, 12.988738], [80.2157574, 12.9887936], [80.2157754, 12.9890954], [80.2157772, 12.9895472], [80.2157803, 12.9895677], [80.2157937, 12.9895869]]}}, {"type": "Feature", "properties": {"@id": "way/30606838", "highway": "residential", "original_osm_index": 833}, "geometry": {"type": "LineString", "coordinates": [[80.2162505, 12.9896216], [80.2158286, 12.9895929], [80.2158108, 12.9895935], [80.2157937, 12.9895869]]}}, {"type": "Feature", "properties": {"@id": "way/30606839", "highway": "residential", "original_osm_index": 834}, "geometry": {"type": "LineString", "coordinates": [[80.2163098, 12.989104], [80.2157754, 12.9890954]]}}, {"type": "Feature", "properties": {"@id": "way/30606842", "highway": "residential", "original_osm_index": 835}, "geometry": {"type": "LineString", "coordinates": [[80.2153683, 12.9887915], [80.2154108, 12.9896321], [80.2154135, 12.9896497], [80.2154223, 12.9896718], [80.2156755, 12.9902542]]}}, {"type": "Feature", "properties": {"@id": "way/30606843", "highway": "residential", "name": "Pandidurai Street", "name:ta": "பாண்டிதுரை தெரு", "original_osm_index": 836}, "geometry": {"type": "LineString", "coordinates": [[80.2183136, 12.9878381], [80.2178563, 12.9879267], [80.2175131, 12.9880357]]}}, {"type": "Feature", "properties": {"@id": "way/30609121", "highway": "residential", "name": "Tansi Nagar 13 th street", "original_osm_index": 837}, "geometry": {"type": "LineString", "coordinates": [[80.2276749, 12.9776691], [80.2262508, 12.9776026]]}}, {"type": "Feature", "properties": {"@id": "way/30609122", "highway": "residential", "name": "Tansi Nagar 10th Street", "name:ta": "டான்ஸி நகர் 10வது தெரு", "original_osm_index": 838}, "geometry": {"type": "LineString", "coordinates": [[80.225402, 12.9769774], [80.2253446, 12.9777619]]}}, {"type": "Feature", "properties": {"@id": "way/30609123", "highway": "residential", "name": "Tansi Nagar 19th Street", "name:ta": "டான்ஸி நகர் 19வது தெரு", "original_osm_index": 839}, "geometry": {"type": "LineString", "coordinates": [[80.224884, 12.9769811], [80.2249048, 12.9765924], [80.2249129, 12.9763685], [80.2249692, 12.9762857], [80.2250034, 12.9758494], [80.2250171, 12.9756688], [80.2250304, 12.9754939], [80.2250547, 12.9752323], [80.2250848, 12.9748448], [80.2250735, 12.9745014], [80.2250748, 12.9741975]]}}, {"type": "Feature", "properties": {"@id": "way/30609125", "highway": "residential", "lane_markings": "no", "name": "Sarathy Nagar 3rd street", "surface": "asphalt", "original_osm_index": 840}, "geometry": {"type": "LineString", "coordinates": [[80.221937, 12.975391], [80.2221791, 12.9753555]]}}, {"type": "Feature", "properties": {"@id": "way/30609145", "highway": "residential", "name": "Baby Nagar 1st Cross Road", "original_osm_index": 841}, "geometry": {"type": "LineString", "coordinates": [[80.2284, 12.979636814812745], [80.2283079, 12.9796363], [80.2282508, 12.979636], [80.2282606, 12.9796911], [80.2283136, 12.9799851], [80.228306, 12.9801266]]}}, {"type": "Feature", "properties": {"@id": "way/30609146", "highway": "residential", "name": "Dhandeeshwaram Nagar 7th Main Road", "original_osm_index": 842}, "geometry": {"type": "LineString", "coordinates": [[80.2254699, 12.9792498], [80.2254419, 12.9797346], [80.2254229, 12.9799712], [80.225412, 12.9801076], [80.2253806, 12.9804998], [80.2253603, 12.980895], [80.2253573, 12.9809527], [80.2253337, 12.9813316], [80.2253304, 12.9814483], [80.2253171, 12.9817648], [80.2252919, 12.9823656], [80.2252797, 12.9825829], [80.2252746, 12.9828566], [80.2252538, 12.9832544]]}}, {"type": "Feature", "properties": {"@id": "way/30609147", "embankment": "yes", "highway": "residential", "name": "Selvi Street", "original_osm_index": 843}, "geometry": {"type": "LineString", "coordinates": [[80.2252746, 12.9828566], [80.2261238, 12.982821], [80.2267022, 12.9827907], [80.2270877, 12.9827431]]}}, {"type": "Feature", "properties": {"@id": "way/30609149", "highway": "residential", "name": "Madavmani Avenue", "original_osm_index": 844}, "geometry": {"type": "LineString", "coordinates": [[80.2212104, 12.9770381], [80.2218668, 12.9770335]]}}, {"type": "Feature", "properties": {"@id": "way/30609150", "access": "private", "highway": "residential", "original_osm_index": 845}, "geometry": {"type": "LineString", "coordinates": [[80.2220233, 12.97763], [80.2220093, 12.9777635], [80.2220098, 12.9777836], [80.2220147, 12.9778048], [80.2220318, 12.9778109], [80.22221, 12.9778207]]}}, {"type": "Feature", "properties": {"@id": "way/30609151", "highway": "residential", "name": "Dhandeeshwaram Nagar 2nd Avenue (East)", "original_osm_index": 846}, "geometry": {"type": "LineString", "coordinates": [[80.2253337, 12.9813316], [80.2259448, 12.9813864]]}}, {"type": "Feature", "properties": {"@id": "way/30609152", "highway": "residential", "name": "Hudson Avenue", "original_osm_index": 847}, "geometry": {"type": "LineString", "coordinates": [[80.2263053, 12.9816352], [80.2267286, 12.981642]]}}, {"type": "Feature", "properties": {"@id": "way/30609154", "highway": "residential", "name": "Vellalar Street", "original_osm_index": 848}, "geometry": {"type": "LineString", "coordinates": [[80.2276476, 12.9848093], [80.2280354, 12.9847862], [80.2281808, 12.9847775], [80.2284, 12.984764488127855]]}}, {"type": "Feature", "properties": {"@id": "way/30609723", "highway": "residential", "original_osm_index": 849}, "geometry": {"type": "LineString", "coordinates": [[80.224993, 12.9853488], [80.2249897, 12.9853079], [80.2249717, 12.9852608], [80.2249374, 12.9851881]]}}, {"type": "Feature", "properties": {"@id": "way/30610631", "highway": "residential", "original_osm_index": 850}, "geometry": {"type": "LineString", "coordinates": [[80.2103069, 12.9837709], [80.2099873, 12.9837655], [80.2098436, 12.9837631], [80.2095132, 12.9837905]]}}, {"type": "Feature", "properties": {"@id": "way/30610632", "highway": "residential", "original_osm_index": 851}, "geometry": {"type": "LineString", "coordinates": [[80.2103144, 12.9827716], [80.2103166, 12.9829123], [80.2103069, 12.9837709]]}}, {"type": "Feature", "properties": {"@id": "way/30610636", "highway": "residential", "original_osm_index": 852}, "geometry": {"type": "LineString", "coordinates": [[80.2037123, 12.9854255], [80.2050456, 12.9851861]]}}, {"type": "Feature", "properties": {"@id": "way/30610638", "highway": "residential", "name": "New Colony 1st Street", "original_osm_index": 853}, "geometry": {"type": "LineString", "coordinates": [[80.2011064, 12.9858742], [80.2011685, 12.986259], [80.2011758, 12.9863045], [80.201276, 12.9867758], [80.2014194, 12.9875011], [80.2015521, 12.9881844], [80.2016053, 12.9884429], [80.2016856, 12.9888836], [80.2017814, 12.9893621]]}}, {"type": "Feature", "properties": {"@id": "way/30610639", "highway": "residential", "original_osm_index": 854}, "geometry": {"type": "LineString", "coordinates": [[80.2058473, 12.9919874], [80.20480271678268, 12.9924]]}}, {"type": "Feature", "properties": {"@id": "way/30610640", "highway": "residential", "original_osm_index": 855}, "geometry": {"type": "LineString", "coordinates": [[80.2042017, 12.9919233], [80.2041876, 12.9915319], [80.2041735, 12.9911421], [80.2041635, 12.9909652], [80.2041557, 12.9908286], [80.204134, 12.9907302], [80.2041084, 12.9904821], [80.2041202, 12.990314], [80.2041187, 12.9902461], [80.2041029, 12.9900054]]}}, {"type": "Feature", "properties": {"@id": "way/30610642", "highway": "residential", "original_osm_index": 856}, "geometry": {"type": "LineString", "coordinates": [[80.2016872, 12.9917825], [80.2017456, 12.992171], [80.20179225143299, 12.9924]]}}, {"type": "Feature", "properties": {"@id": "way/30610643", "highway": "tertiary", "name": "Nethaji Road", "name:etymology:wikidata": "Q2153", "original_osm_index": 857}, "geometry": {"type": "LineString", "coordinates": [[80.2098751, 12.9921125], [80.20993840850291, 12.9924]]}}, {"type": "Feature", "properties": {"@id": "way/34638512", "highway": "residential", "name": "Annai Therasa Nagar Road", "original_osm_index": 858}, "geometry": {"type": "LineString", "coordinates": [[80.2032006, 12.9737516], [80.2032609, 12.973471], [80.2033321, 12.9731974], [80.2034488, 12.9729674], [80.2034971, 12.9728485], [80.2035239, 12.9727138], [80.2034523, 12.9721373], [80.2033501, 12.9715532], [80.2033144, 12.9713495], [80.2032548, 12.9709276], [80.2032669, 12.9704854]]}}, {"type": "Feature", "properties": {"@id": "way/55215044", "highway": "residential", "name": "Ganesh Street", "surface": "asphalt", "original_osm_index": 859}, "geometry": {"type": "LineString", "coordinates": [[80.1897659, 12.9686351], [80.1908531, 12.968271]]}}, {"type": "Feature", "properties": {"@id": "way/55215045", "highway": "residential", "name": "Defence Colony", "original_osm_index": 860}, "geometry": {"type": "LineString", "coordinates": [[80.1894772, 12.9679895], [80.1903148, 12.9677691], [80.1907463, 12.9676591]]}}, {"type": "Feature", "properties": {"@id": "way/55215223", "highway": "residential", "original_osm_index": 861}, "geometry": {"type": "LineString", "coordinates": [[80.1892355, 12.967405], [80.1897759, 12.9672552], [80.1902022, 12.9671378]]}}, {"type": "Feature", "properties": {"@id": "way/55215224", "highway": "residential", "original_osm_index": 862}, "geometry": {"type": "LineString", "coordinates": [[80.1894565, 12.9663919], [80.1897759, 12.9672552]]}}, {"type": "Feature", "properties": {"@id": "way/59909741", "bridge": "yes", "highway": "primary", "layer": "1", "name": "Inner Ring Road (Southern Sector)", "name:ta": "உள்வட்டச் சாலை", "oneway": "yes", "ref": "SH2A", "original_osm_index": 863}, "geometry": {"type": "LineString", "coordinates": [[80.1959977, 12.9838926], [80.1959551, 12.9841075], [80.1959448, 12.9844256], [80.1959503, 12.9856039], [80.1958992, 12.9859259], [80.1958444, 12.9861965], [80.1957262, 12.9866238]]}}, {"type": "Feature", "properties": {"@id": "way/82881760", "highway": "primary", "lane_markings": "yes", "lanes": "3", "maxspeed": "40", "motorroad": "no", "name": "Major Mukund Varadharajan Salai", "name:ta": "மேஜர் முகுந்த் வரதராஜன் சாலை", "official_name": "Marmalong Bridge - Irumbuliyur - Vandalur - Mudichur - Oragadam - Walajabad Road", "oneway": "yes", "ref": "SH48", "surface": "asphalt", "original_osm_index": 864}, "geometry": {"type": "LineString", "coordinates": [[80.21529870526315, 12.9621], [80.2158831, 12.963531]]}}, {"type": "Feature", "properties": {"@id": "way/83912307", "highway": "tertiary", "name": "Dhroupathy Amman Koil Street", "original_osm_index": 865}, "geometry": {"type": "LineString", "coordinates": [[80.2230567, 12.9870692], [80.2223641, 12.9872452], [80.2221845, 12.9873185], [80.2219662, 12.9874128], [80.2219036, 12.987436], [80.221345, 12.9876696], [80.2212458, 12.9877111], [80.2205954, 12.9879964], [80.2203267, 12.9881142], [80.2201434, 12.9881703], [80.2199253, 12.988206], [80.2195555, 12.988273], [80.2192208, 12.9883431], [80.2185724, 12.9885725]]}}, {"type": "Feature", "properties": {"@id": "way/84099117", "highway": "residential", "original_osm_index": 866}, "geometry": {"type": "LineString", "coordinates": [[80.2044286, 12.9626662], [80.2043523, 12.9623478], [80.20429288559879, 12.9621]]}}, {"type": "Feature", "properties": {"@id": "way/84099120", "highway": "residential", "name": "Bajanai Koil Street", "original_osm_index": 867}, "geometry": {"type": "LineString", "coordinates": [[80.197983, 12.9625105], [80.1978712, 12.9622201], [80.19784199986263, 12.9621]]}}, {"type": "Feature", "properties": {"@id": "way/84099122", "highway": "residential", "name": "5th Cross Street", "original_osm_index": 868}, "geometry": {"type": "LineString", "coordinates": [[80.2071039, 12.9652732], [80.2070951, 12.9652204], [80.2070034, 12.9646865], [80.2069127, 12.9640957], [80.2068911, 12.9639988], [80.2068021, 12.9635391], [80.2066793, 12.9629901]]}}, {"type": "Feature", "properties": {"@id": "way/84099127", "highway": "residential", "name": "Ambedkar Salai", "name:etymology:wikidata": "Q231690", "original_osm_index": 869}, "geometry": {"type": "LineString", "coordinates": [[80.19871800065447, 12.9621], [80.1987382, 12.9623393]]}}, {"type": "Feature", "properties": {"@id": "way/84099762", "highway": "residential", "name": "Sengazhaniamman Koil Street", "original_osm_index": 870}, "geometry": {"type": "LineString", "coordinates": [[80.2008077, 12.972421], [80.2007059, 12.971742]]}}, {"type": "Feature", "properties": {"@id": "way/84099763", "highway": "residential", "maxspeed": "20", "name": "madipakkam link road", "oneway": "no", "original_osm_index": 871}, "geometry": {"type": "LineString", "coordinates": [[80.1937835, 12.9639287], [80.1935881, 12.96319], [80.1934443, 12.962647], [80.1933776, 12.9621581], [80.19337167315084, 12.9621]]}}, {"type": "Feature", "properties": {"@id": "way/84100986", "alt_name": "Inner Ring Road (Southern Sector)", "cutting": "yes", "highway": "primary", "name": "Thillaiganga Nagar Subway", "name:ta": "தில்லைகங்கா நகர் சுரங்கப்பாதை", "oneway": "yes", "ref": "SH2A", "original_osm_index": 872}, "geometry": {"type": "LineString", "coordinates": [[80.1937283, 12.9916967], [80.1934898, 12.9918826], [80.1934021, 12.9920693], [80.1933678, 12.992271], [80.19337308285715, 12.9924]]}}, {"type": "Feature", "properties": {"@id": "way/84100987", "highway": "primary", "name": "Inner Ring Road (Southern Sector)", "name:ta": "உள்வட்டச் சாலை", "oneway": "yes", "ref": "SH2A", "original_osm_index": 873}, "geometry": {"type": "LineString", "coordinates": [[80.1950354, 12.9909341], [80.1951205, 12.990868], [80.1953041, 12.9906863], [80.1954497, 12.9904962], [80.1955722, 12.9901191], [80.1955596, 12.9892921], [80.1955541, 12.989151], [80.1955636, 12.988695]]}}, {"type": "Feature", "properties": {"@id": "way/84100988", "highway": "residential", "original_osm_index": 874}, "geometry": {"type": "LineString", "coordinates": [[80.1956603, 12.9880896], [80.1964188, 12.9879088]]}}, {"type": "Feature", "properties": {"@id": "way/84100990", "highway": "residential", "original_osm_index": 875}, "geometry": {"type": "LineString", "coordinates": [[80.1959898, 12.9890502], [80.1960548, 12.9894985], [80.1961371, 12.9900664], [80.1961812, 12.9904315], [80.1962348, 12.9908472], [80.197049, 12.9907664], [80.1976324, 12.9907364], [80.1978542, 12.99073]]}}, {"type": "Feature", "properties": {"@id": "way/84100992", "highway": "residential", "original_osm_index": 876}, "geometry": {"type": "LineString", "coordinates": [[80.195417, 12.9887652], [80.193284, 12.9892158]]}}, {"type": "Feature", "properties": {"@id": "way/98639480", "bicycle": "yes", "highway": "tertiary", "name": "Velachery MRTS", "original_osm_index": 877}, "geometry": {"type": "LineString", "coordinates": [[80.2180523, 12.9683637], [80.2181005, 12.9683474], [80.2185792, 12.9681708], [80.2185889, 12.9681672], [80.2187279, 12.9682006], [80.2189807, 12.9682613], [80.2196229, 12.9681731], [80.2200706, 12.9681117], [80.2205543, 12.9680453], [80.2208186, 12.9680167], [80.2209585, 12.9680002], [80.2211544, 12.9679161], [80.2213389, 12.9678178], [80.2214269, 12.9677028], [80.2214908, 12.9675346]]}}, {"type": "Feature", "properties": {"@id": "way/98639495", "highway": "primary", "lanes": "2", "lit": "yes", "maxspeed": "40", "motorroad": "no", "name": "Inner Ring Road (Southern Sector)", "name:ta": "உள்வட்டச் சாலை", "oneway": "yes", "ref": "SH2A", "surface": "asphalt", "original_osm_index": 878}, "geometry": {"type": "LineString", "coordinates": [[80.2157378, 12.9685541], [80.215569, 12.9687091], [80.2135887, 12.9703817], [80.2129776, 12.9709104], [80.2122459, 12.9715434], [80.2116082, 12.9720929], [80.2107077, 12.9728689], [80.209942, 12.9735511], [80.2098174, 12.9736663], [80.2096415, 12.9738233]]}}, {"type": "Feature", "properties": {"@id": "way/102469908", "bridge": "yes", "highway": "primary", "layer": "1", "name": "Inner Ring Road (Southern Sector)", "name:ta": "உள்வட்டச் சாலை", "oneway": "yes", "ref": "SH2A", "original_osm_index": 879}, "geometry": {"type": "LineString", "coordinates": [[80.1959093, 12.9866859], [80.1959762, 12.9865219], [80.1960352, 12.9863024], [80.1961318, 12.9859757], [80.196172, 12.9857143], [80.1961652, 12.9840946], [80.1962021, 12.9839215]]}}, {"type": "Feature", "properties": {"@id": "way/102469922", "highway": "primary", "name": "Inner Ring Road (Southern Sector)", "name:ta": "உள்வட்டச் சாலை", "oneway": "yes", "ref": "SH2A", "original_osm_index": 880}, "geometry": {"type": "LineString", "coordinates": [[80.1962021, 12.9839215], [80.1962966, 12.9835478], [80.1963368, 12.9834126], [80.1964011, 12.9832453], [80.1964824, 12.9830692]]}}, {"type": "Feature", "properties": {"@id": "way/102469936", "highway": "primary", "name": "Inner Ring Road (Southern Sector)", "name:ta": "உள்வட்டச் சாலை", "oneway": "yes", "ref": "SH2A", "original_osm_index": 881}, "geometry": {"type": "LineString", "coordinates": [[80.1963649, 12.9829362], [80.1962837, 12.9830767], [80.1962233, 12.9832066], [80.1960847, 12.9835231], [80.1959977, 12.9838926]]}}, {"type": "Feature", "properties": {"@id": "way/103716673", "alt_name": "Inner Ring Road (Southern Sector)", "cutting": "yes", "highway": "primary", "name": "Thillaiganga Nagar Subway", "name:ta": "தில்லைகங்கா நகர் சுரங்கப்பாதை", "oneway": "yes", "ref": "SH2A", "original_osm_index": 882}, "geometry": {"type": "LineString", "coordinates": [[80.19346546655468, 12.9924], [80.1934632, 12.9922519], [80.1934922, 12.9920601], [80.1935776, 12.9919292], [80.1938039, 12.991753]]}}, {"type": "Feature", "properties": {"@id": "way/103716678", "access": "no", "highway": "primary_link", "original_osm_index": 883}, "geometry": {"type": "LineString", "coordinates": [[80.1955984, 12.9874759], [80.1954561, 12.9874283]]}}, {"type": "Feature", "properties": {"@id": "way/103716679", "highway": "residential", "original_osm_index": 884}, "geometry": {"type": "LineString", "coordinates": [[80.1914381, 12.9761773], [80.1918836, 12.9760188], [80.1920198, 12.9759472], [80.1920344, 12.9759437], [80.192049, 12.9759472], [80.1920578, 12.975954], [80.192295, 12.9762215], [80.1923405, 12.9762894], [80.1923431, 12.9763067], [80.192338, 12.9763246], [80.1923188, 12.9763596], [80.1925368, 12.976932], [80.1926145, 12.977115]]}}, {"type": "Feature", "properties": {"@id": "way/103716691", "highway": "residential", "original_osm_index": 885}, "geometry": {"type": "LineString", "coordinates": [[80.1952782, 12.9868698], [80.1944207, 12.9870821], [80.1932478, 12.9873724], [80.1928615, 12.987468]]}}, {"type": "Feature", "properties": {"@id": "way/103716699", "highway": "residential", "name": "Lakshmi Nagar 7th Street Extension 1st Cross Street", "name:en": "Lakshmi Nagar 7th Street Extension 1st Cross Street", "name:ta": "லட்சுமி நகர் 7வது தெரு வரிவு 1வது குறுக்கு தெரு", "original_osm_index": 886}, "geometry": {"type": "LineString", "coordinates": [[80.1898098, 12.9774493], [80.1904391, 12.9774309], [80.1907581, 12.9774094], [80.1910438, 12.9773545], [80.1910661, 12.9773372], [80.1910802, 12.9773176], [80.1910893, 12.9772893], [80.1910852, 12.977205], [80.1910216, 12.9769188], [80.1909749, 12.9766706], [80.1909019, 12.9762439], [80.1908973, 12.9762285], [80.1908861, 12.9762176], [80.1908653, 12.9762141], [80.1905326, 12.9762928]]}}, {"type": "Feature", "properties": {"@id": "way/103719118", "highway": "residential", "original_osm_index": 887}, "geometry": {"type": "LineString", "coordinates": [[80.20450136523921, 12.9924], [80.2043291, 12.9919068]]}}, {"type": "Feature", "properties": {"@id": "way/103719119", "highway": "residential", "original_osm_index": 888}, "geometry": {"type": "LineString", "coordinates": [[80.2037934, 12.9859081], [80.2042914, 12.9859104]]}}, {"type": "Feature", "properties": {"@id": "way/103730438", "highway": "residential", "original_osm_index": 889}, "geometry": {"type": "LineString", "coordinates": [[80.1976432, 12.9916251], [80.1976415, 12.9914865], [80.1976324, 12.9907364]]}}, {"type": "Feature", "properties": {"@id": "way/103730440", "highway": "residential", "original_osm_index": 890}, "geometry": {"type": "LineString", "coordinates": [[80.1969386, 12.9903044], [80.197049, 12.9907664], [80.1970571, 12.9911061], [80.1970378, 12.9912078], [80.1970106, 12.9912185], [80.1969712, 12.9912251]]}}, {"type": "Feature", "properties": {"@id": "way/103730444", "highway": "residential", "original_osm_index": 891}, "geometry": {"type": "LineString", "coordinates": [[80.1959091, 12.9917385], [80.1957753, 12.9917497], [80.1957959, 12.9916449], [80.1958098, 12.9915742], [80.195809, 12.9914007], [80.1957427, 12.9909011], [80.1956869, 12.9904884]]}}, {"type": "Feature", "properties": {"@id": "way/103730447", "highway": "residential", "original_osm_index": 892}, "geometry": {"type": "LineString", "coordinates": [[80.1970389, 12.9897937], [80.1966127, 12.9899515], [80.1965451, 12.9899746], [80.1965073, 12.9899875], [80.1961371, 12.9900664]]}}, {"type": "Feature", "properties": {"@id": "way/103730451", "highway": "residential", "original_osm_index": 893}, "geometry": {"type": "LineString", "coordinates": [[80.1964413, 12.9917456], [80.1964766, 12.9923131], [80.19645793930033, 12.9924]]}}, {"type": "Feature", "properties": {"@id": "way/103730453", "highway": "residential", "original_osm_index": 894}, "geometry": {"type": "LineString", "coordinates": [[80.1962348, 12.9908472], [80.1957427, 12.9909011], [80.1950354, 12.9909341]]}}, {"type": "Feature", "properties": {"@id": "way/103730456", "highway": "residential", "original_osm_index": 895}, "geometry": {"type": "LineString", "coordinates": [[80.1971548, 12.9887147], [80.1976259, 12.9902794]]}}, {"type": "Feature", "properties": {"@id": "way/103730458", "highway": "residential", "name": "Jeevan Nagar 4th Street", "original_osm_index": 896}, "geometry": {"type": "LineString", "coordinates": [[80.1967186, 12.9888451], [80.1967845, 12.9890704], [80.1968419, 12.9892309], [80.1968911, 12.989378], [80.1970389, 12.9897937], [80.1971984, 12.9902815]]}}, {"type": "Feature", "properties": {"@id": "way/103730460", "highway": "residential", "original_osm_index": 897}, "geometry": {"type": "LineString", "coordinates": [[80.1956603, 12.9880896], [80.1957364, 12.9884666], [80.1957911, 12.9886332], [80.1958932, 12.9888133], [80.197046, 12.988442]]}}, {"type": "Feature", "properties": {"@id": "way/103730463", "highway": "residential", "original_osm_index": 898}, "geometry": {"type": "LineString", "coordinates": [[80.1972659, 12.9916444], [80.1973828, 12.9923877]]}}, {"type": "Feature", "properties": {"@id": "way/103730464", "highway": "residential", "original_osm_index": 899}, "geometry": {"type": "LineString", "coordinates": [[80.1957364, 12.9884666], [80.1966434, 12.9881884]]}}, {"type": "Feature", "properties": {"@id": "way/103730465", "highway": "residential", "original_osm_index": 900}, "geometry": {"type": "LineString", "coordinates": [[80.1978342, 12.9902413], [80.1976259, 12.9902794], [80.1971984, 12.9902815], [80.1969386, 12.9903044], [80.1967216, 12.9903408], [80.1961812, 12.9904315], [80.1956869, 12.9904884]]}}, {"type": "Feature", "properties": {"@id": "way/108148362", "highway": "residential", "original_osm_index": 901}, "geometry": {"type": "LineString", "coordinates": [[80.2189814, 12.9722773], [80.2190144, 12.9726125], [80.2190276, 12.9731728], [80.2190119, 12.9738405]]}}, {"type": "Feature", "properties": {"@id": "way/108148363", "highway": "residential", "original_osm_index": 902}, "geometry": {"type": "LineString", "coordinates": [[80.2193384, 12.9722123], [80.2189814, 12.9722773], [80.2184256, 12.9723398]]}}, {"type": "Feature", "properties": {"@id": "way/108328797", "highway": "primary", "lanes": "2", "lit": "yes", "maxspeed": "40", "name": "Inner Ring Road (Southern Sector)", "name:ta": "உள்வட்டச் சாலை", "oneway": "yes", "ref": "SH2A", "surface": "asphalt", "original_osm_index": 903}, "geometry": {"type": "LineString", "coordinates": [[80.2173491, 12.9680951], [80.2170199, 12.968244], [80.2165066, 12.9685244], [80.2164444, 12.9685584], [80.2158242, 12.9689737], [80.2102022, 12.9736447], [80.2100692, 12.9737394]]}}, {"type": "Feature", "properties": {"@id": "way/108401294", "highway": "residential", "original_osm_index": 904}, "geometry": {"type": "LineString", "coordinates": [[80.1920705, 12.9894916], [80.1919614, 12.9890628], [80.191873, 12.988614]]}}, {"type": "Feature", "properties": {"@id": "way/108401295", "highway": "residential", "name": "19th Street", "original_osm_index": 905}, "geometry": {"type": "LineString", "coordinates": [[80.1912812, 12.9904021], [80.1918297, 12.9902197], [80.1916953, 12.9895959]]}}, {"type": "Feature", "properties": {"@id": "way/108401687", "highway": "service", "original_osm_index": 906}, "geometry": {"type": "LineString", "coordinates": [[80.1933253, 12.9922144], [80.1933755, 12.9919857], [80.1934745, 12.9918161], [80.1936026, 12.9917105], [80.1936297, 12.9916895]]}}, {"type": "Feature", "properties": {"@id": "way/108401688", "highway": "residential", "name": "8th Street", "original_osm_index": 907}, "geometry": {"type": "LineString", "coordinates": [[80.1919625, 12.9917296], [80.1918104, 12.9907833]]}}, {"type": "Feature", "properties": {"@id": "way/108401689", "highway": "residential", "original_osm_index": 908}, "geometry": {"type": "LineString", "coordinates": [[80.1935687, 12.9912744], [80.1936219, 12.9916155], [80.1936297, 12.9916895]]}}, {"type": "Feature", "properties": {"@id": "way/108401690", "highway": "residential", "original_osm_index": 909}, "geometry": {"type": "LineString", "coordinates": [[80.1908035, 12.9912584], [80.190897, 12.9909492]]}}, {"type": "Feature", "properties": {"@id": "way/108401691", "highway": "residential", "original_osm_index": 910}, "geometry": {"type": "LineString", "coordinates": [[80.1931538, 12.9912501], [80.1931393, 12.9910294]]}}, {"type": "Feature", "properties": {"@id": "way/108401692", "highway": "residential", "original_osm_index": 911}, "geometry": {"type": "LineString", "coordinates": [[80.1935185, 12.9909924], [80.1931393, 12.9910294], [80.1927564, 12.9910672]]}}, {"type": "Feature", "properties": {"@id": "way/108401693", "highway": "residential", "name": "7th Street", "original_osm_index": 912}, "geometry": {"type": "LineString", "coordinates": [[80.1922811, 12.9907056], [80.1923602, 12.9911228], [80.1924326, 12.9916228], [80.192449, 12.9916545], [80.1924711, 12.9916668], [80.1925143, 12.9916708], [80.193042, 12.991662], [80.1936219, 12.9916155]]}}, {"type": "Feature", "properties": {"@id": "way/108401694", "highway": "residential", "original_osm_index": 913}, "geometry": {"type": "LineString", "coordinates": [[80.1927804, 12.9913027], [80.1927564, 12.9910672]]}}, {"type": "Feature", "properties": {"@id": "way/108401695", "highway": "residential", "name": "5th Street", "original_osm_index": 914}, "geometry": {"type": "LineString", "coordinates": [[80.193042, 12.991662], [80.1929747, 12.9920827]]}}, {"type": "Feature", "properties": {"@id": "way/116953855", "highway": "primary", "lanes": "2", "maxspeed": "40", "motorroad": "no", "oneway": "yes", "surface": "asphalt", "original_osm_index": 915}, "geometry": {"type": "LineString", "coordinates": [[80.2163422, 12.964664], [80.2163308, 12.9648246], [80.2172574, 12.9672193], [80.2172994, 12.9673213], [80.2173422, 12.9674117], [80.2173705, 12.9674271], [80.2174131, 12.9674286], [80.2175173, 12.9673865], [80.2175694, 12.9673532], [80.2176058, 12.9673192], [80.2176397, 12.9672799], [80.2176335, 12.9672206], [80.2176133, 12.9671489], [80.2175804, 12.9670438], [80.2174339, 12.9666872], [80.217289, 12.966314], [80.2170529, 12.9657057], [80.2169861, 12.9655335], [80.2166293, 12.9646758], [80.2164817, 12.9645798]]}}, {"type": "Feature", "properties": {"@id": "way/121014134", "highway": "residential", "original_osm_index": 916}, "geometry": {"type": "LineString", "coordinates": [[80.2018579, 12.979827], [80.2020484, 12.9808093], [80.2020856, 12.9810836], [80.2020827, 12.9811832]]}}, {"type": "Feature", "properties": {"@id": "way/121014135", "highway": "residential", "name": "Vanuvampet Amman Koil Street", "name:ta": "வானுவம்பேட்டை அம்மன் கோயில் தெரு", "original_osm_index": 917}, "geometry": {"type": "LineString", "coordinates": [[80.197355, 12.9816259], [80.1969088, 12.9817568], [80.1959361, 12.982054]]}}, {"type": "Feature", "properties": {"@id": "way/121120054", "highway": "tertiary", "name": "Balaji Nagar Main Road", "original_osm_index": 918}, "geometry": {"type": "LineString", "coordinates": [[80.2041456, 12.9780086], [80.2041451, 12.9778449], [80.2041359, 12.9777944], [80.203874, 12.9766987]]}}, {"type": "Feature", "properties": {"@id": "way/121120057", "bridge": "yes", "highway": "tertiary", "layer": "1", "name": "Balaji Nagar Main Road", "surface": "asphalt", "original_osm_index": 919}, "geometry": {"type": "LineString", "coordinates": [[80.2041942, 12.9788303], [80.2041916, 12.9786865]]}}, {"type": "Feature", "properties": {"@id": "way/121120060", "highway": "primary", "maxspeed": "40", "motorroad": "no", "name": "Inner Ring Road (Southern Sector)", "name:ta": "உள்வட்டச் சாலை", "oneway": "yes", "ref": "SH2A", "surface": "asphalt", "original_osm_index": 920}, "geometry": {"type": "LineString", "coordinates": [[80.1988083, 12.9806949], [80.1991237, 12.9805235], [80.1996775, 12.9802645], [80.2002543, 12.9800033], [80.2003581, 12.9799563], [80.2007975, 12.979731], [80.2018433, 12.9792802], [80.2034662, 12.9785453], [80.2041615, 12.9781504], [80.2043852, 12.9780035]]}}, {"type": "Feature", "properties": {"@id": "way/126679756", "highway": "residential", "original_osm_index": 921}, "geometry": {"type": "LineString", "coordinates": [[80.200826, 12.9800055], [80.2007975, 12.979731], [80.2007876, 12.979554]]}}, {"type": "Feature", "properties": {"@id": "way/126679758", "highway": "residential", "name": "Dr. Srinivasan Street.", "original_osm_index": 922}, "geometry": {"type": "LineString", "coordinates": [[80.2008445, 12.9803736], [80.2011205, 12.9803496], [80.2014524, 12.9803207]]}}, {"type": "Feature", "properties": {"@id": "way/130457274", "highway": "residential", "name": "Ambedkar Salai", "name:etymology:wikidata": "Q231690", "original_osm_index": 923}, "geometry": {"type": "LineString", "coordinates": [[80.1987382, 12.9623393], [80.1987295, 12.9623887], [80.1987087, 12.962406], [80.1986779, 12.9624145], [80.1984577, 12.9624258], [80.1981195, 12.9624513], [80.1980536, 12.9624599], [80.197983, 12.9625105]]}}, {"type": "Feature", "properties": {"@id": "way/131425304", "highway": "service", "original_osm_index": 924}, "geometry": {"type": "LineString", "coordinates": [[80.2163197, 12.9641632], [80.2165666, 12.964047], [80.2171549, 12.9638374], [80.2172488, 12.9638361], [80.2172944, 12.9638936], [80.2173199, 12.9639315], [80.2174661, 12.9643615], [80.2176605, 12.964943], [80.2177061, 12.9649868], [80.2177973, 12.9650058], [80.2178751, 12.9649927], [80.2194992, 12.964385], [80.2199056, 12.9654133], [80.2202746, 12.9663471]]}}, {"type": "Feature", "properties": {"@id": "way/131425305", "highway": "service", "original_osm_index": 925}, "geometry": {"type": "LineString", "coordinates": [[80.2194992, 12.964385], [80.2196473, 12.9642251], [80.2198525, 12.9640558], [80.2201874, 12.9637022], [80.2204718, 12.9642515], [80.2205036, 12.9643046], [80.2205927, 12.9644535], [80.2206969, 12.9647115], [80.220725, 12.9647809], [80.2210069, 12.9656679]]}}, {"type": "Feature", "properties": {"@id": "way/131909326", "highway": "residential", "original_osm_index": 926}, "geometry": {"type": "LineString", "coordinates": [[80.2119594, 12.9749921], [80.2126029, 12.9750123]]}}, {"type": "Feature", "properties": {"@id": "way/132192378", "highway": "residential", "original_osm_index": 927}, "geometry": {"type": "LineString", "coordinates": [[80.2074539, 12.9676431], [80.2073617, 12.9671366], [80.20729, 12.9667941], [80.207279, 12.9666603], [80.2072857, 12.9666054], [80.2073155, 12.9665491], [80.2073407, 12.9664669], [80.2073327, 12.9664029], [80.2073233, 12.9663454], [80.207257, 12.9660057], [80.2072354, 12.9659061], [80.2071726, 12.9655759], [80.2071039, 12.9652732]]}}, {"type": "Feature", "properties": {"@id": "way/132192382", "highway": "residential", "original_osm_index": 928}, "geometry": {"type": "LineString", "coordinates": [[80.2075157, 12.9698721], [80.209234, 12.969712]]}}, {"type": "Feature", "properties": {"@id": "way/132509243", "highway": "residential", "name": "Bhuvaneswary Nagar 1st Main Road", "original_osm_index": 929}, "geometry": {"type": "LineString", "coordinates": [[80.220318, 12.9700973], [80.2204467, 12.9701126], [80.2229162, 12.9702862], [80.2231885, 12.9703114], [80.2244578, 12.9704653]]}}, {"type": "Feature", "properties": {"@id": "way/132509244", "highway": "residential", "name": "Sastri Road", "original_osm_index": 930}, "geometry": {"type": "LineString", "coordinates": [[80.2279979, 12.9743239], [80.2281127, 12.974331], [80.2280893, 12.9746813], [80.2280324, 12.9751048], [80.2280216, 12.9752096], [80.2279986, 12.9754343], [80.227992, 12.9754982], [80.2279348, 12.9758988], [80.2278877, 12.9760377], [80.2278407, 12.9762448], [80.2278161, 12.9763861], [80.2277605, 12.9765721], [80.2277173, 12.9767825], [80.227689, 12.9769046]]}}, {"type": "Feature", "properties": {"@id": "way/132509245", "highway": "residential", "name": "VGP Selva Nagar 2nd Street", "original_osm_index": 931}, "geometry": {"type": "LineString", "coordinates": [[80.2204437, 12.971013], [80.220318, 12.9700973]]}}, {"type": "Feature", "properties": {"@id": "way/132509246", "highway": "residential", "name": "Balaji Street", "original_osm_index": 932}, "geometry": {"type": "LineString", "coordinates": [[80.2278353, 12.9784227], [80.227806, 12.9791782], [80.2278093, 12.97919], [80.2278179, 12.9791993]]}}, {"type": "Feature", "properties": {"@id": "way/132509247", "highway": "residential", "original_osm_index": 933}, "geometry": {"type": "LineString", "coordinates": [[80.2229675, 12.9722662], [80.2234588, 12.9722446]]}}, {"type": "Feature", "properties": {"@id": "way/132509250", "highway": "residential", "name": "Sastri Road", "original_osm_index": 934}, "geometry": {"type": "LineString", "coordinates": [[80.2276763, 12.9772017], [80.227689, 12.9769046]]}}, {"type": "Feature", "properties": {"@id": "way/132509251", "highway": "residential", "original_osm_index": 935}, "geometry": {"type": "LineString", "coordinates": [[80.2229899, 12.9726131], [80.2235096, 12.9725852]]}}, {"type": "Feature", "properties": {"@id": "way/132509252", "highway": "residential", "name": "VGP Selva Nagar Extension 4th Street", "name:ta": "விஜிபி செல்வா நகர் விரிவு 4வது தெரு", "original_osm_index": 936}, "geometry": {"type": "LineString", "coordinates": [[80.2235031, 12.9723584], [80.2252901, 12.9726187]]}}, {"type": "Feature", "properties": {"@id": "way/132509253", "highway": "residential", "name": "Church Gate Avenue", "original_osm_index": 937}, "geometry": {"type": "LineString", "coordinates": [[80.2262241, 12.9784054], [80.2263361, 12.9784165], [80.2269142, 12.9787684]]}}, {"type": "Feature", "properties": {"@id": "way/132509255", "highway": "residential", "name": "Baby Nagar 2nd Main Road", "original_osm_index": 938}, "geometry": {"type": "LineString", "coordinates": [[80.2284, 12.980141644682405], [80.2283929, 12.9801425]]}}, {"type": "Feature", "properties": {"@id": "way/132509256", "highway": "residential", "original_osm_index": 939}, "geometry": {"type": "LineString", "coordinates": [[80.2234972, 12.9714473], [80.2250879, 12.971617]]}}, {"type": "Feature", "properties": {"@id": "way/132509257", "highway": "residential", "name": "Church Gate Avenue", "original_osm_index": 940}, "geometry": {"type": "LineString", "coordinates": [[80.2268928, 12.9793422], [80.2269142, 12.9787684]]}}, {"type": "Feature", "properties": {"@id": "way/132509258", "highway": "residential", "original_osm_index": 941}, "geometry": {"type": "LineString", "coordinates": [[80.2204517, 12.9697776], [80.2204526, 12.9692485], [80.2209508, 12.96921]]}}, {"type": "Feature", "properties": {"@id": "way/132509259", "highway": "residential", "name": "VGP Selva Nagar 2nd Main Road", "name:ta": "விஜிபி செல்வா நகர் 2வது முதன்மை சாலை", "original_osm_index": 942}, "geometry": {"type": "LineString", "coordinates": [[80.2235316, 12.9709226], [80.2231087, 12.9708735], [80.2225309, 12.9708188], [80.221988, 12.9707746], [80.2204437, 12.971013], [80.2198786, 12.971114]]}}, {"type": "Feature", "properties": {"@id": "way/132509260", "highway": "residential", "original_osm_index": 943}, "geometry": {"type": "LineString", "coordinates": [[80.222965, 12.9693189], [80.2229406, 12.9698015], [80.2229162, 12.9702862]]}}, {"type": "Feature", "properties": {"@id": "way/132509261", "highway": "residential", "original_osm_index": 944}, "geometry": {"type": "LineString", "coordinates": [[80.2242988, 12.9765222], [80.2249048, 12.9765924], [80.2257467, 12.9766018]]}}, {"type": "Feature", "properties": {"@id": "way/132509262", "highway": "residential", "lanes": "1", "name": "VGP Selva Nagar Ext 5th Street", "surface": "asphalt", "original_osm_index": 945}, "geometry": {"type": "LineString", "coordinates": [[80.222742, 12.9718482], [80.222943, 12.9718728], [80.2230228, 12.9718812], [80.2234566, 12.9719286]]}}, {"type": "Feature", "properties": {"@id": "way/132509263", "highway": "residential", "name": "Anna Nagar 1st Street", "original_osm_index": 946}, "geometry": {"type": "LineString", "coordinates": [[80.2250748, 12.9741975], [80.2256153, 12.9742391], [80.2260175, 12.9742569], [80.2264706, 12.9742879], [80.2266091, 12.9742974], [80.2268409, 12.9743071], [80.2269619, 12.9743122], [80.2272402, 12.9743328]]}}, {"type": "Feature", "properties": {"@id": "way/132509264", "highway": "residential", "name": "Bethel Avenue Main Road", "original_osm_index": 947}, "geometry": {"type": "LineString", "coordinates": [[80.222943, 12.9718728], [80.2229675, 12.9722662], [80.2229899, 12.9726131]]}}, {"type": "Feature", "properties": {"@id": "way/132509266", "access": "private", "highway": "residential", "original_osm_index": 948}, "geometry": {"type": "LineString", "coordinates": [[80.2211396, 12.9721065], [80.2212586, 12.9721012], [80.2216937, 12.9720819], [80.2216291, 12.9715145], [80.2226729, 12.9713685], [80.2227131, 12.971839], [80.222742, 12.9718482]]}}, {"type": "Feature", "properties": {"@id": "way/132509267", "highway": "residential", "original_osm_index": 949}, "geometry": {"type": "LineString", "coordinates": [[80.2234836, 12.9739831], [80.2234776, 12.9739658], [80.2234789, 12.9739495], [80.2235034, 12.9735514], [80.2235311, 12.9731723], [80.2235157, 12.9729261], [80.2235131, 12.9727804], [80.2235096, 12.9725852], [80.2235031, 12.9723584], [80.2234588, 12.9722446], [80.2234566, 12.9719286]]}}, {"type": "Feature", "properties": {"@id": "way/133602702", "highway": "residential", "name": "Bhuvaneswari Street", "original_osm_index": 950}, "geometry": {"type": "LineString", "coordinates": [[80.1934103, 12.9672257], [80.1935083, 12.9675796], [80.1936371, 12.9680625]]}}, {"type": "Feature", "properties": {"@id": "way/133602705", "highway": "residential", "lane_markings": "yes", "lanes": "2", "name": "Nanganallur 18th Street", "name:ta": "நங்கநல்லூர் 18வது தெரு", "surface": "asphalt", "original_osm_index": 951}, "geometry": {"type": "LineString", "coordinates": [[80.1902554, 12.9820512], [80.1908508, 12.9820622], [80.1919233, 12.9818677], [80.1925255, 12.9817328]]}}, {"type": "Feature", "properties": {"@id": "way/133602706", "highway": "residential", "name": "Sathsangam Street", "oneway": "no", "surface": "asphalt", "original_osm_index": 952}, "geometry": {"type": "LineString", "coordinates": [[80.1947011, 12.9672861], [80.1946012, 12.9669406], [80.1944977, 12.9664779], [80.1944076, 12.9660071], [80.1932338, 12.9662768], [80.1918974, 12.96657], [80.1912238, 12.9667017], [80.190648, 12.9668333]]}}, {"type": "Feature", "properties": {"@id": "way/133604291", "highway": "residential", "original_osm_index": 953}, "geometry": {"type": "LineString", "coordinates": [[80.1912351, 12.9800112], [80.1910824, 12.9789345]]}}, {"type": "Feature", "properties": {"@id": "way/133604294", "highway": "residential", "lane_markings": "no", "name": "Lakshmi Nagar 10th Street", "name:ta": "லட்சுமி நகர் 10வது தெரு", "surface": "asphalt", "original_osm_index": 954}, "geometry": {"type": "LineString", "coordinates": [[80.1892939, 12.9758326], [80.1893023, 12.9756097], [80.1893308, 12.9755671], [80.1893734, 12.975557], [80.189425, 12.9755443], [80.1894865, 12.9755438]]}}, {"type": "Feature", "properties": {"@id": "way/133604295", "highway": "residential", "original_osm_index": 955}, "geometry": {"type": "LineString", "coordinates": [[80.1907786, 12.9800116], [80.1907065, 12.978985], [80.1906347, 12.9786313]]}}, {"type": "Feature", "properties": {"@id": "way/133604298", "highway": "residential", "name": "Ambedkar Street", "name:etymology:wikidata": "Q231690", "original_osm_index": 956}, "geometry": {"type": "LineString", "coordinates": [[80.1900823, 12.9800559], [80.1907786, 12.9800116], [80.1912351, 12.9800112], [80.1917248, 12.9799745]]}}, {"type": "Feature", "properties": {"@id": "way/133604301", "highway": "residential", "name": "Porchezhiyan Street", "name:ta": "பொற்செழியன் தெரு", "original_osm_index": 957}, "geometry": {"type": "LineString", "coordinates": [[80.1925255, 12.9817328], [80.1924241, 12.9811548], [80.1924048, 12.9810444], [80.192341, 12.9808362], [80.1922053, 12.9803932], [80.1921031, 12.979919], [80.1920186, 12.9795567], [80.1918826, 12.9791461], [80.191818, 12.9788018]]}}, {"type": "Feature", "properties": {"@id": "way/139357034", "highway": "residential", "name": "Service Road", "source": "survey", "original_osm_index": 958}, "geometry": {"type": "LineString", "coordinates": [[80.2265993, 12.9794126], [80.2254874, 12.9787481], [80.2250409, 12.9784922], [80.2247125, 12.9782926], [80.2245012, 12.9781672], [80.224276, 12.9780426], [80.2239033, 12.9778204], [80.223629, 12.9776469], [80.2235256, 12.977583], [80.2231302, 12.9773388], [80.2228785, 12.9771439]]}}, {"type": "Feature", "properties": {"@id": "way/151247559", "highway": "residential", "name": "Bharathi Street", "name:etymology:wikidata": "Q256286", "original_osm_index": 959}, "geometry": {"type": "LineString", "coordinates": [[80.2277059, 12.9784282], [80.2278353, 12.9784227], [80.2284, 12.978398547019188]]}}, {"type": "Feature", "properties": {"@id": "way/151247562", "highway": "residential", "name": "Film Street", "original_osm_index": 960}, "geometry": {"type": "LineString", "coordinates": [[80.226268, 12.9772219], [80.2276788, 12.9772974]]}}, {"type": "Feature", "properties": {"@id": "way/151247563", "access": "private", "highway": "residential", "name": "Vivekananda Street", "name:etymology:wikidata": "Q47478", "original_osm_index": 961}, "geometry": {"type": "LineString", "coordinates": [[80.2274537, 12.9784206], [80.2271974, 12.9784118], [80.2271887, 12.9784095], [80.2271817, 12.9784033], [80.2271783, 12.9783954], [80.2271783, 12.9783857], [80.2271864, 12.9780759], [80.227185, 12.9780583], [80.227173, 12.9780432], [80.2271575, 12.9780354], [80.2271408, 12.9780341], [80.2268903, 12.9780291]]}}, {"type": "Feature", "properties": {"@id": "way/151247564", "highway": "residential", "name": "Anna Nagar 4th Main Road", "original_osm_index": 962}, "geometry": {"type": "LineString", "coordinates": [[80.2259433, 12.9752532], [80.2260006, 12.9748515], [80.2260175, 12.9742569], [80.2260216, 12.9738876], [80.2260266, 12.9734479], [80.2260306, 12.9730901], [80.2260329, 12.9728871]]}}, {"type": "Feature", "properties": {"@id": "way/151247566", "highway": "residential", "name": "Gopal Street", "original_osm_index": 963}, "geometry": {"type": "LineString", "coordinates": [[80.2274537, 12.9784206], [80.2274089, 12.9796622]]}}, {"type": "Feature", "properties": {"@id": "way/151332202", "highway": "residential", "name": "Pillaiyar Koil Street", "original_osm_index": 964}, "geometry": {"type": "LineString", "coordinates": [[80.2284, 12.975142838390726], [80.2280324, 12.9751048]]}}, {"type": "Feature", "properties": {"@id": "way/151332203", "highway": "residential", "name": "Anna Nagar 5th Main Road", "original_osm_index": 965}, "geometry": {"type": "LineString", "coordinates": [[80.2273606, 12.9726799], [80.2264542, 12.972544], [80.2263107, 12.9725601], [80.225415, 12.9723671]]}}, {"type": "Feature", "properties": {"@id": "way/151332455", "highway": "residential", "name": "VPG Selva Nagar Extension 1st Street", "name:ta": "விஜிபி செல்வா நகர் விரிவு 1வது தெரு", "original_osm_index": 966}, "geometry": {"type": "LineString", "coordinates": [[80.2235034, 12.9735514], [80.2250934, 12.9737606]]}}, {"type": "Feature", "properties": {"@id": "way/151332456", "highway": "residential", "name": "VGP Selva Nagar Extension 2nd Street", "name:ta": "விஜிபி செல்வா நகர் விரிவு 2வது தெரு", "original_osm_index": 967}, "geometry": {"type": "LineString", "coordinates": [[80.2235311, 12.9731723], [80.2251227, 12.9733737]]}}, {"type": "Feature", "properties": {"@id": "way/151332578", "highway": "residential", "name": "VPG Selva Nagar Extension 3rd Street", "name:ta": "விஜிபி செல்வா நகர் விரிவு 3வது தெரு", "original_osm_index": 968}, "geometry": {"type": "LineString", "coordinates": [[80.2235131, 12.9727804], [80.2251309, 12.9729847]]}}, {"type": "Feature", "properties": {"@id": "way/151332579", "highway": "residential", "original_osm_index": 969}, "geometry": {"type": "LineString", "coordinates": [[80.2262577, 12.9729228], [80.2260329, 12.9728871], [80.2256111, 12.9728289], [80.2252326, 12.9727709]]}}, {"type": "Feature", "properties": {"@id": "way/151332580", "highway": "residential", "name": "Anna Nagar 3rd cross", "original_osm_index": 970}, "geometry": {"type": "LineString", "coordinates": [[80.2267568, 12.9734739], [80.2266091, 12.9742974]]}}, {"type": "Feature", "properties": {"@id": "way/151332581", "highway": "residential", "original_osm_index": 971}, "geometry": {"type": "LineString", "coordinates": [[80.2256111, 12.9728289], [80.225614, 12.9738129], [80.2256153, 12.9742391]]}}, {"type": "Feature", "properties": {"@id": "way/163421079", "highway": "residential", "name": "N Home Line", "oneway": "no", "original_osm_index": 972}, "geometry": {"type": "LineString", "coordinates": [[80.2194883, 12.977206], [80.2190408, 12.977193], [80.2190472, 12.9768919], [80.2190391, 12.9767769], [80.2190088, 12.9763109], [80.2189812, 12.9758898]]}}, {"type": "Feature", "properties": {"@id": "way/163421112", "highway": "residential", "oneway": "no", "original_osm_index": 973}, "geometry": {"type": "LineString", "coordinates": [[80.2190391, 12.9767769], [80.2194252, 12.976792]]}}, {"type": "Feature", "properties": {"@id": "way/164454788", "highway": "residential", "maxspeed": "20", "name": "7th Street Karthikeyapuram", "oneway": "no", "source": "digitalglobe", "original_osm_index": 974}, "geometry": {"type": "LineString", "coordinates": [[80.19375284507228, 12.9621], [80.1933776, 12.9621581]]}}, {"type": "Feature", "properties": {"@id": "way/164454789", "highway": "residential", "maxspeed": "20", "oneway": "no", "original_osm_index": 975}, "geometry": {"type": "LineString", "coordinates": [[80.1949016, 12.9628658], [80.1948138, 12.9624351], [80.19477222872884, 12.9621]]}}, {"type": "Feature", "properties": {"@id": "way/164455236", "highway": "residential", "name": "Adisankaran Street", "original_osm_index": 976}, "geometry": {"type": "LineString", "coordinates": [[80.1938904, 12.9643995], [80.1940099, 12.9649849]]}}, {"type": "Feature", "properties": {"@id": "way/164459502", "highway": "residential", "maxspeed": "20", "name": "5th Street Karthikeyapuram", "oneway": "no", "original_osm_index": 977}, "geometry": {"type": "LineString", "coordinates": [[80.1935881, 12.96319], [80.1949016, 12.9628658], [80.1951233, 12.962826], [80.1957613, 12.9627091]]}}, {"type": "Feature", "properties": {"@id": "way/164933723", "highway": "residential", "name": "Veenus Colony 4th Cross", "original_osm_index": 978}, "geometry": {"type": "LineString", "coordinates": [[80.2284, 12.974051003693644], [80.2280482, 12.9739996]]}}, {"type": "Feature", "properties": {"@id": "way/164933893", "highway": "residential", "original_osm_index": 979}, "geometry": {"type": "LineString", "coordinates": [[80.2228224, 12.972625], [80.2229899, 12.9726131]]}}, {"type": "Feature", "properties": {"@id": "way/164933978", "highway": "steps", "original_osm_index": 980}, "geometry": {"type": "LineString", "coordinates": [[80.2227366, 12.972124], [80.2227446, 12.9721894]]}}, {"type": "Feature", "properties": {"@id": "way/165273142", "bicycle": "yes", "foot": "yes", "highway": "residential", "horse": "yes", "ski": "no", "snowmobile": "no", "surface": "sand", "wheelchair": "no", "original_osm_index": 981}, "geometry": {"type": "LineString", "coordinates": [[80.2225268, 12.9711222], [80.2225294, 12.9711106], [80.2225294, 12.9710979], [80.2225309, 12.9708188]]}}, {"type": "Feature", "properties": {"@id": "way/165641248", "highway": "residential", "name": "Solaiappan Street", "oneway": "no", "original_osm_index": 982}, "geometry": {"type": "LineString", "coordinates": [[80.1918418, 12.9735229], [80.1922772, 12.9734183], [80.1929627, 12.9733705], [80.1930309, 12.9733682]]}}, {"type": "Feature", "properties": {"@id": "way/165642301", "highway": "residential", "name": "Karian Ponnan Street", "oneway": "no", "surface": "asphalt", "original_osm_index": 983}, "geometry": {"type": "LineString", "coordinates": [[80.1916809, 12.9729995], [80.1921975, 12.9729222], [80.1926637, 12.9728916], [80.1930419, 12.9728996]]}}, {"type": "Feature", "properties": {"@id": "way/165642313", "highway": "residential", "name": "Bharathi Street", "name:etymology:wikidata": "Q256286", "original_osm_index": 984}, "geometry": {"type": "LineString", "coordinates": [[80.1930246, 12.9731353], [80.193478, 12.9731513], [80.194108, 12.9731756]]}}, {"type": "Feature", "properties": {"@id": "way/177370780", "highway": "residential", "name": "2nd main road", "original_osm_index": 985}, "geometry": {"type": "LineString", "coordinates": [[80.2071726, 12.9655759], [80.2063676, 12.9657361], [80.2047838, 12.9660667], [80.203755, 12.9662006], [80.2034681, 12.9662341], [80.202122, 12.9664411]]}}, {"type": "Feature", "properties": {"@id": "way/178647161", "highway": "residential", "name": "3rd Main Road", "original_osm_index": 986}, "geometry": {"type": "LineString", "coordinates": [[80.2164319, 12.9747602], [80.2185518, 12.9748205], [80.219798, 12.974749]]}}, {"type": "Feature", "properties": {"@id": "way/178647162", "highway": "residential", "name": "4th Main Road", "original_osm_index": 987}, "geometry": {"type": "LineString", "coordinates": [[80.2196271, 12.9743413], [80.2191585, 12.9744912], [80.2185705, 12.9744638]]}}, {"type": "Feature", "properties": {"@id": "way/178647163", "highway": "residential", "name": "5th Main Road", "original_osm_index": 988}, "geometry": {"type": "LineString", "coordinates": [[80.2199475, 12.9738151], [80.2195488, 12.9738301], [80.2190119, 12.9738405], [80.2185729, 12.9738228], [80.2182756, 12.9737998]]}}, {"type": "Feature", "properties": {"@id": "way/179253495", "highway": "primary", "lanes": "2", "lit": "yes", "maxspeed": "40", "name": "Mount - Medavakkam Road", "oneway": "yes", "ref": "SH48A", "surface": "asphalt", "original_osm_index": 989}, "geometry": {"type": "LineString", "coordinates": [[80.1898774, 12.9690267], [80.1901075, 12.9695105], [80.1904108, 12.9701657], [80.1905021, 12.9703654], [80.1905976, 12.9705984], [80.1907954, 12.9710173], [80.1908495, 12.9711447], [80.1909183, 12.9713159], [80.1910572, 12.9716534], [80.1912478, 12.9721041], [80.1912881, 12.9722223], [80.1914591, 12.9726125], [80.1914709, 12.9726442], [80.1915774, 12.9729215], [80.1915993, 12.9730122], [80.1917247, 12.9733296], [80.1918836, 12.973816], [80.1921479, 12.9745312], [80.1921698, 12.9745743], [80.1922118, 12.9746954], [80.1922316, 12.9747448], [80.1922824, 12.9748662], [80.1923618, 12.9750823], [80.1924994, 12.9754042], [80.1926251, 12.9756725], [80.1927537, 12.9759283], [80.1928434, 12.9760163], [80.1929145, 12.9761208], [80.1930826, 12.9763526], [80.1932761, 12.9765991], [80.1935134, 12.9769316], [80.1936516, 12.9772505], [80.1937262, 12.977562], [80.1937559, 12.9776871], [80.1938257, 12.978112], [80.1938726, 12.9783587], [80.1939603, 12.9787201], [80.1939982, 12.9788099], [80.1940867, 12.9789709], [80.1942278, 12.9792094], [80.1942744, 12.9792921], [80.1945251, 12.9796406], [80.1945647, 12.9796956], [80.1946639, 12.9798227], [80.1949542, 12.9802918], [80.1950738, 12.9804868], [80.1951455, 12.9806986], [80.1952679, 12.9809423], [80.1953207, 12.981059], [80.1954404, 12.9811124]]}}, {"type": "Feature", "properties": {"@id": "way/179254230", "highway": "residential", "maxspeed": "20", "name": "Lake View Road", "surface": "asphalt", "original_osm_index": 990}, "geometry": {"type": "LineString", "coordinates": [[80.1914144, 12.9654063], [80.1913406, 12.9650985], [80.1913165, 12.9649981], [80.1912553, 12.9647427], [80.1911835, 12.9644122], [80.1911308, 12.9642261], [80.1910002, 12.9637281], [80.1909579, 12.9635449], [80.1908912, 12.9633138], [80.1907832, 12.9629399], [80.1906684, 12.9625423], [80.1905588, 12.9621597], [80.19054137415588, 12.9621]]}}, {"type": "Feature", "properties": {"@id": "way/182052469", "highway": "residential", "name": "4th Street, Lakshmi Nagar", "original_osm_index": 991}, "geometry": {"type": "LineString", "coordinates": [[80.1891, 12.978709993087831], [80.1894577, 12.9787095]]}}, {"type": "Feature", "properties": {"@id": "way/184301030", "highway": "residential", "name": "Macmillon Colony 4th Street", "original_osm_index": 992}, "geometry": {"type": "LineString", "coordinates": [[80.1899955, 12.9794365], [80.1903383, 12.9793972]]}}, {"type": "Feature", "properties": {"@id": "way/184469834", "highway": "residential", "name": "Arumugam Road", "original_osm_index": 993}, "geometry": {"type": "LineString", "coordinates": [[80.2145832, 12.9630292], [80.2136687, 12.9632806]]}}, {"type": "Feature", "properties": {"@id": "way/184469835", "highway": "residential", "name": "5th Main Road", "original_osm_index": 994}, "geometry": {"type": "LineString", "coordinates": [[80.2110046, 12.9628323], [80.2132668, 12.9623084]]}}, {"type": "Feature", "properties": {"@id": "way/184469836", "highway": "residential", "original_osm_index": 995}, "geometry": {"type": "LineString", "coordinates": [[80.2121202, 12.9638686], [80.2137541, 12.9635549], [80.2137788, 12.9635472], [80.2147141, 12.9632571]]}}, {"type": "Feature", "properties": {"@id": "way/184469837", "highway": "residential", "original_osm_index": 996}, "geometry": {"type": "LineString", "coordinates": [[80.2111772, 12.9637368], [80.2136111, 12.9631412]]}}, {"type": "Feature", "properties": {"@id": "way/184469839", "highway": "residential", "original_osm_index": 997}, "geometry": {"type": "LineString", "coordinates": [[80.2110984, 12.9633009], [80.2134526, 12.9627579], [80.2146508, 12.9624839]]}}, {"type": "Feature", "properties": {"@id": "way/184469905", "highway": "residential", "name": "6th Main road", "original_osm_index": 998}, "geometry": {"type": "LineString", "coordinates": [[80.2108972, 12.9623629], [80.21192327849153, 12.9621]]}}, {"type": "Feature", "properties": {"@id": "way/188010447", "highway": "residential", "lanes": "1", "name": "Bethel Avenue Main Road", "surface": "gravel", "original_osm_index": 999}, "geometry": {"type": "LineString", "coordinates": [[80.2230228, 12.9718812], [80.2230569, 12.9714526], [80.2230814, 12.9711446], [80.2231087, 12.9708735]]}}, {"type": "Feature", "properties": {"@id": "way/191207584", "access": "private", "highway": "service", "maxspeed": "35", "name": "Alumni Avenue", "parking:both": "no", "sidewalk": "no", "surface": "asphalt", "original_osm_index": 1000}, "geometry": {"type": "LineString", "coordinates": [[80.2284, 12.990411184941431], [80.2279914, 12.9902901], [80.2277266, 12.9902521]]}}, {"type": "Feature", "properties": {"@id": "way/198142097", "access": "private", "highway": "residential", "name": "Nathan Subramaniam Colony", "original_osm_index": 1001}, "geometry": {"type": "LineString", "coordinates": [[80.218542, 12.9693871], [80.2186168, 12.969357], [80.2191034, 12.9691613], [80.2192452, 12.9690998], [80.2194598, 12.969016], [80.2197558, 12.9688793], [80.2199727, 12.9687949], [80.2201665, 12.968714], [80.2203973, 12.9686065], [80.2206092, 12.9685256], [80.2207145, 12.9684853], [80.220757, 12.9684691]]}}, {"type": "Feature", "properties": {"@id": "way/200892988", "highway": "residential", "name": "Thirumal Marugan Sannathi Street", "name:ta": "திருமால் மருகன் சன்னதி தெரு", "surface": "asphalt", "original_osm_index": 1002}, "geometry": {"type": "LineString", "coordinates": [[80.1894873, 12.975158], [80.1899841, 12.9751813]]}}, {"type": "Feature", "properties": {"@id": "way/200892990", "highway": "residential", "lane_markings": "no", "name": "Kanniga Colony 2nd Street", "name:ta": "கன்னிகா காலனி 2வது தெரு", "surface": "concrete", "original_osm_index": 1003}, "geometry": {"type": "LineString", "coordinates": [[80.1891, 12.975339407999083], [80.1894846, 12.9753355]]}}, {"type": "Feature", "properties": {"@id": "way/200892993", "highway": "residential", "name": "Kanniga Colony 3rd Street", "name:ta": "கன்னிகா காலனி 3வது தெரு", "surface": "asphalt", "original_osm_index": 1004}, "geometry": {"type": "LineString", "coordinates": [[80.1891, 12.974906831009864], [80.1894859, 12.9749173]]}}, {"type": "Feature", "properties": {"@id": "way/202927503", "highway": "residential", "original_osm_index": 1005}, "geometry": {"type": "LineString", "coordinates": [[80.1894885, 12.9836689], [80.1891, 12.983684407352941]]}}, {"type": "Feature", "properties": {"@id": "way/203214151", "alt_name": "Bypass Road", "cycleway": "lane", "highway": "primary", "lanes": "2", "maxspeed": "50", "name": "Velachery Bypass Road", "name:ta": "வேளச்சேரி புறவழிச்சாலை", "oneway": "yes", "ref": "SH48C", "surface": "asphalt", "original_osm_index": 1006}, "geometry": {"type": "LineString", "coordinates": [[80.2182229, 12.9874624], [80.2183136, 12.9878381], [80.2184145, 12.9883099], [80.2184774, 12.9885594], [80.2184992, 12.9886272], [80.2185515, 12.9888528], [80.2185645, 12.9888972], [80.2186342, 12.9890918], [80.2187914, 12.9895792], [80.2189838, 12.9900885], [80.219162, 12.9905819], [80.2193372, 12.9910729], [80.2194492, 12.9913927]]}}, {"type": "Feature", "properties": {"@id": "way/203484947", "highway": "residential", "original_osm_index": 1007}, "geometry": {"type": "LineString", "coordinates": [[80.1900132, 12.9848609], [80.1900001, 12.9841431]]}}, {"type": "Feature", "properties": {"@id": "way/203488791", "highway": "residential", "original_osm_index": 1008}, "geometry": {"type": "LineString", "coordinates": [[80.1900451, 12.9859133], [80.1900507, 12.9855197], [80.1900415, 12.9853588], [80.1900132, 12.9848609]]}}, {"type": "Feature", "properties": {"@id": "way/203488792", "highway": "residential", "original_osm_index": 1009}, "geometry": {"type": "LineString", "coordinates": [[80.1900507, 12.9855197], [80.191132, 12.9854643]]}}, {"type": "Feature", "properties": {"@id": "way/203488794", "highway": "residential", "original_osm_index": 1010}, "geometry": {"type": "LineString", "coordinates": [[80.1899623, 12.9867418], [80.1899862, 12.9864878], [80.1899993, 12.9863634], [80.1900451, 12.9859133]]}}, {"type": "Feature", "properties": {"@id": "way/203599063", "highway": "residential", "name": "3rd Street, Lakshmi Nagar", "original_osm_index": 1011}, "geometry": {"type": "LineString", "coordinates": [[80.1891, 12.979115802713762], [80.1894447, 12.9791014]]}}, {"type": "Feature", "properties": {"@id": "way/203599287", "highway": "residential", "name": "7th Street, Lakshmi Nagar", "surface": "asphalt", "original_osm_index": 1012}, "geometry": {"type": "LineString", "coordinates": [[80.1891, 12.977370099968374], [80.1897801, 12.977324], [80.1897952, 12.9773231]]}}, {"type": "Feature", "properties": {"@id": "way/204242709", "highway": "secondary", "lanes": "2", "maxspeed": "10", "maxspeed:type": "sign", "name": "Velachery Main Road", "name:etymology:wikidata": "Q7918771", "name:ta": "வேளச்சேரி முதன்மைச் சாலை", "old_ref": "SH48", "oneway": "yes", "surface": "paved", "original_osm_index": 1013}, "geometry": {"type": "LineString", "coordinates": [[80.2195487, 12.9916507], [80.2195977, 12.9915857]]}}, {"type": "Feature", "properties": {"@id": "way/204242711", "highway": "secondary", "name": "Velachery Main Road", "name:etymology:wikidata": "Q7918771", "name:ta": "வேளச்சேரி முதன்மைச் சாலை", "old_ref": "SH48", "oneway": "yes", "surface": "asphalt", "original_osm_index": 1014}, "geometry": {"type": "LineString", "coordinates": [[80.2200706, 12.9908569], [80.2199775, 12.990972], [80.2198426, 12.9911611], [80.2196951, 12.9913448], [80.2196271, 12.9914386]]}}, {"type": "Feature", "properties": {"@id": "way/204649771", "highway": "residential", "name": "Road in Baby Nagar", "width": "3", "original_osm_index": 1015}, "geometry": {"type": "LineString", "coordinates": [[80.2284, 12.980145826377948], [80.2283929, 12.9801425], [80.228306, 12.9801266], [80.2282523, 12.9801764]]}}, {"type": "Feature", "properties": {"@id": "way/205773352", "highway": "secondary", "maxspeed": "10", "maxspeed:type": "sign", "name": "Velachery Main Road", "name:etymology:wikidata": "Q7918771", "name:ta": "வேளச்சேரி முதன்மைச் சாலை", "old_ref": "SH48", "oneway": "yes", "surface": "paved", "original_osm_index": 1016}, "geometry": {"type": "LineString", "coordinates": [[80.2195552, 12.9915416], [80.2195047, 12.9916066]]}}, {"type": "Feature", "properties": {"@id": "way/206632256", "highway": "residential", "original_osm_index": 1017}, "geometry": {"type": "LineString", "coordinates": [[80.1980716, 12.965448], [80.1981848, 12.9660321], [80.1982496, 12.9662814], [80.1983133, 12.9664835], [80.1983528, 12.9666219], [80.1984615, 12.9670847], [80.1985165, 12.9675408], [80.1985241, 12.9677016], [80.1985614, 12.9681737], [80.1986019, 12.9686503]]}}, {"type": "Feature", "properties": {"@id": "way/206632257", "highway": "residential", "name": "Karthikeyapuram 1st Cross Street", "original_osm_index": 1018}, "geometry": {"type": "LineString", "coordinates": [[80.1940957, 12.9654073], [80.1949288, 12.9652306], [80.194965, 12.9652175], [80.1949811, 12.9651875], [80.1949784, 12.9651443], [80.1949636, 12.965092], [80.1948869, 12.9647829]]}}, {"type": "Feature", "properties": {"@id": "way/206632259", "highway": "residential", "name": "Kalyana Kandasamy Koil Street", "original_osm_index": 1019}, "geometry": {"type": "LineString", "coordinates": [[80.1971238, 12.9648015], [80.1971875, 12.9655909], [80.1972315, 12.965878], [80.1972764, 12.9661715]]}}, {"type": "Feature", "properties": {"@id": "way/206632260", "highway": "residential", "original_osm_index": 1020}, "geometry": {"type": "LineString", "coordinates": [[80.1949409, 12.9647764], [80.194959, 12.9646634], [80.1949905, 12.9646333], [80.1950166, 12.9646189], [80.1961074, 12.9643043]]}}, {"type": "Feature", "properties": {"@id": "way/206634191", "highway": "residential", "original_osm_index": 1021}, "geometry": {"type": "LineString", "coordinates": [[80.2143232, 12.9646665], [80.2149684, 12.9645162]]}}, {"type": "Feature", "properties": {"@id": "way/206634192", "highway": "residential", "original_osm_index": 1022}, "geometry": {"type": "LineString", "coordinates": [[80.2145586, 12.9651723], [80.2160083, 12.9649216]]}}, {"type": "Feature", "properties": {"@id": "way/206634193", "highway": "residential", "lit": "yes", "surface": "asphalt", "original_osm_index": 1023}, "geometry": {"type": "LineString", "coordinates": [[80.2157114, 12.9641844], [80.2152515, 12.9643033]]}}, {"type": "Feature", "properties": {"@id": "way/206634194", "highway": "residential", "original_osm_index": 1024}, "geometry": {"type": "LineString", "coordinates": [[80.2143822, 12.9648623], [80.2158597, 12.9645381]]}}, {"type": "Feature", "properties": {"@id": "way/206634196", "highway": "service", "original_osm_index": 1025}, "geometry": {"type": "LineString", "coordinates": [[80.2174661, 12.9643615], [80.2178175, 12.964238], [80.2181551, 12.9641194], [80.2189091, 12.9638544], [80.2189547, 12.9638465], [80.2189862, 12.9638491], [80.2190134, 12.9639251], [80.2193758, 12.9638165], [80.2194294, 12.963823], [80.2194737, 12.9638452], [80.2196473, 12.9642251]]}}, {"type": "Feature", "properties": {"@id": "way/206634197", "highway": "residential", "surface": "asphalt", "original_osm_index": 1026}, "geometry": {"type": "LineString", "coordinates": [[80.2157187, 12.9636777], [80.2156695, 12.9640147], [80.2157035, 12.9641639], [80.2157114, 12.9641844], [80.2158597, 12.9645381], [80.2160083, 12.9649216], [80.2161616, 12.9653038], [80.2163081, 12.9656893], [80.2164254, 12.9659258], [80.2165528, 12.9661924], [80.2165836, 12.9663271], [80.2166279, 12.9666041], [80.2166299, 12.9666178], [80.2166386, 12.9666773], [80.2166976, 12.966791], [80.2168532, 12.9670733]]}}, {"type": "Feature", "properties": {"@id": "way/206634198", "highway": "residential", "original_osm_index": 1027}, "geometry": {"type": "LineString", "coordinates": [[80.2152515, 12.9643033], [80.2151312, 12.9643327], [80.2151003, 12.9643275], [80.2150668, 12.9643105], [80.2150407, 12.9642203], [80.2150038, 12.9641955], [80.2149515, 12.9641863], [80.214289, 12.9643157], [80.2142434, 12.9643419], [80.2142461, 12.9643863], [80.2143232, 12.9646665], [80.2143822, 12.9648623], [80.2144565, 12.9651088], [80.2145586, 12.9651723], [80.2146456, 12.9655709], [80.2147828, 12.9660328]]}}, {"type": "Feature", "properties": {"@id": "way/206634199", "highway": "residential", "name": "Kambar Street", "name:etymology:wikidata": "Q1535227", "original_osm_index": 1028}, "geometry": {"type": "LineString", "coordinates": [[80.2161616, 12.9653038], [80.2146456, 12.9655709]]}}, {"type": "Feature", "properties": {"@id": "way/206634200", "highway": "residential", "name": "Kannnapiran Street", "original_osm_index": 1029}, "geometry": {"type": "LineString", "coordinates": [[80.2163081, 12.9656893], [80.2158478, 12.9658062], [80.2150233, 12.9659816], [80.2147828, 12.9660328]]}}, {"type": "Feature", "properties": {"@id": "way/206634201", "highway": "residential", "name": "Vallal Kaari Street", "name:etymology:wikidata": "Q13646122", "original_osm_index": 1030}, "geometry": {"type": "LineString", "coordinates": [[80.2146456, 12.9655709], [80.2136992, 12.9657224], [80.2132971, 12.9657817], [80.2129714, 12.9658393], [80.2116032, 12.9660797]]}}, {"type": "Feature", "properties": {"@id": "way/206634202", "highway": "residential", "name": "1st cross Street", "original_osm_index": 1031}, "geometry": {"type": "LineString", "coordinates": [[80.21492928292683, 12.9621], [80.2148594, 12.9621232], [80.2150467, 12.9626706], [80.2154588, 12.9636612]]}}, {"type": "Feature", "properties": {"@id": "way/206637726", "highway": "residential", "maxspeed": "20", "name": "Brightpathplayschool", "original_osm_index": 1032}, "geometry": {"type": "LineString", "coordinates": [[80.2150322, 12.9665404], [80.2140944, 12.9667515], [80.2139755, 12.9667371], [80.2139012, 12.9666791], [80.2138388, 12.9666646], [80.213277, 12.9667689], [80.2129341, 12.9668265], [80.2117547, 12.9670243]]}}, {"type": "Feature", "properties": {"@id": "way/206637727", "highway": "residential", "name": "Kannadasan street", "name:etymology:wikidata": "Q3519797", "original_osm_index": 1033}, "geometry": {"type": "LineString", "coordinates": [[80.2152436, 12.9671854], [80.216339, 12.9668736], [80.2166976, 12.966791]]}}, {"type": "Feature", "properties": {"@id": "way/206637728", "highway": "residential", "original_osm_index": 1034}, "geometry": {"type": "LineString", "coordinates": [[80.2156342, 12.9684184], [80.215484, 12.9680091], [80.2141484, 12.9682341], [80.211768, 12.9686406]]}}, {"type": "Feature", "properties": {"@id": "way/206637729", "highway": "residential", "original_osm_index": 1035}, "geometry": {"type": "LineString", "coordinates": [[80.2154705, 12.9676709], [80.2158131, 12.9675667], [80.2162079, 12.9674467], [80.2164783, 12.9673881], [80.2165016, 12.9673834]]}}, {"type": "Feature", "properties": {"@id": "way/206637730", "highway": "residential", "name": "Kavimani Street", "name:etymology:wikidata": "Q3533917", "original_osm_index": 1036}, "geometry": {"type": "LineString", "coordinates": [[80.2153813, 12.9675493], [80.214206, 12.9677952], [80.2132138, 12.9680139], [80.2117323, 12.9682314]]}}, {"type": "Feature", "properties": {"@id": "way/206637731", "highway": "residential", "name": "N 1st Street", "original_osm_index": 1037}, "geometry": {"type": "LineString", "coordinates": [[80.2151936, 12.9670369], [80.2132979, 12.9674525], [80.2129962, 12.9675122]]}}, {"type": "Feature", "properties": {"@id": "way/206642422", "highway": "secondary", "lanes": "2", "maxspeed": "30", "name": "Bazaar Main Road", "network": "IN:MDR:TN", "official_name": "Madipakkam - Velachery Road", "ref": "MDR622", "surface": "asphalt", "original_osm_index": 1038}, "geometry": {"type": "LineString", "coordinates": [[80.2113062, 12.9645643], [80.2113537, 12.9645233], [80.2114351, 12.9644699], [80.2115352, 12.9644361], [80.2115531, 12.9644301], [80.2115712, 12.9644259], [80.2116956, 12.964399], [80.2119541, 12.9643366], [80.2120966, 12.9643086], [80.2123612, 12.9642565], [80.2128989, 12.9641644], [80.2129469, 12.9641496], [80.2129785, 12.9641438], [80.2132827, 12.9640882], [80.2135142, 12.9640459], [80.2138463, 12.9639852], [80.2139525, 12.9639679], [80.2143004, 12.9639105]]}}, {"type": "Feature", "properties": {"@id": "way/206642423", "highway": "residential", "name": "Brindhavan Nagar Road", "original_osm_index": 1039}, "geometry": {"type": "LineString", "coordinates": [[80.2131771, 12.9688213], [80.2134649, 12.9700816], [80.2135, 12.9702355]]}}, {"type": "Feature", "properties": {"@id": "way/206642424", "highway": "residential", "original_osm_index": 1040}, "geometry": {"type": "LineString", "coordinates": [[80.2073922, 12.9688024], [80.206673, 12.9689036], [80.2063186, 12.9689534]]}}, {"type": "Feature", "properties": {"@id": "way/206642425", "highway": "residential", "original_osm_index": 1041}, "geometry": {"type": "LineString", "coordinates": [[80.207604, 12.9655134], [80.2085264, 12.9653304]]}}, {"type": "Feature", "properties": {"@id": "way/206642427", "highway": "residential", "original_osm_index": 1042}, "geometry": {"type": "LineString", "coordinates": [[80.2076685, 12.9659147], [80.207604, 12.9655134], [80.2075506, 12.9652162]]}}, {"type": "Feature", "properties": {"@id": "way/206642428", "highway": "residential", "original_osm_index": 1043}, "geometry": {"type": "LineString", "coordinates": [[80.2064331, 12.9660574], [80.2063676, 12.9657361], [80.2063215, 12.9654763], [80.2063255, 12.9654442], [80.2063315, 12.9654181], [80.2063617, 12.9653599]]}}, {"type": "Feature", "properties": {"@id": "way/206642429", "highway": "residential", "original_osm_index": 1044}, "geometry": {"type": "LineString", "coordinates": [[80.2059658, 12.9730097], [80.2061924, 12.9730165], [80.20654, 12.9730152], [80.2070897, 12.9730176], [80.2074916, 12.9730037], [80.2079458, 12.9729885]]}}, {"type": "Feature", "properties": {"@id": "way/206642430", "highway": "residential", "name": "Nakeeran Road", "original_osm_index": 1045}, "geometry": {"type": "LineString", "coordinates": [[80.2116846, 12.9665873], [80.2128439, 12.9663745], [80.2133531, 12.9662809]]}}, {"type": "Feature", "properties": {"@id": "way/206642431", "highway": "residential", "original_osm_index": 1046}, "geometry": {"type": "LineString", "coordinates": [[80.212148, 12.97145], [80.2120179, 12.9709179], [80.2119021, 12.9703914], [80.2118092, 12.969897]]}}, {"type": "Feature", "properties": {"@id": "way/206647499", "highway": "residential", "name": "Arumugam Street", "original_osm_index": 1047}, "geometry": {"type": "LineString", "coordinates": [[80.1955792, 12.9714256], [80.1955268, 12.970889], [80.1962685, 12.9708418]]}}, {"type": "Feature", "properties": {"@id": "way/206647500", "highway": "residential", "name": "Ayiram Road", "original_osm_index": 1048}, "geometry": {"type": "LineString", "coordinates": [[80.1962069, 12.968261], [80.1976308, 12.9680338]]}}, {"type": "Feature", "properties": {"@id": "way/206647501", "highway": "residential", "name": "Church Street", "original_osm_index": 1049}, "geometry": {"type": "LineString", "coordinates": [[80.1962171, 12.9694499], [80.197888, 12.9692824]]}}, {"type": "Feature", "properties": {"@id": "way/206647502", "highway": "residential", "name": "David George Street", "original_osm_index": 1050}, "geometry": {"type": "LineString", "coordinates": [[80.1975283, 12.9674865], [80.1975969, 12.9678437], [80.1976308, 12.9680338], [80.1976928, 12.9682824], [80.197782, 12.9687588], [80.197888, 12.9692824], [80.1979362, 12.9695968]]}}, {"type": "Feature", "properties": {"@id": "way/206647503", "highway": "residential", "original_osm_index": 1051}, "geometry": {"type": "LineString", "coordinates": [[80.1962094, 12.968078], [80.1951414, 12.9681978]]}}, {"type": "Feature", "properties": {"@id": "way/206647504", "highway": "residential", "original_osm_index": 1052}, "geometry": {"type": "LineString", "coordinates": [[80.1962137, 12.9693499], [80.1953186, 12.9694481]]}}, {"type": "Feature", "properties": {"@id": "way/206647505", "highway": "residential", "original_osm_index": 1053}, "geometry": {"type": "LineString", "coordinates": [[80.2043205, 12.9685622], [80.2043571, 12.9685834], [80.204396, 12.9685919], [80.2048315, 12.9684965]]}}, {"type": "Feature", "properties": {"@id": "way/206647506", "highway": "residential", "original_osm_index": 1054}, "geometry": {"type": "LineString", "coordinates": [[80.1961411, 12.9669069], [80.1967547, 12.9668904]]}}, {"type": "Feature", "properties": {"@id": "way/206647507", "highway": "residential", "original_osm_index": 1055}, "geometry": {"type": "LineString", "coordinates": [[80.1987725, 12.9699818], [80.1992404, 12.9699215]]}}, {"type": "Feature", "properties": {"@id": "way/206647508", "highway": "residential", "original_osm_index": 1056}, "geometry": {"type": "LineString", "coordinates": [[80.1972315, 12.965878], [80.19613, 12.966044]]}}, {"type": "Feature", "properties": {"@id": "way/206647509", "highway": "residential", "original_osm_index": 1057}, "geometry": {"type": "LineString", "coordinates": [[80.1961811, 12.9675115], [80.1947585, 12.9677066], [80.1947367, 12.967726], [80.1947355, 12.9677543], [80.1947739, 12.9680086], [80.194762, 12.9680309], [80.1947435, 12.9680422], [80.1945888, 12.9680561]]}}, {"type": "Feature", "properties": {"@id": "way/206647510", "highway": "residential", "original_osm_index": 1058}, "geometry": {"type": "LineString", "coordinates": [[80.1999323, 12.970112], [80.2002097, 12.9700802], [80.2006837, 12.9700413], [80.2007506, 12.9707841], [80.2003795, 12.9708282]]}}, {"type": "Feature", "properties": {"@id": "way/206647511", "highway": "residential", "original_osm_index": 1059}, "geometry": {"type": "LineString", "coordinates": [[80.1995321, 12.9701793], [80.1999323, 12.970112], [80.1998414, 12.9694694]]}}, {"type": "Feature", "properties": {"@id": "way/206647512", "highway": "residential", "name": "Manimeghalai Street", "original_osm_index": 1060}, "geometry": {"type": "LineString", "coordinates": [[80.1962068, 12.9685941], [80.1952299, 12.9686867], [80.1951823, 12.9686939], [80.19515, 12.968688], [80.195134, 12.9686638], [80.1950911, 12.9685756], [80.1950636, 12.9685533], [80.1950186, 12.9685423], [80.1948121, 12.9685579], [80.1940709, 12.9686588], [80.1922025, 12.9689916]]}}, {"type": "Feature", "properties": {"@id": "way/206647513", "highway": "residential", "original_osm_index": 1061}, "geometry": {"type": "LineString", "coordinates": [[80.1967395, 12.967332], [80.1967547, 12.9668904], [80.1967561, 12.966514], [80.1961345, 12.9665257]]}}, {"type": "Feature", "properties": {"@id": "way/206647514", "highway": "residential", "original_osm_index": 1062}, "geometry": {"type": "LineString", "coordinates": [[80.1994034, 12.9703039], [80.1988349, 12.9703692], [80.198579, 12.9703781]]}}, {"type": "Feature", "properties": {"@id": "way/206647515", "highway": "residential", "original_osm_index": 1063}, "geometry": {"type": "LineString", "coordinates": [[80.200341, 12.9707158], [80.2002409, 12.9703353], [80.1995891, 12.9704386], [80.1995556, 12.9704281], [80.1995422, 12.9703902], [80.1995321, 12.9701793], [80.1995111, 12.9698858], [80.1994832, 12.9694971]]}}, {"type": "Feature", "properties": {"@id": "way/206647517", "highway": "residential", "name": "Ponnurangan Street", "original_osm_index": 1064}, "geometry": {"type": "LineString", "coordinates": [[80.1963072, 12.9713737], [80.1955792, 12.9714256], [80.1950656, 12.9714835]]}}, {"type": "Feature", "properties": {"@id": "way/206647518", "highway": "residential", "name": "Vanchinathan Street", "name:etymology:wikidata": "Q3411606", "original_osm_index": 1065}, "geometry": {"type": "LineString", "coordinates": [[80.196173, 12.96744], [80.1967395, 12.967332], [80.1974788, 12.9672301], [80.1976313, 12.9672036], [80.1984615, 12.9670847]]}}, {"type": "Feature", "properties": {"@id": "way/206647519", "highway": "residential", "name": "1st Road", "original_osm_index": 1066}, "geometry": {"type": "LineString", "coordinates": [[80.2004641, 12.9711608], [80.1999796, 12.9712297], [80.1997066, 12.9712552]]}}, {"type": "Feature", "properties": {"@id": "way/206649409", "highway": "residential", "original_osm_index": 1067}, "geometry": {"type": "LineString", "coordinates": [[80.1940059, 12.9713382], [80.1945003, 12.9713017], [80.1947106, 12.9712828], [80.1950994, 12.971248], [80.1951146, 12.9712395], [80.1951219, 12.9712256], [80.1951122, 12.9710824]]}}, {"type": "Feature", "properties": {"@id": "way/206649411", "highway": "residential", "original_osm_index": 1068}, "geometry": {"type": "LineString", "coordinates": [[80.1940767, 12.9718188], [80.1931222, 12.9719159]]}}, {"type": "Feature", "properties": {"@id": "way/206649412", "highway": "residential", "original_osm_index": 1069}, "geometry": {"type": "LineString", "coordinates": [[80.1940676, 12.9717567], [80.1945736, 12.971738]]}}, {"type": "Feature", "properties": {"@id": "way/206649413", "highway": "residential", "original_osm_index": 1070}, "geometry": {"type": "LineString", "coordinates": [[80.1939295, 12.9708202], [80.1949904, 12.9707078]]}}, {"type": "Feature", "properties": {"@id": "way/206649414", "highway": "residential", "original_osm_index": 1071}, "geometry": {"type": "LineString", "coordinates": [[80.1958193, 12.9723893], [80.1958323, 12.9719429], [80.1958114, 12.9717509]]}}, {"type": "Feature", "properties": {"@id": "way/206649415", "highway": "residential", "name": "Elango Street", "original_osm_index": 1072}, "geometry": {"type": "LineString", "coordinates": [[80.1938243, 12.9701065], [80.1938197, 12.9700333], [80.1938036, 12.9697773], [80.1937573, 12.9697289], [80.193695, 12.9697185], [80.1923574, 12.9698781]]}}, {"type": "Feature", "properties": {"@id": "way/206649416", "highway": "residential", "name": "Yogeshwaran Cross Street", "original_osm_index": 1073}, "geometry": {"type": "LineString", "coordinates": [[80.1914592, 12.9685655], [80.1919663, 12.9698126], [80.1919609, 12.9698426], [80.1919486, 12.969865], [80.1919328, 12.9698818], [80.1918966, 12.969891], [80.1904921, 12.9701449]]}}, {"type": "Feature", "properties": {"@id": "way/206649417", "highway": "residential", "name": "Badhala Vinayagar Koil Street", "original_osm_index": 1074}, "geometry": {"type": "LineString", "coordinates": [[80.192517, 12.9708996], [80.1921689, 12.9709411], [80.1909194, 12.9711352]]}}, {"type": "Feature", "properties": {"@id": "way/206649418", "highway": "residential", "name": "Jyothi Ramalingam Street", "name:etymology:wikidata": "Q2587203", "surface": "asphalt", "original_osm_index": 1075}, "geometry": {"type": "LineString", "coordinates": [[80.1938243, 12.9701065], [80.1924178, 12.9702875], [80.1912694, 12.9704659], [80.1906667, 12.9705595]]}}, {"type": "Feature", "properties": {"@id": "way/206653761", "highway": "residential", "original_osm_index": 1076}, "geometry": {"type": "LineString", "coordinates": [[80.1978275, 12.978267], [80.1982251, 12.9782911], [80.1986951, 12.9783195]]}}, {"type": "Feature", "properties": {"@id": "way/206653763", "highway": "residential", "original_osm_index": 1077}, "geometry": {"type": "LineString", "coordinates": [[80.1969561, 12.9785979], [80.1970052, 12.9774959]]}}, {"type": "Feature", "properties": {"@id": "way/206653764", "highway": "residential", "original_osm_index": 1078}, "geometry": {"type": "LineString", "coordinates": [[80.1992782, 12.9726693], [80.1991806, 12.9722266]]}}, {"type": "Feature", "properties": {"@id": "way/206653765", "highway": "residential", "original_osm_index": 1079}, "geometry": {"type": "LineString", "coordinates": [[80.2032213, 12.9801305], [80.203242, 12.9797756]]}}, {"type": "Feature", "properties": {"@id": "way/206653766", "highway": "residential", "original_osm_index": 1080}, "geometry": {"type": "LineString", "coordinates": [[80.2023213, 12.980141], [80.2023987, 12.980342], [80.2025248, 12.9811185]]}}, {"type": "Feature", "properties": {"@id": "way/206653767", "highway": "residential", "original_osm_index": 1081}, "geometry": {"type": "LineString", "coordinates": [[80.2009482, 12.9783147], [80.2009416, 12.9777315]]}}, {"type": "Feature", "properties": {"@id": "way/206653768", "highway": "residential", "original_osm_index": 1082}, "geometry": {"type": "LineString", "coordinates": [[80.2061591, 12.9735439], [80.2061924, 12.9730165]]}}, {"type": "Feature", "properties": {"@id": "way/206653769", "highway": "residential", "original_osm_index": 1083}, "geometry": {"type": "LineString", "coordinates": [[80.1905301, 12.9782037], [80.1904391, 12.9774309]]}}, {"type": "Feature", "properties": {"@id": "way/206653770", "highway": "residential", "original_osm_index": 1084}, "geometry": {"type": "LineString", "coordinates": [[80.1962351, 12.9785474], [80.196351, 12.9775442]]}}, {"type": "Feature", "properties": {"@id": "way/206653772", "highway": "residential", "original_osm_index": 1085}, "geometry": {"type": "LineString", "coordinates": [[80.1989662, 12.9727978], [80.1988998, 12.972343]]}}, {"type": "Feature", "properties": {"@id": "way/206653773", "highway": "residential", "name": "6th Street", "original_osm_index": 1086}, "geometry": {"type": "LineString", "coordinates": [[80.2069428, 12.9774037], [80.2060447, 12.9776188]]}}, {"type": "Feature", "properties": {"@id": "way/206653774", "highway": "residential", "name": "Kamban Street", "name:etymology:wikidata": "Q1535227", "sidewalk": "no", "surface": "asphalt", "original_osm_index": 1087}, "geometry": {"type": "LineString", "coordinates": [[80.1947089, 12.976769], [80.1956806, 12.9768057]]}}, {"type": "Feature", "properties": {"@id": "way/206653775", "highway": "residential", "original_osm_index": 1088}, "geometry": {"type": "LineString", "coordinates": [[80.2001314, 12.9787838], [80.200158, 12.9787484], [80.2001831, 12.9787148], [80.2002083, 12.9786813], [80.2002417, 12.9781332]]}}, {"type": "Feature", "properties": {"@id": "way/206653776", "highway": "residential", "original_osm_index": 1089}, "geometry": {"type": "LineString", "coordinates": [[80.2012088, 12.9783727], [80.2019078, 12.9781968], [80.202319, 12.9780933]]}}, {"type": "Feature", "properties": {"@id": "way/206653777", "highway": "residential", "original_osm_index": 1090}, "geometry": {"type": "LineString", "coordinates": [[80.1994603, 12.9787336], [80.1994933, 12.978103]]}}, {"type": "Feature", "properties": {"@id": "way/206653778", "highway": "residential", "original_osm_index": 1091}, "geometry": {"type": "LineString", "coordinates": [[80.1966734, 12.9775157], [80.1965521, 12.9785696]]}}, {"type": "Feature", "properties": {"@id": "way/206653779", "highway": "residential", "original_osm_index": 1092}, "geometry": {"type": "LineString", "coordinates": [[80.2044767, 12.977581], [80.2043786, 12.976802]]}}, {"type": "Feature", "properties": {"@id": "way/206653780", "highway": "residential", "original_osm_index": 1093}, "geometry": {"type": "LineString", "coordinates": [[80.1966584, 12.9804298], [80.1971551, 12.9802832]]}}, {"type": "Feature", "properties": {"@id": "way/206653781", "highway": "residential", "original_osm_index": 1094}, "geometry": {"type": "LineString", "coordinates": [[80.1995381, 12.9791454], [80.1995597, 12.9787434]]}}, {"type": "Feature", "properties": {"@id": "way/206653782", "highway": "residential", "original_osm_index": 1095}, "geometry": {"type": "LineString", "coordinates": [[80.2028792, 12.9769361], [80.2035747, 12.9770468]]}}, {"type": "Feature", "properties": {"@id": "way/206653783", "highway": "residential", "original_osm_index": 1096}, "geometry": {"type": "LineString", "coordinates": [[80.2065689, 12.9748341], [80.2069967, 12.9748092]]}}, {"type": "Feature", "properties": {"@id": "way/206653784", "highway": "residential", "name": "North Madhava Perumal Street", "original_osm_index": 1097}, "geometry": {"type": "LineString", "coordinates": [[80.1935233, 12.9738477], [80.193511, 12.9742564], [80.1935017, 12.9747978]]}}, {"type": "Feature", "properties": {"@id": "way/206653785", "highway": "residential", "original_osm_index": 1098}, "geometry": {"type": "LineString", "coordinates": [[80.1978902, 12.9735918], [80.1982861, 12.9735542]]}}, {"type": "Feature", "properties": {"@id": "way/206653786", "highway": "residential", "original_osm_index": 1099}, "geometry": {"type": "LineString", "coordinates": [[80.2035368, 12.9750529], [80.2038994, 12.9749877]]}}, {"type": "Feature", "properties": {"@id": "way/206653787", "highway": "residential", "surface": "asphalt", "original_osm_index": 1100}, "geometry": {"type": "LineString", "coordinates": [[80.1933643, 12.9766067], [80.1935357, 12.9765343], [80.1940531, 12.976503]]}}, {"type": "Feature", "properties": {"@id": "way/206653788", "highway": "residential", "original_osm_index": 1101}, "geometry": {"type": "LineString", "coordinates": [[80.1951784, 12.9751309], [80.1951754, 12.9747984], [80.19519, 12.9747744], [80.1952156, 12.9747604], [80.1957968, 12.9748124]]}}, {"type": "Feature", "properties": {"@id": "way/206653789", "highway": "residential", "name": "4th Street", "original_osm_index": 1102}, "geometry": {"type": "LineString", "coordinates": [[80.1909725, 12.9781611], [80.1909397, 12.9778407], [80.1909417, 12.9778198], [80.1909511, 12.9777995], [80.1909678, 12.9777812], [80.191002, 12.9777642], [80.1912869, 12.9777069]]}}, {"type": "Feature", "properties": {"@id": "way/206653790", "highway": "residential", "original_osm_index": 1103}, "geometry": {"type": "LineString", "coordinates": [[80.1977971, 12.978641], [80.1978275, 12.978267], [80.1978869, 12.9775489]]}}, {"type": "Feature", "properties": {"@id": "way/206653791", "highway": "residential", "name": "Annai Therasa Nagar 12th Street", "name:ta": "அன்னை தெரசா நகர் 12வது தெரு", "original_osm_index": 1104}, "geometry": {"type": "LineString", "coordinates": [[80.204113, 12.9728249], [80.2040795, 12.9727926], [80.2040577, 12.9727387], [80.2039362, 12.9720477]]}}, {"type": "Feature", "properties": {"@id": "way/206653792", "highway": "residential", "original_osm_index": 1105}, "geometry": {"type": "LineString", "coordinates": [[80.2012011, 12.9783077], [80.2009482, 12.9783147], [80.2007284, 12.9783208], [80.2006093, 12.9783241]]}}, {"type": "Feature", "properties": {"@id": "way/206653793", "highway": "residential", "name": "T. R. Balu Street", "original_osm_index": 1106}, "geometry": {"type": "LineString", "coordinates": [[80.2033296, 12.9743758], [80.2033133, 12.974376], [80.2031053, 12.9743745], [80.2030406, 12.974364], [80.2030298, 12.9743295], [80.2030329, 12.9742844], [80.2030314, 12.9742334], [80.2030083, 12.9742079], [80.2029516, 12.9741991], [80.2021364, 12.9742124], [80.2021413, 12.9738558]]}}, {"type": "Feature", "properties": {"@id": "way/206653794", "highway": "residential", "original_osm_index": 1107}, "geometry": {"type": "LineString", "coordinates": [[80.196192, 12.9794472], [80.1961712, 12.979032], [80.1961752, 12.9789372], [80.1962076, 12.9787661], [80.196226, 12.9786024], [80.1962351, 12.9785474]]}}, {"type": "Feature", "properties": {"@id": "way/206653795", "highway": "residential", "surface": "asphalt", "original_osm_index": 1108}, "geometry": {"type": "LineString", "coordinates": [[80.1943704, 12.9771706], [80.1943969, 12.9767516], [80.1944347, 12.9761427]]}}, {"type": "Feature", "properties": {"@id": "way/206653796", "highway": "residential", "original_osm_index": 1109}, "geometry": {"type": "LineString", "coordinates": [[80.2032181, 12.9749859], [80.2032177, 12.9749145], [80.2032168, 12.974828], [80.2032121, 12.9748114], [80.2031998, 12.9747974], [80.2031873, 12.974793], [80.2028449, 12.9748036]]}}, {"type": "Feature", "properties": {"@id": "way/206653797", "highway": "residential", "original_osm_index": 1110}, "geometry": {"type": "LineString", "coordinates": [[80.2021812, 12.9773746], [80.2027696, 12.9772735], [80.2028306, 12.9772323], [80.2028473, 12.9771885], [80.2028792, 12.9769361], [80.2029361, 12.9765487]]}}, {"type": "Feature", "properties": {"@id": "way/206653798", "highway": "residential", "original_osm_index": 1111}, "geometry": {"type": "LineString", "coordinates": [[80.2032181, 12.9749859], [80.2032187, 12.9752846], [80.203223, 12.975415]]}}, {"type": "Feature", "properties": {"@id": "way/206653799", "highway": "residential", "original_osm_index": 1112}, "geometry": {"type": "LineString", "coordinates": [[80.2041451, 12.9778449], [80.2044767, 12.977581], [80.2045727, 12.9774368], [80.2049294, 12.9771859], [80.2052351, 12.9769709]]}}, {"type": "Feature", "properties": {"@id": "way/206653800", "highway": "residential", "name": "Thiruvalluvar Street", "name:etymology:wikidata": "Q2353373", "surface": "asphalt", "original_osm_index": 1113}, "geometry": {"type": "LineString", "coordinates": [[80.1936975, 12.9772415], [80.1937918, 12.9772265], [80.1942678, 12.9771727], [80.1943704, 12.9771706], [80.1946586, 12.9771657], [80.1956429, 12.9771886]]}}, {"type": "Feature", "properties": {"@id": "way/206653801", "highway": "residential", "name": "Vembuliamman Koil Street", "surface": "asphalt", "original_osm_index": 1114}, "geometry": {"type": "LineString", "coordinates": [[80.1949808, 12.9801866], [80.1952321, 12.9801013], [80.1953133, 12.9800843], [80.1954665, 12.9801188], [80.195553, 12.980125], [80.1956322, 12.9801412], [80.1959487, 12.9801149]]}}, {"type": "Feature", "properties": {"@id": "way/206653802", "highway": "residential", "original_osm_index": 1115}, "geometry": {"type": "LineString", "coordinates": [[80.2052251, 12.9727093], [80.20521, 12.9725001], [80.2052229, 12.9724501], [80.2052614, 12.9724146], [80.2053235, 12.9724], [80.2059042, 12.9723138], [80.2061879, 12.9722545]]}}, {"type": "Feature", "properties": {"@id": "way/206653803", "highway": "residential", "name": "Bhuvaneswari Nager 4th Street", "original_osm_index": 1116}, "geometry": {"type": "LineString", "coordinates": [[80.2071222, 12.9781252], [80.2065702, 12.978413], [80.2060192, 12.9787244], [80.2057711, 12.9788335], [80.2050962, 12.9789544]]}}, {"type": "Feature", "properties": {"@id": "way/206653804", "highway": "residential", "original_osm_index": 1117}, "geometry": {"type": "LineString", "coordinates": [[80.2007876, 12.979554], [80.200796, 12.9793917], [80.2008172, 12.9793401], [80.200846, 12.9793194], [80.2009125, 12.9793003], [80.2012499, 12.9792472], [80.2012741, 12.9792354], [80.2012908, 12.9792074], [80.2012827, 12.9791456], [80.2012774, 12.9791057]]}}, {"type": "Feature", "properties": {"@id": "way/206653805", "highway": "residential", "name": "Ponnappan Street", "surface": "asphalt", "original_osm_index": 1118}, "geometry": {"type": "LineString", "coordinates": [[80.1941429, 12.9754797], [80.1942659, 12.9754871], [80.1945552, 12.9755044], [80.1945955, 12.9755061], [80.1949469, 12.9755206], [80.1950088, 12.9755232], [80.1952143, 12.9755211], [80.1955836, 12.9754902], [80.1960816, 12.9754346]]}}, {"type": "Feature", "properties": {"@id": "way/206653806", "access": "private", "highway": "service", "motor_vehicle": "destination", "original_osm_index": 1119}, "geometry": {"type": "LineString", "coordinates": [[80.2021413, 12.9738558], [80.2022257, 12.9739002], [80.2024604, 12.9739629], [80.2026632, 12.9740058], [80.2028165, 12.9740399], [80.2029708, 12.9740953], [80.2030468, 12.9741588], [80.20322, 12.9742612], [80.2033285, 12.9743254]]}}, {"type": "Feature", "properties": {"@id": "way/206653807", "highway": "residential", "original_osm_index": 1120}, "geometry": {"type": "LineString", "coordinates": [[80.1989675, 12.97538], [80.198387, 12.975294], [80.197973, 12.9752369]]}}, {"type": "Feature", "properties": {"@id": "way/206658378", "highway": "residential", "original_osm_index": 1121}, "geometry": {"type": "LineString", "coordinates": [[80.2126142, 12.9732853], [80.2119183, 12.9733426]]}}, {"type": "Feature", "properties": {"@id": "way/206658379", "highway": "residential", "original_osm_index": 1122}, "geometry": {"type": "LineString", "coordinates": [[80.2073446, 12.979261], [80.2068961, 12.9794196]]}}, {"type": "Feature", "properties": {"@id": "way/206658380", "highway": "residential", "name": "2nd Main Road", "original_osm_index": 1123}, "geometry": {"type": "LineString", "coordinates": [[80.2103069, 12.9787681], [80.2112061, 12.9788912], [80.2116257, 12.9789436], [80.2125556, 12.9789769]]}}, {"type": "Feature", "properties": {"@id": "way/206658381", "highway": "residential", "original_osm_index": 1124}, "geometry": {"type": "LineString", "coordinates": [[80.2170521, 12.9785868], [80.2174881, 12.9785932]]}}, {"type": "Feature", "properties": {"@id": "way/206658382", "highway": "residential", "original_osm_index": 1125}, "geometry": {"type": "LineString", "coordinates": [[80.2073716, 12.9793955], [80.2089558, 12.979287]]}}, {"type": "Feature", "properties": {"@id": "way/206658383", "highway": "residential", "name": "3rd Main Road", "original_osm_index": 1126}, "geometry": {"type": "LineString", "coordinates": [[80.210307, 12.97835], [80.2116397, 12.9785906]]}}, {"type": "Feature", "properties": {"@id": "way/206658384", "highway": "residential", "original_osm_index": 1127}, "geometry": {"type": "LineString", "coordinates": [[80.2111096, 12.9769278], [80.2111245, 12.9763121]]}}, {"type": "Feature", "properties": {"@id": "way/206658385", "highway": "residential", "original_osm_index": 1128}, "geometry": {"type": "LineString", "coordinates": [[80.2141345, 12.9764112], [80.2136293, 12.9763642]]}}, {"type": "Feature", "properties": {"@id": "way/206658386", "bicycle": "yes", "foot": "yes", "highway": "residential", "maxspeed": "20", "name": "Mullai Street", "name:ta": "முல்லைத் தெரு", "oneway": "no", "original_osm_index": 1129}, "geometry": {"type": "LineString", "coordinates": [[80.2076771, 12.9711564], [80.2083805, 12.9710501], [80.2088683, 12.9709795]]}}, {"type": "Feature", "properties": {"@id": "way/206658387", "highway": "residential", "original_osm_index": 1130}, "geometry": {"type": "LineString", "coordinates": [[80.2100629, 12.9775665], [80.2100771, 12.9771535]]}}, {"type": "Feature", "properties": {"@id": "way/206658388", "highway": "residential", "original_osm_index": 1131}, "geometry": {"type": "LineString", "coordinates": [[80.2103069, 12.9787681], [80.210307, 12.97835]]}}, {"type": "Feature", "properties": {"@id": "way/206658389", "highway": "residential", "original_osm_index": 1132}, "geometry": {"type": "LineString", "coordinates": [[80.2141867, 12.9760316], [80.2137668, 12.9759882], [80.2135833, 12.9759725]]}}, {"type": "Feature", "properties": {"@id": "way/206658390", "highway": "residential", "original_osm_index": 1133}, "geometry": {"type": "LineString", "coordinates": [[80.217557, 12.9792803], [80.2175786, 12.9790816], [80.2175725, 12.9790622], [80.2175494, 12.9790406], [80.2173379, 12.9790112]]}}, {"type": "Feature", "properties": {"@id": "way/206658391", "highway": "residential", "original_osm_index": 1134}, "geometry": {"type": "LineString", "coordinates": [[80.2144047, 12.9805572], [80.2143943, 12.9805615], [80.2143825, 12.9805618], [80.2135302, 12.9805132], [80.2131882, 12.980487], [80.2126335, 12.9804436]]}}, {"type": "Feature", "properties": {"@id": "way/206658392", "highway": "residential", "original_osm_index": 1135}, "geometry": {"type": "LineString", "coordinates": [[80.2066455, 12.9809052], [80.2076095, 12.9807972]]}}, {"type": "Feature", "properties": {"@id": "way/206658393", "highway": "residential", "original_osm_index": 1136}, "geometry": {"type": "LineString", "coordinates": [[80.2119891, 12.9759427], [80.2125413, 12.9759941], [80.2129794, 12.9760344]]}}, {"type": "Feature", "properties": {"@id": "way/206658394", "highway": "residential", "original_osm_index": 1137}, "geometry": {"type": "LineString", "coordinates": [[80.2119181, 12.9765077], [80.2124851, 12.9765599], [80.2125227, 12.9765796], [80.2125415, 12.9766188], [80.2125362, 12.9767664]]}}, {"type": "Feature", "properties": {"@id": "way/206658395", "highway": "residential", "name": "Andal Nagar Extension 1st Street", "original_osm_index": 1138}, "geometry": {"type": "LineString", "coordinates": [[80.2111385, 12.9795738], [80.2125432, 12.9797168]]}}, {"type": "Feature", "properties": {"@id": "way/206658396", "highway": "residential", "original_osm_index": 1139}, "geometry": {"type": "LineString", "coordinates": [[80.2126891, 12.9806932], [80.2121825, 12.9806685], [80.2115587, 12.9806824], [80.2110627, 12.9806808]]}}, {"type": "Feature", "properties": {"@id": "way/206658397", "highway": "residential", "name": "Ambigapathy Street", "name:ta": "அம்பிகாபதி தெரு", "original_osm_index": 1140}, "geometry": {"type": "LineString", "coordinates": [[80.2075482, 12.9701309], [80.2084297, 12.9700368], [80.208472, 12.9704187]]}}, {"type": "Feature", "properties": {"@id": "way/206658398", "highway": "residential", "original_osm_index": 1141}, "geometry": {"type": "LineString", "coordinates": [[80.2107404, 12.9769079], [80.2108681, 12.9769097], [80.2111096, 12.9769278], [80.2113366, 12.9769449], [80.2118634, 12.9770087]]}}, {"type": "Feature", "properties": {"@id": "way/206658399", "highway": "residential", "original_osm_index": 1142}, "geometry": {"type": "LineString", "coordinates": [[80.2093168, 12.9779739], [80.209302, 12.9775255], [80.2093084, 12.9771164], [80.2092352, 12.9769095], [80.2091671, 12.9768286], [80.2090925, 12.976783], [80.2089712, 12.9767518], [80.2088124, 12.9767435]]}}, {"type": "Feature", "properties": {"@id": "way/206658400", "highway": "residential", "original_osm_index": 1143}, "geometry": {"type": "LineString", "coordinates": [[80.212909, 12.977473], [80.2129214, 12.9774659], [80.2129371, 12.9774623], [80.2130122, 12.9774708], [80.2130384, 12.9774702], [80.2130619, 12.9774571], [80.2130793, 12.9774408], [80.2130847, 12.9774179], [80.2131167, 12.977008], [80.2131239, 12.9769141], [80.2131218, 12.9769085], [80.2131159, 12.976905], [80.2131088, 12.976904], [80.2129318, 12.9768821], [80.2129157, 12.9768785], [80.2129042, 12.9768736]]}}, {"type": "Feature", "properties": {"@id": "way/206673796", "highway": "residential", "original_osm_index": 1144}, "geometry": {"type": "LineString", "coordinates": [[80.2030188, 12.9870393], [80.2023068, 12.9871695]]}}, {"type": "Feature", "properties": {"@id": "way/206673798", "highway": "residential", "original_osm_index": 1145}, "geometry": {"type": "LineString", "coordinates": [[80.2064929, 12.9832378], [80.2070284, 12.9831996]]}}, {"type": "Feature", "properties": {"@id": "way/206673799", "highway": "residential", "name": "Golden Avenue 2nd Street", "name:ta": "கோல்டன் அவென்யூ 2வது தெரு", "original_osm_index": 1146}, "geometry": {"type": "LineString", "coordinates": [[80.2169641, 12.9772296], [80.2163537, 12.9771911]]}}, {"type": "Feature", "properties": {"@id": "way/206673801", "highway": "residential", "original_osm_index": 1147}, "geometry": {"type": "LineString", "coordinates": [[80.1901012, 12.9874257], [80.1913124, 12.9873244]]}}, {"type": "Feature", "properties": {"@id": "way/206673803", "highway": "residential", "original_osm_index": 1148}, "geometry": {"type": "LineString", "coordinates": [[80.2047434, 12.9824459], [80.2052949, 12.9824138], [80.2063881, 12.9823833]]}}, {"type": "Feature", "properties": {"@id": "way/206673808", "highway": "residential", "lit": "yes", "name": "Sri Devi Karumari Amman Nagar 5th Street", "name:ta": "ஸ்ரீ தேவி கருமாரி அம்மன் நகர் 5வது தெரு", "surface": "asphalt", "original_osm_index": 1149}, "geometry": {"type": "LineString", "coordinates": [[80.2163033, 12.9760836], [80.2155805, 12.9760869], [80.2151986, 12.9761267]]}}, {"type": "Feature", "properties": {"@id": "way/206673810", "access": "private", "highway": "service", "original_osm_index": 1150}, "geometry": {"type": "LineString", "coordinates": [[80.218081, 12.980465], [80.2180926, 12.9802647], [80.2180873, 12.9802371], [80.2180638, 12.9802157], [80.2176232, 12.9802026], [80.217598, 12.9802075], [80.2175838, 12.9802332], [80.2175776, 12.9804319], [80.2175871, 12.9804502]]}}, {"type": "Feature", "properties": {"@id": "way/206673812", "highway": "residential", "name": "Sri Devi Karumari Amman Nagar 7th Street", "name:ta": "ஸ்ரீ தேவி கருமாரி அம்மன் நகர் 7வது தெரு", "original_osm_index": 1151}, "geometry": {"type": "LineString", "coordinates": [[80.2170377, 12.9765375], [80.2182223, 12.9766035], [80.2183318, 12.9766096]]}}, {"type": "Feature", "properties": {"@id": "way/206673815", "highway": "residential", "name": "Yamuna Street", "name:etymology:wikidata": "Q132726", "name:ta": "யமுனா தெரு", "original_osm_index": 1152}, "geometry": {"type": "LineString", "coordinates": [[80.2169036, 12.9778537], [80.21618, 12.9778241]]}}, {"type": "Feature", "properties": {"@id": "way/206673816", "highway": "residential", "original_osm_index": 1153}, "geometry": {"type": "LineString", "coordinates": [[80.2083455, 12.9858], [80.2090937, 12.9858919]]}}, {"type": "Feature", "properties": {"@id": "way/206673818", "highway": "residential", "original_osm_index": 1154}, "geometry": {"type": "LineString", "coordinates": [[80.1992519, 12.9844426], [80.1993078, 12.9847701]]}}, {"type": "Feature", "properties": {"@id": "way/206673820", "highway": "residential", "original_osm_index": 1155}, "geometry": {"type": "LineString", "coordinates": [[80.2025333, 12.9902239], [80.2018755, 12.990346]]}}, {"type": "Feature", "properties": {"@id": "way/206673821", "access": "private", "highway": "service", "original_osm_index": 1156}, "geometry": {"type": "LineString", "coordinates": [[80.218081, 12.980465], [80.2176051, 12.9804586], [80.2175871, 12.9804502]]}}, {"type": "Feature", "properties": {"@id": "way/206673823", "highway": "residential", "original_osm_index": 1157}, "geometry": {"type": "LineString", "coordinates": [[80.2014097, 12.9835353], [80.2024783, 12.9833421], [80.2026093, 12.9833098], [80.2025495, 12.9829607]]}}, {"type": "Feature", "properties": {"@id": "way/206673825", "highway": "residential", "original_osm_index": 1158}, "geometry": {"type": "LineString", "coordinates": [[80.2153643, 12.9767775], [80.2149529, 12.9767907], [80.2149388, 12.976796], [80.2149311, 12.9768089], [80.2149301, 12.9768254], [80.2149392, 12.9769947]]}}, {"type": "Feature", "properties": {"@id": "way/206673826", "highway": "residential", "original_osm_index": 1159}, "geometry": {"type": "LineString", "coordinates": [[80.1926089, 12.9863992], [80.1935272, 12.9861415], [80.1939754, 12.9860157]]}}, {"type": "Feature", "properties": {"@id": "way/206673827", "highway": "residential", "name": "2nd Street", "original_osm_index": 1160}, "geometry": {"type": "LineString", "coordinates": [[80.21166, 12.9847935], [80.2129242, 12.9847857]]}}, {"type": "Feature", "properties": {"@id": "way/206673829", "highway": "residential", "original_osm_index": 1161}, "geometry": {"type": "LineString", "coordinates": [[80.1894174, 12.98837], [80.1891, 12.988399199967203]]}}, {"type": "Feature", "properties": {"@id": "way/206673830", "highway": "residential", "original_osm_index": 1162}, "geometry": {"type": "LineString", "coordinates": [[80.1987557, 12.9838512], [80.1993682, 12.9837378]]}}, {"type": "Feature", "properties": {"@id": "way/206673832", "highway": "residential", "original_osm_index": 1163}, "geometry": {"type": "LineString", "coordinates": [[80.1991011, 12.9820924], [80.1996902, 12.9819428], [80.199742, 12.9819056], [80.1997595, 12.9818481], [80.199687, 12.9815524]]}}, {"type": "Feature", "properties": {"@id": "way/206673836", "highway": "residential", "original_osm_index": 1164}, "geometry": {"type": "LineString", "coordinates": [[80.1992323, 12.9828878], [80.2000351, 12.9826793]]}}, {"type": "Feature", "properties": {"@id": "way/206673838", "highway": "residential", "original_osm_index": 1165}, "geometry": {"type": "LineString", "coordinates": [[80.2025973, 12.9909693], [80.2041557, 12.9908286]]}}, {"type": "Feature", "properties": {"@id": "way/206673840", "highway": "residential", "original_osm_index": 1166}, "geometry": {"type": "LineString", "coordinates": [[80.2084734, 12.9897552], [80.2093816, 12.9894987]]}}, {"type": "Feature", "properties": {"@id": "way/206673842", "highway": "residential", "original_osm_index": 1167}, "geometry": {"type": "LineString", "coordinates": [[80.204134, 12.9907302], [80.2048626, 12.9906121]]}}, {"type": "Feature", "properties": {"@id": "way/206673844", "highway": "residential", "original_osm_index": 1168}, "geometry": {"type": "LineString", "coordinates": [[80.1998092, 12.983458], [80.200948, 12.9833967]]}}, {"type": "Feature", "properties": {"@id": "way/206673845", "highway": "residential", "original_osm_index": 1169}, "geometry": {"type": "LineString", "coordinates": [[80.2081346, 12.990239], [80.2080085, 12.989458]]}}, {"type": "Feature", "properties": {"@id": "way/206673848", "highway": "residential", "original_osm_index": 1170}, "geometry": {"type": "LineString", "coordinates": [[80.1994707, 12.9844004], [80.1994283, 12.9841265], [80.1993682, 12.9837378]]}}, {"type": "Feature", "properties": {"@id": "way/206673850", "highway": "residential", "original_osm_index": 1171}, "geometry": {"type": "LineString", "coordinates": [[80.2143194, 12.9769513], [80.2149392, 12.9769947]]}}, {"type": "Feature", "properties": {"@id": "way/206673851", "highway": "residential", "original_osm_index": 1172}, "geometry": {"type": "LineString", "coordinates": [[80.214315, 12.9770889], [80.2139301, 12.9770665], [80.21343, 12.9770374]]}}, {"type": "Feature", "properties": {"@id": "way/206673853", "highway": "residential", "name": "Narmadha Street", "name:etymology:wikidata": "Q234004", "name:ta": "நர்மதா தெரு", "original_osm_index": 1173}, "geometry": {"type": "LineString", "coordinates": [[80.2169049, 12.977546], [80.2161665, 12.977495], [80.216139, 12.9774708], [80.2161203, 12.9774395], [80.2161219, 12.9771982]]}}, {"type": "Feature", "properties": {"@id": "way/206673855", "highway": "residential", "original_osm_index": 1174}, "geometry": {"type": "LineString", "coordinates": [[80.1972031, 12.9855374], [80.1977545, 12.9855719], [80.1978014, 12.9855875], [80.1978444, 12.9856633], [80.1979175, 12.9864411]]}}, {"type": "Feature", "properties": {"@id": "way/206673857", "highway": "residential", "original_osm_index": 1175}, "geometry": {"type": "LineString", "coordinates": [[80.2041187, 12.9902461], [80.2045016, 12.9902423], [80.2045472, 12.9902345], [80.2045834, 12.9901731], [80.2045847, 12.9901091], [80.204526, 12.9899595]]}}, {"type": "Feature", "properties": {"@id": "way/206673858", "highway": "residential", "original_osm_index": 1176}, "geometry": {"type": "LineString", "coordinates": [[80.1999462, 12.9848168], [80.2009188, 12.9846482]]}}, {"type": "Feature", "properties": {"@id": "way/206673860", "highway": "residential", "original_osm_index": 1177}, "geometry": {"type": "LineString", "coordinates": [[80.1894319, 12.9887151], [80.1894174, 12.98837], [80.1894047, 12.9880402]]}}, {"type": "Feature", "properties": {"@id": "way/206673863", "highway": "residential", "original_osm_index": 1178}, "geometry": {"type": "LineString", "coordinates": [[80.199674, 12.9853702], [80.1996113, 12.9850563], [80.1995824, 12.9850152], [80.1995308, 12.9850086], [80.1990184, 12.9851011]]}}, {"type": "Feature", "properties": {"@id": "way/206673864", "highway": "residential", "name": "Bharathidasan Street", "original_osm_index": 1179}, "geometry": {"type": "LineString", "coordinates": [[80.2009115, 12.9829727], [80.2009109, 12.9829128], [80.2008031, 12.982588], [80.2007359, 12.9822451]]}}, {"type": "Feature", "properties": {"@id": "way/206673866", "highway": "residential", "name": "Sri Devi Karumari Amman Nagar 8th Street", "name:ta": "ஸ்ரீ தேவி கருமாரி அம்மன் நகர் 8வது தெரு", "original_osm_index": 1180}, "geometry": {"type": "LineString", "coordinates": [[80.2170782, 12.9761651], [80.2182454, 12.9762582]]}}, {"type": "Feature", "properties": {"@id": "way/206673868", "highway": "residential", "original_osm_index": 1181}, "geometry": {"type": "LineString", "coordinates": [[80.1992286, 12.9810786], [80.200497, 12.9808999]]}}, {"type": "Feature", "properties": {"@id": "way/206673870", "highway": "residential", "original_osm_index": 1182}, "geometry": {"type": "LineString", "coordinates": [[80.2165558, 12.9841594], [80.2160322, 12.9841101], [80.2154985, 12.9840564]]}}, {"type": "Feature", "properties": {"@id": "way/206673873", "highway": "residential", "original_osm_index": 1183}, "geometry": {"type": "LineString", "coordinates": [[80.1899074, 12.9886531], [80.1898512, 12.9883864], [80.1898457, 12.9883283], [80.1898169, 12.9880212]]}}, {"type": "Feature", "properties": {"@id": "way/206673875", "highway": "residential", "original_osm_index": 1184}, "geometry": {"type": "LineString", "coordinates": [[80.1966147, 12.9832941], [80.1975413, 12.9830112], [80.1975738, 12.9829818], [80.1975835, 12.9829357], [80.1975898, 12.9828219], [80.1977279, 12.9827875]]}}, {"type": "Feature", "properties": {"@id": "way/206673878", "highway": "residential", "original_osm_index": 1185}, "geometry": {"type": "MultiLineString", "coordinates": [[[80.1895554, 12.988704], [80.1894319, 12.9887151], [80.1891, 12.988753014659594]], [[80.1891, 12.989148232268171], [80.1891991, 12.989136], [80.1893086, 12.9891223], [80.1893259, 12.9892833]]]}}, {"type": "Feature", "properties": {"@id": "way/206673881", "highway": "residential", "original_osm_index": 1186}, "geometry": {"type": "LineString", "coordinates": [[80.2053913, 12.9873359], [80.2064933, 12.9871611], [80.206944, 12.9871408], [80.207122, 12.9871328], [80.2075498, 12.9871488], [80.2081063, 12.9871776], [80.2085806, 12.9871943], [80.2085807, 12.9866996]]}}, {"type": "Feature", "properties": {"@id": "way/206673883", "highway": "residential", "original_osm_index": 1187}, "geometry": {"type": "LineString", "coordinates": [[80.2191203, 12.9781166], [80.2185709, 12.9780996], [80.2185614, 12.9780955], [80.2185563, 12.978088], [80.2185565, 12.9780789], [80.2185856, 12.9771813], [80.2186165, 12.9768831], [80.2186252, 12.9768687], [80.2186423, 12.9768638], [80.2190472, 12.9768919]]}}, {"type": "Feature", "properties": {"@id": "way/206673890", "highway": "residential", "original_osm_index": 1188}, "geometry": {"type": "LineString", "coordinates": [[80.2104068, 12.9843444], [80.2099824, 12.9843271], [80.2097574, 12.984318], [80.2095791, 12.9843107]]}}, {"type": "Feature", "properties": {"@id": "way/206673891", "highway": "residential", "name": "Golden Avenue 1st Street", "name:ta": "கோல்டன் அவென்யூ 1வது தெரு", "original_osm_index": 1189}, "geometry": {"type": "LineString", "coordinates": [[80.2169886, 12.9770634], [80.2164195, 12.9770213]]}}, {"type": "Feature", "properties": {"@id": "way/206673893", "highway": "residential", "name": "Sri Devi Karumari Amman Nagar 6th Street", "name:ta": "ஸ்ரீ தேவி கருமாரி அம்மன் நகர் 6வது தெரு", "original_osm_index": 1190}, "geometry": {"type": "LineString", "coordinates": [[80.2162909, 12.9761855], [80.2170706, 12.976225]]}}, {"type": "Feature", "properties": {"@id": "way/206673896", "highway": "residential", "original_osm_index": 1191}, "geometry": {"type": "LineString", "coordinates": [[80.2069656, 12.9902326], [80.207755, 12.9899768]]}}, {"type": "Feature", "properties": {"@id": "way/206673897", "highway": "residential", "name": "6th Street", "original_osm_index": 1192}, "geometry": {"type": "LineString", "coordinates": [[80.2037857, 12.9860507], [80.2032199, 12.9860147], [80.2031751, 12.9856836], [80.2031449, 12.9854858]]}}, {"type": "Feature", "properties": {"@id": "way/206673898", "highway": "residential", "original_osm_index": 1193}, "geometry": {"type": "LineString", "coordinates": [[80.19684, 12.9836904], [80.197173, 12.9835565], [80.1973544, 12.9835047], [80.1975019, 12.9834882], [80.197618, 12.9834882], [80.1976978, 12.9834952], [80.1977849, 12.9835212], [80.1978403, 12.9835733]]}}, {"type": "Feature", "properties": {"@id": "way/206793338", "access": "private", "highway": "service", "name": "IIT Velachery Gate", "oneway": "no", "original_osm_index": 1194}, "geometry": {"type": "LineString", "coordinates": [[80.2231321, 12.9879031], [80.2231554, 12.9879166], [80.2232194, 12.9879504], [80.2232738, 12.9879751]]}}, {"type": "Feature", "properties": {"@id": "way/206793340", "highway": "residential", "original_osm_index": 1195}, "geometry": {"type": "LineString", "coordinates": [[80.2231321, 12.9879031], [80.223102, 12.9878774], [80.2230558, 12.9878444]]}}, {"type": "Feature", "properties": {"@id": "way/206806155", "comment": "not in good shape (not sure why but the entire area is like a abandoned place) no good roads at all", "highway": "residential", "smoothness": "bad", "source": "digitalglobe", "original_osm_index": 1196}, "geometry": {"type": "LineString", "coordinates": [[80.2280489, 12.9688828], [80.228079, 12.9688968], [80.2282003, 12.968916], [80.2284, 12.968902697649]]}}, {"type": "Feature", "properties": {"@id": "way/206806157", "comment": "not in good shape (not sure why but the entire area is like a abandoned place) no good roads at all", "highway": "residential", "smoothness": "bad", "source": "digitalglobe", "original_osm_index": 1197}, "geometry": {"type": "LineString", "coordinates": [[80.2284, 12.967949599550758], [80.2277893, 12.9679453]]}}, {"type": "Feature", "properties": {"@id": "way/206806158", "comment": "not in good shape (not sure why but the entire area is like a abandoned place) no good roads at all", "highway": "residential", "smoothness": "bad", "source": "digitalglobe", "original_osm_index": 1198}, "geometry": {"type": "LineString", "coordinates": [[80.2284, 12.967454364980396], [80.2277952, 12.9674539]]}}, {"type": "Feature", "properties": {"@id": "way/206806159", "comment": "not in good shape (not sure why but the entire area is like a abandoned place) no good roads at all", "highway": "residential", "smoothness": "bad", "source": "digitalglobe", "original_osm_index": 1199}, "geometry": {"type": "LineString", "coordinates": [[80.2284, 12.965992144444446], [80.2282654, 12.9660071]]}}, {"type": "Feature", "properties": {"@id": "way/206806161", "comment": "not in good shape (not sure why but the entire area is like a abandoned place) no good roads at all", "highway": "residential", "smoothness": "bad", "source": "digitalglobe", "original_osm_index": 1200}, "geometry": {"type": "LineString", "coordinates": [[80.2284, 12.96842611368312], [80.2276498, 12.9684315], [80.2272475, 12.9683845], [80.226711, 12.9682276]]}}, {"type": "Feature", "properties": {"@id": "way/206806162", "comment": "not in good shape (not sure why but the entire area is like a abandoned place) no good roads at all", "highway": "residential", "smoothness": "bad", "source": "digitalglobe", "original_osm_index": 1201}, "geometry": {"type": "LineString", "coordinates": [[80.2284, 12.967732691610692], [80.2276542, 12.9677285]]}}, {"type": "Feature", "properties": {"@id": "way/206807730", "highway": "residential", "name": "Tansi Nagar 8th Street", "name:ta": "டான்ஸி நகர் 8வது தெரு", "original_osm_index": 1202}, "geometry": {"type": "LineString", "coordinates": [[80.2249966, 12.9774734], [80.2242216, 12.9774046]]}}, {"type": "Feature", "properties": {"@id": "way/206807731", "highway": "residential", "name": "Anna Nagar 2nd cross", "original_osm_index": 1203}, "geometry": {"type": "LineString", "coordinates": [[80.2269619, 12.9743122], [80.2270689, 12.9735361]]}}, {"type": "Feature", "properties": {"@id": "way/206807733", "highway": "residential", "name": "Tansi Nagar 4th Street", "original_osm_index": 1204}, "geometry": {"type": "LineString", "coordinates": [[80.2235055, 12.9781336], [80.2238867, 12.9781434], [80.2245012, 12.9781672]]}}, {"type": "Feature", "properties": {"@id": "way/206807734", "highway": "residential", "name": "4th Main Road", "original_osm_index": 1205}, "geometry": {"type": "LineString", "coordinates": [[80.2255222, 12.9719875], [80.2259094, 12.9720509], [80.2263328, 12.9721202], [80.2267088, 12.9721818], [80.2271082, 12.9722687], [80.2273973, 12.9723134], [80.2276129, 12.9723255]]}}, {"type": "Feature", "properties": {"@id": "way/206807738", "highway": "service", "original_osm_index": 1206}, "geometry": {"type": "LineString", "coordinates": [[80.2271946, 12.9758421], [80.2271649, 12.9758272], [80.227102, 12.9758077], [80.2263147, 12.9755916]]}}, {"type": "Feature", "properties": {"@id": "way/206807739", "access": "private", "highway": "residential", "original_osm_index": 1207}, "geometry": {"type": "LineString", "coordinates": [[80.2249692, 12.9762857], [80.2250128, 12.9762823], [80.225394, 12.9762482], [80.2254051, 12.9762453], [80.225413, 12.9762375], [80.2254876, 12.9759284], [80.2254849, 12.9759197], [80.2254782, 12.975914], [80.2252728, 12.9758558]]}}, {"type": "Feature", "properties": {"@id": "way/206807740", "highway": "residential", "name": "Muthu Krishnan Street", "original_osm_index": 1208}, "geometry": {"type": "LineString", "coordinates": [[80.2244578, 12.9704653], [80.2247951, 12.9705134], [80.2255985, 12.970615], [80.2256253, 12.9706209], [80.2256478, 12.9706375], [80.2256609, 12.9706568], [80.2256656, 12.9706777], [80.2256063, 12.9711146], [80.225604, 12.9711316]]}}, {"type": "Feature", "properties": {"@id": "way/206807741", "highway": "residential", "name": "Sarathy Nagar 5th street", "original_osm_index": 1209}, "geometry": {"type": "LineString", "coordinates": [[80.2234069, 12.9747411], [80.2234052, 12.9743876], [80.2233931, 12.9741129], [80.2233857, 12.9740201], [80.2234033, 12.973994], [80.2234393, 12.9739822], [80.2234836, 12.9739831]]}}, {"type": "Feature", "properties": {"@id": "way/206807742", "highway": "residential", "original_osm_index": 1210}, "geometry": {"type": "LineString", "coordinates": [[80.2280917, 12.9737523], [80.2284, 12.973801985525474]]}}, {"type": "Feature", "properties": {"@id": "way/206809952", "highway": "tertiary", "lit": "yes", "name": "Gandhi Road", "name:etymology:wikidata": "Q1001", "original_osm_index": 1211}, "geometry": {"type": "LineString", "coordinates": [[80.2284, 12.985837754970218], [80.2281449, 12.9858832], [80.2278403, 12.9859739], [80.227751, 12.9860005], [80.227654, 12.9860201], [80.2275176, 12.9860541], [80.2271697, 12.9861121], [80.2271126, 12.9861207], [80.2264917, 12.9862028], [80.2262934, 12.986229], [80.226248, 12.9862346], [80.2255485, 12.9863209], [80.2255364, 12.9863236], [80.2254226, 12.9863491], [80.2254156, 12.9863507], [80.2253975, 12.9863547], [80.225368, 12.9863616], [80.2251114, 12.9864214], [80.2250021, 12.9864468], [80.2248583, 12.9864803], [80.2245841, 12.9865442]]}}, {"type": "Feature", "properties": {"@id": "way/206809953", "highway": "residential", "name": "Dhandeeshwaram Nagar 5th Main Road Avenue", "surface": "asphalt", "original_osm_index": 1212}, "geometry": {"type": "LineString", "coordinates": [[80.2242615, 12.9838423], [80.2237527, 12.9838236]]}}, {"type": "Feature", "properties": {"@id": "way/206809954", "highway": "residential", "name": "Dhandeeshwaram Nagar 5th Main Road Avenue", "surface": "asphalt", "original_osm_index": 1213}, "geometry": {"type": "LineString", "coordinates": [[80.2237527, 12.9838236], [80.2237488, 12.9838405], [80.2237485, 12.9838596], [80.2237598, 12.984196]]}}, {"type": "Feature", "properties": {"@id": "way/206809955", "highway": "residential", "name": "Seethapathy Nagar 3rd Cross Street", "original_osm_index": 1214}, "geometry": {"type": "LineString", "coordinates": [[80.2273698, 12.9807423], [80.228085, 12.9806625]]}}, {"type": "Feature", "properties": {"@id": "way/206809956", "access": "private", "highway": "service", "original_osm_index": 1215}, "geometry": {"type": "LineString", "coordinates": [[80.2271126, 12.9861207], [80.2271065, 12.9860527], [80.2271004, 12.9859847], [80.2270721, 12.9856948], [80.2270569, 12.9854801], [80.2270397, 12.9848232]]}}, {"type": "Feature", "properties": {"@id": "way/206809957", "highway": "residential", "sidewalk": "no", "surface": "asphalt", "original_osm_index": 1216}, "geometry": {"type": "LineString", "coordinates": [[80.2232491, 12.9850804], [80.2235464, 12.9850245], [80.2235659, 12.9850187], [80.2235762, 12.985013], [80.2235864, 12.9850025], [80.2235938, 12.9849885], [80.2235943, 12.9848658], [80.2236062, 12.9848381], [80.2236311, 12.984813], [80.223656, 12.9848043]]}}, {"type": "Feature", "properties": {"@id": "way/206811724", "access": "private", "highway": "track", "original_osm_index": 1217}, "geometry": {"type": "LineString", "coordinates": [[80.22376826899564, 12.9924], [80.2237603, 12.9923447], [80.2237646, 12.9922444], [80.2237829, 12.9921208], [80.223828, 12.992015], [80.2238435, 12.9919312], [80.2238365, 12.9918763], [80.2237913, 12.9917526]]}}, {"type": "Feature", "properties": {"@id": "way/206849366", "highway": "residential", "original_osm_index": 1218}, "geometry": {"type": "LineString", "coordinates": [[80.2080018, 12.992201], [80.2082284, 12.9921539], [80.2085752, 12.9920818], [80.2089746, 12.9919966], [80.2092867, 12.99193]]}}, {"type": "Feature", "properties": {"@id": "way/206849374", "highway": "residential", "original_osm_index": 1219}, "geometry": {"type": "LineString", "coordinates": [[80.20658706032293, 12.9924], [80.2065686, 12.9923269]]}}, {"type": "Feature", "properties": {"@id": "way/206849377", "highway": "residential", "original_osm_index": 1220}, "geometry": {"type": "LineString", "coordinates": [[80.2003967922078, 12.9924], [80.2003765, 12.9920875]]}}, {"type": "Feature", "properties": {"@id": "way/208359677", "highway": "primary", "maxspeed": "40", "name": "Velachery MRTS Bridge", "name:ta": "வேளச்சேரி பறக்கும் தொடருந்து பாலம்", "official_name": "Marmalong Bridge - Irumbuliyur - Vandalur - Mudichur - Oragadam - Walajabad Road", "oneway": "yes", "ref": "SH48", "width": "30 ft", "original_osm_index": 1221}, "geometry": {"type": "LineString", "coordinates": [[80.2187432, 12.9705968], [80.2187689, 12.9707573]]}}, {"type": "Feature", "properties": {"@id": "way/209549878", "highway": "primary", "maxspeed": "40", "oneway": "yes", "surface": "asphalt", "original_osm_index": 1222}, "geometry": {"type": "LineString", "coordinates": [[80.2186821, 12.969783], [80.2186666, 12.9697227], [80.218542, 12.9693871], [80.2181005, 12.9683474], [80.2180871, 12.9683147], [80.2179925, 12.9680849], [80.2179804, 12.9680554], [80.2179496, 12.9679942], [80.2179199, 12.9679492], [80.2178823, 12.9679176], [80.2178417, 12.9679166], [80.217773, 12.9679377], [80.2175688, 12.9680097]]}}, {"type": "Feature", "properties": {"@id": "way/209549881", "highway": "primary", "lane_markings": "no", "maxspeed": "40", "name": "Velachery MRTS Bridge", "name:ta": "வேளச்சேரி பறக்கும் தொடருந்து பாலம்", "official_name": "Marmalong Bridge - Irumbuliyur - Vandalur - Mudichur - Oragadam - Walajabad Road", "oneway": "yes", "ref": "SH48", "surface": "asphalt", "width": "30 ft", "original_osm_index": 1223}, "geometry": {"type": "LineString", "coordinates": [[80.2188898, 12.9705875], [80.2188214, 12.9704804]]}}, {"type": "Feature", "properties": {"@id": "way/209549882", "highway": "primary", "lane_markings": "no", "maxspeed": "40", "motorroad": "no", "name": "Major Mukund Varadharajan Salai", "name:ta": "மேஜர் முகுந்த் வரதராஜன் சாலை", "official_name": "Marmalong Bridge - Irumbuliyur - Vandalur - Mudichur - Oragadam - Walajabad Road", "oneway": "yes", "ref": "SH48", "surface": "asphalt", "width": "30'", "original_osm_index": 1224}, "geometry": {"type": "LineString", "coordinates": [[80.2192164, 12.971874], [80.2193013, 12.9721056], [80.2193384, 12.9722123], [80.2193657, 12.9722934], [80.219444, 12.9725328], [80.2195567, 12.9728334], [80.2196208, 12.9730441], [80.2196895, 12.9732392], [80.2197715, 12.9734225], [80.2198489, 12.9736112], [80.2199475, 12.9738151], [80.2203135, 12.9746827], [80.2203873, 12.9748524], [80.2204485, 12.9749841], [80.2204894, 12.97508], [80.2205268, 12.9751575], [80.2205615, 12.9752275], [80.2206741, 12.9754256], [80.2207189, 12.9754853], [80.2207817, 12.9755689]]}}, {"type": "Feature", "properties": {"@id": "way/209549883", "highway": "primary", "motorroad": "no", "name": "Inner Ring Road (Southern Sector)", "oneway": "yes", "ref": "SH2A", "original_osm_index": 1225}, "geometry": {"type": "LineString", "coordinates": [[80.2100692, 12.9737394], [80.2099693, 12.973591]]}}, {"type": "Feature", "properties": {"@id": "way/213364174", "highway": "residential", "original_osm_index": 1226}, "geometry": {"type": "LineString", "coordinates": [[80.2125753, 12.9754002], [80.2118168, 12.9753342]]}}, {"type": "Feature", "properties": {"@id": "way/213364176", "highway": "residential", "original_osm_index": 1227}, "geometry": {"type": "LineString", "coordinates": [[80.2004494, 12.9685954], [80.2013368, 12.968576]]}}, {"type": "Feature", "properties": {"@id": "way/213364177", "highway": "residential", "original_osm_index": 1228}, "geometry": {"type": "LineString", "coordinates": [[80.2004378, 12.9681806], [80.2013319, 12.9681518]]}}, {"type": "Feature", "properties": {"@id": "way/213364178", "highway": "residential", "original_osm_index": 1229}, "geometry": {"type": "LineString", "coordinates": [[80.2006919, 12.9746271], [80.2006345, 12.9751908], [80.2006304, 12.975602], [80.2006251, 12.9761242]]}}, {"type": "Feature", "properties": {"@id": "way/213364180", "highway": "residential", "original_osm_index": 1230}, "geometry": {"type": "LineString", "coordinates": [[80.2022056, 12.9775928], [80.2037274, 12.9773119]]}}, {"type": "Feature", "properties": {"@id": "way/213364181", "highway": "service", "original_osm_index": 1231}, "geometry": {"type": "LineString", "coordinates": [[80.2166402, 12.9766246], [80.2170217, 12.9766504]]}}, {"type": "Feature", "properties": {"@id": "way/213364182", "highway": "residential", "original_osm_index": 1232}, "geometry": {"type": "LineString", "coordinates": [[80.1989993, 12.9683158], [80.2000118, 12.9682418]]}}, {"type": "Feature", "properties": {"@id": "way/213364183", "highway": "residential", "original_osm_index": 1233}, "geometry": {"type": "LineString", "coordinates": [[80.2000499, 12.968635], [80.2004494, 12.9685954]]}}, {"type": "Feature", "properties": {"@id": "way/213364185", "highway": "residential", "original_osm_index": 1234}, "geometry": {"type": "LineString", "coordinates": [[80.199979, 12.9822832], [80.2000351, 12.9826793], [80.2000656, 12.982874]]}}, {"type": "Feature", "properties": {"@id": "way/213364186", "highway": "residential", "original_osm_index": 1235}, "geometry": {"type": "LineString", "coordinates": [[80.1983133, 12.9664835], [80.1977784, 12.9665812]]}}, {"type": "Feature", "properties": {"@id": "way/213364188", "highway": "residential", "original_osm_index": 1236}, "geometry": {"type": "LineString", "coordinates": [[80.1979127, 12.9811597], [80.197806, 12.9802847]]}}, {"type": "Feature", "properties": {"@id": "way/213364189", "highway": "residential", "original_osm_index": 1237}, "geometry": {"type": "LineString", "coordinates": [[80.1990237, 12.9687149], [80.2000499, 12.968635]]}}, {"type": "Feature", "properties": {"@id": "way/213364190", "highway": "residential", "original_osm_index": 1238}, "geometry": {"type": "LineString", "coordinates": [[80.2004096, 12.9677852], [80.201464, 12.9677371]]}}, {"type": "Feature", "properties": {"@id": "way/213364191", "highway": "residential", "original_osm_index": 1239}, "geometry": {"type": "LineString", "coordinates": [[80.2004118, 12.9633291], [80.2000325, 12.9633745], [80.199683, 12.9633833]]}}, {"type": "Feature", "properties": {"@id": "way/213364192", "highway": "residential", "original_osm_index": 1240}, "geometry": {"type": "LineString", "coordinates": [[80.1995879, 12.9662344], [80.2002484, 12.9661428], [80.200833, 12.9660401]]}}, {"type": "Feature", "properties": {"@id": "way/213364193", "highway": "residential", "name": "Mani Megalai Street", "source": "maxar", "original_osm_index": 1241}, "geometry": {"type": "LineString", "coordinates": [[80.1985614, 12.9681737], [80.1976928, 12.9682824], [80.1973725, 12.9683428], [80.1962108, 12.9685328]]}}, {"type": "Feature", "properties": {"@id": "way/213364194", "highway": "residential", "original_osm_index": 1242}, "geometry": {"type": "LineString", "coordinates": [[80.2135533, 12.9630015], [80.2140545, 12.9628798], [80.2148093, 12.9627338]]}}, {"type": "Feature", "properties": {"@id": "way/213364195", "highway": "residential", "original_osm_index": 1243}, "geometry": {"type": "LineString", "coordinates": [[80.1975969, 12.9678437], [80.1985241, 12.9677016]]}}, {"type": "Feature", "properties": {"@id": "way/213364196", "highway": "residential", "original_osm_index": 1244}, "geometry": {"type": "LineString", "coordinates": [[80.213302, 12.9623937], [80.2143976, 12.9621141], [80.2144653, 12.9623602]]}}, {"type": "Feature", "properties": {"@id": "way/213364197", "access": "private", "highway": "residential", "original_osm_index": 1245}, "geometry": {"type": "LineString", "coordinates": [[80.2207152, 12.9805641], [80.2202535, 12.9805603]]}}, {"type": "Feature", "properties": {"@id": "way/213364199", "highway": "residential", "original_osm_index": 1246}, "geometry": {"type": "LineString", "coordinates": [[80.197429, 12.9661392], [80.1974781, 12.9664506], [80.1974952, 12.9665588], [80.197546, 12.9668071], [80.1976313, 12.9672036]]}}, {"type": "Feature", "properties": {"@id": "way/213364200", "highway": "residential", "original_osm_index": 1247}, "geometry": {"type": "LineString", "coordinates": [[80.2021115, 12.975], [80.2024322, 12.9749746], [80.202408, 12.9744913]]}}, {"type": "Feature", "properties": {"@id": "way/213364201", "access": "private", "highway": "service", "original_osm_index": 1248}, "geometry": {"type": "LineString", "coordinates": [[80.2203622, 12.9801332], [80.2209912, 12.9801668], [80.2210826, 12.9801776]]}}, {"type": "Feature", "properties": {"@id": "way/213364202", "highway": "residential", "original_osm_index": 1249}, "geometry": {"type": "LineString", "coordinates": [[80.2152848, 12.9698342], [80.2159034, 12.9697534], [80.2160021, 12.9701452]]}}, {"type": "Feature", "properties": {"@id": "way/213364204", "access": "private", "highway": "service", "original_osm_index": 1250}, "geometry": {"type": "LineString", "coordinates": [[80.221109, 12.9795872], [80.2209725, 12.9795826], [80.2202238, 12.979573], [80.2201775, 12.9795745], [80.2201483, 12.9795692], [80.2201395, 12.9795615], [80.2201358, 12.9795496], [80.2201377, 12.9792034]]}}, {"type": "Feature", "properties": {"@id": "way/213364205", "highway": "residential", "original_osm_index": 1251}, "geometry": {"type": "LineString", "coordinates": [[80.2004613, 12.9690193], [80.1990966, 12.969086], [80.1990237, 12.9687149], [80.1990079, 12.9686063]]}}, {"type": "Feature", "properties": {"@id": "way/213364206", "highway": "residential", "original_osm_index": 1252}, "geometry": {"type": "LineString", "coordinates": [[80.2132621, 12.9726705], [80.2132767, 12.9733807], [80.2136341, 12.9733623]]}}, {"type": "Feature", "properties": {"@id": "way/213364207", "highway": "residential", "original_osm_index": 1253}, "geometry": {"type": "LineString", "coordinates": [[80.2012926, 12.9653985], [80.2013592, 12.9658213], [80.2014298, 12.9662689], [80.2009015, 12.9663595], [80.2009187, 12.9666527]]}}, {"type": "Feature", "properties": {"@id": "way/213364208", "highway": "residential", "original_osm_index": 1254}, "geometry": {"type": "LineString", "coordinates": [[80.1994711, 12.9767991], [80.1997181, 12.9768061], [80.1999672, 12.9768078], [80.2000714, 12.9768071]]}}, {"type": "Feature", "properties": {"@id": "way/213364209", "access": "private", "highway": "residential", "original_osm_index": 1255}, "geometry": {"type": "LineString", "coordinates": [[80.218129, 12.9783595], [80.2181151, 12.9785934]]}}, {"type": "Feature", "properties": {"@id": "way/213364210", "highway": "residential", "original_osm_index": 1256}, "geometry": {"type": "LineString", "coordinates": [[80.2003232, 12.9667089], [80.2003799, 12.9673369], [80.2004096, 12.9677852], [80.2004378, 12.9681806], [80.2004494, 12.9685954], [80.2004613, 12.9690193], [80.201327, 12.9689764]]}}, {"type": "Feature", "properties": {"@id": "way/213364679", "access": "private", "highway": "residential", "original_osm_index": 1257}, "geometry": {"type": "LineString", "coordinates": [[80.2212145, 12.9732757], [80.2212321, 12.9728601], [80.2212465, 12.9728337], [80.221277, 12.9728297], [80.2227462, 12.9727552], [80.2227771, 12.9727604], [80.2227863, 12.9727823], [80.2228069, 12.9732149], [80.2228208, 12.9734807], [80.2228345, 12.9737859], [80.222832, 12.9738041], [80.2228145, 12.9738113], [80.2224317, 12.9738483], [80.2224106, 12.9738337], [80.2224055, 12.9738116], [80.2223823, 12.9734991]]}}, {"type": "Feature", "properties": {"@id": "way/232405493", "highway": "residential", "original_osm_index": 1258}, "geometry": {"type": "LineString", "coordinates": [[80.2089489, 12.9763205], [80.2089512, 12.975869]]}}, {"type": "Feature", "properties": {"@id": "way/232405495", "highway": "residential", "original_osm_index": 1259}, "geometry": {"type": "LineString", "coordinates": [[80.2226675, 12.9800806], [80.2226816, 12.9795383], [80.2226818, 12.9795173], [80.222685, 12.9794981]]}}, {"type": "Feature", "properties": {"@id": "way/232405498", "access": "private", "highway": "service", "original_osm_index": 1260}, "geometry": {"type": "LineString", "coordinates": [[80.2211625, 12.978553], [80.2210843, 12.9785537], [80.2209301, 12.978555], [80.2208977, 12.9785664], [80.2198209, 12.9785536], [80.2197997, 12.9785391]]}}, {"type": "Feature", "properties": {"@id": "way/232405499", "highway": "residential", "original_osm_index": 1261}, "geometry": {"type": "LineString", "coordinates": [[80.2100803, 12.9768397], [80.2103521, 12.9768351]]}}, {"type": "Feature", "properties": {"@id": "way/232405500", "highway": "service", "lane_markings": "no", "lit": "yes", "paving_stones:material": "concrete", "sidewalk": "no", "smoothness": "good", "surface": "paving_stones", "original_osm_index": 1262}, "geometry": {"type": "LineString", "coordinates": [[80.2218727, 12.9746211], [80.2207545, 12.9748014]]}}, {"type": "Feature", "properties": {"@id": "way/232405502", "access": "private", "highway": "residential", "name": "Kalki Nagar 2nd Cross Street", "original_osm_index": 1263}, "geometry": {"type": "LineString", "coordinates": [[80.2099691, 12.9755678], [80.2098896, 12.9755719], [80.2098666, 12.9755715], [80.2098616, 12.9755324], [80.2098463, 12.9754952], [80.2098155, 12.9754646], [80.2093263, 12.9754562]]}}, {"type": "Feature", "properties": {"@id": "way/232405626", "highway": "residential", "name": "Kaveri Street", "name:etymology:wikidata": "Q216239", "original_osm_index": 1264}, "geometry": {"type": "LineString", "coordinates": [[80.2169205, 12.9774482], [80.2176837, 12.9774958]]}}, {"type": "Feature", "properties": {"@id": "way/232405627", "highway": "residential", "original_osm_index": 1265}, "geometry": {"type": "LineString", "coordinates": [[80.2195492, 12.9816668], [80.2195217, 12.9810338], [80.2195172, 12.9808638], [80.2195144, 12.9806071], [80.2195037, 12.9805721], [80.2190936, 12.9804894]]}}, {"type": "Feature", "properties": {"@id": "way/232405628", "highway": "residential", "name": "1st Street", "original_osm_index": 1266}, "geometry": {"type": "LineString", "coordinates": [[80.2153798, 12.9860023], [80.2152948, 12.986007], [80.2152613, 12.9860047], [80.2152407, 12.985992], [80.2152284, 12.9859652], [80.2152238, 12.9859355], [80.2152286, 12.98552]]}}, {"type": "Feature", "properties": {"@id": "way/232405721", "highway": "living_street", "name": "தேரடி தெரு", "oneway": "no", "surface": "concrete", "width": "1.5", "original_osm_index": 1267}, "geometry": {"type": "LineString", "coordinates": [[80.2242978, 12.9855465], [80.2237734, 12.9857148]]}}, {"type": "Feature", "properties": {"@id": "way/232406071", "access": "private", "highway": "service", "oneway": "yes", "surface": "paving_stones", "original_osm_index": 1268}, "geometry": {"type": "LineString", "coordinates": [[80.2163558, 12.9903138], [80.2163837, 12.9902773], [80.2164314, 12.9902291], [80.2165309, 12.9901913], [80.2169144, 12.9901232], [80.2170747, 12.990091], [80.217198, 12.9900713], [80.2175253, 12.9899935], [80.2175397, 12.9899892], [80.217598, 12.989968]]}}, {"type": "Feature", "properties": {"@id": "way/244163353", "highway": "residential", "original_osm_index": 1269}, "geometry": {"type": "LineString", "coordinates": [[80.1944076, 12.9660071], [80.1943742, 12.9657789]]}}, {"type": "Feature", "properties": {"@id": "way/244163354", "highway": "residential", "name": "Park Square Colony 1st Street", "name:en": "Park Square Colony 1st Street", "name:ta": "பார்க் ஸ்குயர் காலனி 1வது தெரு", "surface": "asphalt", "original_osm_index": 1270}, "geometry": {"type": "LineString", "coordinates": [[80.1930844, 12.9660411], [80.1930203, 12.9657483], [80.1929955, 12.9656754], [80.1928892, 12.9652344], [80.1928836, 12.9651966], [80.192895, 12.9651357]]}}, {"type": "Feature", "properties": {"@id": "way/244377263", "highway": "residential", "name": "Venkatesa Perumal 1st Street", "sidewalk": "no", "surface": "asphalt", "original_osm_index": 1271}, "geometry": {"type": "LineString", "coordinates": [[80.1901013, 12.9662454], [80.1905557, 12.9661567], [80.1917703, 12.9659062]]}}, {"type": "Feature", "properties": {"@id": "way/244377264", "highway": "residential", "name": "Venkatesa Perumal 2nd Street", "surface": "asphalt", "original_osm_index": 1272}, "geometry": {"type": "MultiLineString", "coordinates": [[[80.1917964, 12.9660295], [80.1930203, 12.9657483], [80.1933632, 12.9656538]], [[80.1933632, 12.9656538], [80.1934201, 12.965767], [80.1934502, 12.9657755], [80.1936501, 12.9657311], [80.1936641, 12.9657122], [80.1936682, 12.9656945], [80.1935951, 12.9655031], [80.193583, 12.9654926], [80.1935649, 12.9654795], [80.1935247, 12.9654828], [80.1934368, 12.9655246], [80.1934194, 12.9655403], [80.1933632, 12.9656538]]]}}, {"type": "Feature", "properties": {"@id": "way/244377265", "highway": "residential", "name": "Mahalingam Street", "name:en": "Mahalingam Street", "name:ta": "மகாலிங்கம் தெரு", "surface": "asphalt", "original_osm_index": 1273}, "geometry": {"type": "LineString", "coordinates": [[80.1916717, 12.9653567], [80.1917703, 12.9659062], [80.1917964, 12.9660295], [80.1918974, 12.96657]]}}, {"type": "Feature", "properties": {"@id": "way/244466147", "highway": "primary", "maxspeed": "40", "motorroad": "no", "name": "Inner Ring Road (Southern Sector)", "name:ta": "உள்வட்டச் சாலை", "oneway": "yes", "ref": "SH2A", "surface": "asphalt", "original_osm_index": 1274}, "geometry": {"type": "LineString", "coordinates": [[80.2041456, 12.9780086], [80.2033927, 12.9784366], [80.2022871, 12.9789315], [80.2007876, 12.979554], [80.2004305, 12.9797022], [80.1995277, 12.9801162], [80.1989366, 12.9804085], [80.1988672, 12.9804563], [80.198769, 12.9805239]]}}, {"type": "Feature", "properties": {"@id": "way/244466151", "highway": "primary", "lane_markings": "yes", "maxspeed": "40", "name": "Major Mukund Varadharajan Salai", "name:ta": "மேஜர் முகுந்த் வரதராஜன் சாலை", "official_name": "Marmalong Bridge - Irumbuliyur - Vandalur - Mudichur - Oragadam - Walajabad Road", "oneway": "yes", "ref": "SH48", "surface": "asphalt", "original_osm_index": 1275}, "geometry": {"type": "LineString", "coordinates": [[80.2160258, 12.9634844], [80.2159813, 12.9634008], [80.21547375598178, 12.9621]]}}, {"type": "Feature", "properties": {"@id": "way/261336487", "bicycle": "yes", "foot": "yes", "highway": "residential", "maxspeed": "20", "motor_vehicle": "yes", "oneway": "no", "original_osm_index": 1276}, "geometry": {"type": "LineString", "coordinates": [[80.2122186, 12.9715176], [80.2122459, 12.9715434], [80.2123049, 12.971599]]}}, {"type": "Feature", "properties": {"@id": "way/284053284", "highway": "residential", "name": "Macmillon Colony 1st Street", "original_osm_index": 1277}, "geometry": {"type": "LineString", "coordinates": [[80.1901172, 12.9803543], [80.1897724, 12.9803929]]}}, {"type": "Feature", "properties": {"@id": "way/284053672", "highway": "residential", "name": "Macmillon Colony 2nd Street", "original_osm_index": 1278}, "geometry": {"type": "LineString", "coordinates": [[80.1897643, 12.9798859], [80.1900515, 12.9798511]]}}, {"type": "Feature", "properties": {"@id": "way/284054012", "highway": "residential", "name": "Macmillon Colony 3rd Street", "original_osm_index": 1279}, "geometry": {"type": "LineString", "coordinates": [[80.1904376, 12.9797108], [80.1900363, 12.9797502]]}}, {"type": "Feature", "properties": {"@id": "way/284055860", "highway": "residential", "name": "23rd Street", "original_osm_index": 1280}, "geometry": {"type": "LineString", "coordinates": [[80.190153, 12.9806923], [80.1902238, 12.9814482], [80.1902479, 12.9819], [80.1902554, 12.9820512], [80.1902679, 12.9823418], [80.1902943, 12.982953]]}}, {"type": "Feature", "properties": {"@id": "way/288268183", "bridge": "yes", "highway": "residential", "layer": "1", "name": "Brindhavan Nagar Road", "original_osm_index": 1281}, "geometry": {"type": "LineString", "coordinates": [[80.2135, 12.9702355], [80.2135185, 12.9702922], [80.2135509, 12.9703381]]}}, {"type": "Feature", "properties": {"@id": "way/296215459", "access": "private", "highway": "service", "original_osm_index": 1282}, "geometry": {"type": "LineString", "coordinates": [[80.2094207, 12.9837604], [80.2090616, 12.9837461], [80.2086915, 12.9837314]]}}, {"type": "Feature", "properties": {"@id": "way/296215460", "highway": "residential", "original_osm_index": 1283}, "geometry": {"type": "LineString", "coordinates": [[80.1984707, 12.9873805], [80.1983952, 12.9874029], [80.197622, 12.9875884]]}}, {"type": "Feature", "properties": {"@id": "way/296215462", "access": "private", "highway": "service", "original_osm_index": 1284}, "geometry": {"type": "LineString", "coordinates": [[80.2086915, 12.9837314], [80.2086981, 12.9834754], [80.2087024, 12.9833645], [80.2087127, 12.9830165], [80.2090782, 12.9830159], [80.2091034, 12.9830159], [80.2094527, 12.9830039]]}}, {"type": "Feature", "properties": {"@id": "way/299498139", "highway": "residential", "original_osm_index": 1285}, "geometry": {"type": "LineString", "coordinates": [[80.212257, 12.9815478], [80.2122174, 12.9819179], [80.2121849, 12.9823292], [80.212124, 12.9828497]]}}, {"type": "Feature", "properties": {"@id": "way/299498142", "highway": "residential", "original_osm_index": 1286}, "geometry": {"type": "LineString", "coordinates": [[80.2136162, 12.9829219], [80.2136064, 12.9829425], [80.2136037, 12.9829648], [80.2135758, 12.9832734], [80.2135611, 12.9836701], [80.2135476, 12.9839492], [80.2135344, 12.9844038], [80.2135272, 12.9844382], [80.2135109, 12.9844636]]}}, {"type": "Feature", "properties": {"@id": "way/300065046", "highway": "residential", "name": "3rd Main Road", "original_osm_index": 1287}, "geometry": {"type": "LineString", "coordinates": [[80.1951311, 12.9863472], [80.1955938, 12.9861729], [80.1953904, 12.9856646], [80.195179, 12.9851017], [80.1951009, 12.9848938], [80.1950199, 12.9844952], [80.1949836, 12.9843406], [80.1948428, 12.9837689], [80.1947674, 12.9835231], [80.194706, 12.9833853], [80.1945272, 12.982984], [80.1943865, 12.9826684]]}}, {"type": "Feature", "properties": {"@id": "way/301580451", "highway": "residential", "original_osm_index": 1288}, "geometry": {"type": "LineString", "coordinates": [[80.1970052, 12.9839909], [80.1965929, 12.9842411], [80.1967932, 12.9845324], [80.196922, 12.9850844]]}}, {"type": "Feature", "properties": {"@id": "way/312877994", "highway": "residential", "name": "2nd Main Road", "original_osm_index": 1289}, "geometry": {"type": "LineString", "coordinates": [[80.1940149, 12.9861847], [80.1941475, 12.9866747]]}}, {"type": "Feature", "properties": {"@id": "way/312877996", "highway": "residential", "original_osm_index": 1290}, "geometry": {"type": "LineString", "coordinates": [[80.1952416, 12.9833951], [80.1947674, 12.9835231]]}}, {"type": "Feature", "properties": {"@id": "way/312877997", "highway": "residential", "original_osm_index": 1291}, "geometry": {"type": "LineString", "coordinates": [[80.1952622, 12.986813], [80.1955629, 12.986729]]}}, {"type": "Feature", "properties": {"@id": "way/312877998", "highway": "residential", "original_osm_index": 1292}, "geometry": {"type": "LineString", "coordinates": [[80.1953325, 12.9836978], [80.1953981, 12.9836748], [80.1954636, 12.9836518], [80.1955292, 12.9836288], [80.1955947, 12.9836058], [80.1956148, 12.983609], [80.1956282, 12.9836188], [80.1956416, 12.9836339], [80.1956697, 12.9837268], [80.1956978, 12.9838196], [80.1957198, 12.9838924], [80.1957418, 12.9839652], [80.1957682, 12.9840523], [80.195789, 12.9841211], [80.1958126, 12.9841991], [80.1958362, 12.9842771]]}}, {"type": "Feature", "properties": {"@id": "way/312877999", "highway": "residential", "original_osm_index": 1293}, "geometry": {"type": "LineString", "coordinates": [[80.1955938, 12.9861729], [80.1956768, 12.9864092], [80.1956777, 12.9864333], [80.195668, 12.9864463], [80.1956432, 12.9864609], [80.1952011, 12.9865961]]}}, {"type": "Feature", "properties": {"@id": "way/312878000", "highway": "residential", "name": "4th Main Road", "original_osm_index": 1294}, "geometry": {"type": "LineString", "coordinates": [[80.1958624, 12.9854923], [80.1958243, 12.9853595], [80.1957861, 12.9852267], [80.1957599, 12.9851188], [80.1957338, 12.985011], [80.1956815, 12.9847953], [80.1956438, 12.9846857], [80.195606, 12.984576], [80.1955306, 12.9843568]]}}, {"type": "Feature", "properties": {"@id": "way/312878001", "highway": "residential", "original_osm_index": 1295}, "geometry": {"type": "LineString", "coordinates": [[80.1954561, 12.9874283], [80.1954333, 12.9873565], [80.1954129, 12.9872862], [80.1952782, 12.9868698], [80.1952622, 12.986813], [80.1952011, 12.9865961], [80.1951311, 12.9863472]]}}, {"type": "Feature", "properties": {"@id": "way/312878633", "highway": "residential", "original_osm_index": 1296}, "geometry": {"type": "LineString", "coordinates": [[80.1935682, 12.9922953], [80.19372540406121, 12.9924]]}}, {"type": "Feature", "properties": {"@id": "way/312878634", "highway": "residential", "original_osm_index": 1297}, "geometry": {"type": "LineString", "coordinates": [[80.19510158709677, 12.9924], [80.1946613, 12.9923508], [80.1941678, 12.9922107]]}}, {"type": "Feature", "properties": {"@id": "way/312878635", "highway": "residential", "original_osm_index": 1298}, "geometry": {"type": "LineString", "coordinates": [[80.19532731846965, 12.9924], [80.1953294, 12.9921599]]}}, {"type": "Feature", "properties": {"@id": "way/312878636", "highway": "residential", "original_osm_index": 1299}, "geometry": {"type": "LineString", "coordinates": [[80.1944124, 12.991445], [80.1943622, 12.9915032], [80.1937088, 12.9919355], [80.1936515, 12.9920193], [80.1936104, 12.992107], [80.1935682, 12.9922953]]}}, {"type": "Feature", "properties": {"@id": "way/312879458", "highway": "residential", "name": "Balaji Nagar Main Road", "original_osm_index": 1300}, "geometry": {"type": "LineString", "coordinates": [[80.203874, 12.9766987], [80.203775, 12.9762664], [80.2037563, 12.9761659], [80.2036816, 12.9758015], [80.2036162, 12.9755056], [80.2035931, 12.9753552], [80.2035368, 12.9750529], [80.2035232, 12.9749796], [80.2033296, 12.9743758], [80.2033285, 12.9743254], [80.2033243, 12.9741433], [80.2032006, 12.9737516]]}}, {"type": "Feature", "properties": {"@id": "way/312879459", "highway": "residential", "name": "Balaji Nagar 18th Street", "name:ta": "பாலாஜி நகர் 18வது தெரு", "original_osm_index": 1301}, "geometry": {"type": "LineString", "coordinates": [[80.203874, 12.9766987], [80.2043786, 12.976802], [80.2052351, 12.9769709]]}}, {"type": "Feature", "properties": {"@id": "way/317575442", "highway": "residential", "original_osm_index": 1302}, "geometry": {"type": "LineString", "coordinates": [[80.2078917, 12.9834999], [80.2079165, 12.9840265]]}}, {"type": "Feature", "properties": {"@id": "way/317575443", "highway": "residential", "original_osm_index": 1303}, "geometry": {"type": "LineString", "coordinates": [[80.2086777, 12.9829656], [80.2091017, 12.9829468], [80.2094654, 12.982918], [80.2098097, 12.9829157], [80.2103166, 12.9829123]]}}, {"type": "Feature", "properties": {"@id": "way/318725675", "highway": "residential", "name": "AGS Colony 4th Main Road", "original_osm_index": 1304}, "geometry": {"type": "LineString", "coordinates": [[80.2102878, 12.9779493], [80.2104306, 12.9779519], [80.2116564, 12.9781717], [80.2120279, 12.9782279], [80.2121558, 12.9782455], [80.2128289, 12.9783732], [80.213082, 12.9784197], [80.2136164, 12.9785513], [80.2138023, 12.9786004]]}}, {"type": "Feature", "properties": {"@id": "way/318725676", "highway": "residential", "original_osm_index": 1305}, "geometry": {"type": "LineString", "coordinates": [[80.2168862, 12.9782504], [80.2169036, 12.9778537], [80.2168982, 12.9777794], [80.2169049, 12.977546], [80.2169205, 12.9774482], [80.2169641, 12.9772296], [80.2169886, 12.9770634], [80.2170141, 12.9768606], [80.2170217, 12.9766504], [80.2170377, 12.9765375], [80.2170706, 12.976225], [80.2170782, 12.9761651], [80.2171068, 12.9757663], [80.2171592, 12.9752845]]}}, {"type": "Feature", "properties": {"@id": "way/318725677", "highway": "service", "surface": "asphalt", "original_osm_index": 1306}, "geometry": {"type": "LineString", "coordinates": [[80.2175906, 12.9782706], [80.2170575, 12.9782646]]}}, {"type": "Feature", "properties": {"@id": "way/318725678", "highway": "residential", "original_osm_index": 1307}, "geometry": {"type": "LineString", "coordinates": [[80.2146553, 12.9814196], [80.2146377, 12.981394], [80.2146269, 12.9813417], [80.2145667, 12.9809486]]}}, {"type": "Feature", "properties": {"@id": "way/318725679", "access": "private", "highway": "residential", "original_osm_index": 1308}, "geometry": {"type": "LineString", "coordinates": [[80.2176336, 12.9788105], [80.2176337, 12.9790446], [80.2176371, 12.9790577], [80.2176505, 12.9790708], [80.2176682, 12.9790756], [80.2177883, 12.9790865], [80.2178806, 12.9790797], [80.2180284, 12.9790871], [80.2181045, 12.9790874], [80.2182651, 12.9790945], [80.2182706, 12.9787504], [80.218113, 12.9787453]]}}, {"type": "Feature", "properties": {"@id": "way/318725681", "highway": "residential", "surface": "asphalt", "original_osm_index": 1309}, "geometry": {"type": "LineString", "coordinates": [[80.2170281, 12.9792419], [80.2170521, 12.9785868], [80.2170575, 12.9782646], [80.2168862, 12.9782504]]}}, {"type": "Feature", "properties": {"@id": "way/318725682", "highway": "residential", "original_osm_index": 1310}, "geometry": {"type": "LineString", "coordinates": [[80.2142331, 12.9783595], [80.2142471, 12.9783663], [80.2142612, 12.9783693], [80.2150757, 12.9784772], [80.2154725, 12.9785614]]}}, {"type": "Feature", "properties": {"@id": "way/318725683", "highway": "residential", "original_osm_index": 1311}, "geometry": {"type": "LineString", "coordinates": [[80.2177081, 12.9794415], [80.2177115, 12.9793664], [80.2176893, 12.9793292], [80.2176538, 12.9793063], [80.217557, 12.9792803], [80.2170281, 12.9792419]]}}, {"type": "Feature", "properties": {"@id": "way/318725684", "access": "private", "highway": "service", "original_osm_index": 1312}, "geometry": {"type": "MultiLineString", "coordinates": [[[80.2187597, 12.978716], [80.2187602, 12.9785652], [80.2187536, 12.9785453], [80.2187411, 12.9785312], [80.2186942, 12.9785056], [80.2186833, 12.9784911], [80.2186606, 12.9783635], [80.218648, 12.9783435], [80.2186257, 12.9783359], [80.2185164, 12.9783324], [80.2185031, 12.9783422], [80.2184869, 12.9783589], [80.2184788, 12.9784026], [80.2184772, 12.9784491], [80.2184594, 12.9786504], [80.2184677, 12.978682], [80.2184975, 12.9787058], [80.2185922, 12.9787113], [80.2187597, 12.978716]], [[80.2187597, 12.978716], [80.2188666, 12.9787559]]]}}, {"type": "Feature", "properties": {"@id": "way/318725685", "highway": "residential", "original_osm_index": 1313}, "geometry": {"type": "LineString", "coordinates": [[80.2168888, 12.9799268], [80.2168983, 12.9799654], [80.2169355, 12.9799771], [80.2172583, 12.9799808], [80.2175542, 12.9799911], [80.2176887, 12.9799921], [80.2180855, 12.9800098], [80.2184067, 12.9800506]]}}, {"type": "Feature", "properties": {"@id": "way/320523700", "highway": "residential", "name": "Vembuli Amman Koil Street", "original_osm_index": 1314}, "geometry": {"type": "LineString", "coordinates": [[80.19580542259583, 12.9621], [80.1957917, 12.9623206], [80.1957837, 12.9624492], [80.1957679, 12.9626824], [80.1957613, 12.9627091]]}}, {"type": "Feature", "properties": {"@id": "way/321715856", "access": "private", "highway": "residential", "original_osm_index": 1315}, "geometry": {"type": "LineString", "coordinates": [[80.2094212, 12.9802983], [80.2094317, 12.9807023]]}}, {"type": "Feature", "properties": {"@id": "way/321715857", "highway": "residential", "original_osm_index": 1316}, "geometry": {"type": "LineString", "coordinates": [[80.2068522, 12.9766077], [80.2071643, 12.976515], [80.2074918, 12.9764586], [80.2078147, 12.9764127], [80.2081252, 12.9764001]]}}, {"type": "Feature", "properties": {"@id": "way/321715858", "access": "private", "highway": "residential", "original_osm_index": 1317}, "geometry": {"type": "LineString", "coordinates": [[80.2101795, 12.9807015], [80.2101726, 12.980425], [80.2101683, 12.9802527], [80.2101653, 12.9801295]]}}, {"type": "Feature", "properties": {"@id": "way/321715860", "highway": "residential", "original_osm_index": 1318}, "geometry": {"type": "LineString", "coordinates": [[80.2081252, 12.9764001], [80.2085815, 12.976356], [80.2089489, 12.9763205], [80.2092736, 12.9763196], [80.20949, 12.9763184], [80.2100788, 12.9763123]]}}, {"type": "Feature", "properties": {"@id": "way/331901996", "bicycle": "yes", "highway": "tertiary", "layer": "-1", "name": "Velachery MRTS", "tunnel": "yes", "original_osm_index": 1319}, "geometry": {"type": "LineString", "coordinates": [[80.2214908, 12.9675346], [80.2215434, 12.9672205]]}}, {"type": "Feature", "properties": {"@id": "way/334830928", "highway": "residential", "name": "Andalam avenue", "original_osm_index": 1320}, "geometry": {"type": "LineString", "coordinates": [[80.2265731, 12.9866564], [80.2266255, 12.987041], [80.2266278, 12.9870603], [80.226629, 12.987067], [80.2266333, 12.9870722], [80.2266406, 12.987074], [80.2266504, 12.9870727], [80.2266741, 12.9870695], [80.2274307, 12.9869669], [80.2274367, 12.9869651], [80.2274405, 12.9869601], [80.2274442, 12.9869528], [80.2274445, 12.9869453], [80.2273695, 12.9865424]]}}, {"type": "Feature", "properties": {"@id": "way/334830929", "highway": "residential", "lit": "yes", "name": "SevaNagar 4th Street", "original_osm_index": 1321}, "geometry": {"type": "LineString", "coordinates": [[80.2282384, 12.986924], [80.2284, 12.986920014035087]]}}, {"type": "Feature", "properties": {"@id": "way/334830930", "highway": "residential", "name": "Andalam avenue", "original_osm_index": 1322}, "geometry": {"type": "LineString", "coordinates": [[80.2271697, 12.9861121], [80.2272503, 12.9865585]]}}, {"type": "Feature", "properties": {"@id": "way/334830991", "highway": "residential", "name": "RajaLaxmi Nagar 6th Cross Street", "surface": "asphalt", "original_osm_index": 1323}, "geometry": {"type": "LineString", "coordinates": [[80.21945, 12.9861174], [80.2194201, 12.985846], [80.2194255, 12.9856167]]}}, {"type": "Feature", "properties": {"@id": "way/335531988", "highway": "residential", "name": "JagannathaPuram 1st Cross Street", "original_osm_index": 1324}, "geometry": {"type": "LineString", "coordinates": [[80.22094, 12.9856707], [80.2209088, 12.9849623]]}}, {"type": "Feature", "properties": {"@id": "way/335532248", "highway": "residential", "name": "Sony Nagar 3rd Street", "original_osm_index": 1325}, "geometry": {"type": "LineString", "coordinates": [[80.2276903, 12.9869278], [80.2282384, 12.986924]]}}, {"type": "Feature", "properties": {"@id": "way/336060552", "highway": "residential", "name": "Nattar Street", "name:en": "Nattar Street", "name:ta": "நாட்டார் தெரு", "original_osm_index": 1326}, "geometry": {"type": "LineString", "coordinates": [[80.2221196, 12.9841279], [80.2219798, 12.9836808], [80.2218389, 12.983189]]}}, {"type": "Feature", "properties": {"@id": "way/342279641", "highway": "footway", "original_osm_index": 1327}, "geometry": {"type": "LineString", "coordinates": [[80.228085, 12.9806625], [80.2283084, 12.9806188]]}}, {"type": "Feature", "properties": {"@id": "way/342279642", "highway": "service", "original_osm_index": 1328}, "geometry": {"type": "LineString", "coordinates": [[80.2283084, 12.9806188], [80.2284, 12.980594966912129]]}}, {"type": "Feature", "properties": {"@id": "way/342280326", "highway": "residential", "name": "3rd Main Road", "original_osm_index": 1329}, "geometry": {"type": "LineString", "coordinates": [[80.2239403, 12.9867401], [80.2235811, 12.9860477]]}}, {"type": "Feature", "properties": {"@id": "way/354099036", "highway": "residential", "maxspeed": "20", "name": "Vidhya Nagar Main Road", "original_osm_index": 1330}, "geometry": {"type": "LineString", "coordinates": [[80.2012346, 12.9787196], [80.2012774, 12.9791057]]}}, {"type": "Feature", "properties": {"@id": "way/364723063", "highway": "residential", "name": "Valmiki Street", "name:etymology:wikidata": "Q715607", "original_osm_index": 1331}, "geometry": {"type": "LineString", "coordinates": [[80.2017703, 12.9823249], [80.2015602, 12.9812329]]}}, {"type": "Feature", "properties": {"@id": "way/364724141", "highway": "residential", "name": "Kambar street", "name:etymology:wikidata": "Q1535227", "original_osm_index": 1332}, "geometry": {"type": "LineString", "coordinates": [[80.2012653, 12.9824084], [80.2017703, 12.9823249], [80.2019133, 12.9823018], [80.2019483, 12.9822938]]}}, {"type": "Feature", "properties": {"@id": "way/383046057", "access": "private", "highway": "service", "original_osm_index": 1333}, "geometry": {"type": "LineString", "coordinates": [[80.2211068, 12.9796274], [80.2212453, 12.9796317], [80.2218868, 12.9796571], [80.2218957, 12.9796643], [80.2219003, 12.9796734], [80.2218988, 12.9798852], [80.2219042, 12.9798974], [80.2219162, 12.9799021], [80.2223556, 12.979929], [80.2223615, 12.9798076]]}}, {"type": "Feature", "properties": {"@id": "way/384127306", "highway": "residential", "name": "Vel Nagar 2nd street", "original_osm_index": 1334}, "geometry": {"type": "LineString", "coordinates": [[80.2033824, 12.9817497], [80.2034251, 12.982354]]}}, {"type": "Feature", "properties": {"@id": "way/384133191", "comment": "This area is lot of times flooded", "highway": "tertiary", "lanes": "2", "name": "Gandhi Road", "name:etymology:wikidata": "Q1001", "surface": "asphalt", "original_osm_index": 1335}, "geometry": {"type": "LineString", "coordinates": [[80.2245841, 12.9865442], [80.2242952, 12.9866264], [80.2241114, 12.9866787], [80.2239403, 12.9867401], [80.2236378, 12.9868654], [80.2230567, 12.9870692]]}}, {"type": "Feature", "properties": {"@id": "way/384219492", "highway": "residential", "name": "2nd Cross Road", "original_osm_index": 1336}, "geometry": {"type": "LineString", "coordinates": [[80.2159299, 12.9825931], [80.2159642, 12.9822399], [80.2159843, 12.9818408], [80.2160014, 12.9816751], [80.2160138, 12.9815198], [80.2160289, 12.981334]]}}, {"type": "Feature", "properties": {"@id": "way/384533944", "highway": "residential", "name": "Gomathi Street", "surface": "asphalt", "original_osm_index": 1337}, "geometry": {"type": "LineString", "coordinates": [[80.1912881, 12.9722223], [80.19036, 12.9724203]]}}, {"type": "Feature", "properties": {"@id": "way/384534516", "highway": "residential", "lane_markings": "no", "name": "பாலாஜி நகர் 5வது தெரு", "name:en": "Balaji Nagar 5th Street", "name:ta": "பாலாஜி நகர் 5வது தெரு", "surface": "asphalt", "original_osm_index": 1338}, "geometry": {"type": "LineString", "coordinates": [[80.1900453, 12.9729677], [80.1899815, 12.9729827], [80.1899462, 12.9730096], [80.1899303, 12.9730579], [80.1899112, 12.9734086], [80.1898878, 12.9739081]]}}, {"type": "Feature", "properties": {"@id": "way/386178359", "highway": "residential", "name": "Indira Street", "name:etymology:wikidata": "Q1149", "name:ta": "இந்திரா தெரு", "original_osm_index": 1339}, "geometry": {"type": "LineString", "coordinates": [[80.1924241, 12.9811548], [80.1932834, 12.9808768], [80.1937048, 12.9807313], [80.1938377, 12.9806854], [80.1940787, 12.9805908]]}}, {"type": "Feature", "properties": {"@id": "way/386178456", "highway": "residential", "name": "K. V. K. Samy Street", "name:ta": "கே. வி. கே. சாமி தெரு", "original_osm_index": 1340}, "geometry": {"type": "LineString", "coordinates": [[80.192341, 12.9808362], [80.1933531, 12.9805342], [80.1939676, 12.9803053]]}}, {"type": "Feature", "properties": {"@id": "way/386178665", "highway": "residential", "original_osm_index": 1341}, "geometry": {"type": "LineString", "coordinates": [[80.1917295, 12.9771214], [80.1921333, 12.9770005], [80.192143, 12.9769958], [80.19215, 12.97699]]}}, {"type": "Feature", "properties": {"@id": "way/386178695", "highway": "residential", "original_osm_index": 1342}, "geometry": {"type": "LineString", "coordinates": [[80.1926145, 12.977115], [80.1926134, 12.9771402], [80.1926067, 12.9771618], [80.1925798, 12.9771964], [80.1925651, 12.9772173], [80.1925604, 12.977233], [80.1925604, 12.9772591], [80.1925678, 12.9773003], [80.192604, 12.977422], [80.1926287, 12.9775543], [80.1927003, 12.977802]]}}, {"type": "Feature", "properties": {"@id": "way/386178946", "highway": "residential", "original_osm_index": 1343}, "geometry": {"type": "LineString", "coordinates": [[80.1964712, 12.9742235], [80.1964639, 12.9737721], [80.1964067, 12.9734326]]}}, {"type": "Feature", "properties": {"@id": "way/386178962", "highway": "residential", "original_osm_index": 1344}, "geometry": {"type": "LineString", "coordinates": [[80.1974675, 12.974293], [80.1964712, 12.9742235], [80.1958138, 12.9741815], [80.1957782, 12.9741791]]}}, {"type": "Feature", "properties": {"@id": "way/386179072", "highway": "residential", "original_osm_index": 1345}, "geometry": {"type": "LineString", "coordinates": [[80.1926778, 12.9821388], [80.193055, 12.9820282], [80.1935377, 12.9818895], [80.1938896, 12.9817527]]}}, {"type": "Feature", "properties": {"@id": "way/386179207", "highway": "residential", "original_osm_index": 1346}, "geometry": {"type": "LineString", "coordinates": [[80.2044389, 12.9804424], [80.2046872, 12.9804161]]}}, {"type": "Feature", "properties": {"@id": "way/386179241", "highway": "residential", "original_osm_index": 1347}, "geometry": {"type": "LineString", "coordinates": [[80.1964996, 12.9830734], [80.1971671, 12.9828714], [80.197491, 12.9827812]]}}, {"type": "Feature", "properties": {"@id": "way/386179260", "highway": "residential", "original_osm_index": 1348}, "geometry": {"type": "LineString", "coordinates": [[80.1963754, 12.9811063], [80.1967439, 12.9809685]]}}, {"type": "Feature", "properties": {"@id": "way/386179284", "highway": "residential", "original_osm_index": 1349}, "geometry": {"type": "LineString", "coordinates": [[80.1967927, 12.9813655], [80.1969088, 12.9817568]]}}, {"type": "Feature", "properties": {"@id": "way/386179297", "highway": "residential", "original_osm_index": 1350}, "geometry": {"type": "LineString", "coordinates": [[80.197037, 12.9809671], [80.1974912, 12.9808885]]}}, {"type": "Feature", "properties": {"@id": "way/386179362", "highway": "residential", "original_osm_index": 1351}, "geometry": {"type": "LineString", "coordinates": [[80.1961097, 12.9729285], [80.1961277, 12.9729079], [80.196172, 12.9728785], [80.1965538, 12.9728369]]}}, {"type": "Feature", "properties": {"@id": "way/386179368", "highway": "residential", "original_osm_index": 1352}, "geometry": {"type": "LineString", "coordinates": [[80.1960361, 12.9727589], [80.195986, 12.9723883]]}}, {"type": "Feature", "properties": {"@id": "way/386179484", "highway": "residential", "name": "Mahalakshmi Street", "original_osm_index": 1353}, "geometry": {"type": "LineString", "coordinates": [[80.1938687, 12.9704077], [80.1940822, 12.9703818], [80.1946475, 12.9703138], [80.1954497, 12.9702101], [80.196212, 12.9701171]]}}, {"type": "Feature", "properties": {"@id": "way/386635737", "highway": "residential", "name": "Tansi Nagar 7 th street", "source": "survey", "original_osm_index": 1354}, "geometry": {"type": "LineString", "coordinates": [[80.2228785, 12.9771439], [80.2227498, 12.9770668]]}}, {"type": "Feature", "properties": {"@id": "way/386637554", "highway": "residential", "original_osm_index": 1355}, "geometry": {"type": "LineString", "coordinates": [[80.1891, 12.969041198550725], [80.1891091, 12.9690428], [80.1891547, 12.9690879], [80.1891916, 12.9692758]]}}, {"type": "Feature", "properties": {"@id": "way/389017189", "highway": "residential", "original_osm_index": 1356}, "geometry": {"type": "LineString", "coordinates": [[80.1891, 12.962881342793644], [80.1896026, 12.9627702]]}}, {"type": "Feature", "properties": {"@id": "way/389017216", "highway": "residential", "original_osm_index": 1357}, "geometry": {"type": "LineString", "coordinates": [[80.1891, 12.963500093009017], [80.1897229, 12.9634182]]}}, {"type": "Feature", "properties": {"@id": "way/389017663", "highway": "residential", "name": "Iyappa Nagar 4th Street", "name:en": "Iyappa Nagar 4th Street", "name:ta": "ஐயப்பா நகர் 4வது தெரு", "surface": "asphalt", "original_osm_index": 1358}, "geometry": {"type": "LineString", "coordinates": [[80.1900325, 12.9630976], [80.1907832, 12.9629399]]}}, {"type": "Feature", "properties": {"@id": "way/390199895", "highway": "residential", "original_osm_index": 1359}, "geometry": {"type": "LineString", "coordinates": [[80.2002104, 12.9638717], [80.2002816, 12.9646005], [80.2002896, 12.9647057], [80.2002916, 12.96471], [80.2002951, 12.964713]]}}, {"type": "Feature", "properties": {"@id": "way/394115129", "highway": "residential", "name": "Andalam avenue", "original_osm_index": 1360}, "geometry": {"type": "LineString", "coordinates": [[80.2273695, 12.9865424], [80.2272503, 12.9865585], [80.2265731, 12.9866564]]}}, {"type": "Feature", "properties": {"@id": "way/396824229", "highway": "residential", "name": "VGP Selva Nagar 1st Main Road", "name:ta": "விஜிபி செல்வா நகர் 1வது முதன்மை சாலை", "original_osm_index": 1361}, "geometry": {"type": "LineString", "coordinates": [[80.2225268, 12.9711222], [80.222518, 12.971127], [80.2225069, 12.9711293], [80.2205079, 12.9714412]]}}, {"type": "Feature", "properties": {"@id": "way/396824230", "access": "yes", "bicycle": "yes", "cycleway": "lane", "foot": "yes", "highway": "residential", "lanes": "2", "maxspeed": "20", "motor_vehicle": "yes", "name": "Dr.Seetharaman Nagar Main Road", "oneway": "no", "sidewalk": "no", "original_osm_index": 1362}, "geometry": {"type": "LineString", "coordinates": [[80.2211396, 12.9721065], [80.2210704, 12.9721183], [80.219574, 12.9723727]]}}, {"type": "Feature", "properties": {"@id": "way/396824233", "access": "private", "highway": "residential", "original_osm_index": 1363}, "geometry": {"type": "LineString", "coordinates": [[80.2216937, 12.9720819], [80.2227035, 12.9719718], [80.2227154, 12.9719636], [80.2227201, 12.9719522], [80.2227131, 12.971839]]}}, {"type": "Feature", "properties": {"@id": "way/407783416", "access": "yes", "highway": "primary", "maxspeed": "40", "motor_vehicle": "yes", "name": "Mount - Medavakkam Road", "oneway": "yes", "ref": "SH48A", "original_osm_index": 1364}, "geometry": {"type": "LineString", "coordinates": [[80.1972377, 12.9859038], [80.1972402, 12.9860698], [80.1972489, 12.9861475], [80.1973202, 12.9865748], [80.1973229, 12.9865873], [80.1974333, 12.9871059], [80.197549, 12.9875799], [80.1976835, 12.9880707], [80.197819, 12.988501]]}}, {"type": "Feature", "properties": {"@id": "way/422436384", "highway": "residential", "name": "Latha Street", "original_osm_index": 1365}, "geometry": {"type": "LineString", "coordinates": [[80.2280324, 12.9821752], [80.2284, 12.982137770005743]]}}, {"type": "Feature", "properties": {"@id": "way/422436422", "highway": "residential", "name": "Prasad Lane", "source": "bing", "original_osm_index": 1366}, "geometry": {"type": "LineString", "coordinates": [[80.2283812, 12.9817048], [80.2283255, 12.9810607]]}}, {"type": "Feature", "properties": {"@id": "way/422439813", "highway": "residential", "name": "Rani Street", "original_osm_index": 1367}, "geometry": {"type": "LineString", "coordinates": [[80.227998, 12.9817402], [80.2274616, 12.9817959]]}}, {"type": "Feature", "properties": {"@id": "way/422439814", "access": "private", "highway": "service", "original_osm_index": 1368}, "geometry": {"type": "LineString", "coordinates": [[80.2217701, 12.9812292], [80.2212487, 12.9812514], [80.221117, 12.9813206]]}}, {"type": "Feature", "properties": {"@id": "way/422439815", "access": "private", "comment": "this may not be publicly accessable road (gated)", "highway": "service", "original_osm_index": 1369}, "geometry": {"type": "LineString", "coordinates": [[80.2224354, 12.9812088], [80.2221095, 12.9812188], [80.2217918, 12.9812285], [80.2217701, 12.9812292]]}}, {"type": "Feature", "properties": {"@id": "way/422439817", "highway": "residential", "name": "Seethapathy Nagar 2rd Cross Street", "original_osm_index": 1370}, "geometry": {"type": "LineString", "coordinates": [[80.2263311, 12.9812397], [80.2269654, 12.9811883], [80.2274094, 12.9811665]]}}, {"type": "Feature", "properties": {"@id": "way/422926758", "bicycle": "no", "highway": "primary_link", "motor_vehicle": "no", "name": "Baby Nagar Cross Taramani Road", "surface": "asphalt", "original_osm_index": 1371}, "geometry": {"type": "LineString", "coordinates": [[80.2284, 12.98028542837129], [80.2283547, 12.9803508]]}}, {"type": "Feature", "properties": {"@id": "way/422927231", "bicycle": "yes", "cycleway": "lane", "foot": "yes", "highway": "primary", "lanes": "2", "lit": "yes", "maxspeed": "50", "motorroad": "no", "name": "Taramani Road", "name:ta": "தரமணி சாலை", "official_name": "Marmalong Bridge - Irumbuliyur - Vandalur - Mudichur - Oragadam - Walajabad Road", "oneway": "yes", "ref": "SH48", "surface": "asphalt", "original_osm_index": 1372}, "geometry": {"type": "LineString", "coordinates": [[80.2207817, 12.9755689], [80.2208087, 12.9755957], [80.2208556, 12.9756408], [80.2208967, 12.9756855], [80.2210595, 12.9758737], [80.2211155, 12.975928]]}}, {"type": "Feature", "properties": {"@id": "way/422927236", "cycleway": "lane", "highway": "primary", "lanes": "2", "maxspeed": "50", "name": "Taramani Link Road", "name:ta": "தரமணி சாலை", "old_ref": "MDR752", "oneway": "yes", "ref": "SH48B", "surface": "asphalt", "original_osm_index": 1373}, "geometry": {"type": "LineString", "coordinates": [[80.2251796, 12.978324], [80.2251603, 12.978313], [80.2250367, 12.978234], [80.2249628, 12.9781864], [80.2246931, 12.9780101], [80.223619, 12.9773685], [80.2231018, 12.9770693], [80.2227896, 12.976891], [80.2224858, 12.9767092], [80.2222483, 12.9765627], [80.2221184, 12.9764773], [80.2217575, 12.9762417], [80.2214036, 12.9759943]]}}, {"type": "Feature", "properties": {"@id": "way/424514128", "highway": "residential", "name": "Chandru Street", "original_osm_index": 1374}, "geometry": {"type": "LineString", "coordinates": [[80.2244578, 12.9704653], [80.2245069, 12.9703092], [80.2244988, 12.9702491], [80.2244666, 12.9702203], [80.224341, 12.9701074], [80.2241127, 12.9698845], [80.2238616, 12.9696255], [80.2236019, 12.9693575], [80.2235728, 12.9693421], [80.2235527, 12.9693362]]}}, {"type": "Feature", "properties": {"@id": "way/424514130", "highway": "residential", "name": "Buhuvaneswary Nagar 2nd Street", "surface": "asphalt", "original_osm_index": 1375}, "geometry": {"type": "LineString", "coordinates": [[80.2204517, 12.9697776], [80.2201449, 12.969789], [80.2199153, 12.969799], [80.2197749, 12.9698051], [80.2193056, 12.9698294]]}}, {"type": "Feature", "properties": {"@id": "way/424516686", "highway": "tertiary", "name": "Perungudi Station Road", "name:etymology:wikidata": "Q7171100", "oneway": "yes", "surface": "concrete", "width": "2.5", "original_osm_index": 1376}, "geometry": {"type": "LineString", "coordinates": [[80.2268273, 12.9711198], [80.2276151, 12.9718771], [80.2280264, 12.9722972], [80.2283696, 12.9726421], [80.2284, 12.97267303691275]]}}, {"type": "Feature", "properties": {"@id": "way/424516687", "comment": "not sure it is there", "highway": "residential", "original_osm_index": 1377}, "geometry": {"type": "LineString", "coordinates": [[80.2283696, 12.9726421], [80.2282217, 12.9729592]]}}, {"type": "Feature", "properties": {"@id": "way/424525924", "highway": "residential", "name": "Thiruvallur Street", "original_osm_index": 1378}, "geometry": {"type": "LineString", "coordinates": [[80.227689, 12.9769046], [80.2263206, 12.9768112]]}}, {"type": "Feature", "properties": {"@id": "way/424525925", "highway": "residential", "name": "Venus Colony 2nd Street", "original_osm_index": 1379}, "geometry": {"type": "LineString", "coordinates": [[80.2269974, 12.974934], [80.2271631, 12.9749469], [80.2275384, 12.97498], [80.2275512, 12.974979], [80.2275618, 12.9749727], [80.2275666, 12.9749623], [80.2275733, 12.9749492], [80.2276059, 12.9745822], [80.2276306, 12.9743171], [80.2279207, 12.9726457]]}}, {"type": "Feature", "properties": {"@id": "way/424525926", "highway": "residential", "name": "1st Street", "original_osm_index": 1380}, "geometry": {"type": "LineString", "coordinates": [[80.2250547, 12.9752323], [80.2259433, 12.9752532]]}}, {"type": "Feature", "properties": {"@id": "way/424525927", "highway": "residential", "name": "1st Street", "original_osm_index": 1381}, "geometry": {"type": "LineString", "coordinates": [[80.2271485, 12.9753175], [80.2259433, 12.9752532]]}}, {"type": "Feature", "properties": {"@id": "way/424525928", "highway": "residential", "name": "Bhuvaneswary Nagar 1st Main Road", "surface": "asphalt", "original_osm_index": 1382}, "geometry": {"type": "LineString", "coordinates": [[80.2193056, 12.9698294], [80.21927, 12.9696917], [80.2192307, 12.9695371]]}}, {"type": "Feature", "properties": {"@id": "way/424525929", "highway": "residential", "name": "Vanchinathan Street", "name:etymology:wikidata": "Q3411606", "original_osm_index": 1383}, "geometry": {"type": "LineString", "coordinates": [[80.2284, 12.977216677285295], [80.2276763, 12.9772017]]}}, {"type": "Feature", "properties": {"@id": "way/424525930", "highway": "residential", "original_osm_index": 1384}, "geometry": {"type": "LineString", "coordinates": [[80.2204467, 12.9701126], [80.2204517, 12.9697776]]}}, {"type": "Feature", "properties": {"@id": "way/424525931", "comment": "Road is there but not sure is connected", "highway": "residential", "name": "Bhuvaneswary Nagar 1st Main Road", "surface": "asphalt", "original_osm_index": 1385}, "geometry": {"type": "LineString", "coordinates": [[80.2193649, 12.9700465], [80.2193056, 12.9698294]]}}, {"type": "Feature", "properties": {"@id": "way/424525932", "highway": "tertiary", "name": "Annai Indhra Gandhi Road", "surface": "asphalt", "original_osm_index": 1386}, "geometry": {"type": "LineString", "coordinates": [[80.2194348, 12.9694521], [80.2192307, 12.9695371], [80.2186666, 12.9697227], [80.2186283, 12.9697482]]}}, {"type": "Feature", "properties": {"@id": "way/424525933", "highway": "residential", "original_osm_index": 1387}, "geometry": {"type": "LineString", "coordinates": [[80.2272402, 12.9743328], [80.2276306, 12.9743171], [80.2279979, 12.9743239]]}}, {"type": "Feature", "properties": {"@id": "way/424525934", "highway": "residential", "name": "Tansi Nagar 12th Street", "name:ta": "டான்ஸி நகர் 12வது தெரு", "original_osm_index": 1388}, "geometry": {"type": "LineString", "coordinates": [[80.2263206, 12.9768112], [80.2263102, 12.9769897], [80.226268, 12.9772219], [80.2262508, 12.9776026], [80.226239, 12.9779831], [80.226238, 12.9780161], [80.2262241, 12.9784054]]}}, {"type": "Feature", "properties": {"@id": "way/425906580", "comment": "very narrow road with sharp curves", "highway": "service", "surface": "paved", "width": "2.2 m", "original_osm_index": 1389}, "geometry": {"type": "LineString", "coordinates": [[80.2237428, 12.9760192], [80.2236488, 12.9760045], [80.2236162, 12.976014], [80.2235703, 12.9761845], [80.2235239, 12.9762031], [80.2233787, 12.9761907]]}}, {"type": "Feature", "properties": {"@id": "way/425908491", "highway": "residential", "name": "Anna Nagar 5th cross", "original_osm_index": 1390}, "geometry": {"type": "LineString", "coordinates": [[80.2268409, 12.9743071], [80.226806, 12.9749176]]}}, {"type": "Feature", "properties": {"@id": "way/425908492", "highway": "residential", "name": "Anna Nagar 6th cross", "original_osm_index": 1391}, "geometry": {"type": "LineString", "coordinates": [[80.2264706, 12.9742879], [80.2264216, 12.9748861]]}}, {"type": "Feature", "properties": {"@id": "way/425908493", "highway": "residential", "name": "Bala Murugan Nagar 1st Street", "original_osm_index": 1392}, "geometry": {"type": "LineString", "coordinates": [[80.2234069, 12.9747411], [80.2242575, 12.9747864], [80.2243125, 12.9747893], [80.2250848, 12.9748448]]}}, {"type": "Feature", "properties": {"@id": "way/425908494", "highway": "residential", "name": "VGP Selva Nagar Extn 1st Main Road", "original_osm_index": 1393}, "geometry": {"type": "LineString", "coordinates": [[80.2250748, 12.9741975], [80.2250934, 12.9737606], [80.2251227, 12.9733737], [80.2251309, 12.9729847], [80.2252326, 12.9727709], [80.2252901, 12.9726187], [80.225415, 12.9723671], [80.2254679, 12.9722015], [80.2254773, 12.9721644], [80.2255222, 12.9719875], [80.2255832, 12.9713494], [80.2255958, 12.971217], [80.225604, 12.9711316]]}}, {"type": "Feature", "properties": {"@id": "way/425908495", "highway": "residential", "original_osm_index": 1394}, "geometry": {"type": "LineString", "coordinates": [[80.2238373, 12.9751811], [80.2237428, 12.9760192]]}}, {"type": "Feature", "properties": {"@id": "way/425908497", "highway": "tertiary", "name": "Perungudi Station Road", "name:etymology:wikidata": "Q7171100", "oneway": "yes", "surface": "paved", "original_osm_index": 1395}, "geometry": {"type": "LineString", "coordinates": [[80.2240072, 12.9686348], [80.2246573, 12.9690679], [80.2247991, 12.9691734], [80.2252248, 12.969534], [80.2268273, 12.9711198]]}}, {"type": "Feature", "properties": {"@id": "way/427336344", "highway": "residential", "name": "Dhandeeshwaram Colony", "original_osm_index": 1396}, "geometry": {"type": "LineString", "coordinates": [[80.221345, 12.9876696], [80.2214635, 12.9879384], [80.2215379, 12.9880922], [80.2215569, 12.9881195]]}}, {"type": "Feature", "properties": {"@id": "way/427336345", "highway": "residential", "name": "Dhandeeshwaram Colony", "original_osm_index": 1397}, "geometry": {"type": "LineString", "coordinates": [[80.2215569, 12.9881195], [80.2215658, 12.9881286], [80.2215792, 12.9881351], [80.221597, 12.988135], [80.2218435, 12.9879688], [80.222095, 12.9877753], [80.2221143, 12.9877581], [80.2221254, 12.9877365], [80.2221251, 12.9877046], [80.2221022, 12.987666], [80.2219662, 12.9874128]]}}, {"type": "Feature", "properties": {"@id": "way/427336346", "highway": "residential", "name": "Lakshmipuram 3rd street", "original_osm_index": 1398}, "geometry": {"type": "LineString", "coordinates": [[80.2215338, 12.9866742], [80.2214612, 12.9863546], [80.2214532, 12.9863344], [80.221444, 12.9863252], [80.2214324, 12.9863269], [80.2214128, 12.9863342], [80.2211947, 12.9864166], [80.2211595, 12.9864304], [80.2211273, 12.9864252], [80.2211085, 12.9863965], [80.2210951, 12.9863285], [80.2210897, 12.986271], [80.2210917, 12.9862527], [80.2211092, 12.9862298], [80.22113, 12.98622], [80.221307, 12.9861599]]}}, {"type": "Feature", "properties": {"@id": "way/427336347", "access": "private", "comment": "I dont think it is there", "highway": "service", "original_osm_index": 1399}, "geometry": {"type": "LineString", "coordinates": [[80.2215569, 12.9881195], [80.2215163, 12.988147], [80.2213049, 12.9882901], [80.2210199, 12.9884831], [80.2208752, 12.9885805]]}}, {"type": "Feature", "properties": {"@id": "way/427336348", "highway": "residential", "surface": "unpaved", "original_osm_index": 1400}, "geometry": {"type": "LineString", "coordinates": [[80.2183271, 12.9872854], [80.2187296, 12.987178], [80.2188346, 12.987153], [80.2192026, 12.9870319], [80.2195701, 12.9868886], [80.2196329, 12.9868709], [80.219966, 12.9867024], [80.2201979, 12.9865925], [80.220413, 12.9864954]]}}, {"type": "Feature", "properties": {"@id": "way/427338791", "comment": "may not be exact location but there is one unnamed road", "highway": "residential", "name": "Dhandeeshwaram Nagar 5th Main/Cross", "original_osm_index": 1401}, "geometry": {"type": "LineString", "coordinates": [[80.2243823, 12.9825529], [80.2243613, 12.9829317], [80.2243439, 12.9832445]]}}, {"type": "Feature", "properties": {"@id": "way/427338792", "highway": "residential", "name": "Dhandeeshwaram 6th cross street", "original_osm_index": 1402}, "geometry": {"type": "LineString", "coordinates": [[80.2247823, 12.9818634], [80.2247917, 12.9818752], [80.2247965, 12.9818892], [80.2247761, 12.9825666]]}}, {"type": "Feature", "properties": {"@id": "way/427338795", "highway": "residential", "name": "VGP avenue", "original_osm_index": 1403}, "geometry": {"type": "LineString", "coordinates": [[80.227646, 12.9837782], [80.2275993, 12.9831467], [80.2275865, 12.9830321], [80.227496, 12.9822821], [80.2274885, 12.9822199], [80.2274683, 12.9818734], [80.2274616, 12.9817959], [80.2274555, 12.9817221], [80.2274146, 12.9812006], [80.2274094, 12.9811665], [80.2273725, 12.9807764], [80.2273698, 12.9807423]]}}, {"type": "Feature", "properties": {"@id": "way/427338800", "highway": "residential", "name": "Pillaiyar Koil Street", "original_osm_index": 1404}, "geometry": {"type": "LineString", "coordinates": [[80.2186299, 12.9825879], [80.2186392, 12.9832611]]}}, {"type": "Feature", "properties": {"@id": "way/427338802", "highway": "residential", "name": "Dhandeeswaram Nagar 8th Cross Road", "original_osm_index": 1405}, "geometry": {"type": "LineString", "coordinates": [[80.2237221, 12.9807753], [80.2230827, 12.9807664], [80.2229627, 12.9807632], [80.2227352, 12.980757], [80.2225205, 12.9807585], [80.2224697, 12.9807601]]}}, {"type": "Feature", "properties": {"@id": "way/428484059", "highway": "residential", "name": "Pasupathy Lane", "original_osm_index": 1406}, "geometry": {"type": "LineString", "coordinates": [[80.2235811, 12.9860477], [80.2229732, 12.9861768]]}}, {"type": "Feature", "properties": {"@id": "way/428484062", "highway": "residential", "maxspeed": "5", "name": "Putheri Karai Street", "original_osm_index": 1407}, "geometry": {"type": "LineString", "coordinates": [[80.2249456, 12.9854029], [80.2250262, 12.9854094], [80.2251133, 12.9854124], [80.226327, 12.9853519]]}}, {"type": "Feature", "properties": {"@id": "way/428730486", "comment": "most probably it is there", "highway": "residential", "name": "Dhandeeshwaram Nagar 6th Main Road", "original_osm_index": 1408}, "geometry": {"type": "LineString", "coordinates": [[80.224722, 12.9847923], [80.2247357, 12.9840885], [80.2247435, 12.9836858], [80.2247555, 12.983249], [80.2247761, 12.9825666]]}}, {"type": "Feature", "properties": {"@id": "way/428730487", "highway": "residential", "name": "Dhandeeshwaram 2st cross street", "original_osm_index": 1409}, "geometry": {"type": "LineString", "coordinates": [[80.2231843, 12.9831262], [80.223181, 12.9826935], [80.2231798, 12.9825398]]}}, {"type": "Feature", "properties": {"@id": "way/428730489", "highway": "residential", "name": "Dhandeeshwaram Nagar 5th Main Road Avenue", "surface": "asphalt", "original_osm_index": 1410}, "geometry": {"type": "LineString", "coordinates": [[80.2237835, 12.9848023], [80.2237743, 12.9845101], [80.2237598, 12.984196]]}}, {"type": "Feature", "properties": {"@id": "way/428730490", "highway": "residential", "name": "Dhandeeshwaram Nagar 6th Main Road Avenue", "original_osm_index": 1411}, "geometry": {"type": "LineString", "coordinates": [[80.2251399, 12.9841343], [80.2251399, 12.9847682], [80.225139, 12.984776], [80.2251366, 12.9847842]]}}, {"type": "Feature", "properties": {"@id": "way/428730491", "highway": "residential", "name": "Dhandeeswaram Nagar 4th Avenue [west] 1 cross street", "original_osm_index": 1412}, "geometry": {"type": "LineString", "coordinates": [[80.2247026, 12.9799325], [80.2246817, 12.9804795]]}}, {"type": "Feature", "properties": {"@id": "way/428730492", "highway": "residential", "name": "Dhandeeswaram Nagar 4th Avenue [west] 2 cross street", "original_osm_index": 1413}, "geometry": {"type": "LineString", "coordinates": [[80.2243727, 12.9804605], [80.2243975, 12.9798165]]}}, {"type": "Feature", "properties": {"@id": "way/428730493", "highway": "residential", "name": "Dhandeeswaram Nagar 4th Avenue(East)", "original_osm_index": 1414}, "geometry": {"type": "LineString", "coordinates": [[80.2253806, 12.9804998], [80.2263477, 12.9805958]]}}, {"type": "Feature", "properties": {"@id": "way/428730494", "highway": "residential", "name": "Kambar", "name:etymology:wikidata": "Q1535227", "original_osm_index": 1415}, "geometry": {"type": "LineString", "coordinates": [[80.2267022, 12.9827907], [80.2266827, 12.9824311]]}}, {"type": "Feature", "properties": {"@id": "way/428730495", "highway": "residential", "name": "Karunambigai Road", "original_osm_index": 1416}, "geometry": {"type": "LineString", "coordinates": [[80.2249374, 12.9851881], [80.226315, 12.985111]]}}, {"type": "Feature", "properties": {"@id": "way/428730496", "highway": "residential", "original_osm_index": 1417}, "geometry": {"type": "LineString", "coordinates": [[80.2248103, 12.9849985], [80.224722, 12.9847923]]}}, {"type": "Feature", "properties": {"@id": "way/428730497", "highway": "residential", "width": "2", "original_osm_index": 1418}, "geometry": {"type": "LineString", "coordinates": [[80.2249374, 12.9851881], [80.2248103, 12.9849985]]}}, {"type": "Feature", "properties": {"@id": "way/428734753", "highway": "residential", "name": "Baby Nagar 2nd Cross Road", "original_osm_index": 1419}, "geometry": {"type": "LineString", "coordinates": [[80.2278179, 12.9791993], [80.2278298, 12.9792026], [80.2278415, 12.979203], [80.2280957, 12.9792117], [80.2284, 12.979221405471543]]}}, {"type": "Feature", "properties": {"@id": "way/428734755", "highway": "service", "name": "Dhandeeswaram Nagar 10th Cross Road", "original_osm_index": 1420}, "geometry": {"type": "LineString", "coordinates": [[80.2222664, 12.979483], [80.222685, 12.9794981]]}}, {"type": "Feature", "properties": {"@id": "way/428734756", "highway": "residential", "name": "Dhandeeswaram Nagar 4th Avenue [west]", "original_osm_index": 1421}, "geometry": {"type": "LineString", "coordinates": [[80.2243727, 12.9804605], [80.2242374, 12.9804531], [80.224006, 12.9804406], [80.2239915, 12.9804396], [80.2239837, 12.9804339], [80.2239758, 12.9804243], [80.2239764, 12.9804125], [80.2239862, 12.9801746], [80.2239837, 12.9801541], [80.2239644, 12.9801466], [80.2237599, 12.9801331]]}}, {"type": "Feature", "properties": {"@id": "way/428734759", "highway": "residential", "name": "LIC Colony 1st street", "original_osm_index": 1422}, "geometry": {"type": "LineString", "coordinates": [[80.2222232, 12.977541], [80.2222622, 12.9769545]]}}, {"type": "Feature", "properties": {"@id": "way/428734761", "highway": "residential", "name": "Tansi Nagar 1st Street", "original_osm_index": 1423}, "geometry": {"type": "LineString", "coordinates": [[80.2226964, 12.977566], [80.2226906, 12.9780648], [80.2226769, 12.9784353], [80.2226737, 12.9784508], [80.2226644, 12.9784646], [80.2226523, 12.9784704], [80.222636, 12.9784732], [80.2221733, 12.9784418], [80.2221499, 12.9784457], [80.2221343, 12.9784603], [80.2221244, 12.9784791], [80.2221243, 12.9784992], [80.2221383, 12.978722], [80.2221441, 12.9789186], [80.2220314, 12.9789132]]}}, {"type": "Feature", "properties": {"@id": "way/428734762", "highway": "residential", "name": "Tansi Nagar 3rd street", "oneway": "no", "original_osm_index": 1424}, "geometry": {"type": "LineString", "coordinates": [[80.2235307, 12.9774565], [80.2235256, 12.977583], [80.2235073, 12.9778851], [80.2235055, 12.9781336]]}}, {"type": "Feature", "properties": {"@id": "way/428734763", "highway": "residential", "name": "Tansi Nagar 5th Street", "original_osm_index": 1425}, "geometry": {"type": "LineString", "coordinates": [[80.2238867, 12.9781434], [80.2239033, 12.9778204]]}}, {"type": "Feature", "properties": {"@id": "way/428734764", "highway": "residential", "name": "Dhandeeswaram Nagar 12th Cross Road", "original_osm_index": 1426}, "geometry": {"type": "LineString", "coordinates": [[80.2235051, 12.9785458], [80.22425, 12.9785653], [80.2242712, 12.9785663], [80.2242944, 12.9785719], [80.2243097, 12.9785787], [80.2243258, 12.9785869], [80.2244943, 12.9786684], [80.2246281, 12.9787367], [80.2248509, 12.9788483], [80.2251372, 12.9789896]]}}, {"type": "Feature", "properties": {"@id": "way/428734765", "highway": "residential", "name": "Tansi Nagar 6th Street", "original_osm_index": 1427}, "geometry": {"type": "LineString", "coordinates": [[80.2250841, 12.9783943], [80.2250409, 12.9784922], [80.2248509, 12.9788483]]}}, {"type": "Feature", "properties": {"@id": "way/428734768", "highway": "service", "original_osm_index": 1428}, "geometry": {"type": "LineString", "coordinates": [[80.2229627, 12.9807632], [80.2229627, 12.9808885]]}}, {"type": "Feature", "properties": {"@id": "way/428851323", "highway": "residential", "name": "Shanti 1st Cross Street", "original_osm_index": 1429}, "geometry": {"type": "LineString", "coordinates": [[80.2284, 12.983369335780402], [80.2281266, 12.9833826]]}}, {"type": "Feature", "properties": {"@id": "way/428851324", "highway": "residential", "name": "Shanti 1st Cross Street", "original_osm_index": 1430}, "geometry": {"type": "LineString", "coordinates": [[80.227964, 12.9829889], [80.2280009, 12.9832132], [80.2281266, 12.9833826], [80.2281473, 12.9837453], [80.228152, 12.983809], [80.2281654, 12.9838377], [80.2282083, 12.9838586], [80.2282485, 12.9838691], [80.2282888, 12.9838691], [80.2283075, 12.9838717], [80.2283183, 12.9838861], [80.2283183, 12.9839018], [80.228329, 12.9842833]]}}, {"type": "Feature", "properties": {"@id": "way/430153956", "highway": "residential", "lane_markings": "no", "name": "Sarathy Nagar 4th street", "surface": "asphalt", "original_osm_index": 1431}, "geometry": {"type": "LineString", "coordinates": [[80.2219211, 12.9751715], [80.2217595, 12.9751808], [80.2215979, 12.97519]]}}, {"type": "Feature", "properties": {"@id": "way/430153957", "highway": "residential", "lane_markings": "no", "name": "Sarathy Nagar 6th street", "surface": "asphalt", "original_osm_index": 1432}, "geometry": {"type": "LineString", "coordinates": [[80.2218849, 12.9747717], [80.2215878, 12.9747988]]}}, {"type": "Feature", "properties": {"@id": "way/430153958", "access": "private", "highway": "service", "original_osm_index": 1433}, "geometry": {"type": "LineString", "coordinates": [[80.2218384, 12.9743253], [80.2218727, 12.9746211], [80.2218831, 12.974748], [80.2218849, 12.9747717]]}}, {"type": "Feature", "properties": {"@id": "way/430154384", "access": "yes", "bicycle": "yes", "cycleway": "lane", "foot": "yes", "highway": "residential", "lanes": "2", "maxspeed": "20", "motor_vehicle": "yes", "name": "Dr.Seetharaman Nagar 1st Street", "oneway": "no", "original_osm_index": 1434}, "geometry": {"type": "LineString", "coordinates": [[80.2223734, 12.9725698], [80.2212371, 12.9726226]]}}, {"type": "Feature", "properties": {"@id": "way/430159563", "access": "customers", "highway": "residential", "name": "Bhuvaneswary Nagar 1st Main Road", "surface": "asphalt", "original_osm_index": 1435}, "geometry": {"type": "LineString", "coordinates": [[80.2193649, 12.9700465], [80.220318, 12.9700973]]}}, {"type": "Feature", "properties": {"@id": "way/430159565", "highway": "residential", "name": "Kamachi Amman street", "original_osm_index": 1436}, "geometry": {"type": "LineString", "coordinates": [[80.2278877, 12.9760377], [80.2272418, 12.975859], [80.2271946, 12.9758421]]}}, {"type": "Feature", "properties": {"@id": "way/430159572", "highway": "residential", "name": "Street in Tansi Nagar (anna nagar) Velachery", "original_osm_index": 1437}, "geometry": {"type": "LineString", "coordinates": [[80.226806, 12.9749176], [80.2269974, 12.974934]]}}, {"type": "Feature", "properties": {"@id": "way/430159575", "highway": "residential", "name": "Vallalar Street Tansi Nagar 12 th street", "original_osm_index": 1438}, "geometry": {"type": "LineString", "coordinates": [[80.2263206, 12.9768112], [80.2263153, 12.9764658], [80.2262941, 12.9764208], [80.2262703, 12.9763746], [80.2262664, 12.9762296]]}}, {"type": "Feature", "properties": {"@id": "way/430159582", "highway": "service", "original_osm_index": 1439}, "geometry": {"type": "LineString", "coordinates": [[80.2271294, 12.9760538], [80.2271717, 12.97607]]}}, {"type": "Feature", "properties": {"@id": "way/430159583", "highway": "residential", "name": "SivaSakthi Street", "original_osm_index": 1440}, "geometry": {"type": "LineString", "coordinates": [[80.2271717, 12.97607], [80.2278407, 12.9762448]]}}, {"type": "Feature", "properties": {"@id": "way/430159586", "highway": "residential", "original_osm_index": 1441}, "geometry": {"type": "LineString", "coordinates": [[80.2271717, 12.97607], [80.2272418, 12.975859], [80.2273414, 12.9753683]]}}, {"type": "Feature", "properties": {"@id": "way/430799557", "foot": "yes", "highway": "residential", "motor_vehicle": "no", "motorcar": "no", "motorcycle": "yes", "name": "4th Main Road", "name:etymology:wikidata": "Q47140", "original_osm_index": 1442}, "geometry": {"type": "LineString", "coordinates": [[80.2194563, 12.9832378], [80.2194509, 12.983675], [80.2194509, 12.9836865], [80.219455, 12.9836981], [80.2194616, 12.9837034], [80.219473, 12.983707], [80.2199252, 12.9837032]]}}, {"type": "Feature", "properties": {"@id": "way/430799558", "highway": "residential", "name": "JagannathaPuram 2nd Main road", "original_osm_index": 1443}, "geometry": {"type": "LineString", "coordinates": [[80.221753, 12.9848498], [80.2209088, 12.9849623], [80.220674, 12.985002]]}}, {"type": "Feature", "properties": {"@id": "way/430799559", "highway": "tertiary", "name": "JagannathaPuram 3rd Main Road", "width": "3", "original_osm_index": 1444}, "geometry": {"type": "LineString", "coordinates": [[80.220623, 12.984393], [80.2210238, 12.9843099], [80.2212303, 12.9842751], [80.2214716, 12.9842523], [80.2217103, 12.9842496], [80.2218285, 12.9842286], [80.2221196, 12.9841279], [80.2221898, 12.9841259], [80.2226639, 12.9840511]]}}, {"type": "Feature", "properties": {"@id": "way/430799560", "check_date:surface": "2026-02-24", "highway": "residential", "name": "RajaLaxmi Nagar 10 Street", "surface": "paved", "original_osm_index": 1445}, "geometry": {"type": "LineString", "coordinates": [[80.2185684, 12.9850183], [80.2185564, 12.9853888], [80.2185585, 12.9857586]]}}, {"type": "Feature", "properties": {"@id": "way/430799561", "highway": "residential", "name": "RajaLaxmi Nagar 1st main Road", "original_osm_index": 1446}, "geometry": {"type": "LineString", "coordinates": [[80.2207357, 12.9857678], [80.2204377, 12.9858568], [80.2198959, 12.986027], [80.21945, 12.9861174], [80.2191447, 12.9861922], [80.2189748, 12.9862318], [80.218147, 12.9864574]]}}, {"type": "Feature", "properties": {"@id": "way/430799562", "highway": "residential", "lane_markings": "no", "lanes": "1", "name": "Rajalakshmi Nagar 7th Cross Street", "parking:both": "no", "surface": "asphalt", "original_osm_index": 1447}, "geometry": {"type": "LineString", "coordinates": [[80.2194255, 12.9856167], [80.2185585, 12.9857586], [80.2180065, 12.9858545]]}}, {"type": "Feature", "properties": {"@id": "way/430799563", "comment": "this most probably is first main road", "highway": "residential", "name": "Dhandeeshwaram 1st Main Road", "original_osm_index": 1448}, "geometry": {"type": "LineString", "coordinates": [[80.2230327, 12.9818215], [80.223015, 12.9820556], [80.2230064, 12.9821689], [80.2229787, 12.9825341]]}}, {"type": "Feature", "properties": {"@id": "way/430799564", "highway": "residential", "original_osm_index": 1449}, "geometry": {"type": "LineString", "coordinates": [[80.2186392, 12.9832611], [80.2186026, 12.9834074], [80.21856, 12.9836002], [80.2185291, 12.9838869]]}}, {"type": "Feature", "properties": {"@id": "way/435640476", "highway": "residential", "name": "Dhandeeshwaram 1 Main Road Extension", "original_osm_index": 1450}, "geometry": {"type": "LineString", "coordinates": [[80.2222307, 12.9820341], [80.223015, 12.9820556]]}}, {"type": "Feature", "properties": {"@id": "way/435640554", "highway": "residential", "original_osm_index": 1451}, "geometry": {"type": "LineString", "coordinates": [[80.2199103, 12.9817464], [80.2199336, 12.9822548]]}}, {"type": "Feature", "properties": {"@id": "way/438737014", "highway": "residential", "original_osm_index": 1452}, "geometry": {"type": "LineString", "coordinates": [[80.2192208, 12.9883431], [80.219062, 12.9882887], [80.2189118, 12.9882809], [80.2185055, 12.9883073]]}}, {"type": "Feature", "properties": {"@id": "way/440983783", "access": "private", "highway": "service", "oneway": "yes", "surface": "asphalt", "original_osm_index": 1453}, "geometry": {"type": "LineString", "coordinates": [[80.21782607954546, 12.9924], [80.2178012, 12.9923877], [80.2176993, 12.9923503], [80.2176679, 12.9923161]]}}, {"type": "Feature", "properties": {"@id": "way/440983785", "access": "private", "highway": "footway", "junction": "roundabout", "surface": "asphalt", "original_osm_index": 1454}, "geometry": {"type": "LineString", "coordinates": [[80.21765740248756, 12.9924], [80.2176353, 12.9923806], [80.2175968, 12.9923632], [80.2175545, 12.9923598], [80.2175135, 12.9923706], [80.21747504695122, 12.9924]]}}, {"type": "Feature", "properties": {"@id": "way/447987614", "bicycle": "yes", "comment": "Other line is not ready so this strech is not oneway for now", "cycleway": "lane", "foot": "yes", "highway": "primary", "lanes": "2", "maxspeed": "50", "motorroad": "no", "name": "Taramani Link Road", "name:ta": "தரமணி சாலை", "old_ref": "MDR752", "oneway": "yes", "ref": "SH48B", "surface": "asphalt", "original_osm_index": 1455}, "geometry": {"type": "LineString", "coordinates": [[80.2220667, 12.9765503], [80.2227628, 12.9769934]]}}, {"type": "Feature", "properties": {"@id": "way/447993868", "highway": "residential", "name": "Annai Theresa street", "name:etymology:wikidata": "Q30547", "original_osm_index": 1456}, "geometry": {"type": "LineString", "coordinates": [[80.2269142, 12.9787684], [80.2269148, 12.9784627], [80.2269121, 12.97845], [80.2269065, 12.9784406], [80.226894, 12.9784346], [80.2268826, 12.9784333], [80.2263361, 12.9784165]]}}, {"type": "Feature", "properties": {"@id": "way/447993873", "highway": "residential", "name": "Tansi Nagar 11th Street", "name:ta": "டான்ஸி நகர் 11வது தெரு", "original_osm_index": 1457}, "geometry": {"type": "LineString", "coordinates": [[80.2258047, 12.9769846], [80.2257645, 12.9775591], [80.225733, 12.977976]]}}, {"type": "Feature", "properties": {"@id": "way/447993874", "highway": "residential", "name": "Tansi Nagar 14th Street", "name:ta": "டான்ஸி நகர் 14வது தெரு", "original_osm_index": 1458}, "geometry": {"type": "LineString", "coordinates": [[80.2242062, 12.9769593], [80.2242286, 12.9769618], [80.2246957, 12.9769751], [80.224884, 12.9769811], [80.225087, 12.9769877], [80.225402, 12.9769774], [80.2256989, 12.9769835], [80.2258047, 12.9769846], [80.2263102, 12.9769897]]}}, {"type": "Feature", "properties": {"@id": "way/447993875", "highway": "residential", "name": "Tansi Nagar 15 th street", "original_osm_index": 1459}, "geometry": {"type": "LineString", "coordinates": [[80.2262241, 12.9784054], [80.2257223, 12.9783687], [80.2256231, 12.9783615], [80.2255197, 12.9783439], [80.2253209, 12.9782589]]}}, {"type": "Feature", "properties": {"@id": "way/447993876", "highway": "residential", "name": "Tansi Nagar 16th Street", "name:ta": "டான்ஸி நகர் 16வது தெரு", "original_osm_index": 1460}, "geometry": {"type": "LineString", "coordinates": [[80.2247585, 12.977909], [80.2249786, 12.9775699], [80.2249966, 12.9774734], [80.225087, 12.9769877]]}}, {"type": "Feature", "properties": {"@id": "way/447994143", "highway": "residential", "name": "Balamurugan Nagar 3rd Street", "original_osm_index": 1461}, "geometry": {"type": "LineString", "coordinates": [[80.2250748, 12.9741975], [80.2234836, 12.9739831]]}}, {"type": "Feature", "properties": {"@id": "way/447996278", "highway": "residential", "name": "Anna Nagar 5th Main Road", "original_osm_index": 1462}, "geometry": {"type": "LineString", "coordinates": [[80.2263107, 12.9725601], [80.2262577, 12.9729228]]}}, {"type": "Feature", "properties": {"@id": "way/447996279", "highway": "residential", "name": "Bethel Avenue Main Road", "original_osm_index": 1463}, "geometry": {"type": "LineString", "coordinates": [[80.2235157, 12.9729261], [80.2233176, 12.9729333], [80.2231003, 12.9729241], [80.2230279, 12.9729281], [80.2230064, 12.9729189], [80.2229944, 12.9728562], [80.2229899, 12.9726131]]}}, {"type": "Feature", "properties": {"@id": "way/447996280", "highway": "residential", "lane_markings": "no", "name": "Kathiravan Nagar", "surface": "asphalt", "original_osm_index": 1464}, "geometry": {"type": "LineString", "coordinates": [[80.222617, 12.9748255], [80.2225629, 12.974154], [80.2225612, 12.974136], [80.2225664, 12.9741232], [80.2225804, 12.9741115], [80.2225971, 12.9741083], [80.2230143, 12.9741116], [80.2232177, 12.974112]]}}, {"type": "Feature", "properties": {"@id": "way/448173572", "highway": "residential", "original_osm_index": 1465}, "geometry": {"type": "LineString", "coordinates": [[80.2247585, 12.977909], [80.2250929, 12.9781049], [80.2253209, 12.9782589]]}}, {"type": "Feature", "properties": {"@id": "way/448173574", "highway": "residential", "name": "Tansi Nagar 15th Street", "name:ta": "டான்ஸி நகர் 15வது தெரு", "original_osm_index": 1466}, "geometry": {"type": "LineString", "coordinates": [[80.2243294, 12.9777141], [80.224354, 12.977705], [80.2243961, 12.9776936], [80.2245527, 12.9777814], [80.2247585, 12.977909]]}}, {"type": "Feature", "properties": {"@id": "way/449451349", "highway": "residential", "name": "5th Cross Street", "original_osm_index": 1467}, "geometry": {"type": "LineString", "coordinates": [[80.2065939, 12.9625092], [80.2065169595122, 12.9621]]}}, {"type": "Feature", "properties": {"@id": "way/452784067", "highway": "residential", "name": "MGR 2nd Cross Street", "surface": "asphalt", "original_osm_index": 1468}, "geometry": {"type": "LineString", "coordinates": [[80.192295, 12.9762215], [80.1925208, 12.9760287], [80.1925872, 12.9759745], [80.1926208, 12.9759431], [80.1926704, 12.9759196], [80.1927537, 12.9759283], [80.1928134, 12.9758668]]}}, {"type": "Feature", "properties": {"@id": "way/485787972", "addr:city": "Adambhakkam", "addr:street": "Krishna Street", "highway": "residential", "lanes": "1", "maxspeed": "20", "name": "Krishna Street", "postal_code": "600088", "surface": "asphalt", "original_osm_index": 1469}, "geometry": {"type": "LineString", "coordinates": [[80.2010043, 12.9853582], [80.2006404, 12.9854202], [80.2005453, 12.9854364]]}}, {"type": "Feature", "properties": {"@id": "way/485788066", "addr:city": "Adambhakkam", "addr:street": "Krishna Street", "highway": "residential", "lanes": "1", "maxspeed": "20", "name": "Krishna Street", "postal_code": "600088", "surface": "asphalt", "original_osm_index": 1470}, "geometry": {"type": "LineString", "coordinates": [[80.2006404, 12.9854202], [80.2006427, 12.9855117]]}}, {"type": "Feature", "properties": {"@id": "way/486761496", "highway": "residential", "original_osm_index": 1471}, "geometry": {"type": "LineString", "coordinates": [[80.2123939, 12.9708608], [80.2120179, 12.9709179]]}}, {"type": "Feature", "properties": {"@id": "way/486762644", "highway": "residential", "original_osm_index": 1472}, "geometry": {"type": "LineString", "coordinates": [[80.2119021, 12.9703914], [80.2123363, 12.9703237]]}}, {"type": "Feature", "properties": {"@id": "way/527036470", "highway": "residential", "original_osm_index": 1473}, "geometry": {"type": "LineString", "coordinates": [[80.2263328, 12.9721202], [80.2264144, 12.9714269], [80.2264418, 12.9711937]]}}, {"type": "Feature", "properties": {"@id": "way/545777853", "highway": "residential", "name": "30th street", "original_osm_index": 1474}, "geometry": {"type": "LineString", "coordinates": [[80.1927293, 12.9869088], [80.1931535, 12.9868257], [80.193172, 12.9868159], [80.1931797, 12.9867987], [80.1931758, 12.9867792], [80.1931342, 12.986614], [80.1931358, 12.9865915], [80.1931411, 12.9865735], [80.1931643, 12.9865533], [80.1935864, 12.9864099], [80.1936064, 12.9863971], [80.1936141, 12.9863829], [80.193611, 12.9863604], [80.1935272, 12.9861415]]}}, {"type": "Feature", "properties": {"@id": "way/546161614", "bicycle": "yes", "highway": "tertiary", "name": "Velachery MRTS", "original_osm_index": 1475}, "geometry": {"type": "LineString", "coordinates": [[80.2215434, 12.9672205], [80.2216243, 12.9666719], [80.2215578, 12.9664858], [80.2214162, 12.9662411], [80.221326, 12.9661993], [80.2210782, 12.9662694], [80.2209021, 12.9662949], [80.2206697, 12.9663285], [80.2202746, 12.9663471], [80.2200426, 12.9663761], [80.2199336, 12.9663898], [80.2193918, 12.9664543], [80.2187805, 12.966527], [80.2181825, 12.9665981]]}}, {"type": "Feature", "properties": {"@id": "way/546748282", "highway": "tertiary", "original_osm_index": 1476}, "geometry": {"type": "LineString", "coordinates": [[80.1971548, 12.9887147], [80.1973173, 12.9886613]]}}, {"type": "Feature", "properties": {"@id": "way/554946311", "bicycle": "yes", "highway": "tertiary", "name": "Velachery MRTS", "original_osm_index": 1477}, "geometry": {"type": "LineString", "coordinates": [[80.2208186, 12.9680167], [80.2210651, 12.968773]]}}, {"type": "Feature", "properties": {"@id": "way/558689007", "highway": "residential", "original_osm_index": 1478}, "geometry": {"type": "LineString", "coordinates": [[80.2171592, 12.9752845], [80.218275, 12.9753135], [80.2185044, 12.9753276]]}}, {"type": "Feature", "properties": {"@id": "way/558689008", "highway": "residential", "original_osm_index": 1479}, "geometry": {"type": "LineString", "coordinates": [[80.218275, 12.9753135], [80.2182801, 12.9754687], [80.2182737, 12.9756347]]}}, {"type": "Feature", "properties": {"@id": "way/558689010", "highway": "residential", "original_osm_index": 1480}, "geometry": {"type": "LineString", "coordinates": [[80.2187361, 12.9750777], [80.2186878, 12.9758716]]}}, {"type": "Feature", "properties": {"@id": "way/558689011", "highway": "residential", "maxspeed": "60", "name": "SaiPutra Road", "oneway": "no", "surface": "asphalt", "original_osm_index": 1481}, "geometry": {"type": "LineString", "coordinates": [[80.2190088, 12.9763109], [80.2196338, 12.9762939], [80.2197218, 12.9763108], [80.2198209, 12.9763456]]}}, {"type": "Feature", "properties": {"@id": "way/558689012", "highway": "residential", "original_osm_index": 1482}, "geometry": {"type": "LineString", "coordinates": [[80.2190408, 12.977193], [80.2185856, 12.9771813]]}}, {"type": "Feature", "properties": {"@id": "way/558926041", "access": "private", "highway": "service", "original_osm_index": 1483}, "geometry": {"type": "LineString", "coordinates": [[80.2233212, 12.9886196], [80.2234071, 12.9885161], [80.2236727, 12.9883593], [80.2237236, 12.9883671], [80.2237344, 12.9884011], [80.2237076, 12.988456], [80.2234608, 12.9885736], [80.223383, 12.9886206], [80.2233473, 12.9887293]]}}, {"type": "Feature", "properties": {"@id": "way/566581210", "highway": "residential", "name": "LIC Colony 2nd Street", "original_osm_index": 1484}, "geometry": {"type": "LineString", "coordinates": [[80.2227628, 12.9769934], [80.2227498, 12.9770668], [80.2226964, 12.977566]]}}, {"type": "Feature", "properties": {"@id": "way/566581213", "bicycle": "yes", "cycleway": "lane", "foot": "yes", "highway": "primary", "lanes": "2", "maxspeed": "50", "motorroad": "no", "name": "Taramani Link Road", "name:ta": "தரமணி சாலை", "old_ref": "MDR752", "oneway": "yes", "ref": "SH48B", "surface": "asphalt", "original_osm_index": 1485}, "geometry": {"type": "LineString", "coordinates": [[80.2283547, 12.9803508], [80.2284, 12.980379430981884]]}}, {"type": "Feature", "properties": {"@id": "way/566924027", "highway": "residential", "original_osm_index": 1486}, "geometry": {"type": "LineString", "coordinates": [[80.2165533, 12.9830393], [80.2171571, 12.9831247]]}}, {"type": "Feature", "properties": {"@id": "way/634225724", "highway": "residential", "name": "Kulakarai 2nd Street", "original_osm_index": 1487}, "geometry": {"type": "LineString", "coordinates": [[80.1984641, 12.9648579], [80.1984238, 12.964471], [80.1983741, 12.9642478], [80.19835, 12.9642144], [80.1983258, 12.9642007], [80.1982608, 12.9642027], [80.1980376, 12.9642462], [80.1977131, 12.9642933], [80.1974717, 12.9643325], [80.197237, 12.964339], [80.1970452, 12.9643247], [80.196836, 12.9643469], [80.1967286, 12.9643458], [80.1966427, 12.9643157], [80.1965837, 12.9642752], [80.196557, 12.9642149], [80.1965261, 12.9640581], [80.1965086, 12.9639406], [80.1964859, 12.9637901], [80.1964553, 12.9637006]]}}, {"type": "Feature", "properties": {"@id": "way/654093620", "highway": "residential", "name": "1st Street", "original_osm_index": 1488}, "geometry": {"type": "LineString", "coordinates": [[80.1891, 12.991835741716198], [80.1892354, 12.9917906], [80.1892622, 12.9917946], [80.1892768, 12.991806], [80.189285, 12.9918271]]}}, {"type": "Feature", "properties": {"@id": "way/654093623", "highway": "residential", "name": "3rd Street", "original_osm_index": 1489}, "geometry": {"type": "LineString", "coordinates": [[80.189285, 12.9918271], [80.18943000527663, 12.9924]]}}, {"type": "Feature", "properties": {"@id": "way/667059643", "highway": "residential", "original_osm_index": 1490}, "geometry": {"type": "LineString", "coordinates": [[80.2118092, 12.969897], [80.21182, 12.9697864], [80.211756, 12.9693914]]}}, {"type": "Feature", "properties": {"@id": "way/667064406", "highway": "residential", "original_osm_index": 1491}, "geometry": {"type": "LineString", "coordinates": [[80.1957753, 12.9917497], [80.1956929, 12.9922102]]}}, {"type": "Feature", "properties": {"@id": "way/667064774", "highway": "residential", "original_osm_index": 1492}, "geometry": {"type": "LineString", "coordinates": [[80.1991395, 12.9695207], [80.1990966, 12.969086]]}}, {"type": "Feature", "properties": {"@id": "way/667066830", "bridge": "yes", "highway": "residential", "layer": "1", "original_osm_index": 1493}, "geometry": {"type": "LineString", "coordinates": [[80.2156896, 12.9685004], [80.2156342, 12.9684184]]}}, {"type": "Feature", "properties": {"@id": "way/667069112", "bridge": "yes", "highway": "residential", "layer": "1", "original_osm_index": 1494}, "geometry": {"type": "LineString", "coordinates": [[80.2116082, 12.9720929], [80.2115508, 12.9720213]]}}, {"type": "Feature", "properties": {"@id": "way/667069258", "highway": "residential", "original_osm_index": 1495}, "geometry": {"type": "LineString", "coordinates": [[80.2077481, 12.9753125], [80.2077426, 12.9752193], [80.2076851, 12.9747575], [80.2076827, 12.9747316], [80.2076827, 12.9747081], [80.2076679, 12.9746728], [80.2076505, 12.9746519], [80.207617, 12.9746297], [80.2075646, 12.9746245], [80.2075006, 12.9746172], [80.2073944, 12.974619], [80.2073272, 12.9746276], [80.2072953, 12.9746552], [80.2072918, 12.9747569], [80.2073198, 12.9751591]]}}, {"type": "Feature", "properties": {"@id": "way/667069530", "highway": "residential", "original_osm_index": 1496}, "geometry": {"type": "LineString", "coordinates": [[80.2136613, 12.9737726], [80.2137557, 12.9742839]]}}, {"type": "Feature", "properties": {"@id": "way/667069715", "highway": "residential", "original_osm_index": 1497}, "geometry": {"type": "LineString", "coordinates": [[80.2177081, 12.9794415], [80.2176887, 12.9799921]]}}, {"type": "Feature", "properties": {"@id": "way/667070951", "highway": "residential", "original_osm_index": 1498}, "geometry": {"type": "LineString", "coordinates": [[80.2231885, 12.9703114], [80.2231087, 12.9708735]]}}, {"type": "Feature", "properties": {"@id": "way/667071142", "highway": "residential", "original_osm_index": 1499}, "geometry": {"type": "LineString", "coordinates": [[80.1910436, 12.975027], [80.1909873, 12.9750231], [80.190933, 12.9749989], [80.1908379, 12.9749346]]}}, {"type": "Feature", "properties": {"@id": "way/667073822", "highway": "primary_link", "surface": "asphalt", "original_osm_index": 1500}, "geometry": {"type": "LineString", "coordinates": [[80.2066346, 12.9761665], [80.2067157, 12.976276]]}}, {"type": "Feature", "properties": {"@id": "way/673261966", "highway": "residential", "original_osm_index": 1501}, "geometry": {"type": "LineString", "coordinates": [[80.2064893, 12.9847126], [80.2064386, 12.9842492], [80.2064368, 12.9842325], [80.2063772, 12.9838201]]}}, {"type": "Feature", "properties": {"@id": "way/673264967", "highway": "residential", "original_osm_index": 1502}, "geometry": {"type": "LineString", "coordinates": [[80.206944, 12.9871408], [80.2069572, 12.9869767], [80.206933, 12.9868068], [80.2068821, 12.9865951], [80.2068069, 12.9864345]]}}, {"type": "Feature", "properties": {"@id": "way/673268081", "highway": "residential", "original_osm_index": 1503}, "geometry": {"type": "LineString", "coordinates": [[80.2138023, 12.9786004], [80.2138236, 12.9790645], [80.2138376, 12.9790952], [80.2138826, 12.9791201], [80.2143845, 12.9791439]]}}, {"type": "Feature", "properties": {"@id": "way/673269396", "access": "private", "highway": "residential", "original_osm_index": 1504}, "geometry": {"type": "LineString", "coordinates": [[80.221614, 12.9737478], [80.2216342, 12.9741802]]}}, {"type": "Feature", "properties": {"@id": "way/673269397", "access": "private", "highway": "residential", "original_osm_index": 1505}, "geometry": {"type": "LineString", "coordinates": [[80.2220982, 12.9737268], [80.2221103, 12.9741475]]}}, {"type": "Feature", "properties": {"@id": "way/673269400", "highway": "residential", "original_osm_index": 1506}, "geometry": {"type": "LineString", "coordinates": [[80.1923188, 12.9763596], [80.1922251, 12.9764214], [80.1920124, 12.9764976], [80.1920025, 12.9765011], [80.1915667, 12.9765938]]}}, {"type": "Feature", "properties": {"@id": "way/673273454", "highway": "residential", "original_osm_index": 1507}, "geometry": {"type": "LineString", "coordinates": [[80.205618, 12.9800708], [80.2055879, 12.9798911], [80.2055839, 12.9798663], [80.2055772, 12.9798545], [80.2055565, 12.9798431]]}}, {"type": "Feature", "properties": {"@id": "way/673275580", "highway": "residential", "original_osm_index": 1508}, "geometry": {"type": "LineString", "coordinates": [[80.2064797, 12.9709692], [80.2064285, 12.9705385]]}}, {"type": "Feature", "properties": {"@id": "way/673276002", "highway": "residential", "original_osm_index": 1509}, "geometry": {"type": "LineString", "coordinates": [[80.2034994, 12.9805618], [80.2034594, 12.9801724]]}}, {"type": "Feature", "properties": {"@id": "way/673276886", "highway": "residential", "name": "Bharathiyar Street", "name:etymology:wikidata": "Q256286", "surface": "asphalt", "original_osm_index": 1510}, "geometry": {"type": "LineString", "coordinates": [[80.1946445, 12.9785533], [80.1946234, 12.9780011], [80.1946284, 12.9776525], [80.1946417, 12.9775619], [80.1946586, 12.9771657], [80.1947089, 12.976769]]}}, {"type": "Feature", "properties": {"@id": "way/673277009", "highway": "residential", "original_osm_index": 1511}, "geometry": {"type": "LineString", "coordinates": [[80.2015521, 12.9881844], [80.2020933, 12.9881033]]}}, {"type": "Feature", "properties": {"@id": "way/673279495", "highway": "tertiary", "name": "Perungudi Station Road", "name:etymology:wikidata": "Q7171100", "oneway": "yes", "original_osm_index": 1512}, "geometry": {"type": "LineString", "coordinates": [[80.2236295, 12.9683229], [80.2232253, 12.9681583], [80.2230566, 12.9681154], [80.2228958, 12.968107], [80.2227193, 12.9681162], [80.2225086, 12.9681476], [80.2222833, 12.9682157], [80.2220048, 12.9683197], [80.2211474, 12.9686929], [80.2210651, 12.968773]]}}, {"type": "Feature", "properties": {"@id": "way/673279882", "highway": "residential", "name": "12st Street", "original_osm_index": 1513}, "geometry": {"type": "LineString", "coordinates": [[80.2156005, 12.9858306], [80.2153798, 12.9860023]]}}, {"type": "Feature", "properties": {"@id": "way/673279883", "highway": "residential", "name": "12st Street", "original_osm_index": 1514}, "geometry": {"type": "LineString", "coordinates": [[80.2156005, 12.9858306], [80.2156448, 12.9858149], [80.2157132, 12.9857979], [80.2157696, 12.9857967]]}}, {"type": "Feature", "properties": {"@id": "way/673281423", "highway": "residential", "name": "Gopinathan Cross Street", "original_osm_index": 1515}, "geometry": {"type": "LineString", "coordinates": [[80.1964727, 12.9762944], [80.1964764, 12.9758033], [80.1964912, 12.9755563], [80.196519, 12.975369]]}}, {"type": "Feature", "properties": {"@id": "way/673281541", "highway": "residential", "original_osm_index": 1516}, "geometry": {"type": "LineString", "coordinates": [[80.1941375, 12.9727647], [80.1939431, 12.9726167]]}}, {"type": "Feature", "properties": {"@id": "way/673289265", "highway": "residential", "original_osm_index": 1517}, "geometry": {"type": "LineString", "coordinates": [[80.2009109, 12.9829128], [80.2013375, 12.9828717]]}}, {"type": "Feature", "properties": {"@id": "way/673291267", "highway": "residential", "original_osm_index": 1518}, "geometry": {"type": "LineString", "coordinates": [[80.1895241, 12.9873138], [80.1895109, 12.9870723], [80.1894875, 12.9867031]]}}, {"type": "Feature", "properties": {"@id": "way/673291269", "highway": "residential", "original_osm_index": 1519}, "geometry": {"type": "LineString", "coordinates": [[80.1922814, 12.9902225], [80.1922882, 12.9902737], [80.1922872, 12.9902956], [80.1922808, 12.9903074], [80.1922627, 12.9903221], [80.1922359, 12.9903456], [80.1922238, 12.9903613], [80.1922238, 12.99039], [80.1922372, 12.9904658], [80.1922654, 12.9906318], [80.1922811, 12.9907056]]}}, {"type": "Feature", "properties": {"@id": "way/673291354", "highway": "residential", "original_osm_index": 1520}, "geometry": {"type": "LineString", "coordinates": [[80.210613, 12.9821204], [80.2105634, 12.981671], [80.2105587, 12.9816278], [80.2105868, 12.9815705], [80.2106076, 12.9814502], [80.2106103, 12.9814109], [80.2106066, 12.9813511]]}}, {"type": "Feature", "properties": {"@id": "way/673292206", "highway": "residential", "name": "Vanuvampet North New Street", "name:ta": "வானுவம்பேட்டை வடக்கு புதுத்தெரு", "original_osm_index": 1521}, "geometry": {"type": "LineString", "coordinates": [[80.1960645, 12.9822928], [80.1965207, 12.9821611], [80.1970397, 12.9820441]]}}, {"type": "Feature", "properties": {"@id": "way/673292483", "highway": "residential", "original_osm_index": 1522}, "geometry": {"type": "LineString", "coordinates": [[80.1999674, 12.9677839], [80.1999297, 12.9673862]]}}, {"type": "Feature", "properties": {"@id": "way/673292559", "highway": "residential", "original_osm_index": 1523}, "geometry": {"type": "LineString", "coordinates": [[80.2006837, 12.9700413], [80.2011126, 12.9700034]]}}, {"type": "Feature", "properties": {"@id": "way/673292560", "highway": "residential", "original_osm_index": 1524}, "geometry": {"type": "LineString", "coordinates": [[80.2002409, 12.9703353], [80.2002097, 12.9700802]]}}, {"type": "Feature", "properties": {"@id": "way/673311616", "highway": "residential", "original_osm_index": 1525}, "geometry": {"type": "LineString", "coordinates": [[80.2150505, 12.982969], [80.2150273, 12.9829902], [80.2150199, 12.9830131], [80.2150025, 12.9833195]]}}, {"type": "Feature", "properties": {"@id": "way/673356758", "highway": "residential", "original_osm_index": 1526}, "geometry": {"type": "LineString", "coordinates": [[80.1989648, 12.9678799], [80.1989301, 12.9675008]]}}, {"type": "Feature", "properties": {"@id": "way/673508558", "highway": "residential", "original_osm_index": 1527}, "geometry": {"type": "LineString", "coordinates": [[80.2230327, 12.9818215], [80.2230439, 12.981597], [80.2230558, 12.9813691], [80.2230601, 12.9813456], [80.2230739, 12.9813219], [80.2230974, 12.9813126], [80.2231255, 12.9813103], [80.2233541, 12.9813255], [80.2237031, 12.9813456]]}}, {"type": "Feature", "properties": {"@id": "way/673509681", "highway": "residential", "original_osm_index": 1528}, "geometry": {"type": "LineString", "coordinates": [[80.2070478, 12.9837605], [80.2070838, 12.9841423]]}}, {"type": "Feature", "properties": {"@id": "way/673510217", "highway": "residential", "original_osm_index": 1529}, "geometry": {"type": "LineString", "coordinates": [[80.213181, 12.980692], [80.2131882, 12.980487]]}}, {"type": "Feature", "properties": {"@id": "way/673511954", "access": "permissive", "highway": "service", "oneway": "yes", "original_osm_index": 1530}, "geometry": {"type": "LineString", "coordinates": [[80.221148, 12.9787549], [80.2212229, 12.978757], [80.221324, 12.9787598], [80.2213145, 12.9788877], [80.2213166, 12.9789017], [80.2213265, 12.9789079], [80.2217945, 12.9789409], [80.2218035, 12.9789325], [80.2218109, 12.9789216], [80.2218627, 12.978335], [80.2218548, 12.9783194], [80.2218419, 12.9783085], [80.2213402, 12.9782684], [80.2211808, 12.9782556]]}}, {"type": "Feature", "properties": {"@id": "way/673511955", "access": "private", "highway": "residential", "original_osm_index": 1531}, "geometry": {"type": "LineString", "coordinates": [[80.2211832, 12.9782163], [80.2212762, 12.9782167], [80.2218702, 12.9782445], [80.2225515, 12.9782732]]}}, {"type": "Feature", "properties": {"@id": "way/673511993", "highway": "residential", "original_osm_index": 1532}, "geometry": {"type": "LineString", "coordinates": [[80.1975283, 12.9674865], [80.1974788, 12.9672301]]}}, {"type": "Feature", "properties": {"@id": "way/673519585", "highway": "residential", "name": "Raghavendra Street", "original_osm_index": 1533}, "geometry": {"type": "LineString", "coordinates": [[80.212344, 12.9828626], [80.2123318, 12.983173], [80.2123108, 12.9836718], [80.2123015, 12.9837097], [80.2122827, 12.9837462], [80.2122063, 12.9838975]]}}, {"type": "Feature", "properties": {"@id": "way/673520713", "bridge": "yes", "highway": "residential", "layer": "1", "original_osm_index": 1534}, "geometry": {"type": "LineString", "coordinates": [[80.2107077, 12.9728689], [80.2106258, 12.9727839]]}}, {"type": "Feature", "properties": {"@id": "way/687530317", "highway": "residential", "original_osm_index": 1535}, "geometry": {"type": "LineString", "coordinates": [[80.2052131, 12.9820078], [80.2052949, 12.9824138]]}}, {"type": "Feature", "properties": {"@id": "way/687537924", "highway": "residential", "original_osm_index": 1536}, "geometry": {"type": "LineString", "coordinates": [[80.2037385, 12.9855823], [80.2034032, 12.9856485], [80.2032208, 12.9856777], [80.2031751, 12.9856836]]}}, {"type": "Feature", "properties": {"@id": "way/687537990", "highway": "residential", "original_osm_index": 1537}, "geometry": {"type": "LineString", "coordinates": [[80.2085806, 12.9871943], [80.20858, 12.9876315]]}}, {"type": "Feature", "properties": {"@id": "way/687538636", "highway": "residential", "name": "Gangai Nagar 2nd Cross Street", "original_osm_index": 1538}, "geometry": {"type": "LineString", "coordinates": [[80.2145, 12.9847108], [80.2161684, 12.9847762], [80.2166614, 12.9848048], [80.2166869, 12.9848022], [80.2167016, 12.984792]]}}, {"type": "Feature", "properties": {"@id": "way/687539101", "highway": "residential", "original_osm_index": 1539}, "geometry": {"type": "LineString", "coordinates": [[80.2020514, 12.9845068], [80.2021591, 12.9849144]]}}, {"type": "Feature", "properties": {"@id": "way/687542243", "highway": "residential", "original_osm_index": 1540}, "geometry": {"type": "LineString", "coordinates": [[80.2099824, 12.9843271], [80.2099873, 12.9837655]]}}, {"type": "Feature", "properties": {"@id": "way/687542410", "highway": "residential", "original_osm_index": 1541}, "geometry": {"type": "LineString", "coordinates": [[80.2097574, 12.984318], [80.2097419, 12.9846948], [80.2097319, 12.9849387], [80.2097239, 12.984972], [80.2097091, 12.9850165], [80.209691, 12.9850746], [80.209685, 12.9851138], [80.2096768, 12.9855017]]}}, {"type": "Feature", "properties": {"@id": "way/687546755", "highway": "residential", "name": "Shanthi Nagar 1st St", "original_osm_index": 1542}, "geometry": {"type": "LineString", "coordinates": [[80.1985824, 12.9883522], [80.1987627, 12.9890893]]}}, {"type": "Feature", "properties": {"@id": "way/687549625", "highway": "residential", "original_osm_index": 1543}, "geometry": {"type": "LineString", "coordinates": [[80.1922985, 12.987057], [80.1919006, 12.9871322]]}}, {"type": "Feature", "properties": {"@id": "way/687549626", "highway": "residential", "original_osm_index": 1544}, "geometry": {"type": "LineString", "coordinates": [[80.1922506, 12.986868], [80.1922985, 12.987057], [80.1924185, 12.9875638]]}}, {"type": "Feature", "properties": {"@id": "way/687549627", "highway": "residential", "original_osm_index": 1545}, "geometry": {"type": "LineString", "coordinates": [[80.1926876, 12.9867322], [80.1922506, 12.986868], [80.1922332, 12.9868734], [80.1919306, 12.9869502], [80.1919098, 12.9869489], [80.1918952, 12.986939], [80.1918841, 12.9869261], [80.1918523, 12.9866643]]}}, {"type": "Feature", "properties": {"@id": "way/687551319", "highway": "residential", "original_osm_index": 1546}, "geometry": {"type": "LineString", "coordinates": [[80.2180855, 12.9800098], [80.2180767, 12.9794639]]}}, {"type": "Feature", "properties": {"@id": "way/687557843", "highway": "residential", "original_osm_index": 1547}, "geometry": {"type": "LineString", "coordinates": [[80.1944251, 12.9913513], [80.1944124, 12.991445]]}}, {"type": "Feature", "properties": {"@id": "way/687559443", "highway": "service", "name": "Dhandeeswaram Nagar 8th Cross Road", "original_osm_index": 1548}, "geometry": {"type": "LineString", "coordinates": [[80.2224697, 12.9807601], [80.2224252, 12.9807615], [80.2221118, 12.980771], [80.2217992, 12.9807745]]}}, {"type": "Feature", "properties": {"@id": "way/687559444", "highway": "service", "original_osm_index": 1549}, "geometry": {"type": "LineString", "coordinates": [[80.2221118, 12.980771], [80.2221237, 12.9811339]]}}, {"type": "Feature", "properties": {"@id": "way/687566848", "access": "private", "highway": "residential", "original_osm_index": 1550}, "geometry": {"type": "LineString", "coordinates": [[80.2226639, 12.9840511], [80.2227478, 12.9840357], [80.2228129, 12.9840242], [80.2237046, 12.9838668], [80.2237155, 12.9838649], [80.2237485, 12.9838596]]}}, {"type": "Feature", "properties": {"@id": "way/687590582", "highway": "residential", "original_osm_index": 1551}, "geometry": {"type": "LineString", "coordinates": [[80.2195037, 12.9805721], [80.219534, 12.9800427], [80.2195434, 12.9798414]]}}, {"type": "Feature", "properties": {"@id": "way/687599225", "highway": "residential", "original_osm_index": 1552}, "geometry": {"type": "LineString", "coordinates": [[80.2256132, 12.983754], [80.225603, 12.9841625]]}}, {"type": "Feature", "properties": {"@id": "way/687620682", "highway": "residential", "original_osm_index": 1553}, "geometry": {"type": "LineString", "coordinates": [[80.190114, 12.9906421], [80.1900458, 12.9906592], [80.189901, 12.9907036], [80.1898393, 12.9907246], [80.1898071, 12.9907481], [80.1897942, 12.990817]]}}, {"type": "Feature", "properties": {"@id": "way/688061990", "access": "private", "highway": "residential", "original_osm_index": 1554}, "geometry": {"type": "LineString", "coordinates": [[80.2136724, 12.9783371], [80.2137647, 12.9778714]]}}, {"type": "Feature", "properties": {"@id": "way/688061991", "access": "private", "highway": "residential", "oneway": "yes", "original_osm_index": 1555}, "geometry": {"type": "LineString", "coordinates": [[80.2140322, 12.9784102], [80.2136724, 12.9783371], [80.2133301, 12.9782602]]}}, {"type": "Feature", "properties": {"@id": "way/688061992", "access": "private", "highway": "residential", "original_osm_index": 1556}, "geometry": {"type": "LineString", "coordinates": [[80.2133773, 12.9780378], [80.2131048, 12.9779962]]}}, {"type": "Feature", "properties": {"@id": "way/688061993", "access": "private", "highway": "residential", "original_osm_index": 1557}, "geometry": {"type": "LineString", "coordinates": [[80.2134269, 12.9778036], [80.2133773, 12.9780378], [80.2133301, 12.9782602]]}}, {"type": "Feature", "properties": {"@id": "way/688061994", "access": "private", "highway": "residential", "oneway": "yes", "original_osm_index": 1558}, "geometry": {"type": "LineString", "coordinates": [[80.2139822, 12.978641], [80.2140143, 12.978493], [80.2140322, 12.9784102], [80.2140798, 12.9781125], [80.2141079, 12.9779746], [80.2141106, 12.977957], [80.2141099, 12.9779459], [80.2140999, 12.977939], [80.2140865, 12.9779344], [80.2137647, 12.9778714], [80.2134269, 12.9778036], [80.2131731, 12.977744], [80.2131336, 12.9777532], [80.2131141, 12.9777963], [80.2131048, 12.9779962], [80.2130887, 12.9782185], [80.2130848, 12.9782778], [80.213082, 12.9784197]]}}, {"type": "Feature", "properties": {"@id": "way/688098104", "highway": "residential", "original_osm_index": 1559}, "geometry": {"type": "LineString", "coordinates": [[80.2144205, 12.9746996], [80.2144804, 12.9751848], [80.2145152, 12.9754137]]}}, {"type": "Feature", "properties": {"@id": "way/688121957", "highway": "residential", "original_osm_index": 1560}, "geometry": {"type": "LineString", "coordinates": [[80.2079562, 12.9747105], [80.2078205, 12.9747131]]}}, {"type": "Feature", "properties": {"@id": "way/688129035", "highway": "residential", "original_osm_index": 1561}, "geometry": {"type": "LineString", "coordinates": [[80.2150515, 12.9726837], [80.2150113, 12.9723609]]}}, {"type": "Feature", "properties": {"@id": "way/688134368", "highway": "residential", "original_osm_index": 1562}, "geometry": {"type": "LineString", "coordinates": [[80.1998445, 12.9750495], [80.1998947, 12.9746197]]}}, {"type": "Feature", "properties": {"@id": "way/688136049", "highway": "residential", "original_osm_index": 1563}, "geometry": {"type": "LineString", "coordinates": [[80.2039844, 12.9703757], [80.2040208, 12.9708213]]}}, {"type": "Feature", "properties": {"@id": "way/688138763", "highway": "residential", "original_osm_index": 1564}, "geometry": {"type": "LineString", "coordinates": [[80.2051113, 12.968317], [80.2048077, 12.9683834]]}}, {"type": "Feature", "properties": {"@id": "way/691922056", "highway": "service", "original_osm_index": 1565}, "geometry": {"type": "LineString", "coordinates": [[80.2220553, 12.989439], [80.2222636, 12.9897887]]}}, {"type": "Feature", "properties": {"@id": "way/691922057", "highway": "service", "original_osm_index": 1566}, "geometry": {"type": "LineString", "coordinates": [[80.2223195, 12.9892832], [80.2220553, 12.989439], [80.2217213, 12.9896359], [80.2219264, 12.989986]]}}, {"type": "Feature", "properties": {"@id": "way/691922058", "highway": "service", "original_osm_index": 1567}, "geometry": {"type": "LineString", "coordinates": [[80.2217093, 12.990113], [80.2219264, 12.989986], [80.2222636, 12.9897887], [80.2225113, 12.9896438], [80.2223195, 12.9892832]]}}, {"type": "Feature", "properties": {"@id": "way/691922059", "highway": "service", "original_osm_index": 1568}, "geometry": {"type": "LineString", "coordinates": [[80.2213262, 12.9895414], [80.221484, 12.9897758], [80.2217093, 12.990113], [80.2217938, 12.9902606]]}}, {"type": "Feature", "properties": {"@id": "way/692198934", "highway": "residential", "original_osm_index": 1569}, "geometry": {"type": "LineString", "coordinates": [[80.2040478, 12.9816695], [80.2040245, 12.9812915], [80.2040307, 12.9812756]]}}, {"type": "Feature", "properties": {"@id": "way/692204060", "highway": "residential", "original_osm_index": 1570}, "geometry": {"type": "LineString", "coordinates": [[80.20325811457937, 12.9924], [80.203203, 12.9921546], [80.2031728, 12.9920683]]}}, {"type": "Feature", "properties": {"@id": "way/692218449", "highway": "residential", "original_osm_index": 1571}, "geometry": {"type": "LineString", "coordinates": [[80.2130956, 12.9816467], [80.2131141, 12.9818737]]}}, {"type": "Feature", "properties": {"@id": "way/692222584", "highway": "residential", "original_osm_index": 1572}, "geometry": {"type": "LineString", "coordinates": [[80.2068834, 12.9851028], [80.2068082, 12.984646]]}}, {"type": "Feature", "properties": {"@id": "way/692223921", "highway": "residential", "oneway": "yes", "original_osm_index": 1573}, "geometry": {"type": "LineString", "coordinates": [[80.1946656, 12.9910237], [80.194373, 12.9910391]]}}, {"type": "Feature", "properties": {"@id": "way/692228334", "highway": "residential", "original_osm_index": 1574}, "geometry": {"type": "LineString", "coordinates": [[80.1935015, 12.9908587], [80.1939538, 12.9907951], [80.1943248, 12.9907214]]}}, {"type": "Feature", "properties": {"@id": "way/692239682", "highway": "residential", "original_osm_index": 1575}, "geometry": {"type": "LineString", "coordinates": [[80.2143242, 12.9903568], [80.2146511, 12.9905772]]}}, {"type": "Feature", "properties": {"@id": "way/692239692", "highway": "residential", "name": "Jayaraman Street", "original_osm_index": 1576}, "geometry": {"type": "LineString", "coordinates": [[80.1952529, 12.9806799], [80.1952961, 12.9806618], [80.1955315, 12.9805739]]}}, {"type": "Feature", "properties": {"@id": "way/692258617", "access": "private", "highway": "service", "original_osm_index": 1577}, "geometry": {"type": "LineString", "coordinates": [[80.2212803, 12.9893862], [80.2212386, 12.9894208], [80.2210725, 12.9895542], [80.2205936, 12.9899569]]}}, {"type": "Feature", "properties": {"@id": "way/692258650", "highway": "residential", "original_osm_index": 1578}, "geometry": {"type": "LineString", "coordinates": [[80.1898071, 12.9907481], [80.1895848, 12.9903721], [80.1894685, 12.9901664]]}}, {"type": "Feature", "properties": {"@id": "way/692260577", "access": "private", "highway": "residential", "original_osm_index": 1579}, "geometry": {"type": "LineString", "coordinates": [[80.2178806, 12.9790797], [80.2178795, 12.9788251], [80.2178671, 12.9785892], [80.2178739, 12.9783491], [80.2178811, 12.9781187], [80.2180367, 12.9781278], [80.2180517, 12.9781318], [80.2180597, 12.9781367], [80.2180647, 12.9781474], [80.2180637, 12.9781639], [80.2180488, 12.9783562]]}}, {"type": "Feature", "properties": {"@id": "way/692260578", "access": "private", "highway": "residential", "original_osm_index": 1580}, "geometry": {"type": "LineString", "coordinates": [[80.2186351, 12.9794109], [80.2185681, 12.9794068], [80.21803, 12.9793741], [80.2178697, 12.9793644], [80.2178397, 12.9793573], [80.2178141, 12.9793382], [80.217802, 12.9793095], [80.217798, 12.9792649], [80.2177883, 12.9790865]]}}, {"type": "Feature", "properties": {"@id": "way/692272674", "highway": "residential", "original_osm_index": 1581}, "geometry": {"type": "LineString", "coordinates": [[80.209375, 12.9798489], [80.2089582, 12.9798508]]}}, {"type": "Feature", "properties": {"@id": "way/692272675", "highway": "residential", "original_osm_index": 1582}, "geometry": {"type": "LineString", "coordinates": [[80.2101598, 12.9800789], [80.2093889, 12.9800922]]}}, {"type": "Feature", "properties": {"@id": "way/692276922", "highway": "residential", "original_osm_index": 1583}, "geometry": {"type": "LineString", "coordinates": [[80.2148831, 12.9795185], [80.2148843, 12.9798909]]}}, {"type": "Feature", "properties": {"@id": "way/692281661", "access": "private", "highway": "service", "original_osm_index": 1584}, "geometry": {"type": "LineString", "coordinates": [[80.2219588, 12.9911665], [80.2225765, 12.9911326]]}}, {"type": "Feature", "properties": {"@id": "way/692660674", "highway": "residential", "original_osm_index": 1585}, "geometry": {"type": "LineString", "coordinates": [[80.2182223, 12.9766035], [80.2182454, 12.9762582]]}}, {"type": "Feature", "properties": {"@id": "way/692670681", "highway": "primary_link", "surface": "asphalt", "original_osm_index": 1586}, "geometry": {"type": "LineString", "coordinates": [[80.2034662, 12.9785453], [80.2033927, 12.9784366]]}}, {"type": "Feature", "properties": {"@id": "way/693347574", "highway": "residential", "lanes": "1", "maxspeed": "20", "motor_vehicle": "no", "surface": "ground", "original_osm_index": 1587}, "geometry": {"type": "LineString", "coordinates": [[80.200833, 12.9660401], [80.2009015, 12.9663595]]}}, {"type": "Feature", "properties": {"@id": "way/693509698", "highway": "primary_link", "surface": "asphalt", "original_osm_index": 1588}, "geometry": {"type": "LineString", "coordinates": [[80.1988083, 12.9806949], [80.198769, 12.9805239]]}}, {"type": "Feature", "properties": {"@id": "way/693511167", "highway": "residential", "original_osm_index": 1589}, "geometry": {"type": "LineString", "coordinates": [[80.1942496, 12.9897513], [80.1942029, 12.9894776]]}}, {"type": "Feature", "properties": {"@id": "way/693519820", "access": "private", "highway": "service", "oneway": "no", "original_osm_index": 1590}, "geometry": {"type": "LineString", "coordinates": [[80.2212386, 12.9894208], [80.2212978, 12.989497], [80.2213262, 12.9895414]]}}, {"type": "Feature", "properties": {"@id": "way/696317076", "access": "military", "highway": "service", "original_osm_index": 1591}, "geometry": {"type": "LineString", "coordinates": [[80.1891, 12.99172272787516], [80.1897243, 12.9915084], [80.1897362, 12.9914956], [80.1897391, 12.9914828], [80.1897374, 12.991472], [80.189722, 12.9914566], [80.1891, 12.991204777681078]]}}, {"type": "Feature", "properties": {"@id": "way/697142727", "highway": "residential", "name": "dhandeeswaram Nagar 5th Avenue East", "original_osm_index": 1592}, "geometry": {"type": "LineString", "coordinates": [[80.2263689, 12.9801177], [80.2256267, 12.9801139], [80.225412, 12.9801076]]}}, {"type": "Feature", "properties": {"@id": "way/697142728", "highway": "residential", "original_osm_index": 1593}, "geometry": {"type": "LineString", "coordinates": [[80.2253603, 12.980895], [80.2247979, 12.9808608]]}}, {"type": "Feature", "properties": {"@id": "way/697710208", "highway": "residential", "name": "Dhandeeshwaram Nagar 1st Avenue (East)", "original_osm_index": 1594}, "geometry": {"type": "LineString", "coordinates": [[80.2253171, 12.9817648], [80.2259315, 12.9817788]]}}, {"type": "Feature", "properties": {"@id": "way/701013773", "highway": "residential", "original_osm_index": 1595}, "geometry": {"type": "LineString", "coordinates": [[80.1994711, 12.9767991], [80.1994671, 12.9768473], [80.1994659, 12.9768947], [80.199467, 12.9771689]]}}, {"type": "Feature", "properties": {"@id": "way/701013774", "highway": "residential", "original_osm_index": 1596}, "geometry": {"type": "LineString", "coordinates": [[80.1997125, 12.9759575], [80.199679, 12.9762045], [80.1996736, 12.9763195], [80.1996776, 12.9764776], [80.1997181, 12.9768061]]}}, {"type": "Feature", "properties": {"@id": "way/701015658", "highway": "residential", "original_osm_index": 1597}, "geometry": {"type": "LineString", "coordinates": [[80.1982548, 12.9779713], [80.1982251, 12.9782911]]}}, {"type": "Feature", "properties": {"@id": "way/701212531", "highway": "residential", "original_osm_index": 1598}, "geometry": {"type": "LineString", "coordinates": [[80.1991131, 12.9740639], [80.199396, 12.9740455], [80.1999157, 12.97409], [80.1999472, 12.9741083], [80.1999579, 12.9741338], [80.1999459, 12.9742515], [80.1999258, 12.9744206], [80.1998947, 12.9746197]]}}, {"type": "Feature", "properties": {"@id": "way/701224230", "access": "private", "highway": "residential", "original_osm_index": 1599}, "geometry": {"type": "LineString", "coordinates": [[80.225386, 12.9864229], [80.2254789, 12.9866935], [80.2255066, 12.9867597], [80.2255087, 12.9867656], [80.2255127, 12.9867694], [80.2255178, 12.9867724], [80.2255234, 12.9867728], [80.2256951, 12.9867388], [80.2257045, 12.9867392], [80.2257138, 12.9867441], [80.2257185, 12.9867516], [80.2257206, 12.9867617], [80.2257608, 12.9869542], [80.2257997, 12.9871192], [80.2258252, 12.9872158], [80.2258262, 12.9872302], [80.2258248, 12.9872446]]}}, {"type": "Feature", "properties": {"@id": "way/701239657", "highway": "residential", "original_osm_index": 1600}, "geometry": {"type": "LineString", "coordinates": [[80.1991689, 12.9727558], [80.1992149, 12.9732941], [80.1992331, 12.9734326]]}}, {"type": "Feature", "properties": {"@id": "way/701255295", "highway": "residential", "original_osm_index": 1601}, "geometry": {"type": "LineString", "coordinates": [[80.2007881, 12.973757], [80.2006674, 12.9730968]]}}, {"type": "Feature", "properties": {"@id": "way/701264204", "highway": "residential", "original_osm_index": 1602}, "geometry": {"type": "LineString", "coordinates": [[80.1978973, 12.9742873], [80.1982413, 12.9742429]]}}, {"type": "Feature", "properties": {"@id": "way/701264205", "highway": "residential", "original_osm_index": 1603}, "geometry": {"type": "LineString", "coordinates": [[80.1974331, 12.9740374], [80.1977974, 12.9739985], [80.1978604, 12.9740364], [80.1979007, 12.9740821], [80.1978973, 12.9742873], [80.1979023, 12.9746033]]}}, {"type": "Feature", "properties": {"@id": "way/701271360", "highway": "residential", "name": "Sairam Street - South", "original_osm_index": 1604}, "geometry": {"type": "LineString", "coordinates": [[80.1969892, 12.9754597], [80.1969927, 12.9746537]]}}, {"type": "Feature", "properties": {"@id": "way/701271722", "highway": "residential", "original_osm_index": 1605}, "geometry": {"type": "LineString", "coordinates": [[80.2045953, 12.97215], [80.2049845, 12.9720942]]}}, {"type": "Feature", "properties": {"@id": "way/701275807", "highway": "residential", "original_osm_index": 1606}, "geometry": {"type": "LineString", "coordinates": [[80.1961097, 12.9729285], [80.1960989, 12.9729661], [80.1961023, 12.973], [80.196166, 12.9734649], [80.1961685, 12.9734693], [80.1961742, 12.9734738], [80.1961807, 12.9734754], [80.1964067, 12.9734326], [80.1966816, 12.9733751], [80.1968764, 12.973329]]}}, {"type": "Feature", "properties": {"@id": "way/701275943", "highway": "residential", "original_osm_index": 1607}, "geometry": {"type": "LineString", "coordinates": [[80.1957908, 12.9752132], [80.1957968, 12.9748124], [80.1957942, 12.9746269], [80.1957902, 12.9743994], [80.1957782, 12.9741791], [80.1957709, 12.9735832]]}}, {"type": "Feature", "properties": {"@id": "way/701476661", "access": "private", "highway": "residential", "original_osm_index": 1608}, "geometry": {"type": "LineString", "coordinates": [[80.2226906, 12.9780648], [80.2226134, 12.9780693], [80.2226025, 12.9782752], [80.2225515, 12.9782732]]}}, {"type": "Feature", "properties": {"@id": "way/701481655", "highway": "residential", "original_osm_index": 1609}, "geometry": {"type": "LineString", "coordinates": [[80.1948121, 12.9685579], [80.1948858, 12.9691841]]}}, {"type": "Feature", "properties": {"@id": "way/701482718", "access": "private", "highway": "service", "original_osm_index": 1610}, "geometry": {"type": "LineString", "coordinates": [[80.1913253, 12.9720889], [80.1914278, 12.9720639], [80.1915123, 12.9720444], [80.1916286, 12.9720175], [80.1917581, 12.9719876], [80.191823, 12.9719726], [80.1918571, 12.9719647], [80.19189, 12.9719571]]}}, {"type": "Feature", "properties": {"@id": "way/701517236", "highway": "residential", "original_osm_index": 1611}, "geometry": {"type": "LineString", "coordinates": [[80.224769, 12.9782125], [80.2247125, 12.9782926]]}}, {"type": "Feature", "properties": {"@id": "way/701527950", "highway": "residential", "name": "Perumal Nagar 2nd Street", "surface": "asphalt", "original_osm_index": 1612}, "geometry": {"type": "LineString", "coordinates": [[80.1910704, 12.9739475], [80.1910678, 12.9744886]]}}, {"type": "Feature", "properties": {"@id": "way/701529052", "highway": "residential", "original_osm_index": 1613}, "geometry": {"type": "LineString", "coordinates": [[80.2127749, 12.9649287], [80.212854, 12.9653772]]}}, {"type": "Feature", "properties": {"@id": "way/701580191", "highway": "residential", "original_osm_index": 1614}, "geometry": {"type": "LineString", "coordinates": [[80.1911932, 12.975427], [80.1914898, 12.9752543]]}}, {"type": "Feature", "properties": {"@id": "way/701723713", "highway": "residential", "original_osm_index": 1615}, "geometry": {"type": "LineString", "coordinates": [[80.2086205, 12.9657171], [80.2085264, 12.9653304]]}}, {"type": "Feature", "properties": {"@id": "way/701735547", "highway": "residential", "original_osm_index": 1616}, "geometry": {"type": "LineString", "coordinates": [[80.202278, 12.9658239], [80.2022096, 12.9653831]]}}, {"type": "Feature", "properties": {"@id": "way/701739808", "highway": "residential", "original_osm_index": 1617}, "geometry": {"type": "LineString", "coordinates": [[80.2087041, 12.9649219], [80.2086247, 12.9646357], [80.2086008, 12.9643764], [80.2085772, 12.9641115]]}}, {"type": "Feature", "properties": {"@id": "way/701741753", "highway": "residential", "original_osm_index": 1618}, "geometry": {"type": "LineString", "coordinates": [[80.1994134, 12.9649195], [80.1994202, 12.9648372], [80.1994242, 12.9647405], [80.1994255, 12.9646973], [80.1994269, 12.9646137], [80.1994188, 12.9645405], [80.1994108, 12.9644281], [80.199396, 12.9643379], [80.1993442, 12.9641124]]}}, {"type": "Feature", "properties": {"@id": "way/701741754", "highway": "residential", "original_osm_index": 1619}, "geometry": {"type": "LineString", "coordinates": [[80.1997098, 12.9649901], [80.1996434, 12.9638813]]}}, {"type": "Feature", "properties": {"@id": "way/701755237", "highway": "residential", "original_osm_index": 1620}, "geometry": {"type": "LineString", "coordinates": [[80.1921292, 12.9679737], [80.1929552, 12.9678152]]}}, {"type": "Feature", "properties": {"@id": "way/701755238", "highway": "residential", "name": "Nehru 1st Street", "original_osm_index": 1621}, "geometry": {"type": "LineString", "coordinates": [[80.1922207, 12.9683719], [80.1921292, 12.9679737], [80.1920535, 12.9676353], [80.1920508, 12.9676215], [80.1920518, 12.9676088], [80.192062, 12.9675931]]}}, {"type": "Feature", "properties": {"@id": "way/701755994", "highway": "residential", "original_osm_index": 1622}, "geometry": {"type": "LineString", "coordinates": [[80.1987777, 12.9626899], [80.1992775, 12.9626195]]}}, {"type": "Feature", "properties": {"@id": "way/702324172", "highway": "residential", "original_osm_index": 1623}, "geometry": {"type": "LineString", "coordinates": [[80.1985135, 12.9627304], [80.1984711, 12.9624885]]}}, {"type": "Feature", "properties": {"@id": "way/702329731", "highway": "residential", "original_osm_index": 1624}, "geometry": {"type": "LineString", "coordinates": [[80.1943911, 12.9642619], [80.1942378, 12.9637848]]}}, {"type": "Feature", "properties": {"@id": "way/702340713", "highway": "residential", "original_osm_index": 1625}, "geometry": {"type": "LineString", "coordinates": [[80.2024617, 12.962337], [80.2031734, 12.9622623]]}}, {"type": "Feature", "properties": {"@id": "way/702342146", "highway": "residential", "original_osm_index": 1626}, "geometry": {"type": "LineString", "coordinates": [[80.2234527, 12.9754818], [80.2229555, 12.9753962], [80.2229457, 12.9753953], [80.2229367, 12.9753975], [80.222932, 12.9754042], [80.222929, 12.9754125], [80.222914, 12.9756033], [80.2229113, 12.9756154], [80.2229061, 12.9756271]]}}, {"type": "Feature", "properties": {"@id": "way/702386158", "highway": "residential", "original_osm_index": 1627}, "geometry": {"type": "LineString", "coordinates": [[80.2009892, 12.9624664], [80.20094935303983, 12.9621]]}}, {"type": "Feature", "properties": {"@id": "way/702431214", "highway": "residential", "name": "New Street", "original_osm_index": 1628}, "geometry": {"type": "LineString", "coordinates": [[80.1891, 12.964974568981663], [80.1900821, 12.9647792], [80.1900303, 12.9644111]]}}, {"type": "Feature", "properties": {"@id": "way/702575512", "highway": "residential", "original_osm_index": 1629}, "geometry": {"type": "LineString", "coordinates": [[80.2138602, 12.9637441], [80.2148133, 12.9634924], [80.2147141, 12.9632571]]}}, {"type": "Feature", "properties": {"@id": "way/702575638", "highway": "residential", "original_osm_index": 1630}, "geometry": {"type": "LineString", "coordinates": [[80.2151796, 12.963728], [80.2148645, 12.9628303]]}}, {"type": "Feature", "properties": {"@id": "way/702614786", "highway": "residential", "original_osm_index": 1631}, "geometry": {"type": "LineString", "coordinates": [[80.2263147, 12.9755916], [80.226281, 12.9759146], [80.2262664, 12.9762296]]}}, {"type": "Feature", "properties": {"@id": "way/704741480", "access": "private", "highway": "residential", "original_osm_index": 1632}, "geometry": {"type": "LineString", "coordinates": [[80.2254813, 12.9870246], [80.2257608, 12.9869542]]}}, {"type": "Feature", "properties": {"@id": "way/719967912", "access": "private", "highway": "service", "original_osm_index": 1633}, "geometry": {"type": "LineString", "coordinates": [[80.2172636, 12.9836323], [80.217238, 12.9839182]]}}, {"type": "Feature", "properties": {"@id": "way/719967913", "access": "private", "highway": "service", "original_osm_index": 1634}, "geometry": {"type": "LineString", "coordinates": [[80.2175314, 12.9839232], [80.2175438, 12.9837384], [80.2175437, 12.9837023], [80.2175198, 12.983667], [80.2174661, 12.9836495], [80.2173454, 12.9836365], [80.2172636, 12.9836323], [80.2172709, 12.983365], [80.2172655, 12.9833484], [80.2172545, 12.9833374], [80.2170888, 12.9833209], [80.2170516, 12.983329], [80.2170301, 12.983344], [80.2170224, 12.9833739], [80.2169933, 12.9837678]]}}, {"type": "Feature", "properties": {"@id": "way/719967914", "access": "private", "highway": "service", "original_osm_index": 1635}, "geometry": {"type": "LineString", "coordinates": [[80.217238, 12.9839182], [80.2172255, 12.9841689], [80.2172145, 12.9841849], [80.2171871, 12.9842062], [80.217137, 12.9842129], [80.2166831, 12.9841983], [80.21666, 12.9841824], [80.2166459, 12.984155], [80.216646, 12.984109], [80.2166469, 12.9840524], [80.2166533, 12.9838978]]}}, {"type": "Feature", "properties": {"@id": "way/719967915", "access": "private", "highway": "service", "original_osm_index": 1636}, "geometry": {"type": "LineString", "coordinates": [[80.2178388, 12.983921], [80.2176733, 12.9839223], [80.2175314, 12.9839232], [80.217238, 12.9839182], [80.2166533, 12.9838978]]}}, {"type": "Feature", "properties": {"@id": "way/721922451", "highway": "tertiary", "name": "Marudupandi Street", "name:ta": "மருதுபாண்டியர் தெரு", "original_osm_index": 1637}, "geometry": {"type": "LineString", "coordinates": [[80.2146595, 12.9892626], [80.2147747, 12.9892144], [80.2148605, 12.9891589], [80.2151361, 12.9889278], [80.2153683, 12.9887915], [80.21567, 12.9885887], [80.2160433, 12.988311], [80.216154, 12.9882334], [80.2162955, 12.9881492], [80.2163838, 12.9880992], [80.2164862, 12.9880593], [80.2170587, 12.9878553], [80.2175826, 12.9876615], [80.2177473, 12.9876039], [80.2181255, 12.9874906], [80.2182229, 12.9874624], [80.2183524, 12.9874273]]}}, {"type": "Feature", "properties": {"@id": "way/721922453", "alt_name": "Bypass Road", "cycleway": "lane", "highway": "primary", "lanes": "2", "maxspeed": "50", "name": "Velachery Bypass Road", "name:ta": "வேளச்சேரி புறவழிச் சாலை", "oneway": "yes", "ref": "SH48C", "surface": "asphalt", "original_osm_index": 1638}, "geometry": {"type": "LineString", "coordinates": [[80.2183524, 12.9874273], [80.2183271, 12.9872854]]}}, {"type": "Feature", "properties": {"@id": "way/721922454", "alt_name": "Bypass Road", "highway": "primary", "lanes": "2", "maxspeed": "50", "name": "Velachery Bypass Road", "name:ta": "வேளச்சேரி புறவழிச் சாலை", "oneway": "yes", "ref": "SH48C", "surface": "asphalt", "original_osm_index": 1639}, "geometry": {"type": "LineString", "coordinates": [[80.2183271, 12.9872854], [80.218147, 12.9864574], [80.2180065, 12.9858545], [80.2179596, 12.9855999], [80.2179249, 12.984981], [80.217938, 12.9842224], [80.2179426, 12.9833477], [80.217945, 12.9825835], [80.2179432, 12.9824141], [80.217943, 12.9823974], [80.2179644, 12.9821535], [80.2180099, 12.9816967], [80.2180551, 12.9814744], [80.2181956, 12.981067], [80.2184978, 12.9801798], [80.218553, 12.9800474], [80.2186458, 12.9798253], [80.2188571, 12.9792233], [80.2188657, 12.9792023], [80.2188732, 12.9791846], [80.2189747, 12.9789466], [80.2191223, 12.9786006], [80.2191661, 12.9784912]]}}, {"type": "Feature", "properties": {"@id": "way/722157764", "highway": "residential", "original_osm_index": 1640}, "geometry": {"type": "LineString", "coordinates": [[80.2041876, 12.9915319], [80.2048038, 12.9913167]]}}, {"type": "Feature", "properties": {"@id": "way/722157765", "highway": "residential", "original_osm_index": 1641}, "geometry": {"type": "LineString", "coordinates": [[80.2049388, 12.9916639], [80.2048038, 12.9913167], [80.2047459, 12.9911383], [80.2047142, 12.9910505], [80.2046528, 12.990879], [80.2045456, 12.9908978], [80.2043546, 12.9909315], [80.2041635, 12.9909652]]}}, {"type": "Feature", "properties": {"@id": "way/723549914", "highway": "residential", "original_osm_index": 1642}, "geometry": {"type": "LineString", "coordinates": [[80.2118891, 12.9767261], [80.2113587, 12.9766867]]}}, {"type": "Feature", "properties": {"@id": "way/723549915", "highway": "residential", "original_osm_index": 1643}, "geometry": {"type": "LineString", "coordinates": [[80.2119307, 12.9763521], [80.2113962, 12.976313]]}}, {"type": "Feature", "properties": {"@id": "way/724018964", "highway": "residential", "name": "12th Street", "original_osm_index": 1644}, "geometry": {"type": "LineString", "coordinates": [[80.2113094, 12.9913117], [80.2109396, 12.9914112], [80.2106911, 12.9914776], [80.210584, 12.9915062], [80.2104311, 12.9915472]]}}, {"type": "Feature", "properties": {"@id": "way/724033753", "est_width": "3", "highway": "living_street", "name": "70th Lane", "original_osm_index": 1645}, "geometry": {"type": "LineString", "coordinates": [[80.2117516, 12.9906304], [80.2118957, 12.9911588]]}}, {"type": "Feature", "properties": {"@id": "way/724268874", "highway": "residential", "original_osm_index": 1646}, "geometry": {"type": "LineString", "coordinates": [[80.2086685, 12.9843653], [80.209044, 12.9843492]]}}, {"type": "Feature", "properties": {"@id": "way/724567907", "highway": "residential", "name": "38th Lane", "original_osm_index": 1647}, "geometry": {"type": "LineString", "coordinates": [[80.2120699, 12.9919165], [80.2121864, 12.9923669]]}}, {"type": "Feature", "properties": {"@id": "way/724567908", "highway": "residential", "name": "TNHB Colony 99th Lane", "original_osm_index": 1648}, "geometry": {"type": "LineString", "coordinates": [[80.2147968, 12.9898055], [80.2151131, 12.9897222], [80.2151299, 12.9897183], [80.2151447, 12.9897037], [80.2151466, 12.989685], [80.2151433, 12.9896621], [80.2150822, 12.9894318]]}}, {"type": "Feature", "properties": {"@id": "way/724848203", "access": "private", "highway": "service", "original_osm_index": 1649}, "geometry": {"type": "LineString", "coordinates": [[80.2113853, 12.9868986], [80.2114065, 12.9872899], [80.2114078, 12.9873145]]}}, {"type": "Feature", "properties": {"@id": "way/725130669", "highway": "residential", "original_osm_index": 1650}, "geometry": {"type": "LineString", "coordinates": [[80.2138298, 12.9696975], [80.2136217, 12.9687455]]}}, {"type": "Feature", "properties": {"@id": "way/725130670", "highway": "residential", "original_osm_index": 1651}, "geometry": {"type": "LineString", "coordinates": [[80.2133274, 12.9702334], [80.2134649, 12.9700816], [80.2138298, 12.9696975], [80.2149414, 12.9685545]]}}, {"type": "Feature", "properties": {"@id": "way/725285946", "highway": "residential", "name": "TNHB Colony 8th Street", "original_osm_index": 1652}, "geometry": {"type": "LineString", "coordinates": [[80.2139988, 12.9906073], [80.2136896, 12.9906884], [80.2133852, 12.9907682], [80.2128799, 12.9908995], [80.2125424, 12.9909922]]}}, {"type": "Feature", "properties": {"@id": "way/725415541", "highway": "residential", "name": "2nd Avenue", "original_osm_index": 1653}, "geometry": {"type": "LineString", "coordinates": [[80.2115225, 12.992071], [80.2118028, 12.9919889], [80.2120699, 12.9919165], [80.2123428, 12.9918454], [80.2127262, 12.9917476]]}}, {"type": "Feature", "properties": {"@id": "way/725415542", "highway": "residential", "name": "TNHB Colony 1st Avenue", "original_osm_index": 1654}, "geometry": {"type": "LineString", "coordinates": [[80.2115225, 12.992071], [80.21161287819233, 12.9924]]}}, {"type": "Feature", "properties": {"@id": "way/726141114", "highway": "tertiary", "original_osm_index": 1655}, "geometry": {"type": "LineString", "coordinates": [[80.1975219, 12.9885941], [80.197819, 12.988501]]}}, {"type": "Feature", "properties": {"@id": "way/726141115", "bridge": "yes", "highway": "tertiary", "layer": "1", "original_osm_index": 1656}, "geometry": {"type": "LineString", "coordinates": [[80.1973173, 12.9886613], [80.1975219, 12.9885941]]}}, {"type": "Feature", "properties": {"@id": "way/727632299", "highway": "residential", "original_osm_index": 1657}, "geometry": {"type": "LineString", "coordinates": [[80.2204526, 12.9692485], [80.2197941, 12.9694953], [80.21927, 12.9696917]]}}, {"type": "Feature", "properties": {"@id": "way/727749542", "highway": "tertiary", "name": "Balaji Nagar Main Road", "surface": "asphalt", "original_osm_index": 1658}, "geometry": {"type": "LineString", "coordinates": [[80.2041916, 12.9786865], [80.2041906, 12.978671], [80.2041693, 12.9783362], [80.2041645, 12.9782602], [80.2041615, 12.9781504]]}}, {"type": "Feature", "properties": {"@id": "way/728160331", "highway": "pedestrian", "original_osm_index": 1659}, "geometry": {"type": "LineString", "coordinates": [[80.2193918, 12.9664543], [80.2194614, 12.966999]]}}, {"type": "Feature", "properties": {"@id": "way/728160333", "highway": "pedestrian", "original_osm_index": 1660}, "geometry": {"type": "LineString", "coordinates": [[80.2196229, 12.9681731], [80.2195533, 12.9677364], [80.2195241, 12.9675535]]}}, {"type": "Feature", "properties": {"@id": "way/731835209", "highway": "residential", "name": "Alamelu Mangu Street", "surface": "asphalt", "original_osm_index": 1661}, "geometry": {"type": "LineString", "coordinates": [[80.1898045, 12.9638576], [80.1891, 12.96397559733212]]}}, {"type": "Feature", "properties": {"@id": "way/743183312", "highway": "residential", "lane_markings": "no", "lit": "yes", "name": "Radhamohan Street", "sidewalk": "both", "surface": "asphalt", "original_osm_index": 1662}, "geometry": {"type": "LineString", "coordinates": [[80.217598, 12.989968], [80.2183845, 12.9897045], [80.2187914, 12.9895792]]}}, {"type": "Feature", "properties": {"@id": "way/743183313", "highway": "residential", "original_osm_index": 1663}, "geometry": {"type": "LineString", "coordinates": [[80.217598, 12.989968], [80.2174893, 12.989678]]}}, {"type": "Feature", "properties": {"@id": "way/752081403", "highway": "service", "original_osm_index": 1664}, "geometry": {"type": "LineString", "coordinates": [[80.1924797, 12.9757251], [80.1926251, 12.9756725]]}}, {"type": "Feature", "properties": {"@id": "way/752084428", "highway": "residential", "original_osm_index": 1665}, "geometry": {"type": "LineString", "coordinates": [[80.2112983, 12.9825244], [80.211592, 12.9825283]]}}, {"type": "Feature", "properties": {"@id": "way/752084429", "highway": "residential", "original_osm_index": 1666}, "geometry": {"type": "LineString", "coordinates": [[80.2112998, 12.9828025], [80.2112983, 12.9825244], [80.2110864, 12.9825165]]}}, {"type": "Feature", "properties": {"@id": "way/752131247", "highway": "residential", "name": "1st steet extension", "original_osm_index": 1667}, "geometry": {"type": "LineString", "coordinates": [[80.2056521, 12.9701756], [80.2059665, 12.9701436]]}}, {"type": "Feature", "properties": {"@id": "way/754427721", "access": "private", "highway": "service", "original_osm_index": 1668}, "geometry": {"type": "LineString", "coordinates": [[80.2192141, 12.9784301], [80.219302, 12.9784456], [80.2196586, 12.9785084], [80.2196187, 12.9787422], [80.2192382, 12.9786276], [80.2191223, 12.9786006]]}}, {"type": "Feature", "properties": {"@id": "way/754777693", "highway": "residential", "original_osm_index": 1669}, "geometry": {"type": "LineString", "coordinates": [[80.2161337, 12.9920792], [80.2161441, 12.9920875], [80.2161551, 12.9921016], [80.21638132422451, 12.9924]]}}, {"type": "Feature", "properties": {"@id": "way/761161026", "highway": "primary_link", "original_osm_index": 1670}, "geometry": {"type": "LineString", "coordinates": [[80.1957262, 12.9866238], [80.1959093, 12.9866859]]}}, {"type": "Feature", "properties": {"@id": "way/761215822", "highway": "secondary", "name": "Velachery Main Road", "name:etymology:wikidata": "Q7918771", "old_ref": "SH48", "oneway": "yes", "surface": "asphalt", "original_osm_index": 1671}, "geometry": {"type": "LineString", "coordinates": [[80.2196713, 12.9914896], [80.2197766, 12.9913568], [80.2200334, 12.9910125]]}}, {"type": "Feature", "properties": {"@id": "way/761215824", "highway": "primary", "name": "Velachery Bypass Road", "oneway": "yes", "ref": "SH48C", "original_osm_index": 1672}, "geometry": {"type": "LineString", "coordinates": [[80.2196713, 12.9914896], [80.2196271, 12.9914386]]}}, {"type": "Feature", "properties": {"@id": "way/764071826", "access": "private", "highway": "service", "oneway": "yes", "surface": "asphalt", "original_osm_index": 1673}, "geometry": {"type": "LineString", "coordinates": [[80.2175448, 12.9922549], [80.2175399, 12.992193], [80.217523, 12.9921331], [80.2175089, 12.9920824], [80.217476, 12.9920213], [80.2174385, 12.9919838], [80.2174003, 12.9919652], [80.217364, 12.9919698]]}}, {"type": "Feature", "properties": {"@id": "way/767910134", "bridge": "yes", "highway": "residential", "layer": "1", "name": "DRA Tuxedo Elite Path", "oneway": "yes", "original_osm_index": 1674}, "geometry": {"type": "LineString", "coordinates": [[80.2080067, 12.975606], [80.2079566, 12.9755474]]}}, {"type": "Feature", "properties": {"@id": "way/767910135", "access": "private", "highway": "residential", "name": "DRA Tuxedo Elite Path", "oneway": "yes", "original_osm_index": 1675}, "geometry": {"type": "LineString", "coordinates": [[80.2079566, 12.9755474], [80.2079201, 12.9755031]]}}, {"type": "Feature", "properties": {"@id": "way/767910136", "access": "private", "highway": "residential", "name": "DRA Tuxedo Elite Path", "oneway": "yes", "original_osm_index": 1676}, "geometry": {"type": "LineString", "coordinates": [[80.2080568, 12.9757171], [80.2080651, 12.9757666], [80.2080843, 12.975807], [80.2081369, 12.9758278], [80.2085438, 12.9758128], [80.2089405, 12.975772], [80.2089867, 12.9757645], [80.2090212, 12.9757531], [80.2090407, 12.975713], [80.2090491, 12.9756358], [80.2090496, 12.9756014], [80.2090443, 12.9754855]]}}, {"type": "Feature", "properties": {"@id": "way/767910975", "highway": "residential", "original_osm_index": 1677}, "geometry": {"type": "LineString", "coordinates": [[80.2068915, 12.9769798], [80.2064987, 12.9770378]]}}, {"type": "Feature", "properties": {"@id": "way/768624325", "access": "private", "highway": "residential", "original_osm_index": 1678}, "geometry": {"type": "LineString", "coordinates": [[80.1909815, 12.9921603], [80.1910185, 12.992192], [80.1910204, 12.9922194], [80.1910033, 12.9922546], [80.1909772, 12.9922695], [80.1907060015553, 12.9924]]}}, {"type": "Feature", "properties": {"@id": "way/778565740", "highway": "residential", "name": "Pradhap Chandran Street", "name:ta": "பிரதாப் சந்திரன் தெரு", "original_osm_index": 1679}, "geometry": {"type": "LineString", "coordinates": [[80.2162966, 12.9891825], [80.2169859, 12.9890702]]}}, {"type": "Feature", "properties": {"@id": "way/778565741", "highway": "residential", "name": "Kannagi Street", "name:etymology:wikidata": "Q3115610", "original_osm_index": 1680}, "geometry": {"type": "LineString", "coordinates": [[80.217002, 12.9894257], [80.2169762, 12.9894225], [80.2162567, 12.9895385]]}}, {"type": "Feature", "properties": {"@id": "way/790158445", "highway": "service", "original_osm_index": 1681}, "geometry": {"type": "LineString", "coordinates": [[80.2217213, 12.9896359], [80.221484, 12.9897758]]}}, {"type": "Feature", "properties": {"@id": "way/809899262", "access": "private", "highway": "residential", "original_osm_index": 1682}, "geometry": {"type": "LineString", "coordinates": [[80.2258248, 12.9872446], [80.2258174, 12.9872547], [80.2258064, 12.9872602], [80.2255784, 12.987306], [80.2255702, 12.9873075], [80.2255623, 12.9873053], [80.2255569, 12.9872999], [80.2255543, 12.9872929], [80.2254813, 12.9870246], [80.2254073, 12.9867417], [80.2254052, 12.9867301], [80.2254054, 12.9867193], [80.2254138, 12.986714], [80.2254789, 12.9866935]]}}, {"type": "Feature", "properties": {"@id": "way/835633750", "highway": "residential", "lane_markings": "no", "name": "பாலாஜி நகர் 10வது தெரு விரிவு", "name:en": "Balaji Nagar 10th Street Extension", "name:ta": "பாலாஜி நகர் 10வது தெரு விரிவு", "oneway": "no", "source": "digitalglobe", "surface": "asphalt", "original_osm_index": 1683}, "geometry": {"type": "LineString", "coordinates": [[80.1902388, 12.9711435], [80.1903342, 12.9714586], [80.1903373, 12.9714844], [80.1903332, 12.9715067], [80.1903236, 12.971526], [80.1903017, 12.9715398], [80.1898001, 12.971682], [80.1893405, 12.9718158]]}}, {"type": "Feature", "properties": {"@id": "way/835633751", "highway": "residential", "lane_markings": "no", "name": "Perumal Nagar 1st Street", "name:ta": "பெருமாள் நகர் 1வது தெரு", "source": "digitalglobe", "surface": "asphalt", "original_osm_index": 1684}, "geometry": {"type": "LineString", "coordinates": [[80.1913215, 12.9734086], [80.1903914, 12.9734661]]}}, {"type": "Feature", "properties": {"@id": "way/835633752", "access": "private", "highway": "residential", "source": "digitalglobe", "original_osm_index": 1685}, "geometry": {"type": "LineString", "coordinates": [[80.1923618, 12.9750823], [80.1922748, 12.9750981], [80.1918475, 12.9751755], [80.1917349, 12.9751961], [80.1916652, 12.9748982], [80.1921714, 12.9747645], [80.1922316, 12.9747448]]}}, {"type": "Feature", "properties": {"@id": "way/835633754", "highway": "residential", "source": "digitalglobe", "original_osm_index": 1686}, "geometry": {"type": "LineString", "coordinates": [[80.1954306, 12.9718708], [80.1954447, 12.9719324], [80.1954868, 12.971949], [80.1958323, 12.9719429]]}}, {"type": "Feature", "properties": {"@id": "way/835633774", "highway": "residential", "name": "Lakshmi Nagar 7th Street Extension 3rd Cross Street", "name:en": "Lakshmi Nagar 7th Street Extension 3rd Cross Street", "name:ta": "லட்சுமி நகர் 7வது தெரு வரிவு 3வது குறுக்கு தெரு", "source": "digitalglobe", "surface": "asphalt", "original_osm_index": 1687}, "geometry": {"type": "LineString", "coordinates": [[80.1896947, 12.976681], [80.1901569, 12.976634]]}}, {"type": "Feature", "properties": {"@id": "way/835633775", "highway": "residential", "name": "Lakshmi Nagar 7th Street Extension 2nd Cross Street", "name:en": "Lakshmi Nagar 7th Street Extension 2nd Cross Street", "name:ta": "லட்சுமி நகர் 7வது தெரு வரிவு 2வது குறுக்கு தெரு", "source": "digitalglobe", "surface": "asphalt", "original_osm_index": 1688}, "geometry": {"type": "LineString", "coordinates": [[80.1897528, 12.9770522], [80.190216, 12.9770051]]}}, {"type": "Feature", "properties": {"@id": "way/835633776", "highway": "living_street", "source": "digitalglobe", "original_osm_index": 1689}, "geometry": {"type": "LineString", "coordinates": [[80.191137, 12.9766515], [80.1915667, 12.9765938]]}}, {"type": "Feature", "properties": {"@id": "way/835633777", "highway": "residential", "source": "digitalglobe", "original_osm_index": 1690}, "geometry": {"type": "LineString", "coordinates": [[80.1912548, 12.9772007], [80.1917295, 12.9771214]]}}, {"type": "Feature", "properties": {"@id": "way/835633778", "highway": "residential", "source": "digitalglobe", "original_osm_index": 1691}, "geometry": {"type": "LineString", "coordinates": [[80.19215, 12.97699], [80.1921545, 12.9769813], [80.1921569, 12.9769724], [80.1921572, 12.9769603], [80.1921558, 12.9769489], [80.1920124, 12.9764976]]}}, {"type": "Feature", "properties": {"@id": "way/835633780", "highway": "residential", "source": "digitalglobe", "original_osm_index": 1692}, "geometry": {"type": "LineString", "coordinates": [[80.1924396, 12.9790679], [80.1923504, 12.9786878]]}}, {"type": "Feature", "properties": {"@id": "way/835633781", "highway": "residential", "source": "digitalglobe", "original_osm_index": 1693}, "geometry": {"type": "LineString", "coordinates": [[80.1955842, 12.9789054], [80.1954016, 12.9789185]]}}, {"type": "Feature", "properties": {"@id": "way/835636516", "highway": "residential", "source": "digitalglobe", "original_osm_index": 1694}, "geometry": {"type": "LineString", "coordinates": [[80.1926778, 12.9821388], [80.1926382, 12.9821382], [80.1926147, 12.9821251], [80.1925993, 12.9821121], [80.1925886, 12.9820774], [80.1925255, 12.9817328]]}}, {"type": "Feature", "properties": {"@id": "way/835636517", "highway": "residential", "name": "Indira 2nd Street", "name:ta": "இந்திரா 2வது தெரு", "source": "digitalglobe", "original_osm_index": 1695}, "geometry": {"type": "LineString", "coordinates": [[80.1939462, 12.9813455], [80.1937048, 12.9807313]]}}, {"type": "Feature", "properties": {"@id": "way/835636518", "highway": "residential", "name": "Periyar Street", "name:etymology:wikidata": "Q737280", "name:ta": "பெரியார் தெரு", "source": "digitalglobe", "original_osm_index": 1696}, "geometry": {"type": "LineString", "coordinates": [[80.1941447, 12.9812319], [80.1939784, 12.981653], [80.1939454, 12.9817034], [80.1938896, 12.9817527]]}}, {"type": "Feature", "properties": {"@id": "way/835636534", "highway": "residential", "source": "digitalglobe", "original_osm_index": 1697}, "geometry": {"type": "LineString", "coordinates": [[80.1891, 12.98596025999986], [80.1891054, 12.9861255]]}}, {"type": "Feature", "properties": {"@id": "way/835636535", "highway": "residential", "source": "digitalglobe", "original_osm_index": 1698}, "geometry": {"type": "LineString", "coordinates": [[80.1898457, 12.9883283], [80.1894174, 12.98837]]}}, {"type": "Feature", "properties": {"@id": "way/835636545", "access": "private", "highway": "residential", "source": "digitalglobe", "original_osm_index": 1699}, "geometry": {"type": "LineString", "coordinates": [[80.1909815, 12.9921603], [80.1896884, 12.9916579]]}}, {"type": "Feature", "properties": {"@id": "way/835636547", "highway": "residential", "source": "digitalglobe", "original_osm_index": 1700}, "geometry": {"type": "LineString", "coordinates": [[80.1927564, 12.9910672], [80.1926205, 12.9910838]]}}, {"type": "Feature", "properties": {"@id": "way/835636549", "highway": "residential", "source": "digitalglobe", "original_osm_index": 1701}, "geometry": {"type": "LineString", "coordinates": [[80.1953346, 12.9900767], [80.1946984, 12.9901399]]}}, {"type": "Feature", "properties": {"@id": "way/835636551", "highway": "residential", "source": "digitalglobe", "original_osm_index": 1702}, "geometry": {"type": "LineString", "coordinates": [[80.1951798, 12.9905014], [80.1947467, 12.9905702], [80.1943106, 12.9906277]]}}, {"type": "Feature", "properties": {"@id": "way/835656944", "highway": "residential", "source": "digitalglobe", "original_osm_index": 1703}, "geometry": {"type": "LineString", "coordinates": [[80.1927532, 12.9718538], [80.1928504, 12.9725745]]}}, {"type": "Feature", "properties": {"@id": "way/835684183", "highway": "residential", "name": "Thillai ganga nagar 2nd Main Road", "original_osm_index": 1704}, "geometry": {"type": "LineString", "coordinates": [[80.1934567, 12.9905065], [80.1922811, 12.9907056]]}}, {"type": "Feature", "properties": {"@id": "way/835684184", "highway": "residential", "name": "Thillai ganga nagar 2nd Main Road", "original_osm_index": 1705}, "geometry": {"type": "LineString", "coordinates": [[80.1942615, 12.990304], [80.1934567, 12.9905065]]}}, {"type": "Feature", "properties": {"@id": "way/835684192", "highway": "residential", "source": "digitalglobe", "original_osm_index": 1706}, "geometry": {"type": "LineString", "coordinates": [[80.1956449, 12.9833124], [80.1954759, 12.9828191], [80.1954423, 12.9827734], [80.1954184, 12.9827579], [80.1953954, 12.9827536], [80.1953602, 12.982758]]}}, {"type": "Feature", "properties": {"@id": "way/835684193", "highway": "residential", "name": "Thamotharan Street", "name:ta": "தாமோதரன் தெரு", "source": "digitalglobe", "original_osm_index": 1707}, "geometry": {"type": "LineString", "coordinates": [[80.1967306, 12.9823337], [80.19652, 12.9823975], [80.1961611, 12.9825106]]}}, {"type": "Feature", "properties": {"@id": "way/835684199", "highway": "residential", "name": "Venkatasamy Street", "original_osm_index": 1708}, "geometry": {"type": "LineString", "coordinates": [[80.1913825, 12.9781139], [80.1912869, 12.9777069]]}}, {"type": "Feature", "properties": {"@id": "way/835701993", "access": "yes", "highway": "primary", "motor_vehicle": "yes", "name": "Mount - Medavakkam Road", "oneway": "no", "original_osm_index": 1709}, "geometry": {"type": "LineString", "coordinates": [[80.1960645, 12.9822928], [80.1961611, 12.9825106], [80.1963649, 12.9829362]]}}, {"type": "Feature", "properties": {"@id": "way/835701994", "access": "yes", "bridge": "yes", "check_date": "2024-04-10", "highway": "primary", "layer": "1", "maxspeed": "40", "motor_vehicle": "yes", "name": "Mount - Medavakkam Road", "oneway": "no", "opening_date": "2024-07-31", "ref": "SH48A", "original_osm_index": 1710}, "geometry": {"type": "LineString", "coordinates": [[80.1954404, 12.9811124], [80.1955182, 12.981246]]}}, {"type": "Feature", "properties": {"@id": "way/835701995", "highway": "residential", "original_osm_index": 1711}, "geometry": {"type": "LineString", "coordinates": [[80.1944124, 12.991445], [80.1944281, 12.9915391], [80.1945576, 12.9920878]]}}, {"type": "Feature", "properties": {"@id": "way/835701996", "highway": "service", "original_osm_index": 1712}, "geometry": {"type": "LineString", "coordinates": [[80.1936297, 12.9916895], [80.1937157, 12.9916385], [80.1940063, 12.9914428], [80.1943918, 12.9911807]]}}, {"type": "Feature", "properties": {"@id": "way/835701999", "highway": "residential", "name": "Perumal Nagar 3rd Street", "surface": "asphalt", "original_osm_index": 1713}, "geometry": {"type": "LineString", "coordinates": [[80.1918056, 12.9746292], [80.1915421, 12.9739177], [80.1914401, 12.9736379]]}}, {"type": "Feature", "properties": {"@id": "way/835702000", "highway": "residential", "name": "Aalwar Nagar 1st Street", "surface": "asphalt", "original_osm_index": 1714}, "geometry": {"type": "LineString", "coordinates": [[80.1910216, 12.9769188], [80.1906819, 12.9769739], [80.1906585, 12.9769699], [80.1906439, 12.9769563], [80.1906364, 12.9769392], [80.1905326, 12.9762928], [80.190474, 12.9760058]]}}, {"type": "Feature", "properties": {"@id": "way/835702001", "highway": "residential", "source": "digitalglobe", "original_osm_index": 1715}, "geometry": {"type": "LineString", "coordinates": [[80.1947467, 12.9905702], [80.1946984, 12.9901399], [80.1946392, 12.9897053]]}}, {"type": "Feature", "properties": {"@id": "way/835702003", "highway": "residential", "source": "digitalglobe", "original_osm_index": 1716}, "geometry": {"type": "LineString", "coordinates": [[80.1943164, 12.97452], [80.1943202, 12.974953]]}}, {"type": "Feature", "properties": {"@id": "way/835708409", "highway": "tertiary", "name": "1st Main Road", "official_name": "Nanganallur Road", "oneway": "no", "ref": "O4318", "original_osm_index": 1717}, "geometry": {"type": "LineString", "coordinates": [[80.1952737, 12.9814842], [80.1953002, 12.9814858], [80.1956715, 12.9815765]]}}, {"type": "Feature", "properties": {"@id": "way/835708410", "bridge": "yes", "highway": "tertiary", "layer": "1", "name": "1st Main Road", "official_name": "Nanganallur Road", "oneway": "no", "ref": "O4318", "original_osm_index": 1718}, "geometry": {"type": "LineString", "coordinates": [[80.195227, 12.9814808], [80.1952737, 12.9814842]]}}, {"type": "Feature", "properties": {"@id": "way/835713257", "comment": "not in good shape (not sure why but the entire area is like a abandoned place) no good roads at all", "highway": "residential", "smoothness": "bad", "source": "digitalglobe", "original_osm_index": 1719}, "geometry": {"type": "LineString", "coordinates": [[80.2276236, 12.9681789], [80.2284, 12.968194987475254]]}}, {"type": "Feature", "properties": {"@id": "way/835713263", "comment": "not in good shape (not sure why but the entire area is like a abandoned place) no good roads at all", "highway": "residential", "smoothness": "bad", "source": "digitalglobe", "original_osm_index": 1720}, "geometry": {"type": "LineString", "coordinates": [[80.2284, 12.967209478335596], [80.227997, 12.9672292]]}}, {"type": "Feature", "properties": {"@id": "way/835739380", "highway": "residential", "name": "Karuna Street", "source": "digitalglobe", "original_osm_index": 1721}, "geometry": {"type": "LineString", "coordinates": [[80.2229669, 12.9691729], [80.2229692, 12.9689978]]}}, {"type": "Feature", "properties": {"@id": "way/836402894", "highway": "residential", "source": "digitalglobe", "original_osm_index": 1722}, "geometry": {"type": "LineString", "coordinates": [[80.2023941, 12.973185], [80.2028105, 12.9731536]]}}, {"type": "Feature", "properties": {"@id": "way/836402895", "highway": "residential", "source": "digitalglobe", "original_osm_index": 1723}, "geometry": {"type": "LineString", "coordinates": [[80.2124679, 12.9774055], [80.2125362, 12.9767664]]}}, {"type": "Feature", "properties": {"@id": "way/836402898", "highway": "residential", "source": "digitalglobe", "original_osm_index": 1724}, "geometry": {"type": "LineString", "coordinates": [[80.1983864, 12.9839198], [80.1987557, 12.9838512]]}}, {"type": "Feature", "properties": {"@id": "way/836402899", "highway": "residential", "source": "digitalglobe", "original_osm_index": 1725}, "geometry": {"type": "LineString", "coordinates": [[80.1982657, 12.9834426], [80.1983701, 12.9838351], [80.1983864, 12.9839198], [80.198469, 12.9843468]]}}, {"type": "Feature", "properties": {"@id": "way/836402900", "highway": "residential", "source": "digitalglobe", "original_osm_index": 1726}, "geometry": {"type": "LineString", "coordinates": [[80.1986986, 12.978683], [80.1986951, 12.9783195], [80.1987114, 12.9780081]]}}, {"type": "Feature", "properties": {"@id": "way/836402901", "highway": "residential", "source": "digitalglobe", "original_osm_index": 1727}, "geometry": {"type": "LineString", "coordinates": [[80.1978612, 12.9756148], [80.1978667, 12.9753287], [80.1978739, 12.9752858], [80.1979087, 12.9752518], [80.197973, 12.9752369]]}}, {"type": "Feature", "properties": {"@id": "way/836402902", "highway": "residential", "source": "digitalglobe", "original_osm_index": 1728}, "geometry": {"type": "LineString", "coordinates": [[80.2058762, 12.9719532], [80.2053507, 12.9720361]]}}, {"type": "Feature", "properties": {"@id": "way/836402903", "highway": "residential", "source": "digitalglobe", "original_osm_index": 1729}, "geometry": {"type": "LineString", "coordinates": [[80.2137757, 12.9747442], [80.2137866, 12.9751698]]}}, {"type": "Feature", "properties": {"@id": "way/836402905", "highway": "residential", "name": "Bhavani Street", "name:etymology:wikidata": "Q2900667", "source": "digitalglobe", "original_osm_index": 1730}, "geometry": {"type": "LineString", "coordinates": [[80.2162154, 12.9782038], [80.2168862, 12.9782504]]}}, {"type": "Feature", "properties": {"@id": "way/836402906", "highway": "residential", "source": "digitalglobe", "original_osm_index": 1731}, "geometry": {"type": "LineString", "coordinates": [[80.2161063, 12.9782315], [80.2160848, 12.9783529], [80.2160284, 12.9786456], [80.2159685, 12.9789872]]}}, {"type": "Feature", "properties": {"@id": "way/836402907", "highway": "residential", "source": "digitalglobe", "original_osm_index": 1732}, "geometry": {"type": "LineString", "coordinates": [[80.2101332, 12.9815697], [80.2104428, 12.9815534]]}}, {"type": "Feature", "properties": {"@id": "way/836402908", "highway": "residential", "source": "digitalglobe", "original_osm_index": 1733}, "geometry": {"type": "LineString", "coordinates": [[80.2090556, 12.9818668], [80.2091017, 12.9829468]]}}, {"type": "Feature", "properties": {"@id": "way/836402909", "highway": "residential", "source": "digitalglobe", "original_osm_index": 1734}, "geometry": {"type": "LineString", "coordinates": [[80.1986108, 12.97356], [80.1986866, 12.973494], [80.1987704, 12.9734699], [80.198873, 12.9734613], [80.1991637, 12.9734705], [80.1991975, 12.9734679], [80.199225, 12.9734532], [80.1992331, 12.9734326]]}}, {"type": "Feature", "properties": {"@id": "way/836402910", "highway": "residential", "source": "digitalglobe", "original_osm_index": 1735}, "geometry": {"type": "LineString", "coordinates": [[80.2015584, 12.977426], [80.2018169, 12.9774297]]}}, {"type": "Feature", "properties": {"@id": "way/836402911", "highway": "residential", "source": "digitalglobe", "original_osm_index": 1736}, "geometry": {"type": "LineString", "coordinates": [[80.2182281, 12.9737525], [80.2182332, 12.9737714], [80.2182449, 12.9737865], [80.2182756, 12.9737998]]}}, {"type": "Feature", "properties": {"@id": "way/836402913", "highway": "residential", "source": "digitalglobe", "original_osm_index": 1737}, "geometry": {"type": "LineString", "coordinates": [[80.2177201, 12.9893682], [80.2181406, 12.9892191], [80.2181607, 12.9892146], [80.2181838, 12.9892174]]}}, {"type": "Feature", "properties": {"@id": "way/836402915", "access": "private", "highway": "service", "source": "digitalglobe", "original_osm_index": 1738}, "geometry": {"type": "LineString", "coordinates": [[80.1988924, 12.9922346], [80.1989505, 12.9922174], [80.1990283, 12.9921943], [80.1991007, 12.9921729], [80.1991888, 12.9921468], [80.1992768, 12.9921207]]}}, {"type": "Feature", "properties": {"@id": "way/836402917", "highway": "residential", "source": "digitalglobe", "original_osm_index": 1739}, "geometry": {"type": "LineString", "coordinates": [[80.2042508, 12.9822212], [80.2042377, 12.9820709]]}}, {"type": "Feature", "properties": {"@id": "way/836402918", "highway": "residential", "source": "digitalglobe", "original_osm_index": 1740}, "geometry": {"type": "LineString", "coordinates": [[80.1981239, 12.9799767], [80.1982374, 12.9808732]]}}, {"type": "Feature", "properties": {"@id": "way/836402919", "access": "private", "highway": "service", "source": "digitalglobe", "original_osm_index": 1741}, "geometry": {"type": "LineString", "coordinates": [[80.1976564, 12.9824182], [80.1976634, 12.9824559], [80.1977194, 12.9827443], [80.1977279, 12.9827875]]}}, {"type": "Feature", "properties": {"@id": "way/836402920", "highway": "residential", "source": "digitalglobe", "original_osm_index": 1742}, "geometry": {"type": "LineString", "coordinates": [[80.1976454, 12.9823587], [80.1978031, 12.9823179], [80.1981268, 12.9822455], [80.1987644, 12.9821243]]}}, {"type": "Feature", "properties": {"@id": "way/836402923", "highway": "residential", "source": "digitalglobe", "original_osm_index": 1743}, "geometry": {"type": "LineString", "coordinates": [[80.1981732, 12.991781], [80.1982468, 12.992309]]}}, {"type": "Feature", "properties": {"@id": "way/836412653", "highway": "residential", "source": "digitalglobe", "original_osm_index": 1744}, "geometry": {"type": "LineString", "coordinates": [[80.2009188, 12.9846482], [80.2011928, 12.9845975]]}}, {"type": "Feature", "properties": {"@id": "way/836412654", "access": "private", "highway": "residential", "source": "digitalglobe", "original_osm_index": 1745}, "geometry": {"type": "LineString", "coordinates": [[80.1987235, 12.9901643], [80.1983999, 12.9902535], [80.1983434, 12.990266]]}}, {"type": "Feature", "properties": {"@id": "way/836412655", "highway": "residential", "name": "Parthasarathy Nagar 1st Street", "name:en": "Parthasarathy Nagar 1st Street", "name:ta": "பார்த்தசாரதி நகர் 1வது தெரு", "surface": "asphalt", "original_osm_index": 1746}, "geometry": {"type": "LineString", "coordinates": [[80.199227, 12.9861999], [80.1994648, 12.9876028], [80.1995632, 12.9880986], [80.1997082, 12.9889268], [80.1998287, 12.9893456], [80.200003, 12.9900243], [80.2001297, 12.9904909], [80.2002242, 12.990724]]}}, {"type": "Feature", "properties": {"@id": "way/836412656", "highway": "residential", "source": "digitalglobe", "original_osm_index": 1747}, "geometry": {"type": "LineString", "coordinates": [[80.2110762, 12.9746198], [80.2116259, 12.9746734]]}}, {"type": "Feature", "properties": {"@id": "way/836412658", "access": "private", "highway": "residential", "oneway": "yes", "source": "digitalglobe", "original_osm_index": 1748}, "geometry": {"type": "LineString", "coordinates": [[80.2136164, 12.9785513], [80.2136141, 12.9785937], [80.2136106, 12.978631], [80.2136122, 12.9789454], [80.213608, 12.9789649], [80.2135924, 12.9789751], [80.2135769, 12.9789764], [80.213547, 12.9789753], [80.213526, 12.9789744], [80.2130699, 12.9789541], [80.2130761, 12.9788213], [80.2130879, 12.9785936], [80.2130818, 12.9784816], [80.213082, 12.9784197]]}}, {"type": "Feature", "properties": {"@id": "way/836412660", "highway": "residential", "source": "digitalglobe", "original_osm_index": 1749}, "geometry": {"type": "LineString", "coordinates": [[80.2108818, 12.9817021], [80.2109996, 12.9817102], [80.211533, 12.9817298]]}}, {"type": "Feature", "properties": {"@id": "way/836412662", "highway": "residential", "source": "digitalglobe", "original_osm_index": 1750}, "geometry": {"type": "LineString", "coordinates": [[80.2125653, 12.9823812], [80.2125901, 12.9820787]]}}, {"type": "Feature", "properties": {"@id": "way/836412665", "highway": "residential", "source": "digitalglobe", "original_osm_index": 1751}, "geometry": {"type": "LineString", "coordinates": [[80.2068301, 12.9894676], [80.2076226, 12.9892312]]}}, {"type": "Feature", "properties": {"@id": "way/836412666", "highway": "residential", "source": "digitalglobe", "original_osm_index": 1752}, "geometry": {"type": "LineString", "coordinates": [[80.1991309, 12.980581], [80.1992286, 12.9810786], [80.1992512, 12.9813979], [80.1992618, 12.9814338], [80.1992878, 12.9814546], [80.1994018, 12.9814487], [80.1997903, 12.9814132]]}}, {"type": "Feature", "properties": {"@id": "way/836412667", "highway": "residential", "source": "digitalglobe", "original_osm_index": 1753}, "geometry": {"type": "LineString", "coordinates": [[80.2162001, 12.9857953], [80.2162661, 12.9864169]]}}, {"type": "Feature", "properties": {"@id": "way/836412670", "highway": "residential", "source": "digitalglobe", "original_osm_index": 1754}, "geometry": {"type": "LineString", "coordinates": [[80.1986061, 12.9738874], [80.1986963, 12.9745238]]}}, {"type": "Feature", "properties": {"@id": "way/836412673", "highway": "residential", "source": "digitalglobe", "original_osm_index": 1755}, "geometry": {"type": "LineString", "coordinates": [[80.2166119, 12.9833932], [80.2169085, 12.9834037]]}}, {"type": "Feature", "properties": {"@id": "way/836412674", "access": "private", "highway": "service", "source": "digitalglobe", "original_osm_index": 1756}, "geometry": {"type": "MultiLineString", "coordinates": [[[80.2176262, 12.9829441], [80.2176273, 12.9826663], [80.2176254, 12.9826488], [80.217611, 12.9826429], [80.2173614, 12.9826418], [80.2173357, 12.9826476], [80.2173257, 12.982658], [80.2173218, 12.9828938], [80.2173279, 12.9829213], [80.2173478, 12.9829384], [80.2173778, 12.9829444], [80.2176262, 12.9829441]], [[80.2176262, 12.9829441], [80.2176714, 12.982944], [80.2178532, 12.9829414]]]}}, {"type": "Feature", "properties": {"@id": "way/836412676", "highway": "residential", "source": "digitalglobe", "original_osm_index": 1757}, "geometry": {"type": "LineString", "coordinates": [[80.20453, 12.971755], [80.2050608, 12.9716893]]}}, {"type": "Feature", "properties": {"@id": "way/836412677", "highway": "residential", "name": "Annai Therasa Nagar 13th Street", "name:ta": "அன்னை தெரசா நகர் 13வது தெரு", "source": "digitalglobe", "original_osm_index": 1758}, "geometry": {"type": "LineString", "coordinates": [[80.2040365, 12.9714129], [80.2041593, 12.9720064]]}}, {"type": "Feature", "properties": {"@id": "way/836412680", "highway": "residential", "source": "digitalglobe", "original_osm_index": 1759}, "geometry": {"type": "LineString", "coordinates": [[80.2129117, 12.9727224], [80.2129346, 12.9733314], [80.2129446, 12.9733664], [80.2129645, 12.9733878], [80.2129903, 12.9733929], [80.2132767, 12.9733807]]}}, {"type": "Feature", "properties": {"@id": "way/836412681", "highway": "residential", "lanes": "2", "source": "digitalglobe", "surface": "asphalt", "original_osm_index": 1760}, "geometry": {"type": "LineString", "coordinates": [[80.2056728, 12.9731891], [80.2059299, 12.9731895], [80.2059658, 12.9730097]]}}, {"type": "Feature", "properties": {"@id": "way/836670934", "highway": "residential", "name": "Iyappa Nagar 3rd Street", "name:en": "Iyappa Nagar 3rd Street", "name:ta": "ஐயப்பா நகர் 3வது தெரு", "source": "digitalglobe", "surface": "asphalt", "original_osm_index": 1761}, "geometry": {"type": "LineString", "coordinates": [[80.1900566, 12.9634871], [80.1908912, 12.9633138]]}}, {"type": "Feature", "properties": {"@id": "way/836670949", "highway": "residential", "source": "digitalglobe", "original_osm_index": 1762}, "geometry": {"type": "LineString", "coordinates": [[80.1903901, 12.9699378], [80.1913252, 12.9696714]]}}, {"type": "Feature", "properties": {"@id": "way/837321911", "bicycle": "no", "foot": "designated", "highway": "footway", "horse": "no", "motor_vehicle": "no", "source": "digitalglobe", "surface": "paving_stones", "width": "2", "original_osm_index": 1763}, "geometry": {"type": "LineString", "coordinates": [[80.19253098023951, 12.9621], [80.1925299, 12.9621451], [80.1925344, 12.96219], [80.1925396, 12.9622464], [80.1925504, 12.9623328], [80.1925518, 12.9624458], [80.1925604, 12.9625209], [80.1925595, 12.9626127], [80.1925554, 12.9626761], [80.192556, 12.9627435], [80.1925447, 12.962814], [80.1925537, 12.9628537], [80.1925945, 12.9629442], [80.1926171, 12.9629971], [80.1926216, 12.9630412], [80.1926261, 12.9630677], [80.1926375, 12.9631338], [80.1926578, 12.9632199], [80.1926646, 12.9632618], [80.1926691, 12.9633213], [80.1926759, 12.9633853], [80.1926805, 12.9634426], [80.1926963, 12.9634911], [80.1927167, 12.9635463], [80.1927691, 12.9635939], [80.1928128, 12.9636306], [80.192868, 12.9636796], [80.1929857, 12.963768], [80.1930405, 12.9638215], [80.1931075, 12.9638689], [80.1931686, 12.963934], [80.193291, 12.9640346], [80.1933802, 12.9641212], [80.1934444, 12.9641905], [80.1934841, 12.9642613], [80.1935443, 12.9643468], [80.1936018, 12.9644424], [80.1936367, 12.964498], [80.1936836, 12.9645686], [80.1936804, 12.9646102], [80.1936506, 12.9646467], [80.1932404, 12.9647694], [80.1929261, 12.9648072], [80.1926403, 12.9648753], [80.1925076, 12.9648745], [80.1923984, 12.9648687], [80.1922877, 12.964881], [80.1921039, 12.9649256], [80.1917551, 12.9650115], [80.1916731, 12.9650192], [80.1916372, 12.9650061], [80.1916033, 12.9649743], [80.1915612, 12.9649539], [80.1913165, 12.9649981]]}}, {"type": "Feature", "properties": {"@id": "way/837321938", "highway": "residential", "name": "Iyappa Nagar 6th Street", "name:en": "Iyappa Nagar 6th Street", "name:ta": "ஐயப்பா நகர் 6வது தெரு", "source": "digitalglobe", "surface": "asphalt", "original_osm_index": 1764}, "geometry": {"type": "LineString", "coordinates": [[80.1897726, 12.9623224], [80.1905588, 12.9621597]]}}, {"type": "Feature", "properties": {"@id": "way/837321939", "highway": "residential", "name": "Iyappa Nagar 5th Street", "name:en": "Iyappa Nagar 5th Street", "name:ta": "ஐயப்பா நகர் 5வது தெரு", "source": "digitalglobe", "surface": "asphalt", "original_osm_index": 1765}, "geometry": {"type": "LineString", "coordinates": [[80.1898661, 12.962716], [80.1906684, 12.9625423]]}}, {"type": "Feature", "properties": {"@id": "way/837321940", "highway": "residential", "source": "digitalglobe", "original_osm_index": 1766}, "geometry": {"type": "LineString", "coordinates": [[80.196703, 12.9654083], [80.1966685, 12.9648067]]}}, {"type": "Feature", "properties": {"@id": "way/837321957", "highway": "residential", "source": "digitalglobe", "original_osm_index": 1767}, "geometry": {"type": "LineString", "coordinates": [[80.1955268, 12.970889], [80.1954847, 12.9704513]]}}, {"type": "Feature", "properties": {"@id": "way/837321958", "highway": "residential", "source": "digitalglobe", "original_osm_index": 1768}, "geometry": {"type": "LineString", "coordinates": [[80.1961217, 12.9657784], [80.1967501, 12.965671]]}}, {"type": "Feature", "properties": {"@id": "way/837335634", "highway": "primary", "lanes": "2", "lit": "yes", "maxspeed": "40", "name": "Mount - Medavakkam Road", "oneway": "yes", "ref": "SH48A", "source": "digitalglobe", "surface": "asphalt", "original_osm_index": 1769}, "geometry": {"type": "LineString", "coordinates": [[80.1938044, 12.9775967], [80.1936975, 12.9772415], [80.1936153, 12.9769915], [80.1935706, 12.9768842], [80.1933643, 12.9766067], [80.1933333, 12.976565], [80.1932292, 12.976396], [80.1931466, 12.9762925], [80.1929414, 12.9760326], [80.1928641, 12.9759159], [80.1928134, 12.9758668], [80.1927452, 12.9757471], [80.1926983, 12.9756575], [80.1926868, 12.9756355], [80.1926678, 12.9755792], [80.1924902, 12.9751642], [80.1923802, 12.9748352], [80.1923699, 12.9748091], [80.1922596, 12.9745344], [80.192253, 12.9745178], [80.1919588, 12.973802], [80.1918418, 12.9735229], [80.1918015, 12.9733929], [80.1916809, 12.9729995], [80.1916199, 12.9728631], [80.1915389, 12.9726258], [80.1914999, 12.9725284], [80.1913657, 12.9721936], [80.1913443, 12.9721312], [80.1913253, 12.9720889], [80.1913088, 12.9720521], [80.1912452, 12.9719104], [80.1911194, 12.9716218], [80.190981, 12.9712931], [80.1909194, 12.9711352], [80.1908731, 12.9710225], [80.1908616, 12.9709977], [80.1907773, 12.9708151], [80.1907687, 12.9707965], [80.1906667, 12.9705595], [80.1905789, 12.9703347], [80.1904921, 12.9701449], [80.1904865, 12.9701326], [80.1903901, 12.9699378], [80.1903257, 12.9698078], [80.1899181, 12.9690131]]}}, {"type": "Feature", "properties": {"@id": "way/837335638", "highway": "residential", "source": "digitalglobe", "original_osm_index": 1770}, "geometry": {"type": "LineString", "coordinates": [[80.19572, 12.9664823], [80.1961321, 12.9664678]]}}, {"type": "Feature", "properties": {"@id": "way/837608990", "highway": "residential", "source": "digitalglobe", "original_osm_index": 1771}, "geometry": {"type": "LineString", "coordinates": [[80.2159034, 12.9697534], [80.2159855, 12.9697185], [80.2160056, 12.9696747], [80.2159982, 12.9696048], [80.2159332, 12.9693839]]}}, {"type": "Feature", "properties": {"@id": "way/837608991", "bridge": "yes", "highway": "primary", "layer": "1", "maxspeed": "40", "name": "Major Mukund Varadharajan Salai", "name:ta": "மேஜர் முகுந்த் வரதராஜன் சாலை", "official_name": "Marmalong Bridge - Irumbuliyur - Vandalur - Mudichur - Oragadam - Walajabad Road", "oneway": "yes", "ref": "SH48", "original_osm_index": 1772}, "geometry": {"type": "LineString", "coordinates": [[80.2162355, 12.9639803], [80.2160884, 12.963621]]}}, {"type": "Feature", "properties": {"@id": "way/837608992", "bridge": "yes", "highway": "primary", "layer": "1", "maxspeed": "40", "motorroad": "no", "name": "Major Mukund Varadharajan Salai", "name:ta": "மேஜர் முகுந்த் வரதராஜன் சாலை", "official_name": "Marmalong Bridge - Irumbuliyur - Vandalur - Mudichur - Oragadam - Walajabad Road", "oneway": "yes", "ref": "SH48", "original_osm_index": 1773}, "geometry": {"type": "LineString", "coordinates": [[80.215942, 12.9636715], [80.2159863, 12.9637838], [80.2160234, 12.9638777], [80.2160923, 12.9640611]]}}, {"type": "Feature", "properties": {"@id": "way/837608993", "highway": "primary", "maxspeed": "40", "motorroad": "no", "name": "Major Mukund Varadharajan Salai", "name:ta": "மேஜர் முகுந்த் வரதராஜன் சாலை", "official_name": "Marmalong Bridge - Irumbuliyur - Vandalur - Mudichur - Oragadam - Walajabad Road", "oneway": "yes", "ref": "SH48", "surface": "asphalt", "original_osm_index": 1774}, "geometry": {"type": "LineString", "coordinates": [[80.2160923, 12.9640611], [80.2161609, 12.9642301]]}}, {"type": "Feature", "properties": {"@id": "way/837608994", "highway": "primary", "maxspeed": "40", "name": "Major Mukund Varadharajan Salai", "name:ta": "மேஜர் முகுந்த் வரதராஜன் சாலை", "official_name": "Marmalong Bridge - Irumbuliyur - Vandalur - Mudichur - Oragadam - Walajabad Road", "oneway": "yes", "ref": "SH48", "surface": "asphalt", "original_osm_index": 1775}, "geometry": {"type": "LineString", "coordinates": [[80.2163197, 12.9641632], [80.2162355, 12.9639803]]}}, {"type": "Feature", "properties": {"@id": "way/837608997", "highway": "residential", "source": "digitalglobe", "original_osm_index": 1776}, "geometry": {"type": "LineString", "coordinates": [[80.2150881, 12.9667124], [80.2157629, 12.9665192], [80.2162765, 12.9663846]]}}, {"type": "Feature", "properties": {"@id": "way/837609006", "highway": "residential", "source": "digitalglobe", "original_osm_index": 1777}, "geometry": {"type": "LineString", "coordinates": [[80.1988596, 12.965424], [80.1994358, 12.9653146]]}}, {"type": "Feature", "properties": {"@id": "way/837609008", "highway": "residential", "source": "digitalglobe", "original_osm_index": 1778}, "geometry": {"type": "LineString", "coordinates": [[80.2127911, 12.9707293], [80.2124736, 12.9694465], [80.2123929, 12.9689551]]}}, {"type": "Feature", "properties": {"@id": "way/837609009", "highway": "residential", "source": "digitalglobe", "original_osm_index": 1779}, "geometry": {"type": "LineString", "coordinates": [[80.203306, 12.9695339], [80.2032959, 12.9697795], [80.2032669, 12.9704854]]}}, {"type": "Feature", "properties": {"@id": "way/837609010", "highway": "residential", "original_osm_index": 1780}, "geometry": {"type": "LineString", "coordinates": [[80.201871, 12.9637518], [80.2018838, 12.9639877], [80.2018631, 12.9642341]]}}, {"type": "Feature", "properties": {"@id": "way/838437809", "access": "yes", "highway": "primary", "maxspeed": "40", "motor_vehicle": "yes", "name": "Mount - Medavakkam Road", "oneway": "yes", "ref": "SH48A", "source": "digitalglobe", "original_osm_index": 1781}, "geometry": {"type": "LineString", "coordinates": [[80.1986432, 12.991606], [80.1986614, 12.9914752], [80.1985391, 12.9909628], [80.1984936, 12.9907953], [80.1984372, 12.990588], [80.1984004, 12.9904617], [80.1983434, 12.990266], [80.1980676, 12.9892094], [80.1978903, 12.988482], [80.1977251, 12.9879898], [80.197622, 12.9875884], [80.1975105, 12.9871039], [80.1973985, 12.9865622], [80.1973126, 12.9861508], [80.1972999, 12.9860894], [80.1972377, 12.9859038]]}}, {"type": "Feature", "properties": {"@id": "way/838437810", "access": "yes", "highway": "primary", "maxspeed": "40", "motor_vehicle": "yes", "name": "Mount - Medavakkam Road", "oneway": "no", "ref": "SH48A", "surface": "asphalt", "original_osm_index": 1782}, "geometry": {"type": "LineString", "coordinates": [[80.1986432, 12.991606], [80.1986732, 12.9916974], [80.1987127, 12.9918072], [80.1988655, 12.9921835], [80.1988838, 12.9922217], [80.1988924, 12.9922346], [80.19900302257919, 12.9924]]}}, {"type": "Feature", "properties": {"@id": "way/838437811", "access": "yes", "highway": "primary", "maxspeed": "40", "motor_vehicle": "yes", "name": "Mount - Medavakkam Road", "oneway": "no", "ref": "SH48A", "original_osm_index": 1783}, "geometry": {"type": "LineString", "coordinates": [[80.1964824, 12.9830692], [80.1964996, 12.9830734], [80.1966147, 12.9832941], [80.19684, 12.9836904], [80.1970052, 12.9839909], [80.1972801, 12.9844594], [80.1973169, 12.9845608], [80.1973398, 12.9846435], [80.1973468, 12.9847249], [80.1973367, 12.9848135], [80.1973108, 12.9850447], [80.1972187, 12.9854589], [80.1972031, 12.9855374]]}}, {"type": "Feature", "properties": {"@id": "way/838496930", "highway": "primary", "lanes": "2", "lit": "yes", "maxspeed": "40", "name": "Inner Ring Road (Southern Sector)", "name:ta": "உள்வட்டச் சாலை", "oneway": "yes", "ref": "SH2A", "surface": "asphalt", "original_osm_index": 1784}, "geometry": {"type": "LineString", "coordinates": [[80.2100738, 12.9738297], [80.2101607, 12.9737673], [80.210219, 12.9737256], [80.2104983, 12.973526], [80.2108344, 12.9732436], [80.2158707, 12.9690139], [80.2164435, 12.9686377], [80.2165419, 12.9685832], [80.2169645, 12.9683493], [80.2173776, 12.9681524]]}}, {"type": "Feature", "properties": {"@id": "way/838496931", "highway": "primary", "maxspeed": "40", "motorroad": "no", "name": "Inner Ring Road (Southern Sector)", "name:ta": "உள்வட்டச் சாலை", "oneway": "yes", "ref": "SH2A", "original_osm_index": 1785}, "geometry": {"type": "LineString", "coordinates": [[80.2099693, 12.973591], [80.2098038, 12.9737337], [80.2097115, 12.9738105], [80.2096415, 12.9738233]]}}, {"type": "Feature", "properties": {"@id": "way/856674107", "highway": "residential", "lanes": "2", "lit": "yes", "noname": "yes", "surface": "asphalt", "original_osm_index": 1786}, "geometry": {"type": "LineString", "coordinates": [[80.1899723, 12.9724809], [80.1901683, 12.9724606]]}}, {"type": "Feature", "properties": {"@id": "way/856674108", "highway": "residential", "lanes": "2", "lit": "yes", "noname": "yes", "surface": "asphalt", "original_osm_index": 1787}, "geometry": {"type": "LineString", "coordinates": [[80.1899095, 12.9721893], [80.1900974, 12.9721657]]}}, {"type": "Feature", "properties": {"@id": "way/857112445", "highway": "residential", "lane_markings": "no", "name": "பாலாஜி நகர் 10வது தெரு", "name:en": "Balaji Nagar 10th Street", "name:ta": "பாலாஜி நகர் 10வது தெரு", "surface": "asphalt", "original_osm_index": 1788}, "geometry": {"type": "LineString", "coordinates": [[80.1903373, 12.9714844], [80.1903511, 12.9715478], [80.1903793, 12.9716527], [80.1904054, 12.9717671], [80.1904076, 12.9718286], [80.1903337, 12.9718625], [80.1902467, 12.9718805]]}}, {"type": "Feature", "properties": {"@id": "way/857509327", "highway": "residential", "lane_markings": "no", "name": "Vijay Avenue", "surface": "asphalt", "original_osm_index": 1789}, "geometry": {"type": "LineString", "coordinates": [[80.1904079, 12.9739509], [80.1910704, 12.9739475], [80.1915421, 12.9739177], [80.1918836, 12.973816], [80.1919588, 12.973802]]}}, {"type": "Feature", "properties": {"@id": "way/857721067", "highway": "tertiary", "name": "கண்ணன் நகர் 3வது மெயின் ரோடு", "name:en": "Kannan Nagar 3rd Main Road", "name:ta": "விக்னேஸ்வரா நகர் 3வது தெரு", "original_osm_index": 1790}, "geometry": {"type": "LineString", "coordinates": [[80.1904108, 12.9701657], [80.1897161, 12.9703888], [80.1892936, 12.9705304], [80.1891, 12.970595417817819]]}}, {"type": "Feature", "properties": {"@id": "way/857721068", "highway": "residential", "lane_markings": "no", "name": "East Main Road", "name:ta": "கிழக்கு முதன்மை சாலை", "surface": "asphalt", "original_osm_index": 1791}, "geometry": {"type": "LineString", "coordinates": [[80.1891, 12.971248586127155], [80.189131, 12.9713456], [80.189159, 12.9714332]]}}, {"type": "Feature", "properties": {"@id": "way/857721069", "highway": "residential", "lane_markings": "no", "name": "பாலாஜி நகர் 8வது தெரு", "name:en": "Balaji Nagar 8th Street", "name:ta": "பாலாஜி நகர் 8வது தெரு", "surface": "asphalt", "original_osm_index": 1792}, "geometry": {"type": "LineString", "coordinates": [[80.1903696, 12.9729522], [80.1903622, 12.9727201]]}}, {"type": "Feature", "properties": {"@id": "way/857721070", "highway": "residential", "lane_markings": "no", "name": "பாலாஜி நகர் 9வது தெரு", "name:en": "Balaji Nagar 9th Street", "name:ta": "பாலாஜி நகர் 9வது தெரு", "surface": "asphalt", "original_osm_index": 1793}, "geometry": {"type": "LineString", "coordinates": [[80.1908834, 12.9729277], [80.190874, 12.9726733]]}}, {"type": "Feature", "properties": {"@id": "way/858073019", "highway": "residential", "lane_markings": "no", "name": "Vijay Avenue", "surface": "asphalt", "original_osm_index": 1794}, "geometry": {"type": "LineString", "coordinates": [[80.189438, 12.9738888], [80.1898878, 12.9739081], [80.1904079, 12.9739509]]}}, {"type": "Feature", "properties": {"@id": "way/858073020", "highway": "residential", "name": "Balaji Nagar Main Road", "name:ta": "பாலாஜி நகர் முதன்மை சாலை", "surface": "asphalt", "original_osm_index": 1795}, "geometry": {"type": "LineString", "coordinates": [[80.1894865, 12.9755438], [80.1894846, 12.9753355], [80.1894873, 12.975158], [80.1894859, 12.9749173], [80.1894858, 12.9747886], [80.1894706, 12.9745033], [80.1894672, 12.9744388], [80.189438, 12.9738888]]}}, {"type": "Feature", "properties": {"@id": "way/858073021", "highway": "residential", "name": "Lakshmi Nagar 11th Street", "name:ta": "லட்சுமி நகர் 11வது தெரு", "surface": "asphalt", "original_osm_index": 1796}, "geometry": {"type": "LineString", "coordinates": [[80.1899547, 12.9755844], [80.189929, 12.9756301], [80.1898908, 12.9756783], [80.1898473, 12.9757082], [80.1897597, 12.9757557], [80.1896983, 12.9757885], [80.1896541, 12.9758133]]}}, {"type": "Feature", "properties": {"@id": "way/858073022", "highway": "residential", "lane_markings": "no", "name": "Lakshmi Nagar 11th Street", "name:ta": "லட்சுமி நகர் 11வது தெரு", "surface": "asphalt", "original_osm_index": 1797}, "geometry": {"type": "LineString", "coordinates": [[80.1896983, 12.9757885], [80.1896887, 12.9757389], [80.1896803, 12.9756812], [80.1896766, 12.9756294], [80.1896708, 12.9755598]]}}, {"type": "Feature", "properties": {"@id": "way/858073023", "highway": "residential", "lane_markings": "no", "name": "Lakshmi Nagar 11th Street", "name:ta": "லட்சுமி நகர் 11வது தெரு", "surface": "asphalt", "original_osm_index": 1798}, "geometry": {"type": "LineString", "coordinates": [[80.1901301, 12.9755996], [80.1899547, 12.9755844], [80.1896708, 12.9755598], [80.1894865, 12.9755438]]}}, {"type": "Feature", "properties": {"@id": "way/858073025", "highway": "residential", "name": "Kanniga Colony 4th Street", "name:ta": "கன்னிகா காலனி 4வது தெரு", "surface": "asphalt", "original_osm_index": 1799}, "geometry": {"type": "LineString", "coordinates": [[80.1894706, 12.9745033], [80.1891516, 12.9745026]]}}, {"type": "Feature", "properties": {"@id": "way/858073026", "highway": "residential", "name": "பாலாஜி நகர் 3வது தெரு", "name:en": "Balaji Nagar 3rd Street", "name:ta": "பாலாஜி நகர் 3வது தெரு", "surface": "asphalt", "original_osm_index": 1800}, "geometry": {"type": "LineString", "coordinates": [[80.1894324, 12.9734015], [80.1894422, 12.9731181]]}}, {"type": "Feature", "properties": {"@id": "way/863257146", "highway": "residential", "name": "Varatharajapuram 2nd Lane", "name:ta": "வரதராஜபுரம் 2வது சந்து", "original_osm_index": 1801}, "geometry": {"type": "LineString", "coordinates": [[80.2239906, 12.97678], [80.2240142, 12.9764595]]}}, {"type": "Feature", "properties": {"@id": "way/863257149", "highway": "residential", "name": "Varatharajapuram 1st Lane", "name:ta": "வரதராஜபுரம் 1வது சந்து", "original_osm_index": 1802}, "geometry": {"type": "LineString", "coordinates": [[80.2236092, 12.976767], [80.2236258, 12.9764117]]}}, {"type": "Feature", "properties": {"@id": "way/863280020", "highway": "residential", "lanes": "1", "name": "VGP Selva Nagar Ext 5th Street", "surface": "asphalt", "original_osm_index": 1803}, "geometry": {"type": "LineString", "coordinates": [[80.2250348, 12.9720962], [80.2250879, 12.971617], [80.2251352, 12.9710843]]}}, {"type": "Feature", "properties": {"@id": "way/863280021", "highway": "residential", "original_osm_index": 1804}, "geometry": {"type": "LineString", "coordinates": [[80.2234566, 12.9719286], [80.2234972, 12.9714473], [80.2235316, 12.9709226]]}}, {"type": "Feature", "properties": {"@id": "way/863280022", "highway": "residential", "lanes": "1", "name": "VGP Selva Nagar Extension 5th Street", "name:ta": "விஜிபி செல்வா நகர் விரிவு 5வது தெரு", "surface": "asphalt", "original_osm_index": 1805}, "geometry": {"type": "LineString", "coordinates": [[80.2234566, 12.9719286], [80.2250348, 12.9720962], [80.2254773, 12.9721644]]}}, {"type": "Feature", "properties": {"@id": "way/863280023", "highway": "residential", "lane_markings": "no", "noname": "yes", "surface": "asphalt", "original_osm_index": 1806}, "geometry": {"type": "LineString", "coordinates": [[80.2223191, 12.975721], [80.2223238, 12.9760984]]}}, {"type": "Feature", "properties": {"@id": "way/876008346", "access": "yes", "bicycle": "no", "foot": "designated", "highway": "footway", "horse": "no", "motor_vehicle": "no", "name": "Leisure walk path", "smoothness": "good", "surface": "paving_stones", "original_osm_index": 1807}, "geometry": {"type": "LineString", "coordinates": [[80.1912553, 12.9647427], [80.1913023, 12.9647099], [80.1911494, 12.9641401], [80.1910395, 12.9637088], [80.1909161, 12.9632357], [80.1907981, 12.9628253], [80.1906452, 12.9623078], [80.19058714251953, 12.9621]]}}, {"type": "Feature", "properties": {"@id": "way/886863071", "access": "yes", "highway": "steps", "incline": "down", "original_osm_index": 1808}, "geometry": {"type": "LineString", "coordinates": [[80.1936367, 12.964498], [80.1936718, 12.9644558]]}}, {"type": "Feature", "properties": {"@id": "way/887000568", "highway": "residential", "name": "Kalaivani Street", "oneway": "no", "original_osm_index": 1809}, "geometry": {"type": "LineString", "coordinates": [[80.1906998, 12.9673805], [80.1913384, 12.9672232]]}}, {"type": "Feature", "properties": {"@id": "way/887000569", "highway": "residential", "name": "Kamaraj Street", "name:etymology:wikidata": "Q522048", "surface": "asphalt", "original_osm_index": 1810}, "geometry": {"type": "LineString", "coordinates": [[80.1913384, 12.9672232], [80.1912238, 12.9667017]]}}, {"type": "Feature", "properties": {"@id": "way/887003242", "highway": "residential", "name": "Annamalai Street", "original_osm_index": 1811}, "geometry": {"type": "LineString", "coordinates": [[80.1939196, 12.9707527], [80.192517, 12.9708996]]}}, {"type": "Feature", "properties": {"@id": "way/887003243", "highway": "residential", "name": "Arul Jothi Street", "oneway": "no", "surface": "asphalt", "original_osm_index": 1812}, "geometry": {"type": "LineString", "coordinates": [[80.192517, 12.9708996], [80.1926195, 12.971436]]}}, {"type": "Feature", "properties": {"@id": "way/894108466", "highway": "residential", "original_osm_index": 1813}, "geometry": {"type": "LineString", "coordinates": [[80.1936153, 12.9769915], [80.1937893, 12.976922], [80.1938386, 12.9769134], [80.1940295, 12.9769036]]}}, {"type": "Feature", "properties": {"@id": "way/914043349", "highway": "residential", "original_osm_index": 1814}, "geometry": {"type": "LineString", "coordinates": [[80.2031762, 12.9793872], [80.203242, 12.9797756]]}}, {"type": "Feature", "properties": {"@id": "way/914043350", "highway": "residential", "name": "Balaji Nagar 14th Street", "name:ta": "பாலாஜி நகர் 14வது தெரு", "original_osm_index": 1815}, "geometry": {"type": "LineString", "coordinates": [[80.204643, 12.9791834], [80.2042521, 12.9792317]]}}, {"type": "Feature", "properties": {"@id": "way/914043351", "highway": "tertiary", "name": "Brindavan Nagar Main Road", "surface": "asphalt", "original_osm_index": 1816}, "geometry": {"type": "LineString", "coordinates": [[80.2042521, 12.9792317], [80.2042024, 12.9788758], [80.2041942, 12.9788303]]}}, {"type": "Feature", "properties": {"@id": "way/922394746", "highway": "residential", "original_osm_index": 1817}, "geometry": {"type": "LineString", "coordinates": [[80.1955473, 12.9813066], [80.1955765, 12.9812414], [80.1956065, 12.9811934], [80.1956364, 12.981154], [80.1956628, 12.9811231], [80.1956956, 12.9810817], [80.1957104, 12.9810511], [80.1957301, 12.9810013], [80.1957454, 12.9809568], [80.1957612, 12.9809002], [80.1957787, 12.9808579], [80.1957983, 12.980811], [80.1958141, 12.9807784], [80.1958267, 12.9807406], [80.195846, 12.9806953], [80.1958664, 12.9806533], [80.1958902, 12.9806059], [80.1959128, 12.980554], [80.1959366, 12.980501], [80.1959717, 12.9804303], [80.1960114, 12.980363], [80.196042, 12.9803122], [80.1960692, 12.9802581], [80.1960918, 12.9802161], [80.1961122, 12.9801709], [80.1961292, 12.9801422], [80.1961462, 12.9801157], [80.1961768, 12.9800836], [80.1962142, 12.9800616], [80.1962505, 12.9800428], [80.1963014, 12.9800284], [80.1963502, 12.980013], [80.1963989, 12.9800075]]}}, {"type": "Feature", "properties": {"@id": "way/926307433", "highway": "residential", "name": "Defence Colony 2nd Street", "original_osm_index": 1818}, "geometry": {"type": "LineString", "coordinates": [[80.1903148, 12.9677691], [80.1902022, 12.9671378]]}}, {"type": "Feature", "properties": {"@id": "way/926307434", "highway": "residential", "name": "Senthuran Colony 1st Street", "original_osm_index": 1819}, "geometry": {"type": "LineString", "coordinates": [[80.1891, 12.966505468695054], [80.1894565, 12.9663919], [80.1901013, 12.9662454]]}}, {"type": "Feature", "properties": {"@id": "way/927624557", "highway": "residential", "name": "Iyappa Nagar Sannathi Street", "name:en": "Iyappa Nagar Sannathi Street", "name:ta": "ஐயப்பா நகர் சன்னதி தெரு", "surface": "asphalt", "original_osm_index": 1820}, "geometry": {"type": "LineString", "coordinates": [[80.1912553, 12.9647427], [80.1906627, 12.9649391], [80.1906044, 12.9649672], [80.190475, 12.9650888], [80.190426, 12.9651214]]}}, {"type": "Feature", "properties": {"@id": "way/932740707", "highway": "residential", "original_osm_index": 1821}, "geometry": {"type": "LineString", "coordinates": [[80.2166103, 12.982295], [80.2178536, 12.982412]]}}, {"type": "Feature", "properties": {"@id": "way/935484893", "highway": "residential", "name": "Adisankaran Street", "original_osm_index": 1822}, "geometry": {"type": "LineString", "coordinates": [[80.1941552, 12.9658025], [80.1940957, 12.9654073], [80.1940099, 12.9649849]]}}, {"type": "Feature", "properties": {"@id": "way/935484894", "highway": "footway", "name": "adisankaran Street", "original_osm_index": 1823}, "geometry": {"type": "LineString", "coordinates": [[80.1943742, 12.9657789], [80.1941552, 12.9658025]]}}, {"type": "Feature", "properties": {"@id": "way/939228066", "highway": "primary", "maxspeed": "40", "name": "Inner Ring Road (Southern Sector)", "name:ta": "உள்வட்டச் சாலை", "oneway": "yes", "ref": "SH2A", "original_osm_index": 1824}, "geometry": {"type": "LineString", "coordinates": [[80.2100738, 12.9738297], [80.2100692, 12.9737394]]}}, {"type": "Feature", "properties": {"@id": "way/939228067", "highway": "primary", "lanes": "2", "lit": "yes", "maxspeed": "40", "motorroad": "no", "name": "Inner Ring Road (Southern Sector)", "name:ta": "உள்வட்டச் சாலை", "oneway": "yes", "ref": "SH2A", "surface": "asphalt", "original_osm_index": 1825}, "geometry": {"type": "LineString", "coordinates": [[80.2099693, 12.973591], [80.210776, 12.9729268], [80.2116627, 12.9721555], [80.2123049, 12.971599], [80.2136506, 12.9704569], [80.2139001, 12.9702347], [80.214871, 12.9694009], [80.2155516, 12.9688076], [80.2157595, 12.9686301], [80.2157798, 12.9686144], [80.2161024, 12.9683655], [80.2163972, 12.9681802], [80.2165077, 12.9681023], [80.2166319, 12.9680169], [80.2167747, 12.9678953], [80.2169066, 12.9677305], [80.2170448, 12.9676045], [80.2171253, 12.9675515]]}}, {"type": "Feature", "properties": {"@id": "way/977482445", "highway": "residential", "surface": "asphalt", "original_osm_index": 1826}, "geometry": {"type": "LineString", "coordinates": [[80.2065211, 12.9721404], [80.2069824, 12.9721084]]}}, {"type": "Feature", "properties": {"@id": "way/993798018", "highway": "residential", "source": "maxar", "original_osm_index": 1827}, "geometry": {"type": "LineString", "coordinates": [[80.197546, 12.9668071], [80.1971912, 12.9668646]]}}, {"type": "Feature", "properties": {"@id": "way/993798032", "highway": "residential", "name": "Union Carbide Colony Thomas Nagar", "source": "maxar", "original_osm_index": 1828}, "geometry": {"type": "LineString", "coordinates": [[80.1934592, 12.9733656], [80.1934283, 12.9738454]]}}, {"type": "Feature", "properties": {"@id": "way/993798033", "access": "private", "highway": "service", "source": "maxar", "original_osm_index": 1829}, "geometry": {"type": "LineString", "coordinates": [[80.2002543, 12.9800033], [80.2002878, 12.9801005], [80.2003025, 12.980143], [80.2003616, 12.9803145], [80.200367, 12.9804243], [80.2004669, 12.9807826]]}}, {"type": "Feature", "properties": {"@id": "way/993798034", "highway": "residential", "source": "maxar", "original_osm_index": 1830}, "geometry": {"type": "LineString", "coordinates": [[80.2001945, 12.9804423], [80.1996267, 12.9805269], [80.1991309, 12.980581]]}}, {"type": "Feature", "properties": {"@id": "way/993798036", "highway": "residential", "source": "maxar", "original_osm_index": 1831}, "geometry": {"type": "LineString", "coordinates": [[80.1981707, 12.9853065], [80.1985755, 12.9852542]]}}, {"type": "Feature", "properties": {"@id": "way/993798038", "highway": "residential", "original_osm_index": 1832}, "geometry": {"type": "LineString", "coordinates": [[80.192158, 12.9897949], [80.1926143, 12.9896991]]}}, {"type": "Feature", "properties": {"@id": "way/993799026", "access": "private", "highway": "service", "source": "maxar", "original_osm_index": 1833}, "geometry": {"type": "LineString", "coordinates": [[80.1976922, 12.9801462], [80.1974531, 12.9801852], [80.1974135, 12.9801917]]}}, {"type": "Feature", "properties": {"@id": "way/1007652057", "bridge": "yes", "highway": "residential", "layer": "1", "name": "1st Main Road", "original_osm_index": 1834}, "geometry": {"type": "LineString", "coordinates": [[80.1933253, 12.9922144], [80.1934099, 12.9922421], [80.1934994, 12.9922722]]}}, {"type": "Feature", "properties": {"@id": "way/1007652060", "highway": "residential", "name": "1st Main Road", "original_osm_index": 1835}, "geometry": {"type": "LineString", "coordinates": [[80.1934994, 12.9922722], [80.1935682, 12.9922953], [80.1937901, 12.9923298], [80.1941678, 12.9922107], [80.1945576, 12.9920878], [80.194656, 12.9920568], [80.1953294, 12.9921599], [80.1956929, 12.9922102]]}}, {"type": "Feature", "properties": {"@id": "way/1015372659", "highway": "residential", "original_osm_index": 1836}, "geometry": {"type": "LineString", "coordinates": [[80.1891, 12.987707467753834], [80.1895028, 12.9877052]]}}, {"type": "Feature", "properties": {"@id": "way/1015883650", "highway": "primary_link", "oneway": "yes", "surface": "asphalt", "original_osm_index": 1837}, "geometry": {"type": "LineString", "coordinates": [[80.2194492, 12.9913927], [80.2194568, 12.9915406], [80.2194481, 12.9916914]]}}, {"type": "Feature", "properties": {"@id": "way/1015894846", "highway": "secondary", "name": "Velachery Main Road", "name:etymology:wikidata": "Q7918771", "name:ta": "வேளச்சேரி முதன்மைச் சாலை", "oneway": "no", "surface": "asphalt", "original_osm_index": 1838}, "geometry": {"type": "LineString", "coordinates": [[80.2214036, 12.9759943], [80.2213325, 12.9760873]]}}, {"type": "Feature", "properties": {"@id": "way/1015894847", "bicycle": "yes", "cycleway": "lane", "foot": "yes", "highway": "primary", "lanes": "2", "maxspeed": "50", "motorroad": "no", "name": "Taramani Link Road", "name:ta": "தரமணி சாலை", "old_ref": "MDR752", "oneway": "yes", "ref": "SH48B", "surface": "asphalt", "original_osm_index": 1839}, "geometry": {"type": "LineString", "coordinates": [[80.2213325, 12.9760873], [80.2215821, 12.9762478], [80.2219275, 12.9764634], [80.2220667, 12.9765503]]}}, {"type": "Feature", "properties": {"@id": "way/1015894850", "highway": "secondary", "lanes": "2", "name": "Velachery Main Road", "name:etymology:wikidata": "Q7918771", "name:ta": "வேளச்சேரி முதன்மைச் சாலை", "old_ref": "SH48", "oneway": "yes", "surface": "asphalt", "original_osm_index": 1840}, "geometry": {"type": "LineString", "coordinates": [[80.21900562415294, 12.9924], [80.2195487, 12.9916507]]}}, {"type": "Feature", "properties": {"@id": "way/1019183971", "highway": "primary", "maxspeed": "40", "name": "Major Mukund Varadharajan Salai", "name:ta": "மேஜர் முகுந்த் வரதராஜன் சாலை", "official_name": "Marmalong Bridge - Irumbuliyur - Vandalur - Mudichur - Oragadam - Walajabad Road", "oneway": "yes", "ref": "SH48", "surface": "asphalt", "original_osm_index": 1841}, "geometry": {"type": "LineString", "coordinates": [[80.2161609, 12.9642301], [80.2162824, 12.964519], [80.2163422, 12.964664]]}}, {"type": "Feature", "properties": {"@id": "way/1020276014", "access": "private", "highway": "service", "name": "Crematoriam Approach Street", "original_osm_index": 1842}, "geometry": {"type": "LineString", "coordinates": [[80.2079147, 12.9736948], [80.2080114, 12.9737173], [80.208048, 12.9737258], [80.2082148, 12.9737782], [80.208321, 12.973828], [80.2085002, 12.973828], [80.2086092, 12.9738065], [80.2086753, 12.9737447], [80.2087236, 12.9736237], [80.2087305, 12.9734961], [80.2087305, 12.9734074], [80.2087319, 12.9733214], [80.2087222, 12.9732247], [80.2086988, 12.9731051], [80.2083727, 12.9731287], [80.2082402, 12.9731474], [80.2080893, 12.9731691], [80.2079384, 12.9731908]]}}, {"type": "Feature", "properties": {"@id": "way/1020558882", "highway": "primary", "maxspeed": "40", "motorroad": "no", "name": "Major Mukund Varadharajan Salai", "name:ta": "மேஜர் முகுந்த் வரதராஜன் சாலை", "official_name": "Marmalong Bridge - Irumbuliyur - Vandalur - Mudichur - Oragadam - Walajabad Road", "oneway": "yes", "ref": "SH48", "surface": "asphalt", "original_osm_index": 1843}, "geometry": {"type": "LineString", "coordinates": [[80.2158831, 12.963531], [80.2159214, 12.9636175], [80.215942, 12.9636715]]}}, {"type": "Feature", "properties": {"@id": "way/1020569416", "bicycle": "yes", "cycleway": "lane", "foot": "yes", "highway": "primary", "lanes": "2", "maxspeed": "50", "motorroad": "no", "name": "Taramani Link Road", "name:ta": "தரமணி சாலை", "old_ref": "MDR752", "oneway": "yes", "ref": "SH48B", "surface": "asphalt", "original_osm_index": 1844}, "geometry": {"type": "LineString", "coordinates": [[80.225212, 12.9784681], [80.2253586, 12.9785526], [80.2266635, 12.9793065], [80.2281925, 12.9802521], [80.2283547, 12.9803508]]}}, {"type": "Feature", "properties": {"@id": "way/1020569417", "highway": "secondary", "lanes": "2", "name": "Velachery Main Road", "name:etymology:wikidata": "Q7918771", "name:ta": "வேளச்சேரி முதன்மைச் சாலை", "old_ref": "SH48", "oneway": "no", "surface": "asphalt", "original_osm_index": 1845}, "geometry": {"type": "LineString", "coordinates": [[80.2213325, 12.9760873], [80.2212565, 12.9761756], [80.2212424, 12.9762165], [80.2212166, 12.9763056], [80.2212122, 12.9764607], [80.2212169, 12.9767901], [80.2212104, 12.9770381], [80.221206, 12.9775013]]}}, {"type": "Feature", "properties": {"@id": "way/1021024228", "highway": "primary", "maxspeed": "40", "name": "Major Mukund Varadharajan Salai", "name:ta": "மேஜர் முகுந்த் வரதராஜன் சாலை", "official_name": "Marmalong Bridge - Irumbuliyur - Vandalur - Mudichur - Oragadam - Walajabad Road", "oneway": "yes", "ref": "SH48", "surface": "asphalt", "original_osm_index": 1846}, "geometry": {"type": "LineString", "coordinates": [[80.2160884, 12.963621], [80.2160713, 12.9635863], [80.2160258, 12.9634844]]}}, {"type": "Feature", "properties": {"@id": "way/1021024229", "cycleway": "lane", "highway": "primary", "lanes": "2", "maxspeed": "50", "name": "Taramani Link Road", "name:ta": "தரமணி சாலை", "old_ref": "MDR752", "oneway": "yes", "ref": "SH48B", "surface": "asphalt", "original_osm_index": 1847}, "geometry": {"type": "LineString", "coordinates": [[80.2282523, 12.9801764], [80.2274089, 12.9796622], [80.2268928, 12.9793422], [80.2260724, 12.9788536], [80.2253294, 12.9784111], [80.2252635, 12.9783717]]}}, {"type": "Feature", "properties": {"@id": "way/1021079965", "highway": "primary", "maxspeed": "40", "motorroad": "no", "name": "Inner Ring Road (Southern Sector)", "name:ta": "உள்வட்டச் சாலை", "oneway": "yes", "ref": "SH2A", "surface": "asphalt", "original_osm_index": 1848}, "geometry": {"type": "LineString", "coordinates": [[80.1964824, 12.9830692], [80.1968592, 12.9825301], [80.1971101, 12.9822541], [80.1971338, 12.982228], [80.1975653, 12.9817533], [80.1981739, 12.9811844], [80.1988083, 12.9806949]]}}, {"type": "Feature", "properties": {"@id": "way/1021079966", "highway": "primary", "maxspeed": "40", "motorroad": "no", "name": "Inner Ring Road (Southern Sector)", "name:ta": "உள்வட்டச் சாலை", "oneway": "yes", "ref": "SH2A", "surface": "asphalt", "original_osm_index": 1849}, "geometry": {"type": "LineString", "coordinates": [[80.198769, 12.9805239], [80.1982374, 12.9808732], [80.1980926, 12.9809899], [80.1979127, 12.9811597], [80.1975475, 12.9815045], [80.1974259, 12.9816066], [80.1973229, 12.9817165], [80.1970859, 12.9819906]]}}, {"type": "Feature", "properties": {"@id": "way/1021079967", "highway": "primary", "maxspeed": "40", "motorroad": "no", "name": "Inner Ring Road (Southern Sector)", "name:ta": "உள்வட்டச் சாலை", "oneway": "yes", "ref": "SH2A", "surface": "asphalt", "original_osm_index": 1850}, "geometry": {"type": "LineString", "coordinates": [[80.2096415, 12.9738233], [80.2084109, 12.9747899], [80.2077481, 12.9753125], [80.2066346, 12.9761665]]}}, {"type": "Feature", "properties": {"@id": "way/1028425023", "access": "yes", "highway": "primary", "maxspeed": "40", "motor_vehicle": "yes", "name": "Mount - Medavakkam Road", "oneway": "yes", "ref": "SH48A", "original_osm_index": 1851}, "geometry": {"type": "LineString", "coordinates": [[80.197819, 12.988501], [80.1980056, 12.9891993], [80.1982788, 12.9902836], [80.1983457, 12.9905511], [80.1984591, 12.9909576], [80.1985794, 12.9915007], [80.1986432, 12.991606]]}}, {"type": "Feature", "properties": {"@id": "way/1028425024", "highway": "tertiary", "original_osm_index": 1852}, "geometry": {"type": "LineString", "coordinates": [[80.197819, 12.988501], [80.1978903, 12.988482]]}}, {"type": "Feature", "properties": {"@id": "way/1028425025", "highway": "tertiary", "original_osm_index": 1853}, "geometry": {"type": "LineString", "coordinates": [[80.1954013, 12.9892144], [80.1942029, 12.9894776], [80.1933682, 12.9896609]]}}, {"type": "Feature", "properties": {"@id": "way/1028425026", "highway": "primary", "name": "Inner Ring Road (Southern Sector)", "name:ta": "உள்வட்டச் சாலை", "oneway": "yes", "ref": "SH2A", "original_osm_index": 1854}, "geometry": {"type": "LineString", "coordinates": [[80.1957262, 12.9866238], [80.1954561, 12.9874283], [80.195416, 12.9877508], [80.1953848, 12.9882089], [80.195417, 12.9887652], [80.1954013, 12.9892144]]}}, {"type": "Feature", "properties": {"@id": "way/1030689327", "highway": "secondary", "lanes": "2", "maxspeed": "30", "maxspeed:type": "sign", "name": "Velachery Main Road", "name:etymology:wikidata": "Q7918771", "name:ta": "வேளச்சேரி முதன்மைச் சாலை", "old_ref": "SH48", "oneway": "yes", "surface": "asphalt", "width": "8 m", "original_osm_index": 1855}, "geometry": {"type": "LineString", "coordinates": [[80.2195047, 12.9916066], [80.2194481, 12.9916914]]}}, {"type": "Feature", "properties": {"@id": "way/1030689328", "alt_name": "Bypass Road", "cycleway": "lane", "highway": "primary", "lanes": "2", "maxspeed": "50", "name": "Velachery Bypass Road", "name:ta": "வேளச்சேரி புறவழிச்சாலை", "oneway": "yes", "ref": "SH48C", "surface": "asphalt", "original_osm_index": 1856}, "geometry": {"type": "LineString", "coordinates": [[80.2194492, 12.9913927], [80.2195552, 12.9915416]]}}, {"type": "Feature", "properties": {"@id": "way/1033108877", "highway": "tertiary", "original_osm_index": 1857}, "geometry": {"type": "LineString", "coordinates": [[80.1946172, 12.97961], [80.1945251, 12.9796406], [80.1942618, 12.979735], [80.1938386, 12.9799375], [80.1922053, 12.9803932], [80.1917865, 12.9804971]]}}, {"type": "Feature", "properties": {"@id": "way/1046486632", "access": "private", "highway": "service", "original_osm_index": 1858}, "geometry": {"type": "LineString", "coordinates": [[80.2105586, 12.9736157], [80.2105734, 12.9736376], [80.2105646, 12.9749565], [80.2108056, 12.9749576], [80.2109512, 12.9749582]]}}, {"type": "Feature", "properties": {"@id": "way/1046486633", "access": "private", "highway": "service", "original_osm_index": 1859}, "geometry": {"type": "LineString", "coordinates": [[80.2109512, 12.9749582], [80.2110514, 12.9736595], [80.2109682, 12.9733892], [80.2109324, 12.9733498]]}}, {"type": "Feature", "properties": {"@id": "way/1052410676", "highway": "residential", "name": "Bharathidasan Street", "original_osm_index": 1860}, "geometry": {"type": "LineString", "coordinates": [[80.2005681, 12.9813224], [80.200497, 12.9808999]]}}, {"type": "Feature", "properties": {"@id": "way/1055000205", "access": "private", "highway": "residential", "source": "maxar", "original_osm_index": 1861}, "geometry": {"type": "LineString", "coordinates": [[80.2018325, 12.9628225], [80.2018687, 12.9628161], [80.2021484, 12.9627669]]}}, {"type": "Feature", "properties": {"@id": "way/1055000206", "highway": "residential", "source": "maxar", "original_osm_index": 1862}, "geometry": {"type": "LineString", "coordinates": [[80.2015952, 12.962284], [80.2015952, 12.9623206], [80.2016115, 12.9623758], [80.2016444, 12.9624585], [80.2016769, 12.9624724], [80.2017814, 12.9624822]]}}, {"type": "Feature", "properties": {"@id": "way/1055000207", "highway": "residential", "source": "maxar", "original_osm_index": 1863}, "geometry": {"type": "LineString", "coordinates": [[80.2015952, 12.962284], [80.2018581, 12.9622474]]}}, {"type": "Feature", "properties": {"@id": "way/1055000208", "highway": "residential", "source": "maxar", "original_osm_index": 1864}, "geometry": {"type": "LineString", "coordinates": [[80.2015952, 12.962284], [80.2013906, 12.9623063], [80.2013089, 12.962309], [80.2012763, 12.962301], [80.2012477, 12.9622732], [80.20122616480603, 12.9621]]}}, {"type": "Feature", "properties": {"@id": "way/1055001694", "highway": "residential", "source": "maxar", "original_osm_index": 1865}, "geometry": {"type": "LineString", "coordinates": [[80.2147141, 12.9632571], [80.2146492, 12.9630943], [80.2146365, 12.9630657], [80.2146165, 12.9630422], [80.2145832, 12.9630292]]}}, {"type": "Feature", "properties": {"@id": "way/1055001697", "highway": "residential", "source": "maxar", "original_osm_index": 1866}, "geometry": {"type": "LineString", "coordinates": [[80.2089053, 12.9645193], [80.2090372, 12.9644991]]}}, {"type": "Feature", "properties": {"@id": "way/1058442782", "highway": "primary", "name": "Inner Ring Road (Southern Sector)", "name:ta": "உள்வட்டச் சாலை", "oneway": "yes", "ref": "SH2A", "original_osm_index": 1867}, "geometry": {"type": "LineString", "coordinates": [[80.1955636, 12.988695], [80.195574, 12.9881004], [80.1955858, 12.9877194], [80.1955984, 12.9874759], [80.1959093, 12.9866859]]}}, {"type": "Feature", "properties": {"@id": "way/1072591246", "highway": "residential", "original_osm_index": 1868}, "geometry": {"type": "LineString", "coordinates": [[80.1904839, 12.9714235], [80.1909183, 12.9713159], [80.190981, 12.9712931]]}}, {"type": "Feature", "properties": {"@id": "way/1080320419", "highway": "service", "original_osm_index": 1869}, "geometry": {"type": "LineString", "coordinates": [[80.2052486, 12.9777897], [80.2049053, 12.9780563], [80.2048382, 12.9780537], [80.2046558, 12.9780014], [80.2045807, 12.9780197], [80.2041645, 12.9782602]]}}, {"type": "Feature", "properties": {"@id": "way/1080320421", "highway": "primary", "maxspeed": "40", "motorroad": "no", "name": "Inner Ring Road (Southern Sector)", "name:ta": "உள்வட்டச் சாலை", "oneway": "yes", "ref": "SH2A", "surface": "asphalt", "original_osm_index": 1870}, "geometry": {"type": "LineString", "coordinates": [[80.2064475, 12.9764703], [80.2067157, 12.976276], [80.2073889, 12.9758459], [80.2074557, 12.9758032], [80.2078889, 12.9755264], [80.2079201, 12.9755031], [80.2088777, 12.9747791], [80.2100738, 12.9738297]]}}, {"type": "Feature", "properties": {"@id": "way/1080320422", "highway": "primary", "maxspeed": "40", "motorroad": "no", "name": "Inner Ring Road (Southern Sector)", "name:ta": "உள்வட்டச் சாலை", "oneway": "yes", "ref": "SH2A", "surface": "asphalt", "tunnel": "building_passage", "original_osm_index": 1871}, "geometry": {"type": "LineString", "coordinates": [[80.2043852, 12.9780035], [80.2050769, 12.9774891], [80.2064475, 12.9764703]]}}, {"type": "Feature", "properties": {"@id": "way/1080320423", "highway": "primary", "maxspeed": "40", "motorroad": "no", "name": "Inner Ring Road (Southern Sector)", "name:ta": "உள்வட்டச் சாலை", "oneway": "yes", "ref": "SH2A", "surface": "asphalt", "tunnel": "building_passage", "original_osm_index": 1872}, "geometry": {"type": "LineString", "coordinates": [[80.2063757, 12.9763855], [80.2050099, 12.9773846], [80.2043167, 12.9778938]]}}, {"type": "Feature", "properties": {"@id": "way/1080320424", "highway": "primary", "maxspeed": "40", "motorroad": "no", "name": "Inner Ring Road (Southern Sector)", "name:ta": "உள்வட்டச் சாலை", "oneway": "yes", "ref": "SH2A", "surface": "asphalt", "original_osm_index": 1873}, "geometry": {"type": "LineString", "coordinates": [[80.2066346, 12.9761665], [80.2063757, 12.9763855]]}}, {"type": "Feature", "properties": {"@id": "way/1080327137", "highway": "residential", "original_osm_index": 1874}, "geometry": {"type": "LineString", "coordinates": [[80.1958182, 12.9785347], [80.1958716, 12.9780768], [80.1958939, 12.977886], [80.1959206, 12.9775391]]}}, {"type": "Feature", "properties": {"@id": "way/1080327139", "highway": "tertiary", "name": "Nanganallur 6th Main Road", "surface": "asphalt", "original_osm_index": 1875}, "geometry": {"type": "LineString", "coordinates": [[80.1917865, 12.9804971], [80.190153, 12.9806923], [80.1895308, 12.9807045], [80.1891429, 12.9806943], [80.1891, 12.98070117471384]]}}, {"type": "Feature", "properties": {"@id": "way/1081125778", "highway": "residential", "original_osm_index": 1876}, "geometry": {"type": "LineString", "coordinates": [[80.1937262, 12.977562], [80.1938044, 12.9775967]]}}, {"type": "Feature", "properties": {"@id": "way/1082485653", "access": "yes", "highway": "primary", "lanes": "2", "lit": "yes", "maxspeed": "40", "motor_vehicle": "yes", "name": "Mount - Medavakkam Road", "oneway": "yes", "ref": "SH48A", "source": "digitalglobe", "surface": "asphalt", "original_osm_index": 1877}, "geometry": {"type": "LineString", "coordinates": [[80.1899181, 12.9690131], [80.1897659, 12.9686351], [80.189596, 12.9682552]]}}, {"type": "Feature", "properties": {"@id": "way/1082485654", "access": "yes", "highway": "primary", "lanes": "2", "lit": "yes", "maxspeed": "40", "motor_vehicle": "yes", "name": "Mount - Medavakkam Road", "oneway": "yes", "ref": "SH48A", "source": "digitalglobe", "surface": "asphalt", "original_osm_index": 1878}, "geometry": {"type": "LineString", "coordinates": [[80.189596, 12.9682552], [80.1895614, 12.9681779], [80.1894772, 12.9679895], [80.1892355, 12.967405], [80.1891, 12.967091049386699]]}}, {"type": "Feature", "properties": {"@id": "way/1082485655", "highway": "tertiary", "name": "Madipakkam Main Road", "oneway": "no", "original_osm_index": 1879}, "geometry": {"type": "LineString", "coordinates": [[80.1898774, 12.9690267], [80.1899181, 12.9690131]]}}, {"type": "Feature", "properties": {"@id": "way/1082485673", "access": "yes", "highway": "primary", "lanes": "2", "lit": "yes", "maxspeed": "40", "motor_vehicle": "yes", "name": "Mount - Medavakkam Road", "oneway": "yes", "ref": "SH48A", "surface": "asphalt", "original_osm_index": 1880}, "geometry": {"type": "LineString", "coordinates": [[80.189535, 12.968278], [80.1895563, 12.9683279], [80.1897046, 12.9686614], [80.1897644, 12.9687716], [80.1898774, 12.9690267]]}}, {"type": "Feature", "properties": {"@id": "way/1082485674", "access": "yes", "highway": "primary", "lanes": "2", "lit": "yes", "maxspeed": "40", "motor_vehicle": "yes", "name": "Mount - Medavakkam Road", "oneway": "yes", "ref": "SH48A", "surface": "asphalt", "original_osm_index": 1881}, "geometry": {"type": "LineString", "coordinates": [[80.1891, 12.967227636523925], [80.1891838, 12.9674193], [80.1892184, 12.9675137], [80.1894229, 12.9680038], [80.1894997, 12.9681954], [80.189535, 12.968278]]}}, {"type": "Feature", "properties": {"@id": "way/1083927830", "highway": "residential", "source": "maxar", "original_osm_index": 1882}, "geometry": {"type": "LineString", "coordinates": [[80.2107616, 12.9759394], [80.2107634, 12.9758994], [80.210768, 12.9751279]]}}, {"type": "Feature", "properties": {"@id": "way/1083973667", "access": "private", "highway": "residential", "source": "maxar", "original_osm_index": 1883}, "geometry": {"type": "LineString", "coordinates": [[80.2212061, 12.9777947], [80.2211456, 12.9777925], [80.2210851, 12.9777904], [80.2208702, 12.9777827], [80.2206345, 12.9778211], [80.2205613, 12.9778743], [80.2205559, 12.9778816], [80.2205533, 12.9778906], [80.2205465, 12.9781806], [80.2205516, 12.9781898], [80.2205618, 12.978193], [80.221075, 12.9782092], [80.2211243, 12.9782136], [80.2211832, 12.9782163]]}}, {"type": "Feature", "properties": {"@id": "way/1085250112", "highway": "path", "source": "maxar", "original_osm_index": 1884}, "geometry": {"type": "LineString", "coordinates": [[80.2103578, 12.9758889], [80.2107634, 12.9758994]]}}, {"type": "Feature", "properties": {"@id": "way/1085250114", "access": "private", "highway": "service", "source": "maxar", "original_osm_index": 1885}, "geometry": {"type": "LineString", "coordinates": [[80.2093803, 12.9759274], [80.2093438, 12.9759274], [80.2092807, 12.9759288]]}}, {"type": "Feature", "properties": {"@id": "way/1085776419", "access": "private", "highway": "service", "original_osm_index": 1886}, "geometry": {"type": "LineString", "coordinates": [[80.2197997, 12.9785391], [80.2197898, 12.9782701], [80.21981, 12.9782559], [80.2208655, 12.978238], [80.2208882, 12.9782608], [80.2209301, 12.978555]]}}, {"type": "Feature", "properties": {"@id": "way/1088133255", "access": "private", "highway": "service", "original_osm_index": 1887}, "geometry": {"type": "LineString", "coordinates": [[80.217198, 12.9900713], [80.2172159, 12.990174], [80.2173467, 12.9901583], [80.2174645, 12.9908611]]}}, {"type": "Feature", "properties": {"@id": "way/1092344577", "highway": "residential", "source": "maxar", "original_osm_index": 1888}, "geometry": {"type": "LineString", "coordinates": [[80.2118948, 12.9728232], [80.2125455, 12.9727315]]}}, {"type": "Feature", "properties": {"@id": "way/1102493239", "highway": "residential", "original_osm_index": 1889}, "geometry": {"type": "LineString", "coordinates": [[80.1948837, 12.9824209], [80.1947289, 12.9820625], [80.1949301, 12.9819658]]}}, {"type": "Feature", "properties": {"@id": "way/1103544350", "highway": "residential", "name": "VGP Selva Nagar 2nd Main Road", "surface": "asphalt", "original_osm_index": 1890}, "geometry": {"type": "LineString", "coordinates": [[80.2235316, 12.9709226], [80.2251352, 12.9710843], [80.225604, 12.9711316], [80.225756, 12.9711372], [80.2258785, 12.9711465], [80.2260035, 12.9711645], [80.2261241, 12.9711771], [80.2263395, 12.9711894], [80.2264418, 12.9711937], [80.2265143, 12.9711968], [80.226673, 12.9711891], [80.2267083, 12.9711792], [80.2267506, 12.9711616], [80.226758, 12.9711575], [80.2268273, 12.9711198], [80.2268972, 12.9710565]]}}, {"type": "Feature", "properties": {"@id": "way/1103544351", "highway": "tertiary", "name": "Perungudi Station Road", "name:etymology:wikidata": "Q7171100", "original_osm_index": 1891}, "geometry": {"type": "LineString", "coordinates": [[80.2210651, 12.968773], [80.2208586, 12.9688631], [80.2194348, 12.9694521]]}}, {"type": "Feature", "properties": {"@id": "way/1103544352", "bridge": "yes", "comment": "this is still under construction but completely unusable", "highway": "tertiary", "layer": "1", "oneway": "yes", "original_osm_index": 1892}, "geometry": {"type": "LineString", "coordinates": [[80.2240565, 12.9685391], [80.2236295, 12.9683229]]}}, {"type": "Feature", "properties": {"@id": "way/1103544353", "highway": "tertiary", "name": "Perungudi Station Road", "name:etymology:wikidata": "Q7171100", "oneway": "yes", "surface": "paved", "original_osm_index": 1893}, "geometry": {"type": "LineString", "coordinates": [[80.2210651, 12.968773], [80.2211911, 12.9687571], [80.2213107, 12.9687057], [80.2220271, 12.9683976], [80.2225002, 12.9682176], [80.2225857, 12.9681973], [80.2228101, 12.9681784], [80.2229923, 12.9681867]]}}, {"type": "Feature", "properties": {"@id": "way/1103544354", "bridge": "yes", "highway": "tertiary", "layer": "1", "oneway": "yes", "surface": "paved", "original_osm_index": 1894}, "geometry": {"type": "LineString", "coordinates": [[80.223573, 12.9684204], [80.2240072, 12.9686348]]}}, {"type": "Feature", "properties": {"@id": "way/1105956370", "bridge": "yes", "highway": "primary", "layer": "1", "name": "Velachery Lower Flyover", "oneway": "yes", "surface": "asphalt", "original_osm_index": 1895}, "geometry": {"type": "LineString", "coordinates": [[80.219387, 12.9779775], [80.2198056, 12.976888], [80.2199369, 12.9765474], [80.2200092, 12.9763677], [80.220072, 12.9762141], [80.2201507, 12.9760404], [80.2202583, 12.9758337], [80.2203427, 12.9756979], [80.2204469, 12.9755169], [80.2204725, 12.9754693], [80.2205022, 12.9754086], [80.2205213, 12.975357], [80.2205351, 12.9753103], [80.2205479, 12.9752346], [80.2205553, 12.9751452], [80.2205555, 12.9750296], [80.2205504, 12.9749572], [80.2205394, 12.974902], [80.220525, 12.9748526], [80.2205022, 12.9747934], [80.2200432, 12.9738071]]}}, {"type": "Feature", "properties": {"@id": "way/1105956371", "bridge": "yes", "highway": "primary", "layer": "1", "name": "Velachery Upper Flyover", "oneway": "yes", "original_osm_index": 1896}, "geometry": {"type": "LineString", "coordinates": [[80.2202138, 12.9757596], [80.2201698, 12.9757957], [80.2201307, 12.9758352], [80.22009, 12.9758945], [80.2200436, 12.9759785], [80.2199862, 12.9761104], [80.2198121, 12.9765274], [80.2197248, 12.9767442], [80.2196439, 12.9769537], [80.2194866, 12.9773785], [80.2193414, 12.9777658], [80.2192548, 12.9779841], [80.2190655, 12.978461], [80.2188485, 12.9790347], [80.2185278, 12.9799358]]}}, {"type": "Feature", "properties": {"@id": "way/1105956372", "highway": "primary", "name": "Velachery Lower Flyover", "oneway": "yes", "original_osm_index": 1897}, "geometry": {"type": "LineString", "coordinates": [[80.2193279, 12.9781365], [80.219387, 12.9779775]]}}, {"type": "Feature", "properties": {"@id": "way/1105956373", "highway": "primary", "name": "100 Feet Road", "name:ta": "வேளச்சேரி புறவழிச் சாலை", "oneway": "yes", "original_osm_index": 1898}, "geometry": {"type": "LineString", "coordinates": [[80.2193279, 12.9781365], [80.2194198, 12.9780888], [80.2194824, 12.9779563], [80.2195108, 12.9778859], [80.2195174, 12.9778732], [80.219544, 12.9778115], [80.2197972, 12.9771638], [80.2199529, 12.9767862], [80.2200871, 12.9764609], [80.2201404, 12.9763325], [80.2201547, 12.9762902], [80.220161, 12.9762715], [80.2202098, 12.9761446], [80.2202782, 12.9760035], [80.2203358, 12.9758819], [80.2203908, 12.9757761], [80.2204375, 12.9757042], [80.2204643, 12.975663], [80.2205292, 12.9755867], [80.2205653, 12.9755564], [80.2205889, 12.9755367], [80.2206372, 12.9755129], [80.2207189, 12.9754853]]}}, {"type": "Feature", "properties": {"@id": "way/1105956375", "alt_name": "Bypass Road", "cycleway": "lane", "highway": "primary", "lanes": "2", "maxspeed": "50", "name": "100 Feet Road", "name:ta": "வேளச்சேரி புறவழிச்சாலை", "oneway": "yes", "ref": "SH48C", "surface": "asphalt", "original_osm_index": 1899}, "geometry": {"type": "LineString", "coordinates": [[80.2204894, 12.97508], [80.2204915, 12.9751107], [80.2204977, 12.9751555], [80.2204976, 12.9752006], [80.2204829, 12.9752686], [80.2204507, 12.975347], [80.2204051, 12.9754306], [80.2203582, 12.9755011], [80.2203367, 12.975526], [80.2203066, 12.97556], [80.2202861, 12.9755849], [80.2202557, 12.9756216], [80.2202426, 12.9756375], [80.2201784, 12.9757079], [80.2201133, 12.9757798], [80.2200678, 12.9758377], [80.2200294, 12.9758988], [80.2199624, 12.9760139], [80.2198996, 12.9761508], [80.2198209, 12.9763456], [80.2197633, 12.976488], [80.2196751, 12.976714], [80.2194883, 12.977206], [80.2191825, 12.9779737], [80.2191448, 12.9780536]]}}, {"type": "Feature", "properties": {"@id": "way/1105956378", "cycleway": "lane", "highway": "primary", "lanes": "2", "lit": "yes", "maxspeed": "50", "name": "Major Mukund Varadharajan Salai", "name:ta": "மேஜர் முகுந்த் வரதராஜன் சாலை", "official_name": "Marmalong Bridge - Irumbuliyur - Vandalur - Mudichur - Oragadam - Walajabad Road", "oneway": "yes", "ref": "SH48", "surface": "asphalt", "original_osm_index": 1900}, "geometry": {"type": "LineString", "coordinates": [[80.2214036, 12.9759943], [80.221305, 12.9759164], [80.2211908, 12.9758127], [80.2211481, 12.9757717], [80.2210581, 12.9756855], [80.2209379, 12.9755573], [80.2208671, 12.9754685], [80.2208393, 12.9754266], [80.2208026, 12.9753551], [80.2207427, 12.9752026], [80.2207147, 12.9751314], [80.2206684, 12.9750127], [80.2205958, 12.974827], [80.2205119, 12.9746256], [80.2204184, 12.974401], [80.2204048, 12.9743682], [80.2202265, 12.9739336], [80.2199898, 12.9733833], [80.2198761, 12.9731033], [80.2196904, 12.972646], [80.219574, 12.9723727], [80.2195467, 12.9723085], [80.219533, 12.9722763], [80.2194993, 12.9721972], [80.2194461, 12.9720642], [80.2194122, 12.9719844]]}}, {"type": "Feature", "properties": {"@id": "way/1105956379", "highway": "primary", "lane_markings": "no", "maxspeed": "40", "motorroad": "no", "name": "Major Mukund Varadharajan Salai", "name:ta": "மேஜர் முகுந்த் வரதராஜன் சாலை", "official_name": "Marmalong Bridge - Irumbuliyur - Vandalur - Mudichur - Oragadam - Walajabad Road", "oneway": "yes", "ref": "SH48", "surface": "asphalt", "width": "30 ft", "original_osm_index": 1901}, "geometry": {"type": "LineString", "coordinates": [[80.2187689, 12.9707573], [80.218843, 12.9709191], [80.2190042, 12.9713022], [80.2190447, 12.9714014]]}}, {"type": "Feature", "properties": {"@id": "way/1105956380", "highway": "primary", "lane_markings": "no", "maxspeed": "40", "motorroad": "no", "name": "Major Mukund Varadharajan Salai", "name:ta": "மேஜர் முகுந்த் வரதராஜன் சாலை", "official_name": "Marmalong Bridge - Irumbuliyur - Vandalur - Mudichur - Oragadam - Walajabad Road", "oneway": "yes", "ref": "SH48", "surface": "asphalt", "width": "30 ft", "original_osm_index": 1902}, "geometry": {"type": "LineString", "coordinates": [[80.2190447, 12.9714014], [80.219175, 12.9717386], [80.2192008, 12.9718053], [80.2192164, 12.971874]]}}, {"type": "Feature", "properties": {"@id": "way/1105956381", "highway": "primary", "name": "100 Feet Road", "name:ta": "வேளச்சேரி புறவழிச் சாலை", "oneway": "yes", "original_osm_index": 1903}, "geometry": {"type": "LineString", "coordinates": [[80.2191661, 12.9784912], [80.2192141, 12.9784301], [80.2192714, 12.9782778], [80.2193279, 12.9781365]]}}, {"type": "Feature", "properties": {"@id": "way/1105956382", "bridge": "yes", "highway": "primary", "layer": "1", "name": "Velachery Lower Flyover", "oneway": "yes", "surface": "asphalt", "original_osm_index": 1904}, "geometry": {"type": "LineString", "coordinates": [[80.2200432, 12.9738071], [80.2199746, 12.9736595], [80.2199101, 12.9735025], [80.2197978, 12.9731902], [80.2196977, 12.9729217], [80.2195935, 12.9726195], [80.219558, 12.9725226], [80.2195228, 12.9724201], [80.219481, 12.9723039]]}}, {"type": "Feature", "properties": {"@id": "way/1105956383", "highway": "primary", "lane_markings": "no", "lit": "yes", "maxspeed": "40", "motorroad": "no", "name": "Major Mukund Varadharajan Salai", "name:ta": "மேஜர் முகுந்த் வரதராஜன் சாலை", "official_name": "Marmalong Bridge - Irumbuliyur - Vandalur - Mudichur - Oragadam - Walajabad Road", "oneway": "yes", "ref": "SH48", "surface": "asphalt", "width": "30 ft", "original_osm_index": 1905}, "geometry": {"type": "LineString", "coordinates": [[80.219131, 12.9712759], [80.2189424, 12.9707377], [80.2188898, 12.9705875]]}}, {"type": "Feature", "properties": {"@id": "way/1105956384", "highway": "primary", "incline": "down", "name": "Velachery Upper Flyover", "oneway": "yes", "original_osm_index": 1906}, "geometry": {"type": "LineString", "coordinates": [[80.2250367, 12.978234], [80.2249288, 12.9782427], [80.2248166, 12.9781831]]}}, {"type": "Feature", "properties": {"@id": "way/1105956833", "alt_name": "Bypass Road", "cycleway": "lane", "highway": "primary", "lanes": "2", "maxspeed": "50", "name": "Velachery Bypass Road", "name:ta": "வேளச்சேரி புறவழிச்சாலை", "oneway": "yes", "ref": "SH48C", "surface": "asphalt", "original_osm_index": 1907}, "geometry": {"type": "LineString", "coordinates": [[80.2191448, 12.9780536], [80.2191203, 12.9781166], [80.219098, 12.9781639], [80.2188666, 12.9787559], [80.2188374, 12.9788292], [80.2188116, 12.978894], [80.218732, 12.9791283], [80.2186351, 12.9794109], [80.2186029, 12.9795109], [80.2185724, 12.9795876], [80.2185054, 12.9797564], [80.2184067, 12.9800506]]}}, {"type": "Feature", "properties": {"@id": "way/1105956834", "highway": "primary", "name": "Velachery Upper Flyover", "oneway": "yes", "original_osm_index": 1908}, "geometry": {"type": "LineString", "coordinates": [[80.2185278, 12.9799358], [80.2184391, 12.9801452], [80.2183344, 12.9802393]]}}, {"type": "Feature", "properties": {"@id": "way/1111705262", "highway": "residential", "original_osm_index": 1909}, "geometry": {"type": "LineString", "coordinates": [[80.1984087, 12.9834033], [80.1983287, 12.9831067]]}}, {"type": "Feature", "properties": {"@id": "way/1111705263", "highway": "residential", "original_osm_index": 1910}, "geometry": {"type": "LineString", "coordinates": [[80.1988536, 12.9832998], [80.1987761, 12.9829604]]}}, {"type": "Feature", "properties": {"@id": "way/1111705264", "highway": "residential", "original_osm_index": 1911}, "geometry": {"type": "LineString", "coordinates": [[80.1980912, 12.9834962], [80.1979457, 12.9829992]]}}, {"type": "Feature", "properties": {"@id": "way/1112206453", "highway": "secondary", "name": "Bazaar Road", "oneway": "yes", "original_osm_index": 1912}, "geometry": {"type": "LineString", "coordinates": [[80.2018479, 12.9658721], [80.2019407, 12.9658854], [80.2022055, 12.9658779], [80.2022837, 12.9658755], [80.2034478, 12.9658401], [80.2037962, 12.9657899], [80.2042239, 12.9657144]]}}, {"type": "Feature", "properties": {"@id": "way/1112206454", "highway": "secondary", "name": "Bazaar Road", "oneway": "yes", "original_osm_index": 1913}, "geometry": {"type": "LineString", "coordinates": [[80.2042239, 12.9657144], [80.2046765, 12.9656381], [80.2057097, 12.9654219], [80.2059217, 12.9653765], [80.2061766, 12.9653351], [80.2062619, 12.9653374]]}}, {"type": "Feature", "properties": {"@id": "way/1112206455", "highway": "secondary", "lanes": "2", "maxspeed": "20", "motor_vehicle": "yes", "name": "Bazaar Road", "name:ta": "பஜார் சாலை", "network": "IN:MDR:TN", "official_name": "Madipakkam - Velachery Road", "oneway": "yes", "ref": "MDR622", "surface": "asphalt", "original_osm_index": 1914}, "geometry": {"type": "LineString", "coordinates": [[80.2071714, 12.9652682], [80.2073194, 12.9652544], [80.2075506, 12.9652162], [80.2078318, 12.9651607], [80.2084543, 12.9650436], [80.2087062, 12.9649941], [80.2089611, 12.9649525]]}}, {"type": "Feature", "properties": {"@id": "way/1112206456", "highway": "secondary", "lanes": "2", "maxspeed": "20", "name:ta": "பஜார் சாலை", "network": "IN:MDR:TN", "official_name": "Madipakkam - Velachery Road", "ref": "MDR622", "surface": "asphalt", "original_osm_index": 1915}, "geometry": {"type": "LineString", "coordinates": [[80.2005331, 12.9655186], [80.2004547, 12.9655285], [80.2003788, 12.9655381], [80.2003456, 12.9655423], [80.2002576, 12.9655592], [80.2001965, 12.9655679], [80.2001456, 12.9655448], [80.2001276, 12.9655017], [80.2001169, 12.9654514], [80.2000775, 12.9651699], [80.2000666, 12.9650933], [80.2000357, 12.9650345], [80.1999812, 12.9649946], [80.199913, 12.9649796], [80.1998051, 12.9649811], [80.1997098, 12.9649901], [80.1996353, 12.9650005], [80.1995664, 12.9649976], [80.199491, 12.9649667], [80.1994134, 12.9649195], [80.1993717, 12.9648946], [80.1993309, 12.9648516], [80.199295, 12.9648285], [80.1992532, 12.964817], [80.1992104, 12.9648139], [80.1991286, 12.964817], [80.1989691, 12.9648347], [80.1988128, 12.9648611], [80.1986454, 12.9648758], [80.1985614, 12.9648709], [80.1985087, 12.9648642], [80.1984641, 12.9648579], [80.1983881, 12.9648345], [80.1983155, 12.9648205], [80.1980178, 12.9647756], [80.1971238, 12.9648015], [80.1966685, 12.9648067], [80.1963361, 12.9648168], [80.196166, 12.9648213], [80.1961525, 12.9648196], [80.1961371, 12.9648117]]}}, {"type": "Feature", "properties": {"@id": "way/1117738903", "highway": "secondary", "name": "Bazaar Road", "oneway": "yes", "original_osm_index": 1916}, "geometry": {"type": "LineString", "coordinates": [[80.2012926, 12.9653985], [80.2014177, 12.965379], [80.2015157, 12.9653802], [80.2016159, 12.9654055], [80.2016891, 12.9654411], [80.2017787, 12.9657354], [80.2018059, 12.9658032], [80.2018479, 12.9658721]]}}, {"type": "Feature", "properties": {"@id": "way/1117796742", "access": "private", "highway": "residential", "oneway": "yes", "original_osm_index": 1917}, "geometry": {"type": "LineString", "coordinates": [[80.2188571, 12.9792233], [80.2190192, 12.9792612], [80.2190893, 12.9792776], [80.2190236, 12.9794583], [80.2190262, 12.9794782], [80.2190317, 12.979488], [80.2190449, 12.9794967], [80.2193297, 12.9795627], [80.2193453, 12.9795582], [80.2193495, 12.9795442]]}}, {"type": "Feature", "properties": {"@id": "way/1117796743", "access": "private", "highway": "residential", "oneway": "yes", "original_osm_index": 1918}, "geometry": {"type": "LineString", "coordinates": [[80.2194611, 12.9791066], [80.2192092, 12.9790488], [80.2191904, 12.9790492], [80.2191826, 12.9790582], [80.2191098, 12.979235]]}}, {"type": "Feature", "properties": {"@id": "way/1117975326", "highway": "secondary", "name": "Bazaar Road", "oneway": "yes", "original_osm_index": 1919}, "geometry": {"type": "LineString", "coordinates": [[80.2005331, 12.9655186], [80.2006261, 12.9655237], [80.2012926, 12.9653985]]}}, {"type": "Feature", "properties": {"@id": "way/1119574678", "highway": "primary", "maxspeed": "40", "motorroad": "no", "name": "Inner Ring Road (Southern Sector)", "name:ta": "உள்வட்டச் சாலை", "oneway": "yes", "ref": "SH2A", "surface": "asphalt", "original_osm_index": 1920}, "geometry": {"type": "LineString", "coordinates": [[80.2043167, 12.9778938], [80.2041456, 12.9780086]]}}, {"type": "Feature", "properties": {"@id": "way/1119823427", "highway": "residential", "original_osm_index": 1921}, "geometry": {"type": "LineString", "coordinates": [[80.200436, 12.9630539], [80.2003617, 12.9624696]]}}, {"type": "Feature", "properties": {"@id": "way/1124222251", "highway": "residential", "original_osm_index": 1922}, "geometry": {"type": "LineString", "coordinates": [[80.2158424, 12.9855962], [80.2159076, 12.9856057], [80.2164802, 12.9855331]]}}, {"type": "Feature", "properties": {"@id": "way/1124222252", "highway": "residential", "name": "Astalakshmi Nagar 2nd Street", "original_osm_index": 1923}, "geometry": {"type": "LineString", "coordinates": [[80.2155834, 12.9851658], [80.2155952, 12.9851942], [80.2156002, 12.9855512], [80.215608, 12.9857234], [80.2156005, 12.9858306]]}}, {"type": "Feature", "properties": {"@id": "way/1124336478", "access": "private", "highway": "service", "original_osm_index": 1924}, "geometry": {"type": "LineString", "coordinates": [[80.2202353, 12.9789415], [80.2202252, 12.9791072], [80.2202327, 12.9791303], [80.2202542, 12.9791395]]}}, {"type": "Feature", "properties": {"@id": "way/1124336479", "access": "private", "highway": "service", "original_osm_index": 1925}, "geometry": {"type": "LineString", "coordinates": [[80.2202542, 12.9791395], [80.2210532, 12.9791722], [80.2211311, 12.9791794]]}}, {"type": "Feature", "properties": {"@id": "way/1124336480", "highway": "service", "original_osm_index": 1926}, "geometry": {"type": "LineString", "coordinates": [[80.2254874, 12.9787481], [80.2254767, 12.9790534]]}}, {"type": "Feature", "properties": {"@id": "way/1124343612", "highway": "secondary", "oneway": "yes", "original_osm_index": 1927}, "geometry": {"type": "LineString", "coordinates": [[80.2113062, 12.9645643], [80.2112567, 12.9645561], [80.2111986, 12.9645739], [80.2111087, 12.9646072], [80.2110256, 12.9646216], [80.210862, 12.9646425], [80.2101606, 12.96473], [80.2092807, 12.9648412], [80.2091547, 12.9648588], [80.2089559, 12.9648866], [80.2087041, 12.9649219]]}}, {"type": "Feature", "properties": {"@id": "way/1124343613", "highway": "secondary", "lanes": "2", "maxspeed": "20", "motor_vehicle": "yes", "name": "Bazaar Road", "name:ta": "பஜார் சாலை", "network": "IN:MDR:TN", "official_name": "Madipakkam - Velachery Road", "oneway": "yes", "ref": "MDR622", "surface": "asphalt", "original_osm_index": 1928}, "geometry": {"type": "LineString", "coordinates": [[80.2062619, 12.9653374], [80.2063242, 12.9653547], [80.2063617, 12.9653599], [80.2064475, 12.9653586], [80.2065682, 12.9653482], [80.2071039, 12.9652732], [80.2071714, 12.9652682]]}}, {"type": "Feature", "properties": {"@id": "way/1124343614", "highway": "secondary", "lanes": "2", "maxspeed": "30", "name": "Bazaar Main Road", "network": "IN:MDR:TN", "official_name": "Madipakkam - Velachery Road", "oneway": "yes", "ref": "MDR622", "surface": "asphalt", "original_osm_index": 1929}, "geometry": {"type": "LineString", "coordinates": [[80.2089611, 12.9649525], [80.211022, 12.9646751], [80.2111334, 12.9646536], [80.2112299, 12.9646209], [80.2112786, 12.9646005], [80.2113062, 12.9645643]]}}, {"type": "Feature", "properties": {"@id": "way/1124365933", "highway": "primary_link", "original_osm_index": 1930}, "geometry": {"type": "LineString", "coordinates": [[80.2203135, 12.9746827], [80.2205119, 12.9746256]]}}, {"type": "Feature", "properties": {"@id": "way/1126599643", "highway": "residential", "source": "maxar", "original_osm_index": 1931}, "geometry": {"type": "LineString", "coordinates": [[80.2205423, 12.9716815], [80.2213905, 12.9715432], [80.2214334, 12.9715536], [80.2214709, 12.9715327], [80.2215295, 12.9715255]]}}, {"type": "Feature", "properties": {"@id": "way/1130644634", "highway": "service", "original_osm_index": 1932}, "geometry": {"type": "LineString", "coordinates": [[80.19332850983858, 12.9924], [80.1933253, 12.9922144]]}}, {"type": "Feature", "properties": {"@id": "way/1131429188", "highway": "primary_link", "original_osm_index": 1933}, "geometry": {"type": "LineString", "coordinates": [[80.2252635, 12.9783717], [80.225212, 12.9784681]]}}, {"type": "Feature", "properties": {"@id": "way/1132355845", "highway": "residential", "original_osm_index": 1934}, "geometry": {"type": "LineString", "coordinates": [[80.2082952, 12.9917544], [80.2082196, 12.9914575]]}}, {"type": "Feature", "properties": {"@id": "way/1132412544", "access": "private", "highway": "service", "oneway": "yes", "original_osm_index": 1935}, "geometry": {"type": "LineString", "coordinates": [[80.21657441276643, 12.9924], [80.216174, 12.9917716], [80.2160821, 12.9916589], [80.216016, 12.9916046], [80.2159457, 12.9915623], [80.2158745, 12.9915049], [80.2158321, 12.9914415], [80.2158042, 12.9913459], [80.2156999, 12.9908246], [80.2157022, 12.9907812], [80.2157292, 12.990735], [80.2157715, 12.9907029], [80.2158322, 12.9906859], [80.215949, 12.9906624], [80.2161308, 12.9906337], [80.2162144, 12.9906106], [80.2162537, 12.9905884], [80.2162816, 12.9905351], [80.2163032, 12.9904042], [80.2163198, 12.990362], [80.2163558, 12.9903138]]}}, {"type": "Feature", "properties": {"@id": "way/1136152600", "highway": "residential", "original_osm_index": 1936}, "geometry": {"type": "LineString", "coordinates": [[80.1948924, 12.9733192], [80.1948663, 12.9734794]]}}, {"type": "Feature", "properties": {"@id": "way/1136152601", "highway": "residential", "original_osm_index": 1937}, "geometry": {"type": "LineString", "coordinates": [[80.1944721, 12.9732432], [80.194446, 12.9733678]]}}, {"type": "Feature", "properties": {"@id": "way/1136152602", "highway": "residential", "original_osm_index": 1938}, "geometry": {"type": "LineString", "coordinates": [[80.1949692, 12.9724059], [80.1949615, 12.971939]]}}, {"type": "Feature", "properties": {"@id": "way/1136392275", "highway": "residential", "original_osm_index": 1939}, "geometry": {"type": "LineString", "coordinates": [[80.2088529, 12.9908582], [80.2089805, 12.991192], [80.2090865, 12.9914982]]}}, {"type": "Feature", "properties": {"@id": "way/1138637509", "access": "yes", "highway": "primary", "maxspeed": "40", "motor_vehicle": "yes", "name": "Mount - Medavakkam Road", "oneway": "no", "ref": "SH48A", "original_osm_index": 1940}, "geometry": {"type": "LineString", "coordinates": [[80.1972031, 12.9855374], [80.1971958, 12.9856149], [80.1971996, 12.9857062], [80.1972377, 12.9859038]]}}, {"type": "Feature", "properties": {"@id": "way/1146411450", "highway": "residential", "original_osm_index": 1941}, "geometry": {"type": "LineString", "coordinates": [[80.2181511, 12.9808421], [80.2174718, 12.9808092]]}}, {"type": "Feature", "properties": {"@id": "way/1147394813", "highway": "tertiary", "maxspeed": "20", "name": "Ponniamman Koil Street", "official_name": "Puzhuthivakkam Road", "ref": "O5544", "original_osm_index": 1942}, "geometry": {"type": "LineString", "coordinates": [[80.1964637, 12.9723418], [80.1964153, 12.9720503], [80.1963411, 12.971586], [80.1963389, 12.9715719], [80.1963072, 12.9713737], [80.1962769, 12.9709574], [80.1962685, 12.9708418], [80.1962612, 12.9707696], [80.1962106, 12.970265], [80.196212, 12.9701171], [80.1962043, 12.9697463], [80.1962171, 12.9694499], [80.1962137, 12.9693499], [80.1962068, 12.968966], [80.1962102, 12.9689311], [80.1962068, 12.9685941], [80.1962108, 12.9685328], [80.1962069, 12.968261], [80.1962094, 12.968078], [80.1961952, 12.9677102], [80.1961811, 12.9675115], [80.196173, 12.96744], [80.196145, 12.9670161], [80.1961411, 12.9669069], [80.1961345, 12.9665257]]}}, {"type": "Feature", "properties": {"@id": "way/1147394814", "highway": "residential", "maxspeed": "20", "name": "Ponniamman Koil Street", "original_osm_index": 1943}, "geometry": {"type": "LineString", "coordinates": [[80.1961207, 12.964658], [80.1961074, 12.9643043], [80.196079, 12.964028], [80.1960449, 12.9639504], [80.195884, 12.9633489], [80.1958015, 12.963005], [80.1957613, 12.9627091]]}}, {"type": "Feature", "properties": {"@id": "way/1147394815", "highway": "tertiary", "maxspeed": "20", "name": "Ponniamman Koil Street", "original_osm_index": 1944}, "geometry": {"type": "LineString", "coordinates": [[80.1975475, 12.9815045], [80.1975289, 12.9812549], [80.1974912, 12.9808885], [80.1974634, 12.9807194], [80.1974135, 12.9801917], [80.197413, 12.9800647], [80.1974341, 12.9799909]]}}, {"type": "Feature", "properties": {"@id": "way/1147394816", "bridge": "yes", "highway": "tertiary", "layer": "1", "maxspeed": "20", "name": "Ponniamman Koil Street", "original_osm_index": 1945}, "geometry": {"type": "LineString", "coordinates": [[80.1974341, 12.9799909], [80.1974266, 12.9798987]]}}, {"type": "Feature", "properties": {"@id": "way/1150872406", "access": "yes", "check_date": "2024-04-10", "highway": "primary", "lanes": "2", "lit": "yes", "maxspeed": "40", "motor_vehicle": "yes", "name": "Mount - Medavakkam Road", "oneway": "yes", "opening_date": "2024-07-31", "ref": "SH48A", "source": "digitalglobe", "surface": "asphalt", "original_osm_index": 1946}, "geometry": {"type": "LineString", "coordinates": [[80.1952529, 12.9806799], [80.1951252, 12.9804662], [80.1949808, 12.9801866], [80.1946812, 12.9797061]]}}, {"type": "Feature", "properties": {"@id": "way/1152322466", "highway": "residential", "original_osm_index": 1947}, "geometry": {"type": "LineString", "coordinates": [[80.2139301, 12.9770665], [80.2139022, 12.9773605], [80.2138813, 12.9776316], [80.2138779, 12.9776515], [80.213869, 12.9776705], [80.2138501, 12.9776783], [80.213825, 12.9776812], [80.2134653, 12.9776294]]}}, {"type": "Feature", "properties": {"@id": "way/1152322467", "highway": "residential", "original_osm_index": 1948}, "geometry": {"type": "LineString", "coordinates": [[80.2139022, 12.9773605], [80.2134592, 12.9773291]]}}, {"type": "Feature", "properties": {"@id": "way/1154475058", "highway": "service", "motor_vehicle": "no", "original_osm_index": 1949}, "geometry": {"type": "LineString", "coordinates": [[80.2020688, 12.9742739], [80.2020923, 12.9742416], [80.2021364, 12.9742124]]}}, {"type": "Feature", "properties": {"@id": "way/1154888757", "bicycle": "yes", "cycleway": "lane", "foot": "yes", "highway": "primary", "lanes": "2", "maxspeed": "50", "motor_vehicle": "yes", "name": "Taramani Link Road", "name:ta": "தரமணி சாலை", "old_ref": "MDR752", "oneway": "yes", "ref": "SH48B", "surface": "asphalt", "original_osm_index": 1950}, "geometry": {"type": "LineString", "coordinates": [[80.2284, 12.980261593730402], [80.2282523, 12.9801764]]}}, {"type": "Feature", "properties": {"@id": "way/1188069309", "access": "private", "highway": "residential", "oneway": "yes", "original_osm_index": 1951}, "geometry": {"type": "LineString", "coordinates": [[80.2075468, 12.9758995], [80.2074557, 12.9758032]]}}, {"type": "Feature", "properties": {"@id": "way/1188069310", "access": "private", "highway": "residential", "original_osm_index": 1952}, "geometry": {"type": "LineString", "coordinates": [[80.2075715, 12.9759871], [80.2075393, 12.9760158], [80.2075342, 12.976027], [80.2075363, 12.9760456], [80.2075441, 12.976061], [80.207573, 12.9760902], [80.2075985, 12.9761043], [80.2076383, 12.9761114], [80.2076865, 12.9761136], [80.2083027, 12.9760736], [80.2083151, 12.976067], [80.2083233, 12.9760494], [80.2083157, 12.9759335], [80.2083119, 12.9759147], [80.2083006, 12.9758952], [80.2082806, 12.9758863], [80.2076732, 12.9759295], [80.2076398, 12.9759316], [80.2076157, 12.9759405], [80.2075972, 12.9759581], [80.2075715, 12.9759871]]}}, {"type": "Feature", "properties": {"@id": "way/1188069311", "access": "private", "highway": "residential", "oneway": "yes", "original_osm_index": 1953}, "geometry": {"type": "LineString", "coordinates": [[80.2073889, 12.9758459], [80.2074811, 12.9759507]]}}, {"type": "Feature", "properties": {"@id": "way/1188069312", "access": "private", "bridge": "yes", "highway": "residential", "layer": "1", "oneway": "yes", "original_osm_index": 1954}, "geometry": {"type": "LineString", "coordinates": [[80.2074811, 12.9759507], [80.2075074, 12.9759793]]}}, {"type": "Feature", "properties": {"@id": "way/1188069314", "access": "private", "bridge": "yes", "highway": "residential", "layer": "1", "oneway": "yes", "original_osm_index": 1955}, "geometry": {"type": "LineString", "coordinates": [[80.2075731, 12.9759294], [80.2075468, 12.9758995]]}}, {"type": "Feature", "properties": {"@id": "way/1188072772", "access": "private", "highway": "residential", "original_osm_index": 1956}, "geometry": {"type": "LineString", "coordinates": [[80.2103563, 12.9754807], [80.2102911, 12.9754855], [80.2102657, 12.9754875], [80.2099289, 12.9754986]]}}, {"type": "Feature", "properties": {"@id": "way/1188072773", "access": "private", "highway": "residential", "original_osm_index": 1957}, "geometry": {"type": "LineString", "coordinates": [[80.2102657, 12.9754875], [80.210264, 12.9753003], [80.210264, 12.9752901], [80.2102609, 12.9752748], [80.2102509, 12.9752662], [80.210089, 12.975271], [80.210032, 12.9752727], [80.209918, 12.9752761], [80.2098924, 12.9752846], [80.2098843, 12.9753024], [80.2098853, 12.9754846], [80.2098917, 12.9754937], [80.2099289, 12.9754986]]}}, {"type": "Feature", "properties": {"@id": "way/1188072774", "access": "private", "highway": "residential", "original_osm_index": 1958}, "geometry": {"type": "LineString", "coordinates": [[80.210264, 12.9753003], [80.2102848, 12.9753007], [80.2103431, 12.9753018]]}}, {"type": "Feature", "properties": {"@id": "way/1188072775", "access": "private", "highway": "residential", "original_osm_index": 1959}, "geometry": {"type": "LineString", "coordinates": [[80.210032, 12.9752727], [80.2100315, 12.9752555], [80.2100305, 12.9752216]]}}, {"type": "Feature", "properties": {"@id": "way/1188072776", "access": "private", "highway": "residential", "original_osm_index": 1960}, "geometry": {"type": "LineString", "coordinates": [[80.210089, 12.975271], [80.2100884, 12.9752551], [80.2100871, 12.9752215]]}}, {"type": "Feature", "properties": {"@id": "way/1188072777", "access": "private", "highway": "residential", "original_osm_index": 1961}, "geometry": {"type": "LineString", "coordinates": [[80.2098666, 12.9755715], [80.2098612, 12.9756948]]}}, {"type": "Feature", "properties": {"@id": "way/1188078978", "highway": "residential", "original_osm_index": 1962}, "geometry": {"type": "LineString", "coordinates": [[80.2097444, 12.9768214], [80.2097712, 12.9765675]]}}, {"type": "Feature", "properties": {"@id": "way/1188081291", "access": "private", "highway": "residential", "name": "DRA Tuxedo Elite Path", "oneway": "yes", "original_osm_index": 1963}, "geometry": {"type": "LineString", "coordinates": [[80.2088107, 12.9754653], [80.2081835, 12.9755323], [80.2081539, 12.9755492], [80.2081242, 12.9755769], [80.2081023, 12.9756007], [80.208075, 12.9756586], [80.2080686, 12.9756764]]}}, {"type": "Feature", "properties": {"@id": "way/1188081292", "access": "private", "highway": "residential", "name": "DRA Tuxedo Elite Path", "oneway": "yes", "tunnel": "building_passage", "original_osm_index": 1964}, "geometry": {"type": "LineString", "coordinates": [[80.2090443, 12.9754855], [80.2090163, 12.9754676], [80.2089623, 12.9754627], [80.2088809, 12.9754636], [80.2088107, 12.9754653]]}}, {"type": "Feature", "properties": {"@id": "way/1188081293", "access": "private", "highway": "residential", "oneway": "yes", "original_osm_index": 1965}, "geometry": {"type": "LineString", "coordinates": [[80.2078889, 12.9755264], [80.2079323, 12.975579]]}}, {"type": "Feature", "properties": {"@id": "way/1188081294", "access": "private", "highway": "residential", "oneway": "yes", "original_osm_index": 1966}, "geometry": {"type": "LineString", "coordinates": [[80.2080686, 12.9756764], [80.2080605, 12.9756619], [80.2080387, 12.9756379], [80.2080067, 12.975606]]}}, {"type": "Feature", "properties": {"@id": "way/1188081295", "access": "private", "bridge": "yes", "highway": "residential", "layer": "1", "oneway": "yes", "original_osm_index": 1967}, "geometry": {"type": "LineString", "coordinates": [[80.2079323, 12.975579], [80.2079739, 12.9756322]]}}, {"type": "Feature", "properties": {"@id": "way/1188198881", "highway": "residential", "original_osm_index": 1968}, "geometry": {"type": "LineString", "coordinates": [[80.201697, 12.9750957], [80.2016594, 12.9745157]]}}, {"type": "Feature", "properties": {"@id": "way/1188238535", "access": "private", "highway": "service", "original_osm_index": 1969}, "geometry": {"type": "LineString", "coordinates": [[80.2179014, 12.9817607], [80.2176901, 12.9817327], [80.2176497, 12.9817274], [80.2175367, 12.9817264], [80.2174953, 12.9817239], [80.2167819, 12.9816809], [80.2167694, 12.9816591], [80.2167631, 12.9816223], [80.216784, 12.98152], [80.2168115, 12.9815018], [80.2168436, 12.9815034], [80.2170732, 12.9814888], [80.2170696, 12.9814016], [80.2170693, 12.9813479]]}}, {"type": "Feature", "properties": {"@id": "way/1188240701", "access": "private", "highway": "residential", "original_osm_index": 1970}, "geometry": {"type": "LineString", "coordinates": [[80.2202356, 12.9801317], [80.2197581, 12.9801631], [80.2197315, 12.9801678], [80.2197187, 12.9801776], [80.2197107, 12.9801985], [80.219719, 12.98079], [80.2197194, 12.9808317], [80.2197256, 12.9808534], [80.2197388, 12.980865], [80.2197581, 12.9808674], [80.2202506, 12.9808644], [80.2202535, 12.9805603], [80.2202356, 12.9801317]]}}, {"type": "Feature", "properties": {"@id": "way/1188240702", "access": "private", "highway": "residential", "original_osm_index": 1971}, "geometry": {"type": "LineString", "coordinates": [[80.2210565, 12.9805552], [80.2210114, 12.9805543], [80.2207152, 12.9805641]]}}, {"type": "Feature", "properties": {"@id": "way/1188240703", "access": "private", "highway": "residential", "original_osm_index": 1972}, "geometry": {"type": "LineString", "coordinates": [[80.2202506, 12.9808644], [80.2206609, 12.9808807], [80.2206836, 12.9808752], [80.2206899, 12.9808633], [80.2207152, 12.9805641]]}}, {"type": "Feature", "properties": {"@id": "way/1188240704", "access": "private", "highway": "service", "original_osm_index": 1973}, "geometry": {"type": "LineString", "coordinates": [[80.2208204, 12.9808432], [80.2210445, 12.9807765]]}}, {"type": "Feature", "properties": {"@id": "way/1188241308", "access": "private", "highway": "residential", "original_osm_index": 1974}, "geometry": {"type": "LineString", "coordinates": [[80.2191853, 12.9843761], [80.2191871, 12.9843561], [80.2191951, 12.9840624]]}}, {"type": "Feature", "properties": {"@id": "way/1188645110", "highway": "residential", "original_osm_index": 1975}, "geometry": {"type": "LineString", "coordinates": [[80.1997909, 12.9831709], [80.1998092, 12.983458]]}}, {"type": "Feature", "properties": {"@id": "way/1188645111", "highway": "footway", "original_osm_index": 1976}, "geometry": {"type": "LineString", "coordinates": [[80.1993276, 12.9834839], [80.1998092, 12.983458]]}}, {"type": "Feature", "properties": {"@id": "way/1188652322", "access": "private", "highway": "residential", "original_osm_index": 1977}, "geometry": {"type": "LineString", "coordinates": [[80.1900361, 12.9729063], [80.1899578, 12.9729075], [80.1897038, 12.9729115], [80.189652, 12.9720598], [80.1896415, 12.9720349], [80.1896239, 12.972023], [80.1894547, 12.9720413], [80.1894143, 12.9720657], [80.1893886, 12.9720919], [80.1893614, 12.9721074], [80.1891933, 12.9721417], [80.1891662, 12.9721472], [80.1891, 12.972148361403509]]}}, {"type": "Feature", "properties": {"@id": "way/1188798891", "access": "private", "highway": "service", "oneway": "yes", "original_osm_index": 1978}, "geometry": {"type": "LineString", "coordinates": [[80.21791857138965, 12.9924], [80.217878, 12.9923761], [80.2178169, 12.9923493], [80.2177082, 12.9923112], [80.2176679, 12.9923161]]}}, {"type": "Feature", "properties": {"@id": "way/1188800469", "highway": "residential", "source": "digitalglobe", "original_osm_index": 1979}, "geometry": {"type": "LineString", "coordinates": [[80.1976564, 12.9824182], [80.1976454, 12.9823587], [80.1976231, 12.9822385], [80.1976175, 12.9822043], [80.1976036, 12.9821881], [80.1975849, 12.9821839], [80.197556, 12.9821841], [80.1974815, 12.9821917], [80.1972528, 12.9822222], [80.1971101, 12.9822541]]}}, {"type": "Feature", "properties": {"@id": "way/1188857880", "highway": "residential", "name": "3rd road", "original_osm_index": 1980}, "geometry": {"type": "LineString", "coordinates": [[80.2005929, 12.9715959], [80.2004641, 12.9711608], [80.2003795, 12.9708282], [80.200341, 12.9707158], [80.1996009, 12.9708006], [80.1994759, 12.9708032], [80.1988972, 12.9707673]]}}, {"type": "Feature", "properties": {"@id": "way/1188868247", "highway": "residential", "original_osm_index": 1981}, "geometry": {"type": "LineString", "coordinates": [[80.1982375, 12.9703903], [80.198043, 12.9703972], [80.1975396, 12.970443]]}}, {"type": "Feature", "properties": {"@id": "way/1188868248", "highway": "residential", "source": "digitalglobe", "original_osm_index": 1982}, "geometry": {"type": "LineString", "coordinates": [[80.1982799, 12.9707915], [80.1982375, 12.9703903]]}}, {"type": "Feature", "properties": {"@id": "way/1188868988", "highway": "residential", "name": "Kalai Magal Street", "original_osm_index": 1983}, "geometry": {"type": "LineString", "coordinates": [[80.1981668, 12.9695809], [80.1982009, 12.9700127]]}}, {"type": "Feature", "properties": {"@id": "way/1188868989", "highway": "residential", "source": "digitalglobe", "original_osm_index": 1984}, "geometry": {"type": "LineString", "coordinates": [[80.1982375, 12.9703903], [80.1982009, 12.9700127]]}}, {"type": "Feature", "properties": {"@id": "way/1188868990", "highway": "residential", "original_osm_index": 1985}, "geometry": {"type": "LineString", "coordinates": [[80.1987725, 12.9699818], [80.1986854, 12.969552], [80.198537, 12.9686567]]}}, {"type": "Feature", "properties": {"@id": "way/1188900721", "comment": "is it there all the places????", "highway": "residential", "name": "Lake View Road", "surface": "unpaved", "original_osm_index": 1986}, "geometry": {"type": "LineString", "coordinates": [[80.2143663, 12.9869658], [80.2144539, 12.9869649], [80.2149316, 12.9868507], [80.2150801, 12.9868466], [80.215312, 12.9868557], [80.2154536, 12.9868485], [80.2157807, 12.9867743], [80.2159996, 12.9867513], [80.2163038, 12.986757], [80.2166491, 12.9868129], [80.2168894, 12.9868464], [80.2170693, 12.9868359], [80.2174512, 12.9867143], [80.2176887, 12.9866695], [80.2178813, 12.9866229], [80.2180718, 12.9865688]]}}, {"type": "Feature", "properties": {"@id": "way/1188912537", "access": "private", "highway": "service", "source": "digitalglobe", "original_osm_index": 1987}, "geometry": {"type": "LineString", "coordinates": [[80.2143976, 12.9621141], [80.21440317037037, 12.9621]]}}, {"type": "Feature", "properties": {"@id": "way/1188919587", "access": "private", "highway": "residential", "original_osm_index": 1988}, "geometry": {"type": "LineString", "coordinates": [[80.198639, 12.9897137], [80.1987112, 12.9899842]]}}, {"type": "Feature", "properties": {"@id": "way/1188922580", "access": "private", "highway": "residential", "original_osm_index": 1989}, "geometry": {"type": "LineString", "coordinates": [[80.2125432, 12.9797168], [80.2125997, 12.9797217]]}}, {"type": "Feature", "properties": {"@id": "way/1188926341", "access": "private", "highway": "residential", "name": "Malles Arcadia Road", "original_osm_index": 1990}, "geometry": {"type": "MultiLineString", "coordinates": [[[80.2127886, 12.9792713], [80.2126934, 12.9792651], [80.2126662, 12.9792635], [80.2126501, 12.9792703], [80.2126408, 12.9792984], [80.2126363, 12.9793447], [80.2126347, 12.9793605], [80.2125997, 12.9797217], [80.2125823, 12.9798907], [80.2125828, 12.9799047], [80.2125964, 12.979914], [80.2126153, 12.9799214], [80.2132382, 12.9799725], [80.21325, 12.9799592], [80.2133017, 12.9794368], [80.2133107, 12.9793194], [80.2132979, 12.9793148], [80.2132798, 12.9793076], [80.2127886, 12.9792713]], [[80.2127886, 12.9792713], [80.2127909, 12.9792419], [80.2127891, 12.9791936]]]}}, {"type": "Feature", "properties": {"@id": "way/1188960376", "highway": "residential", "original_osm_index": 1991}, "geometry": {"type": "LineString", "coordinates": [[80.2119307, 12.9763521], [80.2119181, 12.9765077], [80.2118891, 12.9767261], [80.2118829, 12.9768663], [80.2118634, 12.9770087], [80.2118465, 12.9773366]]}}, {"type": "Feature", "properties": {"@id": "way/1188960377", "highway": "residential", "original_osm_index": 1992}, "geometry": {"type": "LineString", "coordinates": [[80.2124986, 12.976394], [80.2119307, 12.9763521]]}}, {"type": "Feature", "properties": {"@id": "way/1189071890", "highway": "living_street", "original_osm_index": 1993}, "geometry": {"type": "LineString", "coordinates": [[80.2242952, 12.9866264], [80.2244637, 12.9870904]]}}, {"type": "Feature", "properties": {"@id": "way/1189080829", "access": "private", "highway": "service", "lanes": "2", "oneway": "no", "surface": "asphalt", "width": "30'", "original_osm_index": 1994}, "geometry": {"type": "LineString", "coordinates": [[80.2125386, 12.9726672], [80.2126002, 12.9726628], [80.2129192, 12.9726367]]}}, {"type": "Feature", "properties": {"@id": "way/1189085406", "access": "private", "highway": "service", "original_osm_index": 1995}, "geometry": {"type": "LineString", "coordinates": [[80.2166299, 12.9666178], [80.2164228, 12.9666789]]}}, {"type": "Feature", "properties": {"@id": "way/1189085792", "highway": "service", "original_osm_index": 1996}, "geometry": {"type": "LineString", "coordinates": [[80.2179925, 12.9680849], [80.2181077, 12.9680541], [80.218186, 12.9680607], [80.2182945, 12.968091], [80.2183347, 12.9681272], [80.2183374, 12.968184], [80.2183141, 12.9682291], [80.2182486, 12.96826], [80.2180871, 12.9683147]]}}, {"type": "Feature", "properties": {"@id": "way/1189085793", "highway": "path", "original_osm_index": 1997}, "geometry": {"type": "LineString", "coordinates": [[80.2185792, 12.9681708], [80.2185139, 12.9680037]]}}, {"type": "Feature", "properties": {"@id": "way/1189086081", "highway": "service", "original_osm_index": 1998}, "geometry": {"type": "LineString", "coordinates": [[80.2187805, 12.966527], [80.2188223, 12.9668511], [80.2193091, 12.9668133]]}}, {"type": "Feature", "properties": {"@id": "way/1189086082", "highway": "service", "original_osm_index": 1999}, "geometry": {"type": "LineString", "coordinates": [[80.2200426, 12.9663761], [80.220101, 12.9667092], [80.2195751, 12.966786]]}}, {"type": "Feature", "properties": {"@id": "way/1189086491", "highway": "residential", "original_osm_index": 2000}, "geometry": {"type": "LineString", "coordinates": [[80.2138463, 12.9639852], [80.2139201, 12.9643393], [80.213955, 12.964507]]}}, {"type": "Feature", "properties": {"@id": "way/1189086492", "highway": "residential", "original_osm_index": 2001}, "geometry": {"type": "LineString", "coordinates": [[80.2139201, 12.9643393], [80.2134747, 12.9644271]]}}, {"type": "Feature", "properties": {"@id": "way/1189086745", "highway": "residential", "original_osm_index": 2002}, "geometry": {"type": "LineString", "coordinates": [[80.2129966, 12.9661173], [80.2129714, 12.9658393]]}}, {"type": "Feature", "properties": {"@id": "way/1189128912", "highway": "residential", "name": "Ganesh Nagar 1st Main Road", "original_osm_index": 2003}, "geometry": {"type": "LineString", "coordinates": [[80.1891, 12.962303232034795], [80.1895027, 12.9622318]]}}, {"type": "Feature", "properties": {"@id": "way/1189132047", "access": "private", "cycleway": "lane", "highway": "service", "name": "Sivaraman Street", "original_osm_index": 2004}, "geometry": {"type": "LineString", "coordinates": [[80.2052845, 12.9674253], [80.205205, 12.9673863], [80.2050657, 12.9673179], [80.2050322, 12.9673022]]}}, {"type": "Feature", "properties": {"@id": "way/1189135479", "highway": "residential", "original_osm_index": 2005}, "geometry": {"type": "LineString", "coordinates": [[80.2085264, 12.9653304], [80.2084543, 12.9650436]]}}, {"type": "Feature", "properties": {"@id": "way/1189135480", "highway": "residential", "name": "RamNagar 1st street (north.extn)", "original_osm_index": 2006}, "geometry": {"type": "LineString", "coordinates": [[80.209234, 12.969712], [80.2092136, 12.9692799], [80.2092088, 12.9691775], [80.2091876, 12.9687276], [80.2091835, 12.9686419], [80.2091405, 12.9683547], [80.2091397, 12.9681144], [80.2091333, 12.9680616], [80.2091323, 12.9675553], [80.2091232, 12.9673622], [80.2090742, 12.9670407], [80.2090576, 12.9668061], [80.2090356, 12.9665268], [80.2090085, 12.9662371], [80.209014, 12.965977], [80.2090209, 12.9656537], [80.2090117, 12.9654764], [80.2089825, 12.9652691], [80.2089816, 12.9652474], [80.2089611, 12.9649525]]}}, {"type": "Feature", "properties": {"@id": "way/1189149556", "highway": "residential", "original_osm_index": 2007}, "geometry": {"type": "LineString", "coordinates": [[80.1934248, 12.9760472], [80.193055, 12.9755307]]}}, {"type": "Feature", "properties": {"@id": "way/1189149557", "highway": "residential", "name": "Ponnappan Street", "surface": "asphalt", "original_osm_index": 2008}, "geometry": {"type": "LineString", "coordinates": [[80.1926678, 12.9755792], [80.193055, 12.9755307], [80.1931365, 12.975517], [80.1934201, 12.9755026]]}}, {"type": "Feature", "properties": {"@id": "way/1189289883", "highway": "residential", "original_osm_index": 2009}, "geometry": {"type": "LineString", "coordinates": [[80.2021456, 12.9760712], [80.2021379, 12.9759291], [80.2021178, 12.9754788]]}}, {"type": "Feature", "properties": {"@id": "way/1189290221", "highway": "residential", "name": "6th Street", "original_osm_index": 2010}, "geometry": {"type": "LineString", "coordinates": [[80.2069323, 12.9773023], [80.2082012, 12.9772085], [80.208728, 12.977137]]}}, {"type": "Feature", "properties": {"@id": "way/1189290501", "highway": "residential", "original_osm_index": 2011}, "geometry": {"type": "LineString", "coordinates": [[80.2093084, 12.9771164], [80.2100771, 12.9771535]]}}, {"type": "Feature", "properties": {"@id": "way/1189327491", "highway": "service", "original_osm_index": 2012}, "geometry": {"type": "LineString", "coordinates": [[80.2122316, 12.9771898], [80.2122566, 12.9769167], [80.2122465, 12.9768988], [80.2118829, 12.9768663]]}}, {"type": "Feature", "properties": {"@id": "way/1189327975", "highway": "residential", "original_osm_index": 2013}, "geometry": {"type": "LineString", "coordinates": [[80.2130117, 12.9758119], [80.2132613, 12.9758294]]}}, {"type": "Feature", "properties": {"@id": "way/1189327976", "access": "private", "highway": "service", "original_osm_index": 2014}, "geometry": {"type": "LineString", "coordinates": [[80.2130423, 12.9754953], [80.2130596, 12.9754962], [80.2133424, 12.9755102], [80.2135282, 12.9755194]]}}, {"type": "Feature", "properties": {"@id": "way/1189327977", "highway": "residential", "original_osm_index": 2015}, "geometry": {"type": "LineString", "coordinates": [[80.213395, 12.9764168], [80.2134197, 12.9758976]]}}, {"type": "Feature", "properties": {"@id": "way/1189329459", "access": "private", "highway": "service", "original_osm_index": 2016}, "geometry": {"type": "LineString", "coordinates": [[80.2120279, 12.9782279], [80.2120272, 12.9782643], [80.2120217, 12.9785786]]}}, {"type": "Feature", "properties": {"@id": "way/1189330081", "access": "private", "highway": "residential", "source": "digitalglobe", "original_osm_index": 2017}, "geometry": {"type": "LineString", "coordinates": [[80.2136106, 12.978631], [80.2130879, 12.9785936]]}}, {"type": "Feature", "properties": {"@id": "way/1189330702", "highway": "residential", "original_osm_index": 2018}, "geometry": {"type": "LineString", "coordinates": [[80.216261, 12.9795696], [80.2162631, 12.979989]]}}, {"type": "Feature", "properties": {"@id": "way/1189331588", "access": "private", "highway": "residential", "original_osm_index": 2019}, "geometry": {"type": "LineString", "coordinates": [[80.21803, 12.9793741], [80.2180293, 12.9792467], [80.2180284, 12.9790871]]}}, {"type": "Feature", "properties": {"@id": "way/1189331589", "access": "private", "highway": "residential", "original_osm_index": 2020}, "geometry": {"type": "LineString", "coordinates": [[80.2181045, 12.9790874], [80.2181118, 12.9788349], [80.2178795, 12.9788251], [80.2176336, 12.9788105], [80.2176332, 12.9785881], [80.2176318, 12.9783435], [80.2176355, 12.9781255], [80.2176437, 12.9781123], [80.2176611, 12.9781079], [80.2178811, 12.9781187]]}}, {"type": "Feature", "properties": {"@id": "way/1189333177", "highway": "residential", "original_osm_index": 2021}, "geometry": {"type": "LineString", "coordinates": [[80.2192714, 12.9782778], [80.2196763, 12.9783145], [80.219687, 12.9784288]]}}, {"type": "Feature", "properties": {"@id": "way/1189336846", "access": "private", "highway": "service", "original_osm_index": 2022}, "geometry": {"type": "LineString", "coordinates": [[80.2201404, 12.9763325], [80.2201986, 12.9763348], [80.220567, 12.9763529], [80.220565, 12.9764904], [80.2202412, 12.9764909], [80.2202038, 12.9764805], [80.2200871, 12.9764609]]}}, {"type": "Feature", "properties": {"@id": "way/1189336847", "access": "private", "highway": "service", "original_osm_index": 2023}, "geometry": {"type": "LineString", "coordinates": [[80.2201547, 12.9762902], [80.220204, 12.9762887], [80.2205484, 12.9763119]]}}, {"type": "Feature", "properties": {"@id": "way/1189342898", "access": "private", "highway": "residential", "original_osm_index": 2024}, "geometry": {"type": "LineString", "coordinates": [[80.2199529, 12.9767862], [80.2199929, 12.9767908], [80.2202599, 12.9768212], [80.2202697, 12.9768301], [80.2202719, 12.9769677], [80.220463, 12.9769692]]}}, {"type": "Feature", "properties": {"@id": "way/1189342899", "access": "private", "highway": "residential", "original_osm_index": 2025}, "geometry": {"type": "LineString", "coordinates": [[80.2200465, 12.977651], [80.2202475, 12.9776618], [80.2204842, 12.9776763]]}}, {"type": "Feature", "properties": {"@id": "way/1189342900", "access": "private", "highway": "residential", "original_osm_index": 2026}, "geometry": {"type": "LineString", "coordinates": [[80.22026, 12.9773153], [80.2202592, 12.9773556], [80.2202549, 12.9774936], [80.2204954, 12.9774967]]}}, {"type": "Feature", "properties": {"@id": "way/1189342901", "access": "private", "highway": "residential", "original_osm_index": 2027}, "geometry": {"type": "LineString", "coordinates": [[80.2202631, 12.9771395], [80.22026, 12.9773153], [80.2205004, 12.9773219]]}}, {"type": "Feature", "properties": {"@id": "way/1189342902", "access": "private", "highway": "residential", "original_osm_index": 2028}, "geometry": {"type": "LineString", "coordinates": [[80.2202663, 12.9770696], [80.2202631, 12.9771395], [80.220469, 12.977145]]}}, {"type": "Feature", "properties": {"@id": "way/1189342903", "access": "private", "highway": "residential", "original_osm_index": 2029}, "geometry": {"type": "LineString", "coordinates": [[80.2202719, 12.9769677], [80.2202663, 12.9770696], [80.2200542, 12.9770714]]}}, {"type": "Feature", "properties": {"@id": "way/1189342904", "access": "private", "highway": "residential", "original_osm_index": 2030}, "geometry": {"type": "LineString", "coordinates": [[80.2202549, 12.9774936], [80.2202475, 12.9776618], [80.2202397, 12.9778287], [80.2204511, 12.9778337]]}}, {"type": "Feature", "properties": {"@id": "way/1189342905", "access": "private", "highway": "residential", "original_osm_index": 2031}, "geometry": {"type": "LineString", "coordinates": [[80.2202592, 12.9773556], [80.2200503, 12.9773523], [80.2200478, 12.9775415]]}}, {"type": "Feature", "properties": {"@id": "way/1189344001", "access": "private", "highway": "residential", "original_osm_index": 2032}, "geometry": {"type": "LineString", "coordinates": [[80.221206, 12.9775302], [80.2211308, 12.9775269], [80.2206096, 12.9775033], [80.2205893, 12.9775113], [80.2205761, 12.9775352], [80.2205741, 12.9777885], [80.2205928, 12.9777977], [80.2206297, 12.9777977], [80.220749, 12.9777718], [80.2207955, 12.977751], [80.2208617, 12.9777346], [80.2209307, 12.9777254], [80.2211398, 12.9777386], [80.2212061, 12.9777428]]}}, {"type": "Feature", "properties": {"@id": "way/1189344572", "access": "private", "highway": "residential", "original_osm_index": 2033}, "geometry": {"type": "LineString", "coordinates": [[80.2219607, 12.9775298], [80.2219561, 12.9775816], [80.2219258, 12.9779195], [80.2219045, 12.9779344], [80.2213509, 12.9779049], [80.2213657, 12.9775746], [80.2213705, 12.9775075]]}}, {"type": "Feature", "properties": {"@id": "way/1189345200", "access": "private", "highway": "service", "original_osm_index": 2034}, "geometry": {"type": "LineString", "coordinates": [[80.2211016, 12.9797452], [80.2212051, 12.9797443], [80.2217123, 12.9797803], [80.2217224, 12.9797825], [80.2217289, 12.9797909], [80.2217069, 12.98], [80.2216967, 12.9800062], [80.221686, 12.9800092], [80.2211898, 12.9799937], [80.2210909, 12.9799885]]}}, {"type": "Feature", "properties": {"@id": "way/1189346111", "access": "private", "highway": "service", "original_osm_index": 2035}, "geometry": {"type": "LineString", "coordinates": [[80.2211287, 12.979223], [80.2212096, 12.9792294], [80.2218368, 12.9792789]]}}, {"type": "Feature", "properties": {"@id": "way/1189347510", "access": "private", "highway": "residential", "oneway": "yes", "original_osm_index": 2036}, "geometry": {"type": "LineString", "coordinates": [[80.2219275, 12.9764634], [80.2219239, 12.9764891], [80.2219145, 12.9765438], [80.221885, 12.9767649], [80.2218739, 12.9767879], [80.2218562, 12.9768023], [80.2212847, 12.9767912], [80.2212642, 12.9767903], [80.2212169, 12.9767901]]}}, {"type": "Feature", "properties": {"@id": "way/1189352635", "highway": "residential", "source": "digitalglobe", "original_osm_index": 2037}, "geometry": {"type": "LineString", "coordinates": [[80.2037305, 12.9712539], [80.2044118, 12.9711152]]}}, {"type": "Feature", "properties": {"@id": "way/1189601696", "access": "private", "highway": "residential", "original_osm_index": 2038}, "geometry": {"type": "LineString", "coordinates": [[80.1961237, 12.964921], [80.196068, 12.9649296], [80.1956808, 12.9649734]]}}, {"type": "Feature", "properties": {"@id": "way/1189601697", "highway": "living_street", "original_osm_index": 2039}, "geometry": {"type": "LineString", "coordinates": [[80.1955905, 12.9655174], [80.1956404, 12.9659406]]}}, {"type": "Feature", "properties": {"@id": "way/1189602929", "highway": "residential", "original_osm_index": 2040}, "geometry": {"type": "LineString", "coordinates": [[80.1985354, 12.9659208], [80.1983988, 12.9651251]]}}, {"type": "Feature", "properties": {"@id": "way/1189602930", "highway": "living_street", "original_osm_index": 2041}, "geometry": {"type": "LineString", "coordinates": [[80.198694, 12.966199], [80.1982496, 12.9662814]]}}, {"type": "Feature", "properties": {"@id": "way/1189602931", "highway": "residential", "original_osm_index": 2042}, "geometry": {"type": "LineString", "coordinates": [[80.2013592, 12.9658213], [80.2010136, 12.9658962]]}}, {"type": "Feature", "properties": {"@id": "way/1189610757", "highway": "living_street", "original_osm_index": 2043}, "geometry": {"type": "LineString", "coordinates": [[80.2176869, 12.9884057], [80.2177356, 12.9886632], [80.2177444, 12.9887094]]}}, {"type": "Feature", "properties": {"@id": "way/1189624217", "highway": "residential", "original_osm_index": 2044}, "geometry": {"type": "LineString", "coordinates": [[80.1957959, 12.9916449], [80.1952344, 12.9916995]]}}, {"type": "Feature", "properties": {"@id": "way/1190087889", "access": "private", "highway": "residential", "original_osm_index": 2045}, "geometry": {"type": "LineString", "coordinates": [[80.19011178904417, 12.9924], [80.1903414, 12.992278], [80.1898359, 12.9920946]]}}, {"type": "Feature", "properties": {"@id": "way/1190087890", "access": "private", "highway": "residential", "original_osm_index": 2046}, "geometry": {"type": "LineString", "coordinates": [[80.19134281689612, 12.9924], [80.1916858, 12.992243], [80.1917105, 12.9922135], [80.1917104, 12.9921784], [80.1898885, 12.9914928], [80.1897342, 12.9915589], [80.1897121, 12.9915901], [80.1896986, 12.9916156], [80.1896884, 12.9916579], [80.1896928, 12.9916911], [80.1898359, 12.9920946]]}}, {"type": "Feature", "properties": {"@id": "way/1190127497", "highway": "residential", "original_osm_index": 2047}, "geometry": {"type": "LineString", "coordinates": [[80.2140518, 12.9897311], [80.2141076, 12.9899731], [80.2141083, 12.98998], [80.2141066, 12.989986], [80.2141019, 12.9899901], [80.2140972, 12.9899914], [80.2138657, 12.9900369]]}}, {"type": "Feature", "properties": {"@id": "way/1190128136", "access": "permissive", "highway": "residential", "name": "Somasundaram Street", "name:ta": "சோமசுந்தரம் தெரு", "original_osm_index": 2048}, "geometry": {"type": "LineString", "coordinates": [[80.2193372, 12.9910729], [80.2191194, 12.9911411], [80.2185521, 12.9912959]]}}, {"type": "Feature", "properties": {"@id": "way/1190128770", "highway": "living_street", "original_osm_index": 2049}, "geometry": {"type": "LineString", "coordinates": [[80.2192026, 12.9870319], [80.2195527, 12.9878817]]}}, {"type": "Feature", "properties": {"@id": "way/1190129548", "access": "private", "highway": "service", "original_osm_index": 2050}, "geometry": {"type": "LineString", "coordinates": [[80.2221549, 12.9888707], [80.2221316, 12.9888409], [80.2217639, 12.9882838]]}}, {"type": "Feature", "properties": {"@id": "way/1190129549", "access": "private", "highway": "service", "original_osm_index": 2051}, "geometry": {"type": "LineString", "coordinates": [[80.2216446, 12.9892802], [80.2216028, 12.9892263], [80.2212203, 12.9886749], [80.2212198, 12.9886711], [80.221221, 12.9886677], [80.2212232, 12.9886639], [80.221602, 12.9884138], [80.2216089, 12.988411], [80.2216191, 12.9884107], [80.2216285, 12.988415], [80.2216369, 12.9884233], [80.2219643, 12.9889129], [80.2220104, 12.9889818]]}}, {"type": "Feature", "properties": {"@id": "way/1190129954", "highway": "residential", "original_osm_index": 2052}, "geometry": {"type": "LineString", "coordinates": [[80.2201434, 12.9881703], [80.2204784, 12.9889225]]}}, {"type": "Feature", "properties": {"@id": "way/1190131059", "access": "private", "highway": "service", "original_osm_index": 2053}, "geometry": {"type": "MultiLineString", "coordinates": [[[80.2209708, 12.989835], [80.2210046, 12.9898857], [80.2210384, 12.9899364]], [[80.2210384, 12.9899364], [80.2214019, 12.9904824], [80.2213927, 12.9905097], [80.2211773, 12.9906419], [80.2211564, 12.9906388], [80.2208348, 12.9901715], [80.2208403, 12.9901425], [80.2210384, 12.9899364]]]}}, {"type": "Feature", "properties": {"@id": "way/1190132080", "highway": "residential", "original_osm_index": 2054}, "geometry": {"type": "LineString", "coordinates": [[80.2219036, 12.987436], [80.2218339, 12.9872208], [80.2218102, 12.9872147], [80.221791, 12.987216], [80.221527, 12.9872977]]}}, {"type": "Feature", "properties": {"@id": "way/1190144289", "access": "private", "highway": "service", "original_osm_index": 2055}, "geometry": {"type": "LineString", "coordinates": [[80.2222806, 12.9722581], [80.2222294, 12.9722619], [80.2221739, 12.9722652]]}}, {"type": "Feature", "properties": {"@id": "way/1190145113", "highway": "residential", "original_osm_index": 2056}, "geometry": {"type": "LineString", "coordinates": [[80.2271179, 12.9729427], [80.2266264, 12.9728731], [80.2266056, 12.972978], [80.2262577, 12.9729228]]}}, {"type": "Feature", "properties": {"@id": "way/1190297637", "access": "private", "highway": "residential", "original_osm_index": 2057}, "geometry": {"type": "LineString", "coordinates": [[80.2261285, 12.9841916], [80.2261524, 12.9841911], [80.2264419, 12.9841852]]}}, {"type": "Feature", "properties": {"@id": "way/1190297959", "access": "private", "highway": "service", "original_osm_index": 2058}, "geometry": {"type": "LineString", "coordinates": [[80.2224252, 12.9807615], [80.2224354, 12.9812088], [80.2224306, 12.9817122]]}}, {"type": "Feature", "properties": {"@id": "way/1190297960", "access": "private", "highway": "service", "original_osm_index": 2059}, "geometry": {"type": "LineString", "coordinates": [[80.2221095, 12.9812188], [80.2221169, 12.9816199]]}}, {"type": "Feature", "properties": {"@id": "way/1190297961", "access": "private", "highway": "service", "original_osm_index": 2060}, "geometry": {"type": "LineString", "coordinates": [[80.2217918, 12.9812285], [80.2217976, 12.9816395]]}}, {"type": "Feature", "properties": {"@id": "way/1190298335", "access": "private", "highway": "residential", "original_osm_index": 2061}, "geometry": {"type": "LineString", "coordinates": [[80.2237527, 12.9838236], [80.2237534, 12.9838113], [80.2237636, 12.9836229], [80.2234271, 12.9835895], [80.2232625, 12.9835731]]}}, {"type": "Feature", "properties": {"@id": "way/1190298474", "access": "private", "highway": "residential", "original_osm_index": 2062}, "geometry": {"type": "LineString", "coordinates": [[80.2225223, 12.9838238], [80.2226183, 12.9838014], [80.2230787, 12.9837135], [80.223093, 12.983721]]}}, {"type": "Feature", "properties": {"@id": "way/1190298613", "highway": "residential", "name": "Karnam Street", "original_osm_index": 2063}, "geometry": {"type": "LineString", "coordinates": [[80.2225553, 12.983064], [80.2225812, 12.9836924], [80.2225743, 12.9837393], [80.2225076, 12.9838003]]}}, {"type": "Feature", "properties": {"@id": "way/1190309118", "highway": "residential", "original_osm_index": 2064}, "geometry": {"type": "LineString", "coordinates": [[80.2016951, 12.9737346], [80.2017602, 12.9740501], [80.20176, 12.9740711], [80.2017432, 12.9740847], [80.2015078, 12.9741117]]}}, {"type": "Feature", "properties": {"@id": "way/1190309581", "highway": "residential", "original_osm_index": 2065}, "geometry": {"type": "LineString", "coordinates": [[80.2033501, 12.9715532], [80.2030236, 12.9715706], [80.2029995, 12.9715562], [80.2029838, 12.9715312], [80.2029099, 12.9710798]]}}, {"type": "Feature", "properties": {"@id": "way/1190309582", "highway": "residential", "original_osm_index": 2066}, "geometry": {"type": "LineString", "coordinates": [[80.2034523, 12.9721373], [80.203194, 12.9722211], [80.2031444, 12.9722277], [80.2029781, 12.9721989], [80.2026529, 12.9719245]]}}, {"type": "Feature", "properties": {"@id": "way/1190318006", "highway": "living_street", "original_osm_index": 2067}, "geometry": {"type": "LineString", "coordinates": [[80.1919816, 12.9787667], [80.1920572, 12.9791125], [80.1921664, 12.9795192]]}}, {"type": "Feature", "properties": {"@id": "way/1190318324", "highway": "residential", "original_osm_index": 2068}, "geometry": {"type": "LineString", "coordinates": [[80.196113, 12.9794525], [80.1961606, 12.979958]]}}, {"type": "Feature", "properties": {"@id": "way/1190318704", "highway": "residential", "original_osm_index": 2069}, "geometry": {"type": "LineString", "coordinates": [[80.196916, 12.9785951], [80.1968594, 12.9790747]]}}, {"type": "Feature", "properties": {"@id": "way/1190319134", "highway": "residential", "name": "Gandhi Street", "name:etymology:wikidata": "Q1001", "original_osm_index": 2070}, "geometry": {"type": "LineString", "coordinates": [[80.1988672, 12.9804563], [80.1987358, 12.9797727]]}}, {"type": "Feature", "properties": {"@id": "way/1190319492", "highway": "residential", "original_osm_index": 2071}, "geometry": {"type": "LineString", "coordinates": [[80.19981, 12.978775], [80.1998235, 12.9781163]]}}, {"type": "Feature", "properties": {"@id": "way/1190320132", "highway": "residential", "name": "Gopinathan Street", "original_osm_index": 2072}, "geometry": {"type": "LineString", "coordinates": [[80.199239, 12.9762338], [80.199249, 12.9764904]]}}, {"type": "Feature", "properties": {"@id": "way/1190509379", "highway": "residential", "original_osm_index": 2073}, "geometry": {"type": "LineString", "coordinates": [[80.2111385, 12.9795738], [80.2107789, 12.9795356]]}}, {"type": "Feature", "properties": {"@id": "way/1190523337", "highway": "residential", "original_osm_index": 2074}, "geometry": {"type": "LineString", "coordinates": [[80.207543, 12.9916678], [80.2074391, 12.9913095]]}}, {"type": "Feature", "properties": {"@id": "way/1190561525", "highway": "residential", "original_osm_index": 2075}, "geometry": {"type": "LineString", "coordinates": [[80.2260035, 12.9711645], [80.2259094, 12.9720509]]}}, {"type": "Feature", "properties": {"@id": "way/1190561808", "highway": "residential", "original_osm_index": 2076}, "geometry": {"type": "LineString", "coordinates": [[80.2284, 12.973581864635454], [80.2281219, 12.9735679]]}}, {"type": "Feature", "properties": {"@id": "way/1190576280", "highway": "residential", "original_osm_index": 2077}, "geometry": {"type": "LineString", "coordinates": [[80.2260306, 12.9730901], [80.2265041, 12.9731483], [80.2265798, 12.9731606]]}}, {"type": "Feature", "properties": {"@id": "way/1190576281", "access": "private", "highway": "residential", "original_osm_index": 2078}, "geometry": {"type": "LineString", "coordinates": [[80.2265798, 12.9731606], [80.2265991, 12.9731651], [80.2272883, 12.9732923]]}}, {"type": "Feature", "properties": {"@id": "way/1190577687", "highway": "residential", "original_osm_index": 2079}, "geometry": {"type": "LineString", "coordinates": [[80.2199898, 12.9733833], [80.2209563, 12.9732947]]}}, {"type": "Feature", "properties": {"@id": "way/1190577688", "highway": "residential", "original_osm_index": 2080}, "geometry": {"type": "LineString", "coordinates": [[80.2209563, 12.9732947], [80.2209617, 12.9734912]]}}, {"type": "Feature", "properties": {"@id": "way/1190577689", "access": "private", "highway": "residential", "original_osm_index": 2081}, "geometry": {"type": "LineString", "coordinates": [[80.2209563, 12.9732947], [80.2210742, 12.973286], [80.2212145, 12.9732757]]}}, {"type": "Feature", "properties": {"@id": "way/1190577690", "access": "private", "highway": "residential", "original_osm_index": 2082}, "geometry": {"type": "LineString", "coordinates": [[80.2228208, 12.9734807], [80.2223823, 12.9734991], [80.2223793, 12.9734564], [80.222376, 12.9732368]]}}, {"type": "Feature", "properties": {"@id": "way/1190577691", "access": "private", "highway": "residential", "original_osm_index": 2083}, "geometry": {"type": "LineString", "coordinates": [[80.2223793, 12.9734564], [80.2212519, 12.9735076], [80.2212269, 12.9735047]]}}, {"type": "Feature", "properties": {"@id": "way/1190763076", "highway": "residential", "surface": "asphalt", "original_osm_index": 2084}, "geometry": {"type": "LineString", "coordinates": [[80.2183845, 12.9897045], [80.2182117, 12.9892557], [80.218198, 12.9892312], [80.2181838, 12.9892174]]}}, {"type": "Feature", "properties": {"@id": "way/1190814307", "highway": "living_street", "original_osm_index": 2085}, "geometry": {"type": "LineString", "coordinates": [[80.1946304, 12.9879635], [80.194536, 12.987578]]}}, {"type": "Feature", "properties": {"@id": "way/1190952340", "highway": "service", "original_osm_index": 2086}, "geometry": {"type": "LineString", "coordinates": [[80.1984936, 12.9907953], [80.1985651, 12.9906932], [80.1985283, 12.9904789], [80.1987222, 12.990425]]}}, {"type": "Feature", "properties": {"@id": "way/1191209686", "highway": "residential", "original_osm_index": 2087}, "geometry": {"type": "LineString", "coordinates": [[80.2190144, 12.9726125], [80.2184971, 12.9726589]]}}, {"type": "Feature", "properties": {"@id": "way/1191209687", "access": "private", "highway": "service", "original_osm_index": 2088}, "geometry": {"type": "LineString", "coordinates": [[80.2210349, 12.972005], [80.2210869, 12.9719944], [80.221116, 12.9719707], [80.2211211, 12.9719523], [80.2211296, 12.9718623], [80.2211107, 12.9717558], [80.2210965, 12.9716944], [80.2210841, 12.9716536], [80.2210726, 12.9716417], [80.2197731, 12.9718775], [80.2197226, 12.9718991], [80.2196631, 12.9719371], [80.2196001, 12.9719738], [80.219545, 12.9720172], [80.2195243, 12.9720315], [80.2195102, 12.9720414], [80.2194461, 12.9720642]]}}, {"type": "Feature", "properties": {"@id": "way/1191209688", "highway": "residential", "original_osm_index": 2089}, "geometry": {"type": "LineString", "coordinates": [[80.2198761, 12.9731033], [80.220493, 12.972998], [80.2208455, 12.9729363], [80.2209869, 12.97291], [80.2210155, 12.9729141], [80.2210322, 12.9729519], [80.2210408, 12.9730325], [80.2210472, 12.9731767]]}}, {"type": "Feature", "properties": {"@id": "way/1191210144", "highway": "residential", "original_osm_index": 2090}, "geometry": {"type": "LineString", "coordinates": [[80.2060733, 12.9667474], [80.2061332, 12.9671325]]}}, {"type": "Feature", "properties": {"@id": "way/1191211656", "access": "private", "highway": "residential", "original_osm_index": 2091}, "geometry": {"type": "LineString", "coordinates": [[80.2019483, 12.9822938], [80.2022486, 12.9822272]]}}, {"type": "Feature", "properties": {"@id": "way/1191211657", "highway": "residential", "original_osm_index": 2092}, "geometry": {"type": "LineString", "coordinates": [[80.201173, 12.9808562], [80.2011205, 12.9803496]]}}, {"type": "Feature", "properties": {"@id": "way/1191215246", "access": "private", "highway": "service", "original_osm_index": 2093}, "geometry": {"type": "LineString", "coordinates": [[80.2090782, 12.9830159], [80.2090707, 12.9832368]]}}, {"type": "Feature", "properties": {"@id": "way/1191215247", "access": "private", "highway": "service", "original_osm_index": 2094}, "geometry": {"type": "LineString", "coordinates": [[80.2087024, 12.9833645], [80.2089199, 12.9833695]]}}, {"type": "Feature", "properties": {"@id": "way/1191215248", "access": "private", "highway": "service", "original_osm_index": 2095}, "geometry": {"type": "LineString", "coordinates": [[80.2092269, 12.983376], [80.2094271, 12.9833799]]}}, {"type": "Feature", "properties": {"@id": "way/1191215249", "access": "private", "highway": "service", "original_osm_index": 2096}, "geometry": {"type": "LineString", "coordinates": [[80.2090616, 12.9837461], [80.2090714, 12.9835369]]}}, {"type": "Feature", "properties": {"@id": "way/1191215250", "access": "private", "highway": "footway", "original_osm_index": 2097}, "geometry": {"type": "LineString", "coordinates": [[80.2090714, 12.9835369], [80.2089473, 12.9835336], [80.2089338, 12.9835323], [80.2089253, 12.9835244], [80.2089199, 12.9833695], [80.2089242, 12.9832898], [80.2089243, 12.983233], [80.2089486, 12.9832318], [80.2089931, 12.9832317], [80.2090707, 12.9832368], [80.2091553, 12.9832363], [80.2092276, 12.9832353], [80.2092242, 12.9833125], [80.2092269, 12.983376], [80.2092233, 12.9834996], [80.2092215, 12.9835303], [80.2092164, 12.9835381], [80.2091787, 12.9835381], [80.2090714, 12.9835369]]}}, {"type": "Feature", "properties": {"@id": "way/1191215251", "highway": "residential", "original_osm_index": 2098}, "geometry": {"type": "LineString", "coordinates": [[80.2094783, 12.982398], [80.2099424, 12.9823937]]}}, {"type": "Feature", "properties": {"@id": "way/1191718573", "highway": "residential", "original_osm_index": 2099}, "geometry": {"type": "LineString", "coordinates": [[80.1996087, 12.9638801], [80.1996246, 12.9634631], [80.1996381, 12.9634239], [80.1996595, 12.9633925], [80.199683, 12.9633833]]}}, {"type": "Feature", "properties": {"@id": "way/1191744329", "access": "private", "highway": "residential", "original_osm_index": 2100}, "geometry": {"type": "LineString", "coordinates": [[80.1907773, 12.9708151], [80.1908021, 12.9708119], [80.191242, 12.9707544], [80.19128, 12.9707508], [80.1912989, 12.9707495], [80.191323, 12.9707393], [80.1913261, 12.9707264], [80.1912909, 12.9705707], [80.1912737, 12.9704869], [80.1912694, 12.9704659]]}}, {"type": "Feature", "properties": {"@id": "way/1191744330", "access": "private", "highway": "service", "original_osm_index": 2101}, "geometry": {"type": "LineString", "coordinates": [[80.1936, 12.9727269], [80.1935972, 12.972679], [80.1935945, 12.9726311], [80.1935917, 12.9725353], [80.1935927, 12.9724727], [80.1935976, 12.9724335], [80.1936089, 12.9724048], [80.1936412, 12.9723845], [80.1936731, 12.9723749], [80.1937175, 12.9723743], [80.1937442, 12.9723911], [80.1937656, 12.9724387], [80.1937904, 12.9725346], [80.1937994, 12.972646], [80.1938041, 12.9727036]]}}, {"type": "Feature", "properties": {"@id": "way/1191745300", "access": "private", "highway": "residential", "original_osm_index": 2102}, "geometry": {"type": "LineString", "coordinates": [[80.194108, 12.9731756], [80.1940851, 12.9733921]]}}, {"type": "Feature", "properties": {"@id": "way/1191745740", "access": "private", "highway": "residential", "original_osm_index": 2103}, "geometry": {"type": "LineString", "coordinates": [[80.1963411, 12.971586], [80.1963745, 12.9715806], [80.196458, 12.9715672], [80.1965492, 12.9715503], [80.1966024, 12.9715362], [80.1966708, 12.9715131]]}}, {"type": "Feature", "properties": {"@id": "way/1191755672", "highway": "residential", "original_osm_index": 2104}, "geometry": {"type": "LineString", "coordinates": [[80.1891, 12.989839557337435], [80.1892087, 12.9898184]]}}, {"type": "Feature", "properties": {"@id": "way/1191764676", "highway": "residential", "original_osm_index": 2105}, "geometry": {"type": "LineString", "coordinates": [[80.2229732, 12.9686982], [80.2232625, 12.9686875], [80.2234226, 12.9689265]]}}, {"type": "Feature", "properties": {"@id": "way/1191804343", "highway": "residential", "original_osm_index": 2106}, "geometry": {"type": "LineString", "coordinates": [[80.2005625, 12.9898682], [80.2002664, 12.9899503]]}}, {"type": "Feature", "properties": {"@id": "way/1191804344", "highway": "residential", "original_osm_index": 2107}, "geometry": {"type": "LineString", "coordinates": [[80.2003357, 12.9880537], [80.2005471, 12.9880329]]}}, {"type": "Feature", "properties": {"@id": "way/1191972032", "highway": "residential", "original_osm_index": 2108}, "geometry": {"type": "LineString", "coordinates": [[80.2284, 12.978821567323651], [80.2283355, 12.9788177]]}}, {"type": "Feature", "properties": {"@id": "way/1191973302", "highway": "residential", "original_osm_index": 2109}, "geometry": {"type": "LineString", "coordinates": [[80.2280216, 12.9752096], [80.2278267, 12.9751879], [80.2278024, 12.9751896], [80.2277806, 12.9752072], [80.2277625, 12.9752539], [80.2277507, 12.9752944], [80.2277291, 12.9753836], [80.2279986, 12.9754343]]}}, {"type": "Feature", "properties": {"@id": "way/1191973303", "highway": "residential", "original_osm_index": 2110}, "geometry": {"type": "LineString", "coordinates": [[80.2277291, 12.9753836], [80.2276898, 12.9755441]]}}, {"type": "Feature", "properties": {"@id": "way/1191974815", "access": "private", "highway": "service", "original_osm_index": 2111}, "geometry": {"type": "LineString", "coordinates": [[80.2230849, 12.9761473], [80.2230841, 12.9761256], [80.2230734, 12.9758058]]}}, {"type": "Feature", "properties": {"@id": "way/1191975196", "highway": "residential", "original_osm_index": 2112}, "geometry": {"type": "LineString", "coordinates": [[80.2240014, 12.9761044], [80.2240285, 12.9758131]]}}, {"type": "Feature", "properties": {"@id": "way/1192038211", "access": "private", "highway": "residential", "oneway": "yes", "original_osm_index": 2113}, "geometry": {"type": "LineString", "coordinates": [[80.1946242, 12.9834124], [80.1944902, 12.9834568], [80.1941613, 12.983552], [80.1940392, 12.9835832], [80.1939995, 12.9835738], [80.1939751, 12.9835423], [80.1939143, 12.9832003], [80.1939319, 12.9831817], [80.1939609, 12.9831683], [80.1944634, 12.9830048]]}}, {"type": "Feature", "properties": {"@id": "way/1192039373", "highway": "residential", "original_osm_index": 2114}, "geometry": {"type": "LineString", "coordinates": [[80.1980197, 12.9816758], [80.1981268, 12.9822455]]}}, {"type": "Feature", "properties": {"@id": "way/1192040138", "highway": "residential", "original_osm_index": 2115}, "geometry": {"type": "LineString", "coordinates": [[80.1994283, 12.9841265], [80.1991643, 12.9841575]]}}, {"type": "Feature", "properties": {"@id": "way/1192126336", "highway": "residential", "original_osm_index": 2116}, "geometry": {"type": "LineString", "coordinates": [[80.197518, 12.9622864], [80.1976542, 12.9627709]]}}, {"type": "Feature", "properties": {"@id": "way/1192636613", "highway": "residential", "original_osm_index": 2117}, "geometry": {"type": "LineString", "coordinates": [[80.2041294, 12.9734235], [80.2043019, 12.9734198]]}}, {"type": "Feature", "properties": {"@id": "way/1193956201", "highway": "residential", "original_osm_index": 2118}, "geometry": {"type": "LineString", "coordinates": [[80.1980178, 12.9647756], [80.1980471, 12.9652637]]}}, {"type": "Feature", "properties": {"@id": "way/1194200628", "access": "private", "highway": "residential", "name": "Karuneegar Street", "name:etymology:wikidata": "Q6373691", "original_osm_index": 2119}, "geometry": {"type": "LineString", "coordinates": [[80.2026431, 12.9917043], [80.2025938, 12.9917079], [80.2023198, 12.9917281]]}}, {"type": "Feature", "properties": {"@id": "way/1194683751", "highway": "residential", "original_osm_index": 2120}, "geometry": {"type": "LineString", "coordinates": [[80.2058225, 12.9716044], [80.2057807, 12.9713605]]}}, {"type": "Feature", "properties": {"@id": "way/1200999471", "access": "private", "highway": "service", "maxspeed": "35", "name": "Alumni Avenue", "parking:both": "no", "sidewalk": "no", "surface": "asphalt", "original_osm_index": 2121}, "geometry": {"type": "LineString", "coordinates": [[80.2276346, 12.9902332], [80.2274875, 12.9902027], [80.2273537, 12.9901892], [80.2272555, 12.9901747], [80.2266113, 12.9900608], [80.2264169, 12.9900571], [80.2261963, 12.9901153], [80.225983, 12.9901457], [80.2258893, 12.9901527], [80.2257636, 12.9901268], [80.2255597, 12.9900285], [80.2253438, 12.9898742], [80.2251878, 12.9897739], [80.2250337, 12.9896872], [80.2247887, 12.9896122], [80.2245714, 12.98958], [80.2243006, 12.9895542], [80.2237761, 12.9895241], [80.2236512, 12.9894433], [80.2235266, 12.9893499], [80.2233929, 12.9891684], [80.2233473, 12.9887293], [80.2233212, 12.9886196], [80.2233088, 12.9884242], [80.2232896, 12.9882983], [80.2232738, 12.9879751], [80.2232393, 12.9876005]]}}, {"type": "Feature", "properties": {"@id": "way/1201588256", "bridge": "yes", "highway": "primary", "layer": "1", "name": "Velachery Upper Flyover", "oneway": "yes", "original_osm_index": 2122}, "geometry": {"type": "LineString", "coordinates": [[80.2248166, 12.9781831], [80.2228202, 12.9769565], [80.2224214, 12.9767141], [80.2219842, 12.9764383], [80.2215738, 12.9761809], [80.2214758, 12.9761156], [80.2213034, 12.9759994], [80.2210294, 12.9757944], [80.2209646, 12.9757511], [80.2209235, 12.9757259], [80.2208423, 12.9756871], [80.2207455, 12.9756531], [80.2206706, 12.9756388], [80.2205984, 12.9756328]]}}, {"type": "Feature", "properties": {"@id": "way/1201588257", "bridge": "yes", "highway": "primary", "layer": "2", "name": "Velachery Upper Flyover", "oneway": "yes", "original_osm_index": 2123}, "geometry": {"type": "LineString", "coordinates": [[80.2205984, 12.9756328], [80.2205283, 12.9756348], [80.2204539, 12.9756479], [80.2203906, 12.9756654], [80.220321, 12.9756933], [80.2202728, 12.9757177], [80.2202138, 12.9757596]]}}, {"type": "Feature", "properties": {"@id": "way/1203445443", "highway": "residential", "original_osm_index": 2124}, "geometry": {"type": "LineString", "coordinates": [[80.2143368, 12.9866607], [80.2136345, 12.9866891]]}}, {"type": "Feature", "properties": {"@id": "way/1203450235", "access": "private", "highway": "service", "original_osm_index": 2125}, "geometry": {"type": "LineString", "coordinates": [[80.2111016, 12.986918], [80.2113853, 12.9868986], [80.2116101, 12.9868796]]}}, {"type": "Feature", "properties": {"@id": "way/1205144949", "highway": "residential", "original_osm_index": 2126}, "geometry": {"type": "LineString", "coordinates": [[80.2003605, 12.9630789], [80.2002804, 12.963094], [80.2002482, 12.9630926], [80.2002314, 12.9630775], [80.2002131, 12.9630262], [80.2001899, 12.9630049], [80.200147, 12.9629944], [80.2001275, 12.962978], [80.2001139, 12.9629447], [80.2001055, 12.9629095], [80.2000833, 12.9628935], [80.2000418, 12.9628935], [80.1997423, 12.9629372], [80.1997012, 12.9629615], [80.1996817, 12.9629904], [80.1996756, 12.9630565], [80.199683, 12.9633833]]}}, {"type": "Feature", "properties": {"@id": "way/1205484742", "access": "private", "highway": "service", "original_osm_index": 2127}, "geometry": {"type": "LineString", "coordinates": [[80.2193515, 12.9718275], [80.2194954, 12.9718015], [80.2198973, 12.9717287], [80.219919, 12.9717128], [80.2199253, 12.9716846], [80.2198854, 12.9714522], [80.2198741, 12.9714198], [80.2198479, 12.971391], [80.2194989, 12.9714564], [80.219475, 12.9714736], [80.2194734, 12.9715027], [80.2194887, 12.9715579], [80.2194261, 12.9715772], [80.2192707, 12.9716252]]}}, {"type": "Feature", "properties": {"@id": "way/1206879466", "highway": "primary_link", "surface": "asphalt", "original_osm_index": 2128}, "geometry": {"type": "LineString", "coordinates": [[80.2178496, 12.9833506], [80.2179426, 12.9833477]]}}, {"type": "Feature", "properties": {"@id": "way/1206906281", "highway": "path", "name": "Vanuvampet Amman Koil Street", "name:ta": "வானுவம்பேட்டை அம்மன் கோயில் தெரு", "original_osm_index": 2129}, "geometry": {"type": "LineString", "coordinates": [[80.1974259, 12.9816066], [80.197355, 12.9816259]]}}, {"type": "Feature", "properties": {"@id": "way/1207183517", "highway": "residential", "original_osm_index": 2130}, "geometry": {"type": "LineString", "coordinates": [[80.2144047, 12.9805572], [80.2144083, 12.9805458], [80.214409, 12.9805308], [80.2144188, 12.9802379], [80.2144181, 12.9801133], [80.2144024, 12.9799048]]}}, {"type": "Feature", "properties": {"@id": "way/1207183518", "highway": "residential", "original_osm_index": 2131}, "geometry": {"type": "LineString", "coordinates": [[80.2144024, 12.9799048], [80.2134958, 12.9798739]]}}, {"type": "Feature", "properties": {"@id": "way/1207686600", "access": "private", "highway": "service", "original_osm_index": 2132}, "geometry": {"type": "LineString", "coordinates": [[80.209044, 12.9843492], [80.2090445, 12.9848237], [80.2089037, 12.9848429], [80.2089055, 12.9851102], [80.2091245, 12.9851156], [80.2091241, 12.9851536]]}}, {"type": "Feature", "properties": {"@id": "way/1207692142", "highway": "residential", "source": "digitalglobe", "original_osm_index": 2133}, "geometry": {"type": "LineString", "coordinates": [[80.200325, 12.9914747], [80.2004471, 12.9914438]]}}, {"type": "Feature", "properties": {"@id": "way/1207692143", "highway": "living_street", "original_osm_index": 2134}, "geometry": {"type": "LineString", "coordinates": [[80.200325, 12.9914747], [80.2002117, 12.9912537]]}}, {"type": "Feature", "properties": {"@id": "way/1207692144", "highway": "living_street", "original_osm_index": 2135}, "geometry": {"type": "LineString", "coordinates": [[80.2004471, 12.9914438], [80.2002884, 12.990951]]}}, {"type": "Feature", "properties": {"@id": "way/1207692145", "highway": "residential", "original_osm_index": 2136}, "geometry": {"type": "LineString", "coordinates": [[80.2006002, 12.9914387], [80.2004471, 12.9914438]]}}, {"type": "Feature", "properties": {"@id": "way/1207695460", "highway": "tertiary", "name": "Kakkan Nagar Main Road", "original_osm_index": 2137}, "geometry": {"type": "LineString", "coordinates": [[80.2048137, 12.9883313], [80.2047744, 12.9880362], [80.2047748, 12.9879339]]}}, {"type": "Feature", "properties": {"@id": "way/1207695461", "bridge": "yes", "highway": "tertiary", "layer": "1", "name": "Kakkan Nagar Main Road", "original_osm_index": 2138}, "geometry": {"type": "LineString", "coordinates": [[80.2048306, 12.9885877], [80.2048137, 12.9883313]]}}, {"type": "Feature", "properties": {"@id": "way/1207942517", "highway": "residential", "original_osm_index": 2139}, "geometry": {"type": "LineString", "coordinates": [[80.2115839, 12.97507], [80.2115316, 12.9754526], [80.2115103, 12.9756239]]}}, {"type": "Feature", "properties": {"@id": "way/1207942518", "highway": "residential", "original_osm_index": 2140}, "geometry": {"type": "LineString", "coordinates": [[80.2115316, 12.9754526], [80.2110718, 12.9754161]]}}, {"type": "Feature", "properties": {"@id": "way/1207942825", "access": "private", "highway": "service", "original_osm_index": 2141}, "geometry": {"type": "LineString", "coordinates": [[80.2130515, 12.9751917], [80.2130675, 12.9751922], [80.2135743, 12.9752203]]}}, {"type": "Feature", "properties": {"@id": "way/1207942826", "access": "private", "highway": "service", "original_osm_index": 2142}, "geometry": {"type": "LineString", "coordinates": [[80.2133424, 12.9755102], [80.2133427, 12.9756695]]}}, {"type": "Feature", "properties": {"@id": "way/1207943988", "highway": "residential", "original_osm_index": 2143}, "geometry": {"type": "LineString", "coordinates": [[80.2143338, 12.9754498], [80.2145152, 12.9754137], [80.2147011, 12.9753767]]}}, {"type": "Feature", "properties": {"@id": "way/1207943989", "highway": "residential", "original_osm_index": 2144}, "geometry": {"type": "LineString", "coordinates": [[80.2151578, 12.9752233], [80.2148497, 12.975227]]}}, {"type": "Feature", "properties": {"@id": "way/1207943990", "highway": "residential", "original_osm_index": 2145}, "geometry": {"type": "LineString", "coordinates": [[80.2151733, 12.9756818], [80.2151986, 12.9761267], [80.2152203, 12.9764706]]}}, {"type": "Feature", "properties": {"@id": "way/1207947963", "access": "private", "highway": "residential", "original_osm_index": 2146}, "geometry": {"type": "LineString", "coordinates": [[80.2181118, 12.9788349], [80.218113, 12.9787453], [80.2181151, 12.9785934]]}}, {"type": "Feature", "properties": {"@id": "way/1207947964", "access": "private", "highway": "residential", "original_osm_index": 2147}, "geometry": {"type": "LineString", "coordinates": [[80.2176332, 12.9785881], [80.2178671, 12.9785892], [80.2181151, 12.9785934]]}}, {"type": "Feature", "properties": {"@id": "way/1207947965", "access": "private", "highway": "residential", "original_osm_index": 2148}, "geometry": {"type": "LineString", "coordinates": [[80.218129, 12.9783595], [80.2180488, 12.9783562], [80.2178739, 12.9783491], [80.2176318, 12.9783435]]}}, {"type": "Feature", "properties": {"@id": "way/1207949011", "access": "private", "highway": "service", "original_osm_index": 2149}, "geometry": {"type": "LineString", "coordinates": [[80.2188374, 12.9788292], [80.2187361, 12.9788038], [80.218677, 12.978789], [80.2183036, 12.9787501], [80.2182944, 12.9787585], [80.2182937, 12.9787757], [80.2182846, 12.97907], [80.2182972, 12.9790781], [80.2183122, 12.9790798], [80.2186282, 12.9791163], [80.218649, 12.9791187], [80.218732, 12.9791283]]}}, {"type": "Feature", "properties": {"@id": "way/1207949012", "access": "private", "highway": "service", "original_osm_index": 2150}, "geometry": {"type": "LineString", "coordinates": [[80.2186282, 12.9791163], [80.218677, 12.978789]]}}, {"type": "Feature", "properties": {"@id": "way/1207949291", "highway": "residential", "original_osm_index": 2151}, "geometry": {"type": "LineString", "coordinates": [[80.2192542, 12.9796446], [80.2191856, 12.9799592]]}}, {"type": "Feature", "properties": {"@id": "way/1207949292", "highway": "residential", "original_osm_index": 2152}, "geometry": {"type": "LineString", "coordinates": [[80.2191856, 12.9799592], [80.2191164, 12.9802212]]}}, {"type": "Feature", "properties": {"@id": "way/1207950111", "access": "private", "highway": "residential", "original_osm_index": 2153}, "geometry": {"type": "LineString", "coordinates": [[80.2210851, 12.9777904], [80.221075, 12.9782092]]}}, {"type": "Feature", "properties": {"@id": "way/1207951261", "access": "private", "highway": "residential", "original_osm_index": 2154}, "geometry": {"type": "LineString", "coordinates": [[80.2202347, 12.9797292], [80.2202354, 12.9800502], [80.2202356, 12.9801317]]}}, {"type": "Feature", "properties": {"@id": "way/1207951262", "access": "private", "highway": "residential", "oneway": "yes", "original_osm_index": 2155}, "geometry": {"type": "LineString", "coordinates": [[80.221155, 12.9786104], [80.2211121, 12.9786085], [80.2210448, 12.9785986], [80.2198375, 12.9785704], [80.2198091, 12.978575], [80.2197946, 12.9785882], [80.2197873, 12.9787561], [80.2198021, 12.9787883], [80.2198274, 12.9788019], [80.2204596, 12.9788652], [80.2204752, 12.9788865], [80.2204757, 12.9789347], [80.2205029, 12.9789718], [80.221022, 12.9790211], [80.2211109, 12.9790296], [80.2211391, 12.9790322]]}}, {"type": "Feature", "properties": {"@id": "way/1207951263", "access": "private", "highway": "residential", "original_osm_index": 2156}, "geometry": {"type": "LineString", "coordinates": [[80.221022, 12.9790211], [80.2210448, 12.9785986]]}}, {"type": "Feature", "properties": {"@id": "way/1207953479", "access": "private", "highway": "service", "original_osm_index": 2157}, "geometry": {"type": "LineString", "coordinates": [[80.2210755, 12.9802805], [80.2211529, 12.9802857], [80.221738, 12.9803249], [80.2217496, 12.9803105], [80.2217737, 12.9801062], [80.2217695, 12.9800696], [80.2211681, 12.980042], [80.2210873, 12.9800405]]}}, {"type": "Feature", "properties": {"@id": "way/1207980366", "access": "private", "highway": "residential", "original_osm_index": 2158}, "geometry": {"type": "LineString", "coordinates": [[80.2219145, 12.9765438], [80.2218804, 12.9765181], [80.2217016, 12.976398], [80.221637, 12.9763644], [80.2215114, 12.9763203], [80.2212875, 12.9763308], [80.2212799, 12.9763364], [80.2212847, 12.9767912]]}}, {"type": "Feature", "properties": {"@id": "way/1214252080", "highway": "residential", "source": "maxar", "original_osm_index": 2159}, "geometry": {"type": "LineString", "coordinates": [[80.2092046, 12.9886469], [80.2092987, 12.9890682]]}}, {"type": "Feature", "properties": {"@id": "way/1214252081", "highway": "residential", "source": "maxar", "original_osm_index": 2160}, "geometry": {"type": "LineString", "coordinates": [[80.2078836, 12.9907532], [80.2086308, 12.9904976]]}}, {"type": "Feature", "properties": {"@id": "way/1214252082", "highway": "residential", "source": "maxar", "original_osm_index": 2161}, "geometry": {"type": "LineString", "coordinates": [[80.2096648, 12.9909728], [80.2092877, 12.9910826]]}}, {"type": "Feature", "properties": {"@id": "way/1215230225", "highway": "residential", "original_osm_index": 2162}, "geometry": {"type": "LineString", "coordinates": [[80.2055544, 12.9814925], [80.2054633, 12.9814999], [80.2051782, 12.9815525], [80.2046298, 12.9815938]]}}, {"type": "Feature", "properties": {"@id": "way/1215230226", "access": "private", "highway": "service", "source": "maxar", "original_osm_index": 2163}, "geometry": {"type": "LineString", "coordinates": [[80.2055458, 12.9814257], [80.2055544, 12.9814925], [80.2055654, 12.9815787], [80.2056304, 12.9816231], [80.2057258, 12.9816142], [80.205872, 12.9815874], [80.2061386, 12.9815386], [80.2066776, 12.9814232], [80.2067114, 12.9814203]]}}, {"type": "Feature", "properties": {"@id": "way/1215230227", "access": "private", "highway": "service", "original_osm_index": 2164}, "geometry": {"type": "LineString", "coordinates": [[80.205872, 12.9815874], [80.2057951, 12.9812281]]}}, {"type": "Feature", "properties": {"@id": "way/1215245334", "highway": "residential", "source": "maxar", "original_osm_index": 2165}, "geometry": {"type": "LineString", "coordinates": [[80.2097091, 12.9850165], [80.2103715, 12.9850561]]}}, {"type": "Feature", "properties": {"@id": "way/1215245335", "highway": "residential", "source": "maxar", "original_osm_index": 2166}, "geometry": {"type": "LineString", "coordinates": [[80.2097419, 12.9846948], [80.2100236, 12.9847009]]}}, {"type": "Feature", "properties": {"@id": "way/1219684637", "highway": "residential", "original_osm_index": 2167}, "geometry": {"type": "LineString", "coordinates": [[80.2135356, 12.9794747], [80.2143804, 12.9794987]]}}, {"type": "Feature", "properties": {"@id": "way/1219684638", "highway": "residential", "original_osm_index": 2168}, "geometry": {"type": "LineString", "coordinates": [[80.2143804, 12.9794987], [80.2143845, 12.9791439]]}}, {"type": "Feature", "properties": {"@id": "way/1219684796", "access": "private", "highway": "service", "original_osm_index": 2169}, "geometry": {"type": "LineString", "coordinates": [[80.2182592, 12.9804939], [80.2181427, 12.980473], [80.218081, 12.980465]]}}, {"type": "Feature", "properties": {"@id": "way/1219963671", "highway": "residential", "original_osm_index": 2170}, "geometry": {"type": "LineString", "coordinates": [[80.2144292, 12.9829472], [80.2136694, 12.9829086], [80.2136359, 12.9829099], [80.2136162, 12.9829219]]}}, {"type": "Feature", "properties": {"@id": "way/1220178672", "highway": "service", "original_osm_index": 2171}, "geometry": {"type": "LineString", "coordinates": [[80.2179644, 12.9821535], [80.218181, 12.9822034], [80.2181765, 12.9825907], [80.217945, 12.9825835]]}}, {"type": "Feature", "properties": {"@id": "way/1220190571", "access": "private", "bridge": "yes", "highway": "service", "layer": "1", "original_osm_index": 2172}, "geometry": {"type": "LineString", "coordinates": [[80.2105257, 12.9735667], [80.2105586, 12.9736157]]}}, {"type": "Feature", "properties": {"@id": "way/1220190572", "access": "private", "highway": "service", "original_osm_index": 2173}, "geometry": {"type": "LineString", "coordinates": [[80.2104983, 12.973526], [80.2105257, 12.9735667]]}}, {"type": "Feature", "properties": {"@id": "way/1220190573", "access": "private", "highway": "service", "original_osm_index": 2174}, "geometry": {"type": "LineString", "coordinates": [[80.210892, 12.9733063], [80.2108344, 12.9732436]]}}, {"type": "Feature", "properties": {"@id": "way/1220190574", "access": "private", "bridge": "yes", "highway": "service", "layer": "1", "original_osm_index": 2175}, "geometry": {"type": "LineString", "coordinates": [[80.2109324, 12.9733498], [80.210892, 12.9733063]]}}, {"type": "Feature", "properties": {"@id": "way/1220190851", "highway": "residential", "original_osm_index": 2176}, "geometry": {"type": "LineString", "coordinates": [[80.2137377, 12.9711012], [80.2149071, 12.9709047]]}}, {"type": "Feature", "properties": {"@id": "way/1220190852", "bicycle": "yes", "highway": "residential", "lanes": "2", "name": "6th Main Road", "oneway": "no", "surface": "asphalt", "width": "30'", "original_osm_index": 2177}, "geometry": {"type": "LineString", "coordinates": [[80.2130157, 12.9725725], [80.2129833, 12.9719031], [80.2129814, 12.9717389], [80.2129941, 12.9717023], [80.213042, 12.9716838], [80.213524, 12.971629]]}}, {"type": "Feature", "properties": {"@id": "way/1220232976", "highway": "residential", "original_osm_index": 2178}, "geometry": {"type": "LineString", "coordinates": [[80.2020514, 12.9845068], [80.2015316, 12.984566]]}}, {"type": "Feature", "properties": {"@id": "way/1220232977", "highway": "residential", "original_osm_index": 2179}, "geometry": {"type": "LineString", "coordinates": [[80.201987, 12.9842206], [80.2020514, 12.9845068]]}}, {"type": "Feature", "properties": {"@id": "way/1220233845", "highway": "residential", "source": "digitalglobe", "original_osm_index": 2180}, "geometry": {"type": "LineString", "coordinates": [[80.2010145, 12.9841838], [80.2011528, 12.9841782]]}}, {"type": "Feature", "properties": {"@id": "way/1220235287", "highway": "residential", "source": "digitalglobe", "original_osm_index": 2181}, "geometry": {"type": "LineString", "coordinates": [[80.2017092, 12.9854567], [80.2021022, 12.9853745]]}}, {"type": "Feature", "properties": {"@id": "way/1220235288", "highway": "residential", "name": "Vanalar Street", "original_osm_index": 2182}, "geometry": {"type": "LineString", "coordinates": [[80.2017805, 12.9857785], [80.2017092, 12.9854567]]}}, {"type": "Feature", "properties": {"@id": "way/1220247481", "highway": "residential", "original_osm_index": 2183}, "geometry": {"type": "LineString", "coordinates": [[80.2101598, 12.9800789], [80.2101311, 12.9797055]]}}, {"type": "Feature", "properties": {"@id": "way/1221507808", "highway": "residential", "original_osm_index": 2184}, "geometry": {"type": "LineString", "coordinates": [[80.1986509, 12.9833366], [80.1987557, 12.9838512]]}}, {"type": "Feature", "properties": {"@id": "way/1221508230", "highway": "residential", "original_osm_index": 2185}, "geometry": {"type": "LineString", "coordinates": [[80.2024377, 12.9848744], [80.2026879, 12.9848213], [80.2033174, 12.9847002]]}}, {"type": "Feature", "properties": {"@id": "way/1221510071", "highway": "residential", "source": "digitalglobe", "original_osm_index": 2186}, "geometry": {"type": "LineString", "coordinates": [[80.2058157, 12.984276], [80.2060683, 12.9842461]]}}, {"type": "Feature", "properties": {"@id": "way/1221510365", "highway": "residential", "original_osm_index": 2187}, "geometry": {"type": "LineString", "coordinates": [[80.2006924, 12.9808873], [80.201173, 12.9808562], [80.2014982, 12.9808352], [80.2020484, 12.9808093]]}}, {"type": "Feature", "properties": {"@id": "way/1221669839", "highway": "residential", "original_osm_index": 2188}, "geometry": {"type": "LineString", "coordinates": [[80.1976432, 12.9916251], [80.1977887, 12.992359]]}}, {"type": "Feature", "properties": {"@id": "way/1221685160", "highway": "residential", "original_osm_index": 2189}, "geometry": {"type": "LineString", "coordinates": [[80.2097322, 12.9912983], [80.2093872, 12.9914009]]}}, {"type": "Feature", "properties": {"@id": "way/1221685161", "highway": "residential", "original_osm_index": 2190}, "geometry": {"type": "LineString", "coordinates": [[80.20974057632586, 12.9924], [80.2097277, 12.9923353]]}}, {"type": "Feature", "properties": {"@id": "way/1221685162", "highway": "residential", "original_osm_index": 2191}, "geometry": {"type": "LineString", "coordinates": [[80.2095211, 12.9918725], [80.2093872, 12.9914009]]}}, {"type": "Feature", "properties": {"@id": "way/1221922268", "access": "private", "highway": "service", "original_osm_index": 2192}, "geometry": {"type": "LineString", "coordinates": [[80.2003025, 12.980143], [80.2007042, 12.9800067], [80.200734, 12.9806747], [80.2005701, 12.9807386], [80.2004669, 12.9807826]]}}, {"type": "Feature", "properties": {"@id": "way/1221928312", "highway": "residential", "source": "digitalglobe", "original_osm_index": 2193}, "geometry": {"type": "LineString", "coordinates": [[80.2030935, 12.9731562], [80.2033321, 12.9731974]]}}, {"type": "Feature", "properties": {"@id": "way/1223432460", "highway": "residential", "original_osm_index": 2194}, "geometry": {"type": "LineString", "coordinates": [[80.1924396, 12.9790679], [80.1925303, 12.9794268]]}}, {"type": "Feature", "properties": {"@id": "way/1223433788", "highway": "residential", "original_osm_index": 2195}, "geometry": {"type": "LineString", "coordinates": [[80.1965217, 12.9785675], [80.196497, 12.979008]]}}, {"type": "Feature", "properties": {"@id": "way/1223435825", "highway": "residential", "original_osm_index": 2196}, "geometry": {"type": "LineString", "coordinates": [[80.2007284, 12.9783208], [80.2007285, 12.9780916]]}}, {"type": "Feature", "properties": {"@id": "way/1223437186", "highway": "residential", "original_osm_index": 2197}, "geometry": {"type": "LineString", "coordinates": [[80.2012032, 12.9772934], [80.1997748, 12.977209], [80.199506, 12.9772068], [80.199467, 12.9771689]]}}, {"type": "Feature", "properties": {"@id": "way/1223437629", "highway": "residential", "original_osm_index": 2198}, "geometry": {"type": "LineString", "coordinates": [[80.2005914, 12.9768003], [80.2004154, 12.9768007], [80.2000714, 12.9768071]]}}, {"type": "Feature", "properties": {"@id": "way/1225417983", "highway": "residential", "lane_markings": "no", "name": "Lakshmi Nagar 4th Stage 5th Cross Street", "name:en": "Lakshmi Nagar 4th Stage 5th Cross Street", "name:ta": "லட்சுமி நகர் 4வது நிலை 5வது குறுக்கு தெரு", "sidewalk": "no", "surface": "asphalt", "original_osm_index": 2199}, "geometry": {"type": "LineString", "coordinates": [[80.1891715, 12.9731294], [80.1891, 12.973125533085895]]}}, {"type": "Feature", "properties": {"@id": "way/1225868313", "highway": "residential", "original_osm_index": 2200}, "geometry": {"type": "LineString", "coordinates": [[80.1972659, 12.9916444], [80.1973552, 12.9916329], [80.1974445, 12.9916215]]}}, {"type": "Feature", "properties": {"@id": "way/1225868973", "highway": "residential", "source": "digitalglobe", "original_osm_index": 2201}, "geometry": {"type": "LineString", "coordinates": [[80.1976415, 12.9914865], [80.1980563, 12.9914622], [80.1981139, 12.9914559]]}}, {"type": "Feature", "properties": {"@id": "way/1226386159", "highway": "residential", "original_osm_index": 2202}, "geometry": {"type": "LineString", "coordinates": [[80.2014597, 12.986211], [80.2013334, 12.9862318], [80.2012509, 12.9862454], [80.2011685, 12.986259]]}}, {"type": "Feature", "properties": {"@id": "way/1226387635", "highway": "residential", "name": "6th Street", "original_osm_index": 2203}, "geometry": {"type": "LineString", "coordinates": [[80.2032199, 12.9860147], [80.2032276, 12.9860787], [80.2032353, 12.9861427], [80.2032413, 12.9861927]]}}, {"type": "Feature", "properties": {"@id": "way/1226389326", "highway": "residential", "original_osm_index": 2204}, "geometry": {"type": "LineString", "coordinates": [[80.2046528, 12.990879], [80.2047662, 12.9908598], [80.2048812, 12.9908403], [80.2049962, 12.9908209]]}}, {"type": "Feature", "properties": {"@id": "way/1226400106", "highway": "residential", "source": "digitalglobe", "original_osm_index": 2205}, "geometry": {"type": "LineString", "coordinates": [[80.2024322, 12.9749746], [80.2026287, 12.974963]]}}, {"type": "Feature", "properties": {"@id": "way/1226400107", "access": "private", "highway": "service", "original_osm_index": 2206}, "geometry": {"type": "LineString", "coordinates": [[80.2026287, 12.974963], [80.2026447, 12.9749611], [80.2028618, 12.974951]]}}, {"type": "Feature", "properties": {"@id": "way/1226401265", "highway": "residential", "original_osm_index": 2207}, "geometry": {"type": "LineString", "coordinates": [[80.2032187, 12.9752846], [80.2030375, 12.9752894]]}}, {"type": "Feature", "properties": {"@id": "way/1226401266", "access": "private", "highway": "service", "original_osm_index": 2208}, "geometry": {"type": "LineString", "coordinates": [[80.2030375, 12.9752894], [80.2030176, 12.9752892], [80.2030024, 12.9752891], [80.2030003, 12.9752887], [80.2029987, 12.9752878], [80.2029977, 12.9752862], [80.2029972, 12.9752595], [80.2029971, 12.9752489], [80.2029935, 12.9752429], [80.2029881, 12.9752393], [80.2029789, 12.9752387], [80.2028849, 12.9752411], [80.2027908, 12.9752435], [80.2027359, 12.9752449]]}}, {"type": "Feature", "properties": {"@id": "way/1226402767", "highway": "residential", "original_osm_index": 2209}, "geometry": {"type": "LineString", "coordinates": [[80.2028792, 12.9769361], [80.2027727, 12.9769278], [80.2026662, 12.9769196], [80.2025798, 12.9769129], [80.2025049, 12.9769071]]}}, {"type": "Feature", "properties": {"@id": "way/1226404625", "highway": "residential", "original_osm_index": 2210}, "geometry": {"type": "LineString", "coordinates": [[80.2021294, 12.9766252], [80.2020148, 12.9766365], [80.2019001, 12.9766477], [80.2017682, 12.9766607], [80.2017017, 12.9766693], [80.2015844, 12.9766838]]}}, {"type": "Feature", "properties": {"@id": "way/1226404626", "highway": "residential", "original_osm_index": 2211}, "geometry": {"type": "LineString", "coordinates": [[80.2015844, 12.9766838], [80.2015339, 12.9766857], [80.2014995, 12.9766872], [80.2014537, 12.9766899]]}}, {"type": "Feature", "properties": {"@id": "way/1226405684", "access": "private", "highway": "service", "original_osm_index": 2212}, "geometry": {"type": "LineString", "coordinates": [[80.2064987, 12.9770378], [80.2064595, 12.9770551], [80.2064158, 12.9770909], [80.2063151, 12.9771737], [80.2061778, 12.9772864], [80.2060721, 12.9773732], [80.2059931, 12.977438], [80.2059131, 12.9775037], [80.2058764, 12.9775149], [80.2058413, 12.9775189], [80.205807, 12.977514], [80.2057733, 12.9775028]]}}, {"type": "Feature", "properties": {"@id": "way/1227075299", "highway": "living_street", "original_osm_index": 2213}, "geometry": {"type": "LineString", "coordinates": [[80.2148133, 12.9634924], [80.2149103, 12.9637801]]}}, {"type": "Feature", "properties": {"@id": "way/1229042723", "highway": "residential", "lane_markings": "yes", "lanes": "2", "name": "2nd Main Road", "surface": "asphalt", "original_osm_index": 2214}, "geometry": {"type": "LineString", "coordinates": [[80.1935687, 12.9912744], [80.1935185, 12.9909924], [80.1935015, 12.9908587], [80.1934567, 12.9905065], [80.1934053, 12.9900877], [80.1933682, 12.9896609]]}}, {"type": "Feature", "properties": {"@id": "way/1229043922", "highway": "residential", "original_osm_index": 2215}, "geometry": {"type": "LineString", "coordinates": [[80.1970378, 12.9912078], [80.1970448, 12.9912424], [80.1970582, 12.9913169], [80.1972471, 12.9913135]]}}, {"type": "Feature", "properties": {"@id": "way/1229207917", "highway": "residential", "surface": "unpaved", "original_osm_index": 2216}, "geometry": {"type": "LineString", "coordinates": [[80.1969774, 12.9879367], [80.1970749, 12.9883738], [80.197046, 12.988442]]}}, {"type": "Feature", "properties": {"@id": "way/1229207918", "highway": "residential", "original_osm_index": 2217}, "geometry": {"type": "LineString", "coordinates": [[80.197046, 12.988442], [80.1971548, 12.9887147]]}}, {"type": "Feature", "properties": {"@id": "way/1229209075", "highway": "residential", "original_osm_index": 2218}, "geometry": {"type": "LineString", "coordinates": [[80.1984707, 12.9873805], [80.1985187, 12.9875709]]}}, {"type": "Feature", "properties": {"@id": "way/1229209076", "highway": "residential", "original_osm_index": 2219}, "geometry": {"type": "LineString", "coordinates": [[80.1983645, 12.986917], [80.1984707, 12.9873805]]}}, {"type": "Feature", "properties": {"@id": "way/1229209478", "highway": "residential", "original_osm_index": 2220}, "geometry": {"type": "LineString", "coordinates": [[80.1991289, 12.9882337], [80.1992771, 12.9889998]]}}, {"type": "Feature", "properties": {"@id": "way/1229209479", "highway": "residential", "original_osm_index": 2221}, "geometry": {"type": "LineString", "coordinates": [[80.2003528, 12.987963], [80.1995632, 12.9880986], [80.1991289, 12.9882337]]}}, {"type": "Feature", "properties": {"@id": "way/1229217105", "highway": "residential", "original_osm_index": 2222}, "geometry": {"type": "LineString", "coordinates": [[80.1902232, 12.988607], [80.1899074, 12.9886531], [80.1895554, 12.988704]]}}, {"type": "Feature", "properties": {"@id": "way/1229217106", "highway": "residential", "original_osm_index": 2223}, "geometry": {"type": "LineString", "coordinates": [[80.1899367, 12.9900652], [80.1900932, 12.9900349], [80.1905589, 12.9899638]]}}, {"type": "Feature", "properties": {"@id": "way/1229217107", "highway": "residential", "original_osm_index": 2224}, "geometry": {"type": "LineString", "coordinates": [[80.1899367, 12.9900652], [80.190114, 12.9906421], [80.1907514, 12.9905148]]}}, {"type": "Feature", "properties": {"@id": "way/1229288821", "highway": "residential", "source": "digitalglobe", "original_osm_index": 2225}, "geometry": {"type": "LineString", "coordinates": [[80.1895308, 12.9807045], [80.1895416, 12.9807814], [80.1895523, 12.9808582], [80.1895628, 12.9809288], [80.1895732, 12.9809994], [80.1895822, 12.9810477], [80.1895897, 12.9811007]]}}, {"type": "Feature", "properties": {"@id": "way/1229605430", "access": "private", "highway": "residential", "original_osm_index": 2226}, "geometry": {"type": "LineString", "coordinates": [[80.2250171, 12.9756688], [80.2250813, 12.9756749], [80.225177, 12.975684], [80.2251841, 12.9756829], [80.2251895, 12.9756772], [80.2252464, 12.9755493], [80.2252533, 12.9755451], [80.2252616, 12.9755445], [80.2256679, 12.975605]]}}, {"type": "Feature", "properties": {"@id": "way/1229646268", "highway": "residential", "original_osm_index": 2227}, "geometry": {"type": "LineString", "coordinates": [[80.2087876, 12.9703033], [80.2092625, 12.9702758]]}}, {"type": "Feature", "properties": {"@id": "way/1229646269", "highway": "residential", "name": "main road", "original_osm_index": 2228}, "geometry": {"type": "LineString", "coordinates": [[80.2093394, 12.9717936], [80.2093131, 12.9712748], [80.2092853, 12.9707242], [80.2092625, 12.9702758], [80.209234, 12.969712]]}}, {"type": "Feature", "properties": {"@id": "way/1229646270", "highway": "residential", "original_osm_index": 2229}, "geometry": {"type": "LineString", "coordinates": [[80.2078171, 12.9722706], [80.2077555, 12.9717807], [80.207748, 12.9717209], [80.2077053, 12.9713807], [80.2076771, 12.9711564], [80.2076402, 12.970863], [80.2076141, 12.9706553], [80.2075824, 12.9704029], [80.2075482, 12.9701309], [80.2075157, 12.9698721]]}}, {"type": "Feature", "properties": {"@id": "way/1229653997", "highway": "residential", "original_osm_index": 2230}, "geometry": {"type": "LineString", "coordinates": [[80.2009585, 12.9728877], [80.2011105, 12.9737364], [80.2011215, 12.9737797], [80.2011385, 12.9737963], [80.2012055, 12.9737991]]}}, {"type": "Feature", "properties": {"@id": "way/1229653998", "highway": "residential", "original_osm_index": 2231}, "geometry": {"type": "LineString", "coordinates": [[80.2013309, 12.9737826], [80.201239, 12.973066]]}}, {"type": "Feature", "properties": {"@id": "way/1230806412", "highway": "residential", "lit": "yes", "surface": "asphalt", "original_osm_index": 2232}, "geometry": {"type": "LineString", "coordinates": [[80.2163164, 12.9690099], [80.2166475, 12.9699504], [80.2168147, 12.970532]]}}, {"type": "Feature", "properties": {"@id": "way/1230809343", "access": "private", "highway": "residential", "original_osm_index": 2233}, "geometry": {"type": "LineString", "coordinates": [[80.2191034, 12.9691613], [80.2191877, 12.9693175]]}}, {"type": "Feature", "properties": {"@id": "way/1230809344", "access": "private", "highway": "residential", "original_osm_index": 2234}, "geometry": {"type": "LineString", "coordinates": [[80.2192452, 12.9690998], [80.2193217, 12.9692904]]}}, {"type": "Feature", "properties": {"@id": "way/1230809345", "access": "private", "highway": "residential", "original_osm_index": 2235}, "geometry": {"type": "LineString", "coordinates": [[80.2192452, 12.9690998], [80.2191374, 12.9688475]]}}, {"type": "Feature", "properties": {"@id": "way/1230809346", "access": "private", "highway": "residential", "original_osm_index": 2236}, "geometry": {"type": "LineString", "coordinates": [[80.2194598, 12.969016], [80.2195165, 12.9691816]]}}, {"type": "Feature", "properties": {"@id": "way/1230809347", "access": "private", "highway": "residential", "original_osm_index": 2237}, "geometry": {"type": "LineString", "coordinates": [[80.2197558, 12.9688793], [80.2196597, 12.9686635]]}}, {"type": "Feature", "properties": {"@id": "way/1230809348", "access": "private", "highway": "residential", "original_osm_index": 2238}, "geometry": {"type": "LineString", "coordinates": [[80.2199727, 12.9687949], [80.2200464, 12.9689723]]}}, {"type": "Feature", "properties": {"@id": "way/1230809349", "access": "private", "highway": "residential", "original_osm_index": 2239}, "geometry": {"type": "LineString", "coordinates": [[80.2201665, 12.968714], [80.2201839, 12.9687482], [80.2202462, 12.9688812]]}}, {"type": "Feature", "properties": {"@id": "way/1230809350", "access": "private", "highway": "residential", "original_osm_index": 2240}, "geometry": {"type": "LineString", "coordinates": [[80.2203973, 12.9686065], [80.2202971, 12.9684173]]}}, {"type": "Feature", "properties": {"@id": "way/1230809351", "access": "private", "highway": "residential", "original_osm_index": 2241}, "geometry": {"type": "LineString", "coordinates": [[80.2206092, 12.9685256], [80.220502, 12.9683272]]}}, {"type": "Feature", "properties": {"@id": "way/1230809352", "access": "private", "highway": "residential", "original_osm_index": 2242}, "geometry": {"type": "LineString", "coordinates": [[80.2207145, 12.9684853], [80.220801, 12.9686733]]}}, {"type": "Feature", "properties": {"@id": "way/1230809353", "access": "private", "highway": "residential", "original_osm_index": 2243}, "geometry": {"type": "LineString", "coordinates": [[80.2206092, 12.9685256], [80.2206925, 12.9687047]]}}, {"type": "Feature", "properties": {"@id": "way/1230811460", "access": "private", "highway": "service", "original_osm_index": 2244}, "geometry": {"type": "LineString", "coordinates": [[80.2135142, 12.9640459], [80.2135282, 12.9641219], [80.2135384, 12.9641767], [80.2135703, 12.9643488], [80.2135796, 12.9643613], [80.2135959, 12.9643636], [80.2137347, 12.9643358], [80.2137393, 12.9643283], [80.2137436, 12.9643155], [80.2137314, 12.964227]]}}, {"type": "Feature", "properties": {"@id": "way/1230811461", "access": "private", "highway": "service", "original_osm_index": 2245}, "geometry": {"type": "LineString", "coordinates": [[80.2135384, 12.9641767], [80.2134216, 12.9641957], [80.2134169, 12.9642015], [80.2134169, 12.9642081], [80.2134357, 12.9643185]]}}, {"type": "Feature", "properties": {"@id": "way/1230811462", "highway": "footway", "original_osm_index": 2246}, "geometry": {"type": "LineString", "coordinates": [[80.2137314, 12.964227], [80.2137119, 12.9641128], [80.2137031, 12.9641034], [80.213695, 12.9641], [80.2136255, 12.9641103]]}}, {"type": "Feature", "properties": {"@id": "way/1230812791", "access": "private", "highway": "residential", "oneway": "yes", "original_osm_index": 2247}, "geometry": {"type": "LineString", "coordinates": [[80.2132827, 12.9640882], [80.213295, 12.9641486], [80.2133021, 12.9641836], [80.213344, 12.9643899], [80.213366, 12.9644981], [80.2133689, 12.9645201], [80.2133679, 12.9645391], [80.2133574, 12.964555], [80.2133437, 12.9645599], [80.2131286, 12.9645982], [80.2131076, 12.9646017], [80.2130898, 12.9645886], [80.2130761, 12.9645687], [80.2130006, 12.9642402], [80.2129956, 12.9642186], [80.2129785, 12.9641438]]}}, {"type": "Feature", "properties": {"@id": "way/1230812792", "access": "private", "highway": "residential", "original_osm_index": 2248}, "geometry": {"type": "LineString", "coordinates": [[80.2130006, 12.9642402], [80.2133021, 12.9641836]]}}, {"type": "Feature", "properties": {"@id": "way/1230813814", "access": "private", "highway": "service", "surface": "unpaved", "original_osm_index": 2249}, "geometry": {"type": "LineString", "coordinates": [[80.2116675, 12.9648713], [80.2116645, 12.9648574], [80.211581, 12.9644758], [80.2115712, 12.9644259]]}}, {"type": "Feature", "properties": {"@id": "way/1230813815", "highway": "residential", "original_osm_index": 2250}, "geometry": {"type": "LineString", "coordinates": [[80.2114161, 12.9649122], [80.2116675, 12.9648713], [80.2117638, 12.9648554], [80.2117758, 12.9648469], [80.2117792, 12.9648306], [80.2117772, 12.9648203]]}}, {"type": "Feature", "properties": {"@id": "way/1230815350", "highway": "residential", "original_osm_index": 2251}, "geometry": {"type": "LineString", "coordinates": [[80.2158131, 12.9675667], [80.2159337, 12.967875]]}}, {"type": "Feature", "properties": {"@id": "way/1230816634", "access": "private", "highway": "service", "original_osm_index": 2252}, "geometry": {"type": "LineString", "coordinates": [[80.2159449, 12.9661576], [80.2158521, 12.9658218], [80.2158478, 12.9658062]]}}, {"type": "Feature", "properties": {"@id": "way/1230817663", "access": "private", "highway": "residential", "original_osm_index": 2253}, "geometry": {"type": "LineString", "coordinates": [[80.2128989, 12.9641644], [80.2129127, 12.9642246], [80.2129996, 12.9646043]]}}, {"type": "Feature", "properties": {"@id": "way/1230817664", "access": "private", "highway": "residential", "original_osm_index": 2254}, "geometry": {"type": "LineString", "coordinates": [[80.2130416, 12.9645828], [80.212959, 12.964205], [80.2129469, 12.9641496]]}}, {"type": "Feature", "properties": {"@id": "way/1230832836", "highway": "service", "oneway": "yes", "original_osm_index": 2255}, "geometry": {"type": "LineString", "coordinates": [[80.2094527, 12.9830039], [80.2094654, 12.982918]]}}, {"type": "Feature", "properties": {"@id": "way/1231011065", "highway": "residential", "original_osm_index": 2256}, "geometry": {"type": "LineString", "coordinates": [[80.2045415, 12.9651308], [80.2046618, 12.9655796]]}}, {"type": "Feature", "properties": {"@id": "way/1231011066", "highway": "residential", "name": "3rd Main Road", "original_osm_index": 2257}, "geometry": {"type": "LineString", "coordinates": [[80.2045415, 12.9651308], [80.2036983, 12.9653116], [80.203072, 12.9653521], [80.2022096, 12.9653831], [80.2017569, 12.9653921]]}}, {"type": "Feature", "properties": {"@id": "way/1231011196", "highway": "residential", "original_osm_index": 2258}, "geometry": {"type": "LineString", "coordinates": [[80.2091138, 12.9644888], [80.2091547, 12.9648588]]}}, {"type": "Feature", "properties": {"@id": "way/1231037602", "access": "private", "highway": "residential", "original_osm_index": 2259}, "geometry": {"type": "LineString", "coordinates": [[80.227638, 12.9855451], [80.2276522, 12.9855438], [80.2279957, 12.9855131], [80.2282247, 12.9855248]]}}, {"type": "Feature", "properties": {"@id": "way/1231058671", "highway": "residential", "name": "Ramakrishnapuram 3rd Street", "name:en": "Ramakrishnapuram 3rd Street", "name:ta": "ராமகிருஷ்ணபுரம் 3வது தெரு", "original_osm_index": 2260}, "geometry": {"type": "LineString", "coordinates": [[80.2059355, 12.9889256], [80.2062417, 12.9888864]]}}, {"type": "Feature", "properties": {"@id": "way/1231058672", "highway": "living_street", "original_osm_index": 2261}, "geometry": {"type": "LineString", "coordinates": [[80.2059119, 12.98851], [80.2059355, 12.9889256]]}}, {"type": "Feature", "properties": {"@id": "way/1231299598", "highway": "residential", "original_osm_index": 2262}, "geometry": {"type": "LineString", "coordinates": [[80.223191, 12.9885309], [80.2232277, 12.9894002]]}}, {"type": "Feature", "properties": {"@id": "way/1231301451", "highway": "residential", "original_osm_index": 2263}, "geometry": {"type": "LineString", "coordinates": [[80.2008106, 12.9791967], [80.2012827, 12.9791456], [80.2014022, 12.9791253]]}}, {"type": "Feature", "properties": {"@id": "way/1231301452", "highway": "residential", "original_osm_index": 2264}, "geometry": {"type": "LineString", "coordinates": [[80.2015471, 12.9791005], [80.2017798, 12.9790609]]}}, {"type": "Feature", "properties": {"@id": "way/1231301453", "bridge": "yes", "highway": "residential", "layer": "1", "original_osm_index": 2265}, "geometry": {"type": "LineString", "coordinates": [[80.2014022, 12.9791253], [80.2015471, 12.9791005]]}}, {"type": "Feature", "properties": {"@id": "way/1232379845", "highway": "residential", "lane_markings": "no", "name": "சன்னதி தெரு", "oneway": "no", "surface": "concrete", "width": "1.5", "original_osm_index": 2266}, "geometry": {"type": "LineString", "coordinates": [[80.2237734, 12.9857148], [80.2237512, 12.9857122], [80.2237366, 12.9857], [80.2237268, 12.9856822], [80.2236278, 12.9854194]]}}, {"type": "Feature", "properties": {"@id": "way/1232381569", "access": "private", "highway": "residential", "original_osm_index": 2267}, "geometry": {"type": "LineString", "coordinates": [[80.2228129, 12.9840242], [80.2228877, 12.9843086], [80.2228963, 12.984319], [80.2229165, 12.9843242], [80.2237326, 12.98418], [80.2237398, 12.9841754], [80.223744, 12.9841662], [80.2237046, 12.9838668]]}}, {"type": "Feature", "properties": {"@id": "way/1232382081", "access": "private", "highway": "residential", "original_osm_index": 2268}, "geometry": {"type": "LineString", "coordinates": [[80.2226277, 12.9839929], [80.2226918, 12.983981], [80.2230881, 12.983896], [80.2231072, 12.9838809], [80.2231153, 12.9838603], [80.2231008, 12.9837391], [80.223093, 12.983721]]}}, {"type": "Feature", "properties": {"@id": "way/1232382596", "access": "private", "highway": "service", "oneway": "yes", "original_osm_index": 2269}, "geometry": {"type": "LineString", "coordinates": [[80.2226609, 12.9825298], [80.2226609, 12.9825783], [80.2226608, 12.9827146], [80.2226645, 12.9827257], [80.2226712, 12.9827335], [80.2226811, 12.982738], [80.2228207, 12.982738], [80.2228301, 12.9827351], [80.2228397, 12.9827273], [80.2228454, 12.9827167], [80.2228469, 12.9825778], [80.2228474, 12.9825323]]}}, {"type": "Feature", "properties": {"@id": "way/1232386386", "highway": "residential", "original_osm_index": 2270}, "geometry": {"type": "LineString", "coordinates": [[80.2255708, 12.9846669], [80.2255887, 12.9841616]]}}, {"type": "Feature", "properties": {"@id": "way/1232390609", "highway": "residential", "name": "Bhuvaneshwari Street", "oneway": "no", "original_osm_index": 2271}, "geometry": {"type": "LineString", "coordinates": [[80.1918611, 12.9676195], [80.1914523, 12.9676955]]}}, {"type": "Feature", "properties": {"@id": "way/1232397454", "access": "private", "highway": "service", "original_osm_index": 2272}, "geometry": {"type": "LineString", "coordinates": [[80.2268481, 12.9860429], [80.2271004, 12.9859847], [80.2272162, 12.9859532], [80.227296, 12.9859141], [80.2273113, 12.9859016], [80.2273342, 12.9858807], [80.2273915, 12.9857918]]}}, {"type": "Feature", "properties": {"@id": "way/1232397455", "access": "private", "highway": "service", "original_osm_index": 2273}, "geometry": {"type": "LineString", "coordinates": [[80.2270569, 12.9854801], [80.2267258, 12.9854402], [80.2266648, 12.9854243], [80.2266343, 12.9853887], [80.2266119, 12.9853372], [80.2266201, 12.9851767]]}}, {"type": "Feature", "properties": {"@id": "way/1232632858", "highway": "residential", "name": "Mathiazhagan Street", "name:ta": "மதியழகன் தெரு", "original_osm_index": 2274}, "geometry": {"type": "LineString", "coordinates": [[80.1934607, 12.9776084], [80.1935681, 12.9775818], [80.1937262, 12.977562]]}}, {"type": "Feature", "properties": {"@id": "way/1232632859", "bridge": "yes", "highway": "residential", "layer": "1", "name": "Mathiazhagan Street", "name:ta": "மதியழகன் தெரு", "original_osm_index": 2275}, "geometry": {"type": "LineString", "coordinates": [[80.1934024, 12.9776228], [80.1934607, 12.9776084]]}}, {"type": "Feature", "properties": {"@id": "way/1232636640", "highway": "residential", "original_osm_index": 2276}, "geometry": {"type": "LineString", "coordinates": [[80.193117, 12.9780962], [80.193388, 12.9780274], [80.1934366, 12.9780192], [80.1934668, 12.978029], [80.1934819, 12.9780585], [80.1935808, 12.9783737]]}}, {"type": "Feature", "properties": {"@id": "way/1232637932", "highway": "residential", "name": "Abraham Street", "name:ta": "ஆபிரகாம் தெரு", "original_osm_index": 2277}, "geometry": {"type": "LineString", "coordinates": [[80.19224, 12.9773442], [80.1923939, 12.9778744]]}}, {"type": "Feature", "properties": {"@id": "way/1234013494", "highway": "path", "original_osm_index": 2278}, "geometry": {"type": "LineString", "coordinates": [[80.2243685, 12.9924], [80.2243685, 12.9923296], [80.2243685, 12.9922747], [80.2243524, 12.9922015], [80.2243337, 12.9921205], [80.2243283, 12.9920552], [80.2243203, 12.9919637], [80.2242693, 12.9918827]]}}, {"type": "Feature", "properties": {"@id": "way/1235148106", "highway": "service", "original_osm_index": 2279}, "geometry": {"type": "LineString", "coordinates": [[80.2201874, 12.9637022], [80.2202322, 12.9635696], [80.2202498, 12.9635175], [80.2199242, 12.9627762], [80.2200775, 12.9627007], [80.21985421898952, 12.9621]]}}, {"type": "Feature", "properties": {"@id": "way/1235148107", "highway": "path", "original_osm_index": 2280}, "geometry": {"type": "LineString", "coordinates": [[80.2204434, 12.9638487], [80.2204663, 12.9638365], [80.220884, 12.9636134]]}}, {"type": "Feature", "properties": {"@id": "way/1235148108", "highway": "path", "original_osm_index": 2281}, "geometry": {"type": "LineString", "coordinates": [[80.2205036, 12.9643046], [80.2206398, 12.9642076], [80.2204663, 12.9638365], [80.2203219, 12.9635254]]}}, {"type": "Feature", "properties": {"@id": "way/1235148109", "highway": "service", "original_osm_index": 2282}, "geometry": {"type": "LineString", "coordinates": [[80.2202322, 12.9635696], [80.2203219, 12.9635254], [80.2207503, 12.9633145]]}}, {"type": "Feature", "properties": {"@id": "way/1235148110", "highway": "path", "original_osm_index": 2283}, "geometry": {"type": "LineString", "coordinates": [[80.2206969, 12.9647115], [80.2213173, 12.9644126], [80.2213979, 12.9643738], [80.2214818, 12.9643333], [80.2215526, 12.9642992], [80.2216209, 12.9642663], [80.2216848, 12.9642356], [80.2217231, 12.964217]]}}, {"type": "Feature", "properties": {"@id": "way/1235148111", "highway": "path", "original_osm_index": 2284}, "geometry": {"type": "LineString", "coordinates": [[80.2217231, 12.964217], [80.222044, 12.9649002]]}}, {"type": "Feature", "properties": {"@id": "way/1235148114", "highway": "path", "original_osm_index": 2285}, "geometry": {"type": "LineString", "coordinates": [[80.2209027, 12.9624264], [80.2207697, 12.9621867], [80.2208104, 12.962156], [80.2208647, 12.9621232], [80.2208793, 12.9621144], [80.22090309697884, 12.9621]]}}, {"type": "Feature", "properties": {"@id": "way/1235148115", "highway": "service", "original_osm_index": 2286}, "geometry": {"type": "LineString", "coordinates": [[80.2178175, 12.964238], [80.217727, 12.9639524], [80.2176825, 12.9639698]]}}, {"type": "Feature", "properties": {"@id": "way/1235148116", "highway": "service", "original_osm_index": 2287}, "geometry": {"type": "LineString", "coordinates": [[80.2181551, 12.9641194], [80.2182282, 12.9642949]]}}, {"type": "Feature", "properties": {"@id": "way/1235148117", "highway": "service", "original_osm_index": 2288}, "geometry": {"type": "LineString", "coordinates": [[80.2188754, 12.964125], [80.2188977, 12.9641779], [80.2190617, 12.9641166], [80.2191763, 12.964072]]}}, {"type": "Feature", "properties": {"@id": "way/1235148118", "highway": "service", "original_osm_index": 2289}, "geometry": {"type": "LineString", "coordinates": [[80.2190617, 12.9641166], [80.2190134, 12.9639251]]}}, {"type": "Feature", "properties": {"@id": "way/1235148119", "highway": "service", "original_osm_index": 2290}, "geometry": {"type": "LineString", "coordinates": [[80.2194294, 12.963823], [80.219701, 12.9637086], [80.2197571, 12.963839]]}}, {"type": "Feature", "properties": {"@id": "way/1235148120", "highway": "path", "original_osm_index": 2291}, "geometry": {"type": "LineString", "coordinates": [[80.2199056, 12.9654133], [80.2202966, 12.965136]]}}, {"type": "Feature", "properties": {"@id": "way/1235148121", "highway": "path", "original_osm_index": 2292}, "geometry": {"type": "LineString", "coordinates": [[80.2205432, 12.9651054], [80.2204378, 12.9651961], [80.2203676, 12.9651414], [80.2203289, 12.9651722], [80.2202966, 12.965136], [80.2202692, 12.9651054], [80.220285, 12.9650969], [80.2201674, 12.9649445], [80.2204168, 12.9647426], [80.2205081, 12.9648743], [80.220725, 12.9647809]]}}, {"type": "Feature", "properties": {"@id": "way/1235148122", "highway": "service", "original_osm_index": 2293}, "geometry": {"type": "LineString", "coordinates": [[80.2209021, 12.9662949], [80.2207338, 12.9659543], [80.2209195, 12.9658771], [80.2210069, 12.9656679]]}}, {"type": "Feature", "properties": {"@id": "way/1235148123", "highway": "service", "original_osm_index": 2294}, "geometry": {"type": "LineString", "coordinates": [[80.2209195, 12.9658771], [80.220953, 12.9659187], [80.2212849, 12.9658], [80.2214767, 12.9658297], [80.2217142, 12.9661798], [80.2219364, 12.9662806], [80.2223873, 12.9668559]]}}, {"type": "Feature", "properties": {"@id": "way/1235148124", "highway": "service", "original_osm_index": 2295}, "geometry": {"type": "LineString", "coordinates": [[80.2214767, 12.9658297], [80.2213397, 12.9656338], [80.221227, 12.965263], [80.2210748, 12.9649277], [80.2210017, 12.9646785]]}}, {"type": "Feature", "properties": {"@id": "way/1235148125", "highway": "service", "original_osm_index": 2296}, "geometry": {"type": "LineString", "coordinates": [[80.220101, 12.9667092], [80.2201216, 12.9668404], [80.2201359, 12.966932], [80.2201499, 12.9670211]]}}, {"type": "Feature", "properties": {"@id": "way/1235148126", "highway": "service", "original_osm_index": 2297}, "geometry": {"type": "LineString", "coordinates": [[80.2199273, 12.967049], [80.219914, 12.9669581], [80.2201359, 12.966932]]}}, {"type": "Feature", "properties": {"@id": "way/1235148127", "highway": "service", "original_osm_index": 2298}, "geometry": {"type": "LineString", "coordinates": [[80.2201216, 12.9668404], [80.2198797, 12.9668673]]}}, {"type": "Feature", "properties": {"@id": "way/1235148128", "highway": "path", "original_osm_index": 2299}, "geometry": {"type": "LineString", "coordinates": [[80.2217231, 12.964217], [80.2217266, 12.9641805], [80.2209027, 12.9624264]]}}, {"type": "Feature", "properties": {"@id": "way/1235151696", "footway": "sidewalk", "highway": "footway", "original_osm_index": 2300}, "geometry": {"type": "LineString", "coordinates": [[80.2240181, 12.9687231], [80.224722, 12.9691903], [80.2252843, 12.9696905], [80.226758, 12.9711575]]}}, {"type": "Feature", "properties": {"@id": "way/1235151698", "highway": "residential", "original_osm_index": 2301}, "geometry": {"type": "LineString", "coordinates": [[80.2273973, 12.9723134], [80.2264144, 12.9714269]]}}, {"type": "Feature", "properties": {"@id": "way/1235151699", "highway": "service", "original_osm_index": 2302}, "geometry": {"type": "LineString", "coordinates": [[80.2284, 12.971553071428533], [80.2283936, 12.9715233], [80.2283076, 12.9713793]]}}, {"type": "Feature", "properties": {"@id": "way/1235153374", "footway": "sidewalk", "highway": "footway", "original_osm_index": 2303}, "geometry": {"type": "LineString", "coordinates": [[80.2234903, 12.9684279], [80.2229866, 12.9682354]]}}, {"type": "Feature", "properties": {"@id": "way/1235155758", "highway": "track", "original_osm_index": 2304}, "geometry": {"type": "LineString", "coordinates": [[80.2165666, 12.964047], [80.2167271, 12.9642398]]}}, {"type": "Feature", "properties": {"@id": "way/1235155759", "highway": "path", "original_osm_index": 2305}, "geometry": {"type": "LineString", "coordinates": [[80.2148645, 12.9628303], [80.2148093, 12.9627338]]}}, {"type": "Feature", "properties": {"@id": "way/1235510592", "highway": "residential", "original_osm_index": 2306}, "geometry": {"type": "LineString", "coordinates": [[80.2129341, 12.9668265], [80.2129018, 12.9666617], [80.2128629, 12.9664858], [80.2128439, 12.9663745]]}}, {"type": "Feature", "properties": {"@id": "way/1236544152", "highway": "residential", "motor_vehicle": "no", "original_osm_index": 2307}, "geometry": {"type": "LineString", "coordinates": [[80.2017427, 12.9751207], [80.2017598, 12.9763161]]}}, {"type": "Feature", "properties": {"@id": "way/1236563460", "highway": "residential", "original_osm_index": 2308}, "geometry": {"type": "LineString", "coordinates": [[80.2127911, 12.9707293], [80.21307, 12.9704901]]}}, {"type": "Feature", "properties": {"@id": "way/1236563461", "highway": "path", "original_osm_index": 2309}, "geometry": {"type": "LineString", "coordinates": [[80.2124736, 12.9694465], [80.2123339, 12.969469]]}}, {"type": "Feature", "properties": {"@id": "way/1238030926", "highway": "residential", "original_osm_index": 2310}, "geometry": {"type": "LineString", "coordinates": [[80.1951252, 12.9804662], [80.1953885, 12.9803636]]}}, {"type": "Feature", "properties": {"@id": "way/1238800818", "highway": "service", "original_osm_index": 2311}, "geometry": {"type": "LineString", "coordinates": [[80.2187279, 12.9682006], [80.2189547, 12.9678287], [80.2193168, 12.9677607], [80.2195533, 12.9677364], [80.2200544, 12.9676849], [80.2200568, 12.9677498], [80.2200706, 12.9681117]]}}, {"type": "Feature", "properties": {"@id": "way/1238800819", "highway": "service", "original_osm_index": 2312}, "geometry": {"type": "LineString", "coordinates": [[80.2200544, 12.9676849], [80.2200543, 12.9675422]]}}, {"type": "Feature", "properties": {"@id": "way/1238806641", "highway": "residential", "original_osm_index": 2313}, "geometry": {"type": "LineString", "coordinates": [[80.2006304, 12.975602], [80.2014479, 12.9757771]]}}, {"type": "Feature", "properties": {"@id": "way/1238806642", "highway": "service", "original_osm_index": 2314}, "geometry": {"type": "LineString", "coordinates": [[80.2053592, 12.9739059], [80.2047282, 12.9739423]]}}, {"type": "Feature", "properties": {"@id": "way/1240415152", "access": "yes", "check_date": "2024-04-10", "highway": "primary", "maxspeed": "40", "motor_vehicle": "yes", "name": "Mount - Medavakkam Road", "oneway": "no", "opening_date": "2024-07-31", "ref": "SH48A", "original_osm_index": 2315}, "geometry": {"type": "LineString", "coordinates": [[80.1955182, 12.981246], [80.1955473, 12.9813066], [80.1956715, 12.9815765], [80.1957195, 12.9816619], [80.1957994, 12.9818042], [80.1959361, 12.982054]]}}, {"type": "Feature", "properties": {"@id": "way/1242776547", "highway": "residential", "original_osm_index": 2316}, "geometry": {"type": "LineString", "coordinates": [[80.2186143, 12.9824291], [80.2184654, 12.9824323]]}}, {"type": "Feature", "properties": {"@id": "way/1246777119", "access": "private", "highway": "residential", "original_osm_index": 2317}, "geometry": {"type": "LineString", "coordinates": [[80.1984004, 12.9904617], [80.1984471, 12.9904503], [80.1985534, 12.9904284], [80.1988135, 12.9903749], [80.1988261, 12.9903693], [80.1988384, 12.9903567], [80.1988445, 12.9903383], [80.1988246, 12.9901541], [80.1988176, 12.990142], [80.1988046, 12.9901406], [80.1987235, 12.9901643]]}}, {"type": "Feature", "properties": {"@id": "way/1246827594", "highway": "secondary", "oneway": "yes", "original_osm_index": 2318}, "geometry": {"type": "LineString", "coordinates": [[80.2145133, 12.963883], [80.2146131, 12.9639049], [80.2152998, 12.9637666], [80.2157187, 12.9636777], [80.2158001, 12.9636584], [80.2158419, 12.963654], [80.2158678, 12.9636697], [80.21592, 12.9637572], [80.2159534, 12.9637802], [80.2159863, 12.9637838]]}}, {"type": "Feature", "properties": {"@id": "way/1246827595", "highway": "secondary", "lanes": "2", "maxspeed": "30", "name": "Bazaar Main Road", "network": "IN:MDR:TN", "official_name": "Madipakkam - Velachery Road", "oneway": "yes", "ref": "MDR622", "surface": "asphalt", "original_osm_index": 2319}, "geometry": {"type": "LineString", "coordinates": [[80.2158831, 12.963531], [80.2157109, 12.9635886], [80.2154588, 12.9636612], [80.2151796, 12.963728], [80.2149103, 12.9637801], [80.2145873, 12.9638287], [80.2145126, 12.9638686]]}}, {"type": "Feature", "properties": {"@id": "way/1246844996", "highway": "residential", "original_osm_index": 2320}, "geometry": {"type": "LineString", "coordinates": [[80.2156282, 12.9795467], [80.2156029, 12.9800093]]}}, {"type": "Feature", "properties": {"@id": "way/1246844997", "highway": "residential", "original_osm_index": 2321}, "geometry": {"type": "LineString", "coordinates": [[80.2159163, 12.9795588], [80.2159098, 12.97992]]}}, {"type": "Feature", "properties": {"@id": "way/1246845422", "highway": "residential", "original_osm_index": 2322}, "geometry": {"type": "LineString", "coordinates": [[80.2156079, 12.9802572], [80.2155809, 12.9807333]]}}, {"type": "Feature", "properties": {"@id": "way/1246846350", "highway": "residential", "original_osm_index": 2323}, "geometry": {"type": "LineString", "coordinates": [[80.2129714, 12.9658393], [80.2129281, 12.9654818]]}}, {"type": "Feature", "properties": {"@id": "way/1247069307", "highway": "residential", "original_osm_index": 2324}, "geometry": {"type": "LineString", "coordinates": [[80.1926753, 12.9626943], [80.1930542, 12.9626512]]}}, {"type": "Feature", "properties": {"@id": "way/1248002927", "access": "private", "highway": "service", "original_osm_index": 2325}, "geometry": {"type": "LineString", "coordinates": [[80.1924902, 12.9751642], [80.1925389, 12.9751468], [80.1928203, 12.9750966]]}}, {"type": "Feature", "properties": {"@id": "way/1248005125", "access": "private", "highway": "service", "original_osm_index": 2326}, "geometry": {"type": "LineString", "coordinates": [[80.1956492, 12.9795031], [80.1956655, 12.9795767], [80.1957026, 12.9798052]]}}, {"type": "Feature", "properties": {"@id": "way/1248005602", "highway": "service", "oneway": "yes", "original_osm_index": 2327}, "geometry": {"type": "LineString", "coordinates": [[80.193993, 12.9784943], [80.1940343, 12.9784569], [80.1940513, 12.9784354], [80.1940686, 12.9784118], [80.1940726, 12.9783786], [80.1940662, 12.9783448], [80.1940553, 12.9783166], [80.1940249, 12.9782959], [80.1939848, 12.9782849], [80.1939412, 12.9782775]]}}, {"type": "Feature", "properties": {"@id": "way/1248007833", "highway": "residential", "original_osm_index": 2328}, "geometry": {"type": "LineString", "coordinates": [[80.2042024, 12.9788758], [80.2041261, 12.9788776], [80.2036531, 12.9789208], [80.2035991, 12.978938], [80.2035765, 12.9789707], [80.2035526, 12.9790643]]}}, {"type": "Feature", "properties": {"@id": "way/1248009500", "access": "private", "highway": "service", "oneway": "yes", "original_osm_index": 2329}, "geometry": {"type": "LineString", "coordinates": [[80.2041906, 12.978671], [80.204248, 12.9786632], [80.2043618, 12.9786395], [80.2044322, 12.9786184], [80.2044691, 12.9786091], [80.2045202, 12.9785902], [80.2045572, 12.9785581], [80.2045872, 12.9784962], [80.2045739, 12.9784065], [80.2045592, 12.9782935], [80.2045441, 12.9782803], [80.2045233, 12.9782708], [80.204491, 12.9782613], [80.2044531, 12.9782607], [80.2043854, 12.9782553], [80.2043472, 12.9782594], [80.2042955, 12.9782802], [80.204205, 12.9783204], [80.2041693, 12.9783362]]}}, {"type": "Feature", "properties": {"@id": "way/1248024531", "highway": "primary", "lanes": "2", "lit": "yes", "maxspeed": "40", "motorroad": "no", "name": "Inner Ring Road (Southern Sector)", "name:ta": "உள்வட்டச் சாலை", "oneway": "yes", "ref": "SH2A", "surface": "asphalt", "original_osm_index": 2330}, "geometry": {"type": "LineString", "coordinates": [[80.2170909, 12.9674983], [80.216969, 12.9675827], [80.2168825, 12.9676598], [80.2167472, 12.9678146], [80.2166431, 12.9679148], [80.2160449, 12.9683249], [80.2157378, 12.9685541]]}}, {"type": "Feature", "properties": {"@id": "way/1248024532", "highway": "residential", "original_osm_index": 2331}, "geometry": {"type": "LineString", "coordinates": [[80.2157798, 12.9686144], [80.2157378, 12.9685541]]}}, {"type": "Feature", "properties": {"@id": "way/1249397064", "highway": "residential", "original_osm_index": 2332}, "geometry": {"type": "LineString", "coordinates": [[80.1947106, 12.9712828], [80.1946983, 12.9710759]]}}, {"type": "Feature", "properties": {"@id": "way/1249397544", "highway": "residential", "original_osm_index": 2333}, "geometry": {"type": "LineString", "coordinates": [[80.195236, 12.9723983], [80.1951976, 12.9719434]]}}, {"type": "Feature", "properties": {"@id": "way/1249397900", "highway": "residential", "original_osm_index": 2334}, "geometry": {"type": "LineString", "coordinates": [[80.2107427, 12.982785], [80.2107568, 12.9824276]]}}, {"type": "Feature", "properties": {"@id": "way/1249397907", "highway": "residential", "original_osm_index": 2335}, "geometry": {"type": "LineString", "coordinates": [[80.1974781, 12.9664506], [80.1972246, 12.9664982]]}}, {"type": "Feature", "properties": {"@id": "way/1249397908", "highway": "residential", "original_osm_index": 2336}, "geometry": {"type": "LineString", "coordinates": [[80.1967561, 12.966514], [80.1967406, 12.9662514]]}}, {"type": "Feature", "properties": {"@id": "way/1249398486", "highway": "residential", "original_osm_index": 2337}, "geometry": {"type": "LineString", "coordinates": [[80.2125653, 12.9823812], [80.2125423, 12.9826993]]}}, {"type": "Feature", "properties": {"@id": "way/1249398487", "highway": "residential", "original_osm_index": 2338}, "geometry": {"type": "LineString", "coordinates": [[80.212877, 12.9824113], [80.2129149, 12.98209]]}}, {"type": "Feature", "properties": {"@id": "way/1249399187", "highway": "residential", "original_osm_index": 2339}, "geometry": {"type": "LineString", "coordinates": [[80.2120755, 12.9800484], [80.2120461, 12.9804028]]}}, {"type": "Feature", "properties": {"@id": "way/1249399188", "highway": "residential", "original_osm_index": 2340}, "geometry": {"type": "LineString", "coordinates": [[80.2117611, 12.9800036], [80.2117377, 12.9803661]]}}, {"type": "Feature", "properties": {"@id": "way/1249399484", "highway": "residential", "original_osm_index": 2341}, "geometry": {"type": "LineString", "coordinates": [[80.2101332, 12.9815697], [80.21014, 12.9817325], [80.2101469, 12.9818937]]}}, {"type": "Feature", "properties": {"@id": "way/1249401995", "highway": "residential", "original_osm_index": 2342}, "geometry": {"type": "LineString", "coordinates": [[80.2199153, 12.969799], [80.2197941, 12.9694953]]}}, {"type": "Feature", "properties": {"@id": "way/1249402589", "highway": "residential", "original_osm_index": 2343}, "geometry": {"type": "LineString", "coordinates": [[80.2250934, 12.9737606], [80.225614, 12.9738129]]}}, {"type": "Feature", "properties": {"@id": "way/1249403063", "highway": "residential", "original_osm_index": 2344}, "geometry": {"type": "LineString", "coordinates": [[80.2260216, 12.9738876], [80.2263973, 12.9739015]]}}, {"type": "Feature", "properties": {"@id": "way/1249403064", "highway": "residential", "original_osm_index": 2345}, "geometry": {"type": "LineString", "coordinates": [[80.2260266, 12.9734479], [80.2265063, 12.9734879]]}}, {"type": "Feature", "properties": {"@id": "way/1249403080", "highway": "residential", "original_osm_index": 2346}, "geometry": {"type": "LineString", "coordinates": [[80.1891091, 12.9690428], [80.1891, 12.968851902222147]]}}, {"type": "Feature", "properties": {"@id": "way/1249878039", "highway": "residential", "original_osm_index": 2347}, "geometry": {"type": "LineString", "coordinates": [[80.2257926, 12.9823945], [80.2258158, 12.9820333]]}}, {"type": "Feature", "properties": {"@id": "way/1249879740", "highway": "residential", "original_osm_index": 2348}, "geometry": {"type": "LineString", "coordinates": [[80.2226675, 12.9800806], [80.222666, 12.9804905]]}}, {"type": "Feature", "properties": {"@id": "way/1249880942", "highway": "residential", "original_osm_index": 2349}, "geometry": {"type": "LineString", "coordinates": [[80.21387, 12.9813007], [80.2144246, 12.9813328]]}}, {"type": "Feature", "properties": {"@id": "way/1249881995", "highway": "residential", "original_osm_index": 2350}, "geometry": {"type": "LineString", "coordinates": [[80.2138417, 12.9856394], [80.2138453, 12.9860687]]}}, {"type": "Feature", "properties": {"@id": "way/1249886890", "highway": "residential", "original_osm_index": 2351}, "geometry": {"type": "LineString", "coordinates": [[80.2165937, 12.9795799], [80.2166019, 12.9799167]]}}, {"type": "Feature", "properties": {"@id": "way/1250263498", "highway": "residential", "original_osm_index": 2352}, "geometry": {"type": "LineString", "coordinates": [[80.2008148, 12.9868532], [80.2008816, 12.9872037]]}}, {"type": "Feature", "properties": {"@id": "way/1250264978", "highway": "residential", "original_osm_index": 2353}, "geometry": {"type": "LineString", "coordinates": [[80.2021591, 12.9849144], [80.2024377, 12.9848744]]}}, {"type": "Feature", "properties": {"@id": "way/1250265686", "highway": "residential", "original_osm_index": 2354}, "geometry": {"type": "LineString", "coordinates": [[80.2002867, 12.982223], [80.2003107, 12.9822282], [80.2003295, 12.9822362], [80.2003462, 12.9822531], [80.2003552, 12.9822735], [80.2004315, 12.9827548]]}}, {"type": "Feature", "properties": {"@id": "way/1250267111", "highway": "residential", "original_osm_index": 2355}, "geometry": {"type": "LineString", "coordinates": [[80.2026133, 12.9825049], [80.2025132, 12.9818641]]}}, {"type": "Feature", "properties": {"@id": "way/1250276995", "highway": "residential", "original_osm_index": 2356}, "geometry": {"type": "LineString", "coordinates": [[80.2063148, 12.9799431], [80.2062624, 12.9796759]]}}, {"type": "Feature", "properties": {"@id": "way/1250276996", "highway": "residential", "original_osm_index": 2357}, "geometry": {"type": "LineString", "coordinates": [[80.206769, 12.9798622], [80.2066237, 12.9794365]]}}, {"type": "Feature", "properties": {"@id": "way/1250661473", "highway": "service", "oneway": "yes", "original_osm_index": 2358}, "geometry": {"type": "LineString", "coordinates": [[80.1913088, 12.9720521], [80.1913391, 12.9720204], [80.1913462, 12.9720017], [80.1913426, 12.9719801], [80.191328, 12.9719262], [80.1913078, 12.9719144], [80.1912873, 12.9719051], [80.1912452, 12.9719104]]}}, {"type": "Feature", "properties": {"@id": "way/1250663584", "access": "private", "highway": "service", "original_osm_index": 2359}, "geometry": {"type": "LineString", "coordinates": [[80.1970417, 12.9701596], [80.1970488, 12.9702458], [80.197079, 12.970633]]}}, {"type": "Feature", "properties": {"@id": "way/1250664564", "access": "private", "highway": "service", "original_osm_index": 2360}, "geometry": {"type": "LineString", "coordinates": [[80.1948858, 12.9691841], [80.1948909, 12.9692287], [80.1949183, 12.9694498]]}}, {"type": "Feature", "properties": {"@id": "way/1250669673", "access": "private", "highway": "service", "original_osm_index": 2361}, "geometry": {"type": "LineString", "coordinates": [[80.1943778, 12.9692581], [80.1943833, 12.9693048], [80.1943976, 12.9693931], [80.1944115, 12.9694313], [80.1944501, 12.9694557], [80.1944933, 12.9694725]]}}, {"type": "Feature", "properties": {"@id": "way/1250669674", "access": "private", "highway": "service", "original_osm_index": 2362}, "geometry": {"type": "LineString", "coordinates": [[80.19426, 12.9692753], [80.1942539, 12.9692512], [80.1942403, 12.9691952], [80.1942324, 12.9691577], [80.1942209, 12.9691178]]}}, {"type": "Feature", "properties": {"@id": "way/1250670127", "highway": "service", "oneway": "yes", "original_osm_index": 2363}, "geometry": {"type": "LineString", "coordinates": [[80.1962769, 12.9709574], [80.1963076, 12.9709413], [80.196329, 12.9709251], [80.1963403, 12.9709062], [80.1963429, 12.9708776], [80.1963426, 12.9708466], [80.1963363, 12.9708025], [80.1963144, 12.9707832], [80.1962612, 12.9707696]]}}, {"type": "Feature", "properties": {"@id": "way/1250678217", "highway": "residential", "original_osm_index": 2364}, "geometry": {"type": "LineString", "coordinates": [[80.2029948, 12.9921035], [80.2029603, 12.9916536]]}}, {"type": "Feature", "properties": {"@id": "way/1250683176", "highway": "residential", "original_osm_index": 2365}, "geometry": {"type": "LineString", "coordinates": [[80.20829006684868, 12.9924], [80.2082284, 12.9921539]]}}, {"type": "Feature", "properties": {"@id": "way/1250683177", "highway": "residential", "original_osm_index": 2366}, "geometry": {"type": "LineString", "coordinates": [[80.20907488795736, 12.9924], [80.2089746, 12.9919966]]}}, {"type": "Feature", "properties": {"@id": "way/1250685166", "highway": "residential", "original_osm_index": 2367}, "geometry": {"type": "LineString", "coordinates": [[80.1968911, 12.989378], [80.1966761, 12.9894419]]}}, {"type": "Feature", "properties": {"@id": "way/1250685266", "highway": "residential", "original_osm_index": 2368}, "geometry": {"type": "LineString", "coordinates": [[80.19635, 12.9889488], [80.1964269, 12.9892373]]}}, {"type": "Feature", "properties": {"@id": "way/1250686089", "highway": "residential", "original_osm_index": 2369}, "geometry": {"type": "LineString", "coordinates": [[80.1965451, 12.9899746], [80.1964245, 12.9897203]]}}, {"type": "Feature", "properties": {"@id": "way/1250688469", "highway": "service", "oneway": "yes", "original_osm_index": 2370}, "geometry": {"type": "LineString", "coordinates": [[80.1921698, 12.9745743], [80.1920632, 12.9746028], [80.1920369, 12.9746204], [80.1920259, 12.9746304], [80.1920193, 12.9746466], [80.192021, 12.9746648], [80.192029, 12.9746966], [80.1920404, 12.974712], [80.1920544, 12.974724], [80.1920689, 12.9747301], [80.1920847, 12.9747316], [80.1921044, 12.9747296], [80.1922118, 12.9746954]]}}, {"type": "Feature", "properties": {"@id": "way/1250689840", "highway": "residential", "original_osm_index": 2371}, "geometry": {"type": "LineString", "coordinates": [[80.2148357, 12.9704883], [80.2145568, 12.9705395]]}}, {"type": "Feature", "properties": {"@id": "way/1250690839", "highway": "residential", "original_osm_index": 2372}, "geometry": {"type": "LineString", "coordinates": [[80.2137557, 12.9742839], [80.2134785, 12.9742913], [80.2134575, 12.9742937], [80.2134368, 12.9743021], [80.2134257, 12.9743222], [80.2134242, 12.9743455], [80.2134296, 12.9747523], [80.2134337, 12.9750545]]}}, {"type": "Feature", "properties": {"@id": "way/1250691648", "access": "private", "highway": "residential", "original_osm_index": 2373}, "geometry": {"type": "LineString", "coordinates": [[80.2119183, 12.9733426], [80.211891, 12.973344], [80.2113997, 12.9733648]]}}, {"type": "Feature", "properties": {"@id": "way/1250692998", "highway": "residential", "original_osm_index": 2374}, "geometry": {"type": "LineString", "coordinates": [[80.2002857, 12.9893632], [80.2004495, 12.9893302]]}}, {"type": "Feature", "properties": {"@id": "way/1250693284", "highway": "residential", "original_osm_index": 2375}, "geometry": {"type": "LineString", "coordinates": [[80.2085815, 12.976356], [80.208545, 12.975874]]}}, {"type": "Feature", "properties": {"@id": "way/1250694004", "highway": "residential", "original_osm_index": 2376}, "geometry": {"type": "LineString", "coordinates": [[80.2003482, 12.9887419], [80.2001349, 12.9887795]]}}, {"type": "Feature", "properties": {"@id": "way/1250694005", "highway": "residential", "original_osm_index": 2377}, "geometry": {"type": "LineString", "coordinates": [[80.2003482, 12.9887419], [80.200487, 12.988699], [80.2005229, 12.9886927], [80.2005399, 12.9887122], [80.2006672, 12.9893956]]}}, {"type": "Feature", "properties": {"@id": "way/1250695928", "highway": "residential", "original_osm_index": 2378}, "geometry": {"type": "LineString", "coordinates": [[80.2137668, 12.9759882], [80.2137793, 12.9757856]]}}, {"type": "Feature", "properties": {"@id": "way/1250696126", "highway": "residential", "original_osm_index": 2379}, "geometry": {"type": "LineString", "coordinates": [[80.2006787, 12.9884653], [80.2008422, 12.9884337]]}}, {"type": "Feature", "properties": {"@id": "way/1250696127", "highway": "residential", "original_osm_index": 2380}, "geometry": {"type": "LineString", "coordinates": [[80.2009709, 12.988397], [80.2012689, 12.9883366]]}}, {"type": "Feature", "properties": {"@id": "way/1250697014", "highway": "residential", "original_osm_index": 2381}, "geometry": {"type": "LineString", "coordinates": [[80.2147317, 12.9757331], [80.2147893, 12.9762232], [80.2147894, 12.9762378], [80.2147826, 12.9762479], [80.2147714, 12.9762557], [80.2145815, 12.9762872], [80.2145684, 12.9762874], [80.214558, 12.976282], [80.214554, 12.9762724], [80.2145182, 12.9761804], [80.2145076, 12.9761702], [80.2144927, 12.9761661], [80.2144771, 12.9761668], [80.2141639, 12.9761971]]}}, {"type": "Feature", "properties": {"@id": "way/1250697653", "highway": "residential", "original_osm_index": 2382}, "geometry": {"type": "LineString", "coordinates": [[80.1993938, 12.9894111], [80.1994317, 12.9897123]]}}, {"type": "Feature", "properties": {"@id": "way/1250699211", "highway": "residential", "original_osm_index": 2383}, "geometry": {"type": "LineString", "coordinates": [[80.2149392, 12.9769947], [80.2149467, 12.9771711]]}}, {"type": "Feature", "properties": {"@id": "way/1250716396", "highway": "residential", "original_osm_index": 2384}, "geometry": {"type": "LineString", "coordinates": [[80.1985754, 12.9848358], [80.1986316, 12.9851789], [80.1986355, 12.9852163], [80.1986329, 12.9852317], [80.1986193, 12.9852418], [80.1985755, 12.9852542]]}}, {"type": "Feature", "properties": {"@id": "way/1250716981", "highway": "residential", "original_osm_index": 2385}, "geometry": {"type": "LineString", "coordinates": [[80.1986522, 12.9858603], [80.1985974, 12.9855888]]}}, {"type": "Feature", "properties": {"@id": "way/1250717483", "highway": "residential", "original_osm_index": 2386}, "geometry": {"type": "LineString", "coordinates": [[80.199956, 12.9848442], [80.1996661, 12.9848883]]}}, {"type": "Feature", "properties": {"@id": "way/1250720856", "highway": "residential", "original_osm_index": 2387}, "geometry": {"type": "LineString", "coordinates": [[80.2016592, 12.9898244], [80.2015063, 12.9894245]]}}, {"type": "Feature", "properties": {"@id": "way/1250724232", "bridge": "yes", "highway": "residential", "layer": "1", "original_osm_index": 2388}, "geometry": {"type": "LineString", "coordinates": [[80.2024494, 12.989506], [80.2023931, 12.9895267]]}}, {"type": "Feature", "properties": {"@id": "way/1250724233", "highway": "residential", "original_osm_index": 2389}, "geometry": {"type": "LineString", "coordinates": [[80.2024739, 12.989497], [80.2024494, 12.989506]]}}, {"type": "Feature", "properties": {"@id": "way/1250732766", "highway": "service", "oneway": "yes", "original_osm_index": 2390}, "geometry": {"type": "LineString", "coordinates": [[80.2143004, 12.9639105], [80.2143213, 12.9640061], [80.2143362, 12.9640359], [80.2143687, 12.9640586], [80.2144015, 12.9640619], [80.214464, 12.9640516], [80.2144826, 12.9640307], [80.2144907, 12.9640035], [80.2144884, 12.9639697], [80.2144713, 12.9638824]]}}, {"type": "Feature", "properties": {"@id": "way/1250739643", "highway": "residential", "original_osm_index": 2391}, "geometry": {"type": "LineString", "coordinates": [[80.2026372, 12.9914273], [80.2023748, 12.9914603], [80.2019132, 12.9915185]]}}, {"type": "Feature", "properties": {"@id": "way/1250739644", "highway": "residential", "original_osm_index": 2392}, "geometry": {"type": "LineString", "coordinates": [[80.2023748, 12.9914603], [80.2023222, 12.9910122]]}}, {"type": "Feature", "properties": {"@id": "way/1250739789", "highway": "residential", "original_osm_index": 2393}, "geometry": {"type": "LineString", "coordinates": [[80.2026418, 12.9921029], [80.2023297, 12.9921102]]}}, {"type": "Feature", "properties": {"@id": "way/1250744215", "highway": "residential", "original_osm_index": 2394}, "geometry": {"type": "LineString", "coordinates": [[80.1891, 12.98003462209018], [80.1896654, 12.9800032]]}}, {"type": "Feature", "properties": {"@id": "way/1250746378", "highway": "residential", "original_osm_index": 2395}, "geometry": {"type": "LineString", "coordinates": [[80.1961186, 12.9655676], [80.196767, 12.9655]]}}, {"type": "Feature", "properties": {"@id": "way/1250747285", "highway": "residential", "original_osm_index": 2396}, "geometry": {"type": "LineString", "coordinates": [[80.1974924, 12.9661262], [80.1974029, 12.9657112]]}}, {"type": "Feature", "properties": {"@id": "way/1250747286", "highway": "residential", "original_osm_index": 2397}, "geometry": {"type": "LineString", "coordinates": [[80.1978201, 12.966071], [80.1977593, 12.9657499]]}}, {"type": "Feature", "properties": {"@id": "way/1250759047", "highway": "residential", "surface": "unpaved", "original_osm_index": 2398}, "geometry": {"type": "LineString", "coordinates": [[80.195179, 12.9851017], [80.1953472, 12.9850377]]}}, {"type": "Feature", "properties": {"@id": "way/1250759492", "highway": "residential", "original_osm_index": 2399}, "geometry": {"type": "LineString", "coordinates": [[80.1958362, 12.9842771], [80.195853, 12.9844516]]}}, {"type": "Feature", "properties": {"@id": "way/1250761909", "highway": "residential", "original_osm_index": 2400}, "geometry": {"type": "LineString", "coordinates": [[80.1932478, 12.9873724], [80.1932075, 12.9871638]]}}, {"type": "Feature", "properties": {"@id": "way/1250763638", "highway": "living_street", "original_osm_index": 2401}, "geometry": {"type": "LineString", "coordinates": [[80.194536, 12.987578], [80.1944207, 12.9870821]]}}, {"type": "Feature", "properties": {"@id": "way/1251051348", "highway": "residential", "original_osm_index": 2402}, "geometry": {"type": "LineString", "coordinates": [[80.2197715, 12.9734225], [80.2196042, 12.9734615], [80.2194055, 12.9734948]]}}, {"type": "Feature", "properties": {"@id": "way/1251051349", "highway": "residential", "original_osm_index": 2403}, "geometry": {"type": "LineString", "coordinates": [[80.2196895, 12.9732392], [80.2195657, 12.9732723], [80.219309, 12.9733014]]}}, {"type": "Feature", "properties": {"@id": "way/1251051350", "highway": "residential", "original_osm_index": 2404}, "geometry": {"type": "LineString", "coordinates": [[80.2195657, 12.9732723], [80.2196042, 12.9734615]]}}, {"type": "Feature", "properties": {"@id": "way/1252301622", "highway": "residential", "original_osm_index": 2405}, "geometry": {"type": "LineString", "coordinates": [[80.2102473, 12.9679792], [80.2102797, 12.9682394]]}}, {"type": "Feature", "properties": {"@id": "way/1252352878", "highway": "residential", "original_osm_index": 2406}, "geometry": {"type": "LineString", "coordinates": [[80.225368, 12.9863616], [80.225386, 12.9864229]]}}, {"type": "Feature", "properties": {"@id": "way/1253119950", "highway": "residential", "original_osm_index": 2407}, "geometry": {"type": "LineString", "coordinates": [[80.2048471, 12.9693318], [80.2046019, 12.969364]]}}, {"type": "Feature", "properties": {"@id": "way/1253120070", "highway": "residential", "original_osm_index": 2408}, "geometry": {"type": "LineString", "coordinates": [[80.2048394, 12.9691515], [80.2045762, 12.9692349]]}}, {"type": "Feature", "properties": {"@id": "way/1253172517", "access": "private", "highway": "residential", "original_osm_index": 2409}, "geometry": {"type": "LineString", "coordinates": [[80.189131, 12.9713456], [80.1891, 12.9713479297546]]}}, {"type": "Feature", "properties": {"@id": "way/1254806844", "highway": "residential", "original_osm_index": 2410}, "geometry": {"type": "LineString", "coordinates": [[80.2007506, 12.9707841], [80.2009723, 12.9707615]]}}, {"type": "Feature", "properties": {"@id": "way/1254807772", "highway": "residential", "surface": "unpaved", "original_osm_index": 2411}, "geometry": {"type": "LineString", "coordinates": [[80.2019723, 12.9733388], [80.2015454, 12.9734019]]}}, {"type": "Feature", "properties": {"@id": "way/1254808959", "highway": "residential", "original_osm_index": 2412}, "geometry": {"type": "LineString", "coordinates": [[80.2093363, 12.9722852], [80.2093476, 12.9726918]]}}, {"type": "Feature", "properties": {"@id": "way/1254851160", "highway": "residential", "name": "Muthu Mohamed Street", "original_osm_index": 2413}, "geometry": {"type": "LineString", "coordinates": [[80.1939959, 12.9712705], [80.193436, 12.9713463], [80.1926195, 12.971436], [80.1911194, 12.9716218]]}}, {"type": "Feature", "properties": {"@id": "way/1255918763", "highway": "secondary", "oneway": "yes", "original_osm_index": 2414}, "geometry": {"type": "LineString", "coordinates": [[80.2087041, 12.9649219], [80.2085878, 12.9649621], [80.2081747, 12.9650431], [80.2077858, 12.9651111], [80.2071462, 12.9652122]]}}, {"type": "Feature", "properties": {"@id": "way/1255918764", "highway": "residential", "original_osm_index": 2415}, "geometry": {"type": "LineString", "coordinates": [[80.2089611, 12.9649525], [80.2089559, 12.9648866]]}}, {"type": "Feature", "properties": {"@id": "way/1257297827", "highway": "residential", "lanes": "2", "name": "6th Main Road", "oneway": "no", "original_osm_index": 2416}, "geometry": {"type": "LineString", "coordinates": [[80.2066793, 12.9629901], [80.2080278, 12.9627154]]}}, {"type": "Feature", "properties": {"@id": "way/1257297828", "highway": "residential", "name": "5th Cross Street", "opening_date": "2024-05-01", "original_osm_index": 2417}, "geometry": {"type": "LineString", "coordinates": [[80.2066793, 12.9629901], [80.2065939, 12.9625092]]}}, {"type": "Feature", "properties": {"@id": "way/1262542076", "highway": "residential", "name": "31st Street", "original_osm_index": 2418}, "geometry": {"type": "LineString", "coordinates": [[80.1896305, 12.9848677], [80.1896473, 12.9853307], [80.1896578, 12.9853503], [80.1896823, 12.9853602], [80.1900415, 12.9853588]]}}, {"type": "Feature", "properties": {"@id": "way/1266392270", "access": "private", "highway": "residential", "original_osm_index": 2419}, "geometry": {"type": "MultiLineString", "coordinates": [[[80.2276505, 12.9840291], [80.2276753, 12.9840237], [80.2278254, 12.9839909], [80.2279587, 12.9839665]], [[80.2279587, 12.9839665], [80.2279652, 12.9839117], [80.2279757, 12.9839019], [80.228093, 12.9838874], [80.2281158, 12.9838887], [80.2281278, 12.9838965], [80.2281319, 12.9839096], [80.2281252, 12.9842422], [80.2281235, 12.9842495], [80.2281211, 12.9842533], [80.2281149, 12.9842566], [80.2281064, 12.9842567], [80.2279783, 12.9842624], [80.2279605, 12.9842551], [80.2279587, 12.9842339], [80.2279587, 12.9839665]]]}}, {"type": "Feature", "properties": {"@id": "way/1266392271", "highway": "service", "service": "alley", "original_osm_index": 2420}, "geometry": {"type": "LineString", "coordinates": [[80.2278403, 12.9859739], [80.2278703, 12.9860959]]}}, {"type": "Feature", "properties": {"@id": "way/1266392272", "highway": "service", "service": "alley", "original_osm_index": 2421}, "geometry": {"type": "LineString", "coordinates": [[80.2264917, 12.9862028], [80.2265131, 12.986339]]}}, {"type": "Feature", "properties": {"@id": "way/1266701806", "highway": "residential", "name": "3rd Main Road", "original_osm_index": 2422}, "geometry": {"type": "LineString", "coordinates": [[80.222965, 12.9693189], [80.2209508, 12.96921]]}}, {"type": "Feature", "properties": {"@id": "way/1266701807", "bicycle": "no", "highway": "path", "lanes": "1", "name": "4th Main Road", "smoothness": "intermediate", "surface": "asphalt", "original_osm_index": 2423}, "geometry": {"type": "LineString", "coordinates": [[80.2278006, 12.9723322], [80.2279079, 12.972327], [80.2280264, 12.9722972]]}}, {"type": "Feature", "properties": {"@id": "way/1267021378", "highway": "residential", "name": "Brindhavan Nagar Road", "original_osm_index": 2424}, "geometry": {"type": "LineString", "coordinates": [[80.2135509, 12.9703381], [80.2135887, 12.9703817], [80.2136506, 12.9704569]]}}, {"type": "Feature", "properties": {"@id": "way/1267103244", "highway": "residential", "original_osm_index": 2425}, "geometry": {"type": "LineString", "coordinates": [[80.2166428, 12.9817226], [80.2160014, 12.9816751]]}}, {"type": "Feature", "properties": {"@id": "way/1267103245", "highway": "residential", "original_osm_index": 2426}, "geometry": {"type": "LineString", "coordinates": [[80.2160138, 12.9815198], [80.2157799, 12.9815059]]}}, {"type": "Feature", "properties": {"@id": "way/1267103246", "highway": "residential", "original_osm_index": 2427}, "geometry": {"type": "LineString", "coordinates": [[80.2160284, 12.9786456], [80.2158675, 12.9786261]]}}, {"type": "Feature", "properties": {"@id": "way/1267103247", "highway": "residential", "original_osm_index": 2428}, "geometry": {"type": "LineString", "coordinates": [[80.2122525, 12.9773865], [80.2123392, 12.9773957], [80.2124679, 12.9774055]]}}, {"type": "Feature", "properties": {"@id": "way/1267103248", "highway": "residential", "original_osm_index": 2429}, "geometry": {"type": "LineString", "coordinates": [[80.2138483, 12.9816848], [80.2130956, 12.9816467]]}}, {"type": "Feature", "properties": {"@id": "way/1267103249", "highway": "residential", "name": "7th Cross Street", "original_osm_index": 2430}, "geometry": {"type": "LineString", "coordinates": [[80.2111804, 12.9792201], [80.2112061, 12.9788912]]}}, {"type": "Feature", "properties": {"@id": "way/1267103250", "highway": "residential", "name": "2nd Main Road", "original_osm_index": 2431}, "geometry": {"type": "LineString", "coordinates": [[80.2138023, 12.9786004], [80.2139822, 12.978641], [80.2150165, 12.9788194], [80.2159685, 12.9789872], [80.2160894, 12.979009], [80.2161215, 12.979024], [80.2161437, 12.9790469], [80.2161531, 12.9790795], [80.2161475, 12.9793026], [80.2161314, 12.9795652]]}}, {"type": "Feature", "properties": {"@id": "way/1267273629", "highway": "residential", "original_osm_index": 2432}, "geometry": {"type": "LineString", "coordinates": [[80.2191447, 12.9861922], [80.2191947, 12.9863847]]}}, {"type": "Feature", "properties": {"@id": "way/1267273630", "highway": "residential", "original_osm_index": 2433}, "geometry": {"type": "LineString", "coordinates": [[80.2189748, 12.9862318], [80.2190284, 12.9864108]]}}, {"type": "Feature", "properties": {"@id": "way/1267273631", "highway": "residential", "original_osm_index": 2434}, "geometry": {"type": "LineString", "coordinates": [[80.2218139, 12.9863233], [80.2216892, 12.9863605]]}}, {"type": "Feature", "properties": {"@id": "way/1267273632", "highway": "residential", "original_osm_index": 2435}, "geometry": {"type": "LineString", "coordinates": [[80.2222179, 12.9863942], [80.2221063, 12.9859156]]}}, {"type": "Feature", "properties": {"@id": "way/1267273633", "highway": "residential", "original_osm_index": 2436}, "geometry": {"type": "LineString", "coordinates": [[80.2218676, 12.9865141], [80.2218139, 12.9863233], [80.221771, 12.9861717]]}}, {"type": "Feature", "properties": {"@id": "way/1267273634", "highway": "service", "service": "alley", "original_osm_index": 2437}, "geometry": {"type": "LineString", "coordinates": [[80.2207679, 12.9872524], [80.2207196, 12.9871649]]}}, {"type": "Feature", "properties": {"@id": "way/1267273635", "highway": "living_street", "original_osm_index": 2438}, "geometry": {"type": "LineString", "coordinates": [[80.2205573, 12.9873596], [80.2203669, 12.986991]]}}, {"type": "Feature", "properties": {"@id": "way/1267273636", "highway": "living_street", "original_osm_index": 2439}, "geometry": {"type": "LineString", "coordinates": [[80.2205954, 12.9879964], [80.2207008, 12.9882207]]}}, {"type": "Feature", "properties": {"@id": "way/1267273637", "highway": "residential", "original_osm_index": 2440}, "geometry": {"type": "LineString", "coordinates": [[80.2221745, 12.9888541], [80.2220245, 12.9886441], [80.2219172, 12.9884952], [80.2219118, 12.9884743], [80.2219132, 12.9884547], [80.2219232, 12.9884396], [80.2220882, 12.9883351], [80.2221076, 12.9883325], [80.2221304, 12.9883364], [80.2221519, 12.9883482], [80.222389, 12.9886732]]}}, {"type": "Feature", "properties": {"@id": "way/1267273638", "highway": "residential", "original_osm_index": 2441}, "geometry": {"type": "LineString", "coordinates": [[80.219966, 12.9867024], [80.2201717, 12.9871851], [80.2201754, 12.98719], [80.2201818, 12.9871946], [80.2201868, 12.9871959], [80.2201965, 12.9871946], [80.2202039, 12.9871936], [80.2202126, 12.9871952], [80.22022, 12.9871988], [80.2202271, 12.9872054], [80.2202334, 12.9872175], [80.2203514, 12.9874826]]}}, {"type": "Feature", "properties": {"@id": "way/1267273639", "highway": "living_street", "original_osm_index": 2442}, "geometry": {"type": "LineString", "coordinates": [[80.2211273, 12.9864252], [80.220843, 12.9864984]]}}, {"type": "Feature", "properties": {"@id": "way/1267273641", "bicycle": "designated", "bicycle_road": "yes", "highway": "footway", "maxspeed": "30", "smoothness": "intermediate", "vehicle": "no", "original_osm_index": 2443}, "geometry": {"type": "LineString", "coordinates": [[80.2151361, 12.9889278], [80.2152291, 12.9888088], [80.2154195, 12.9886337], [80.2160445, 12.9882312], [80.2164012, 12.9880195], [80.2170342, 12.9877843], [80.2173373, 12.9876745], [80.2175826, 12.9876615]]}}, {"type": "Feature", "properties": {"@id": "way/1267273643", "highway": "residential", "original_osm_index": 2444}, "geometry": {"type": "LineString", "coordinates": [[80.2174893, 12.989678], [80.2173754, 12.9894251], [80.2172771, 12.9892303]]}}, {"type": "Feature", "properties": {"@id": "way/1267273644", "highway": "living_street", "original_osm_index": 2445}, "geometry": {"type": "LineString", "coordinates": [[80.214179, 12.9918026], [80.2145557, 12.9916488]]}}, {"type": "Feature", "properties": {"@id": "way/1267273645", "highway": "living_street", "original_osm_index": 2446}, "geometry": {"type": "LineString", "coordinates": [[80.214623, 12.9918142], [80.214229, 12.9919693]]}}, {"type": "Feature", "properties": {"@id": "way/1267273646", "highway": "living_street", "original_osm_index": 2447}, "geometry": {"type": "LineString", "coordinates": [[80.2144647, 12.991425], [80.214096, 12.9915852]]}}, {"type": "Feature", "properties": {"@id": "way/1267273647", "highway": "living_street", "original_osm_index": 2448}, "geometry": {"type": "LineString", "coordinates": [[80.2140941, 12.9922392], [80.2142984, 12.9921803], [80.2143386, 12.9921672], [80.2147123, 12.992014]]}}, {"type": "Feature", "properties": {"@id": "way/1267273648", "highway": "living_street", "original_osm_index": 2449}, "geometry": {"type": "LineString", "coordinates": [[80.2138223, 12.9912237], [80.2138518, 12.9912211], [80.2139068, 12.991225], [80.2139443, 12.991242], [80.2139671, 12.9912773], [80.2140181, 12.9913819], [80.214096, 12.9915852], [80.2141428, 12.9917072], [80.214179, 12.9918026], [80.214229, 12.9919693], [80.2142984, 12.9921803]]}}, {"type": "Feature", "properties": {"@id": "way/1267273650", "highway": "living_street", "name": "48th Street", "original_osm_index": 2450}, "geometry": {"type": "LineString", "coordinates": [[80.2132966, 12.9915923], [80.2133824, 12.991868]]}}, {"type": "Feature", "properties": {"@id": "way/1267273651", "highway": "residential", "original_osm_index": 2451}, "geometry": {"type": "LineString", "coordinates": [[80.2135540487842, 12.9924], [80.2135031, 12.9922077]]}}, {"type": "Feature", "properties": {"@id": "way/1267273652", "highway": "residential", "name": "6th Street", "original_osm_index": 2452}, "geometry": {"type": "LineString", "coordinates": [[80.2127262, 12.9917476], [80.2130418, 12.99166], [80.2132966, 12.9915923], [80.213877, 12.9914284]]}}, {"type": "Feature", "properties": {"@id": "way/1267279327", "highway": "residential", "original_osm_index": 2453}, "geometry": {"type": "LineString", "coordinates": [[80.2167124, 12.9849903], [80.2166976, 12.9849407], [80.2166956, 12.9848525], [80.2167016, 12.984792], [80.2167056, 12.9847773], [80.216707, 12.9847616], [80.2167196, 12.9843949]]}}, {"type": "Feature", "properties": {"@id": "way/1267279328", "highway": "residential", "name": "4th Street", "original_osm_index": 2454}, "geometry": {"type": "LineString", "coordinates": [[80.2145732, 12.9850984], [80.2146041, 12.9850883], [80.215563, 12.985155], [80.2155834, 12.9851658]]}}, {"type": "Feature", "properties": {"@id": "way/1267279329", "highway": "residential", "name": "3rd Street", "original_osm_index": 2455}, "geometry": {"type": "LineString", "coordinates": [[80.2145819, 12.9854935], [80.2149773, 12.9855066], [80.2152286, 12.98552], [80.2156002, 12.9855512]]}}, {"type": "Feature", "properties": {"@id": "way/1267279330", "highway": "residential", "name": "3rd Cross Street", "original_osm_index": 2456}, "geometry": {"type": "LineString", "coordinates": [[80.2154867, 12.9863988], [80.2154538, 12.9860749], [80.2154484, 12.986047], [80.2154356, 12.9860247], [80.2154155, 12.9860123], [80.2153798, 12.9860023]]}}, {"type": "Feature", "properties": {"@id": "way/1267279331", "highway": "residential", "name": "2nd Cross Street", "original_osm_index": 2457}, "geometry": {"type": "LineString", "coordinates": [[80.2157696, 12.9857967], [80.2158031, 12.985811], [80.2158272, 12.9858345], [80.2158843, 12.9863751]]}}, {"type": "Feature", "properties": {"@id": "way/1267279332", "highway": "residential", "name": "9th Street", "original_osm_index": 2458}, "geometry": {"type": "LineString", "coordinates": [[80.2141611, 12.9861523], [80.2141508, 12.9861246], [80.2141602, 12.9856921], [80.2141582, 12.9856646], [80.2141527, 12.9856525], [80.2141381, 12.9856405], [80.2141187, 12.9856372]]}}, {"type": "Feature", "properties": {"@id": "way/1267279333", "highway": "residential", "name": "Netaji Street", "name:etymology:wikidata": "Q2153", "original_osm_index": 2459}, "geometry": {"type": "LineString", "coordinates": [[80.213618, 12.9857555], [80.213599, 12.9857587], [80.2135775, 12.9857581], [80.2129368, 12.985754]]}}, {"type": "Feature", "properties": {"@id": "way/1267279334", "highway": "residential", "original_osm_index": 2460}, "geometry": {"type": "LineString", "coordinates": [[80.2125179, 12.9839422], [80.2122063, 12.9838975], [80.2116992, 12.983839]]}}, {"type": "Feature", "properties": {"@id": "way/1267279335", "highway": "residential", "name": "2nd Main Road", "original_osm_index": 2461}, "geometry": {"type": "LineString", "coordinates": [[80.2165411, 12.9843757], [80.2165558, 12.9841594], [80.2165805, 12.9837954], [80.2166119, 12.9833932]]}}, {"type": "Feature", "properties": {"@id": "way/1267284675", "highway": "living_street", "original_osm_index": 2462}, "geometry": {"type": "LineString", "coordinates": [[80.2157568, 12.988738], [80.2157991, 12.9887278], [80.2159667, 12.9887827]]}}, {"type": "Feature", "properties": {"@id": "way/1267284676", "access": "private", "bicycle": "yes", "foot": "yes", "highway": "service", "moped": "yes", "motorcycle": "yes", "service": "alley", "vehicle": "no", "original_osm_index": 2463}, "geometry": {"type": "LineString", "coordinates": [[80.2170587, 12.9878553], [80.2171187, 12.9880208]]}}, {"type": "Feature", "properties": {"@id": "way/1267284677", "highway": "service", "service": "alley", "original_osm_index": 2464}, "geometry": {"type": "LineString", "coordinates": [[80.2169403, 12.9885383], [80.2168813, 12.9883109]]}}, {"type": "Feature", "properties": {"@id": "way/1267284678", "highway": "residential", "original_osm_index": 2465}, "geometry": {"type": "LineString", "coordinates": [[80.2162883, 12.9886611], [80.2160433, 12.988311]]}}, {"type": "Feature", "properties": {"@id": "way/1267284680", "highway": "residential", "name": "Thiru Vi Ka Street", "name:etymology:wikidata": "Q7785243", "original_osm_index": 2466}, "geometry": {"type": "LineString", "coordinates": [[80.2153693, 12.990616], [80.2156863, 12.9916869], [80.2157977, 12.9919751], [80.2159297, 12.9922033]]}}, {"type": "Feature", "properties": {"@id": "way/1267284681", "highway": "residential", "name": "1st Cross Street", "original_osm_index": 2467}, "geometry": {"type": "LineString", "coordinates": [[80.2170898, 12.9850354], [80.2171231, 12.9844131]]}}, {"type": "Feature", "properties": {"@id": "way/1267284682", "highway": "residential", "name": "Sakthi Vijayalkshmi Road", "original_osm_index": 2468}, "geometry": {"type": "LineString", "coordinates": [[80.217889, 12.9856366], [80.2167392, 12.9860626], [80.2166761, 12.986056]]}}, {"type": "Feature", "properties": {"@id": "way/1267284683", "highway": "residential", "name": "Sasi Nagar Road", "original_osm_index": 2469}, "geometry": {"type": "LineString", "coordinates": [[80.2167539, 12.9864566], [80.2169725, 12.986437], [80.2179865, 12.9861744]]}}, {"type": "Feature", "properties": {"@id": "way/1267284684", "highway": "residential", "original_osm_index": 2470}, "geometry": {"type": "LineString", "coordinates": [[80.2167539, 12.9864566], [80.2167714, 12.986663]]}}, {"type": "Feature", "properties": {"@id": "way/1267302780", "highway": "secondary", "lanes": "2", "maxspeed": "10", "maxspeed:type": "sign", "name": "Velachery Main Road", "name:etymology:wikidata": "Q7918771", "name:ta": "வேளச்சேரி முதன்மைச் சாலை", "old_ref": "SH48", "oneway": "yes", "surface": "paved", "original_osm_index": 2471}, "geometry": {"type": "LineString", "coordinates": [[80.2195977, 12.9915857], [80.2196713, 12.9914896]]}}, {"type": "Feature", "properties": {"@id": "way/1267302781", "alt_name": "Bypass Road", "cycleway": "lane", "highway": "primary", "lanes": "2", "maxspeed": "50", "name": "Velachery Bypass Road", "name:ta": "வேளச்சேரி புறவழிச்சாலை", "oneway": "yes", "ref": "SH48C", "surface": "asphalt", "original_osm_index": 2472}, "geometry": {"type": "LineString", "coordinates": [[80.2195552, 12.9915416], [80.2195977, 12.9915857]]}}, {"type": "Feature", "properties": {"@id": "way/1267302782", "highway": "secondary", "name": "Velachery Main Road", "name:etymology:wikidata": "Q7918771", "name:ta": "வேளச்சேரி முதன்மைச் சாலை", "old_ref": "SH48", "oneway": "yes", "surface": "asphalt", "original_osm_index": 2473}, "geometry": {"type": "LineString", "coordinates": [[80.2196271, 12.9914386], [80.2195552, 12.9915416]]}}, {"type": "Feature", "properties": {"@id": "way/1268084727", "comment": "is it there all the places????", "highway": "tertiary", "name": "Lake View Road", "original_osm_index": 2474}, "geometry": {"type": "LineString", "coordinates": [[80.2047748, 12.9879339], [80.2054838, 12.9878045]]}}, {"type": "Feature", "properties": {"@id": "way/1268084728", "comment": "is it there all the places????", "highway": "residential", "name": "Lake View Road", "surface": "unpaved", "original_osm_index": 2475}, "geometry": {"type": "LineString", "coordinates": [[80.2142335, 12.9869134], [80.2142957, 12.9869427], [80.2143663, 12.9869658]]}}, {"type": "Feature", "properties": {"@id": "way/1268084729", "comment": "is it there all the places????", "highway": "residential", "motorcar": "no", "name": "Lake View Road", "original_osm_index": 2476}, "geometry": {"type": "LineString", "coordinates": [[80.2136016, 12.9869345], [80.2137709, 12.9869288], [80.2142335, 12.9869134]]}}, {"type": "Feature", "properties": {"@id": "way/1268571383", "highway": "residential", "oneway": "yes", "original_osm_index": 2477}, "geometry": {"type": "LineString", "coordinates": [[80.1944634, 12.9830048], [80.1945272, 12.982984]]}}, {"type": "Feature", "properties": {"@id": "way/1268571384", "highway": "residential", "oneway": "yes", "original_osm_index": 2478}, "geometry": {"type": "LineString", "coordinates": [[80.194706, 12.9833853], [80.1946242, 12.9834124]]}}, {"type": "Feature", "properties": {"@id": "way/1268974365", "highway": "residential", "original_osm_index": 2479}, "geometry": {"type": "LineString", "coordinates": [[80.200352, 12.9694298], [80.2003753, 12.9698185]]}}, {"type": "Feature", "properties": {"@id": "way/1268987589", "highway": "service", "oneway": "yes", "original_osm_index": 2480}, "geometry": {"type": "LineString", "coordinates": [[80.1928134, 12.9758668], [80.1928891, 12.9757923], [80.1929058, 12.9757501], [80.1929091, 12.975725], [80.1928676, 12.9756462], [80.1928374, 12.9756337], [80.1927904, 12.9756216], [80.1926983, 12.9756575]]}}, {"type": "Feature", "properties": {"@id": "way/1268992443", "highway": "service", "oneway": "yes", "original_osm_index": 2481}, "geometry": {"type": "LineString", "coordinates": [[80.2003788, 12.9655381], [80.2003898, 12.9656383], [80.2003952, 12.9656519], [80.2004045, 12.9656616], [80.2004143, 12.9656696], [80.2004339, 12.9656692], [80.2004557, 12.9656616], [80.2004628, 12.9656464], [80.2004648, 12.9656293], [80.2004547, 12.9655285]]}}, {"type": "Feature", "properties": {"@id": "way/1268999559", "highway": "residential", "original_osm_index": 2482}, "geometry": {"type": "LineString", "coordinates": [[80.1942609, 12.9757483], [80.1942659, 12.9754871], [80.1942536, 12.9753003]]}}, {"type": "Feature", "properties": {"@id": "way/1269000924", "highway": "residential", "original_osm_index": 2483}, "geometry": {"type": "LineString", "coordinates": [[80.1949463, 12.9757663], [80.1949469, 12.9755206], [80.1949409, 12.9753709]]}}, {"type": "Feature", "properties": {"@id": "way/1269001192", "highway": "residential", "original_osm_index": 2484}, "geometry": {"type": "LineString", "coordinates": [[80.1945841, 12.9757834], [80.1945955, 12.9755061], [80.194604, 12.975272]]}}, {"type": "Feature", "properties": {"@id": "way/1269276782", "highway": "residential", "original_osm_index": 2485}, "geometry": {"type": "LineString", "coordinates": [[80.2044357, 12.9753236], [80.2044689, 12.9753212], [80.2044757, 12.975553]]}}, {"type": "Feature", "properties": {"@id": "way/1269276869", "highway": "residential", "original_osm_index": 2486}, "geometry": {"type": "LineString", "coordinates": [[80.2032959, 12.9697795], [80.203662, 12.9697855]]}}, {"type": "Feature", "properties": {"@id": "way/1269419302", "highway": "residential", "original_osm_index": 2487}, "geometry": {"type": "LineString", "coordinates": [[80.2175872, 12.9852798], [80.2175781, 12.9850688]]}}, {"type": "Feature", "properties": {"@id": "way/1270309682", "highway": "residential", "original_osm_index": 2488}, "geometry": {"type": "LineString", "coordinates": [[80.2112587, 12.9838073], [80.2112633, 12.9837939], [80.2112775, 12.9837871], [80.2113183, 12.98378], [80.2113341, 12.9837728], [80.2113413, 12.983763], [80.2113465, 12.9837397], [80.2113525, 12.9836925], [80.2114167, 12.983135], [80.211434, 12.983051]]}}, {"type": "Feature", "properties": {"@id": "way/1270310866", "highway": "residential", "original_osm_index": 2489}, "geometry": {"type": "LineString", "coordinates": [[80.2112633, 12.9837939], [80.2111299, 12.9837464], [80.2111155, 12.9837376], [80.2111129, 12.9837255], [80.2111125, 12.9837017], [80.211158, 12.9832418]]}}, {"type": "Feature", "properties": {"@id": "way/1270311392", "highway": "residential", "original_osm_index": 2490}, "geometry": {"type": "LineString", "coordinates": [[80.2110493, 12.98312], [80.2114167, 12.983135]]}}, {"type": "Feature", "properties": {"@id": "way/1270311673", "highway": "residential", "original_osm_index": 2491}, "geometry": {"type": "LineString", "coordinates": [[80.2123848, 12.9804612], [80.2123939, 12.9800937]]}}, {"type": "Feature", "properties": {"@id": "way/1270312687", "highway": "residential", "original_osm_index": 2492}, "geometry": {"type": "LineString", "coordinates": [[80.2138254, 12.986429], [80.2138137, 12.9862063], [80.2138093, 12.9861818], [80.2137948, 12.9861678], [80.2137466, 12.9861647], [80.2137236, 12.9861581], [80.2137084, 12.9861376], [80.2137013, 12.9861082], [80.2136439, 12.9857195]]}}, {"type": "Feature", "properties": {"@id": "way/1270312820", "highway": "residential", "original_osm_index": 2493}, "geometry": {"type": "LineString", "coordinates": [[80.2151919, 12.9837098], [80.2151631, 12.9841906]]}}, {"type": "Feature", "properties": {"@id": "way/1270316624", "highway": "residential", "original_osm_index": 2494}, "geometry": {"type": "LineString", "coordinates": [[80.2185792, 12.9843056], [80.2185526, 12.9846238]]}}, {"type": "Feature", "properties": {"@id": "way/1270321046", "access": "private", "highway": "residential", "original_osm_index": 2495}, "geometry": {"type": "LineString", "coordinates": [[80.219046, 12.9843603], [80.2190475, 12.9843409], [80.2190699, 12.9840565], [80.2190691, 12.9840329], [80.2190587, 12.984013], [80.2189931, 12.9840104], [80.2189714, 12.9840292], [80.2189637, 12.984058], [80.2189395, 12.9843244], [80.2189374, 12.9843476]]}}, {"type": "Feature", "properties": {"@id": "way/1270321407", "access": "private", "highway": "residential", "original_osm_index": 2496}, "geometry": {"type": "LineString", "coordinates": [[80.218905, 12.9843438], [80.2189068, 12.9843226], [80.2189295, 12.9840614], [80.2189274, 12.9840502], [80.2189232, 12.9840415], [80.2189153, 12.9840351], [80.2188994, 12.984033], [80.2188287, 12.9840347], [80.2188209, 12.9840393], [80.2188173, 12.9840506], [80.2188153, 12.984106], [80.2188073, 12.9842193], [80.2188009, 12.9843109], [80.2187995, 12.9843314]]}}, {"type": "Feature", "properties": {"@id": "way/1270784270", "highway": "residential", "original_osm_index": 2497}, "geometry": {"type": "LineString", "coordinates": [[80.2064329, 12.9896], [80.2068349, 12.9894908]]}}, {"type": "Feature", "properties": {"@id": "way/1270786126", "highway": "residential", "original_osm_index": 2498}, "geometry": {"type": "LineString", "coordinates": [[80.2106911, 12.9914776], [80.2105986, 12.99109]]}}, {"type": "Feature", "properties": {"@id": "way/1270786496", "highway": "residential", "original_osm_index": 2499}, "geometry": {"type": "LineString", "coordinates": [[80.2109396, 12.9914112], [80.2108374, 12.9909857]]}}, {"type": "Feature", "properties": {"@id": "way/1271354545", "highway": "residential", "original_osm_index": 2500}, "geometry": {"type": "LineString", "coordinates": [[80.2151511, 12.9781009], [80.215508, 12.9781444], [80.2155433, 12.9782239], [80.2156911, 12.9782768]]}}, {"type": "Feature", "properties": {"@id": "way/1271355231", "check_date": "2024-04-10", "highway": "primary", "lanes": "2", "lit": "yes", "maxspeed": "40", "name": "Mount - Medavakkam Road", "oneway": "yes", "opening_date": "2024-07-31", "ref": "SH48A", "source": "digitalglobe", "surface": "asphalt", "original_osm_index": 2501}, "geometry": {"type": "LineString", "coordinates": [[80.1946812, 12.9797061], [80.1946314, 12.9796288], [80.1946172, 12.97961], [80.1943444, 12.9792485], [80.1943046, 12.9791868], [80.1941592, 12.9789316], [80.1940734, 12.9787755], [80.1940542, 12.9787324], [80.193993, 12.9784943], [80.1939538, 12.978342], [80.1939412, 12.9782775], [80.1939067, 12.9781007], [80.1938413, 12.9776951], [80.1938383, 12.9776767], [80.1938044, 12.9775967]]}}, {"type": "Feature", "properties": {"@id": "way/1271355280", "highway": "residential", "original_osm_index": 2502}, "geometry": {"type": "LineString", "coordinates": [[80.2167783, 12.9800775], [80.2168983, 12.9799654]]}}, {"type": "Feature", "properties": {"@id": "way/1271355849", "highway": "service", "original_osm_index": 2503}, "geometry": {"type": "LineString", "coordinates": [[80.2185054, 12.9797564], [80.2184603, 12.9797194], [80.2184432, 12.9796699], [80.2184578, 12.9796132], [80.218504, 12.9795846], [80.2185724, 12.9795876]]}}, {"type": "Feature", "properties": {"@id": "way/1271975410", "highway": "residential", "original_osm_index": 2504}, "geometry": {"type": "LineString", "coordinates": [[80.2142607, 12.9909882], [80.2142425, 12.9909597]]}}, {"type": "Feature", "properties": {"@id": "way/1271975411", "highway": "residential", "original_osm_index": 2505}, "geometry": {"type": "LineString", "coordinates": [[80.2143012, 12.9910514], [80.2142926, 12.9910379]]}}, {"type": "Feature", "properties": {"@id": "way/1272135591", "highway": "residential", "name": "Kannagi Street", "name:etymology:wikidata": "Q3115610", "original_osm_index": 2506}, "geometry": {"type": "LineString", "coordinates": [[80.2173754, 12.9894251], [80.217281, 12.9894282], [80.2171887, 12.9894445], [80.217091, 12.9894639]]}}, {"type": "Feature", "properties": {"@id": "way/1272135592", "highway": "residential", "motorcar": "no", "name": "Kannagi Street", "name:etymology:wikidata": "Q3115610", "original_osm_index": 2507}, "geometry": {"type": "LineString", "coordinates": [[80.217091, 12.9894639], [80.2170421, 12.9894664], [80.2170281, 12.9894519], [80.2170122, 12.9894396], [80.217002, 12.9894257]]}}, {"type": "Feature", "properties": {"@id": "way/1272711231", "highway": "residential", "original_osm_index": 2508}, "geometry": {"type": "LineString", "coordinates": [[80.2069669, 12.975378], [80.206927, 12.9750061]]}}, {"type": "Feature", "properties": {"@id": "way/1272712077", "highway": "residential", "original_osm_index": 2509}, "geometry": {"type": "LineString", "coordinates": [[80.2056027, 12.9697921], [80.2059947, 12.9697415]]}}, {"type": "Feature", "properties": {"@id": "way/1272713717", "highway": "residential", "original_osm_index": 2510}, "geometry": {"type": "LineString", "coordinates": [[80.2060825, 12.9673537], [80.2061222, 12.9675539]]}}, {"type": "Feature", "properties": {"@id": "way/1272713718", "highway": "residential", "original_osm_index": 2511}, "geometry": {"type": "LineString", "coordinates": [[80.2055856, 12.9676383], [80.2055516, 12.9674561], [80.2055206, 12.9672823]]}}, {"type": "Feature", "properties": {"@id": "way/1272713719", "highway": "residential", "original_osm_index": 2512}, "geometry": {"type": "LineString", "coordinates": [[80.2058313, 12.9674021], [80.2058647, 12.9675582]]}}, {"type": "Feature", "properties": {"@id": "way/1272715286", "highway": "residential", "original_osm_index": 2513}, "geometry": {"type": "LineString", "coordinates": [[80.2065451, 12.964769], [80.2066221, 12.9651409]]}}, {"type": "Feature", "properties": {"@id": "way/1272954460", "highway": "residential", "original_osm_index": 2514}, "geometry": {"type": "LineString", "coordinates": [[80.2146906, 12.9621821], [80.2148594, 12.9621232]]}}, {"type": "Feature", "properties": {"@id": "way/1273675928", "highway": "residential", "original_osm_index": 2515}, "geometry": {"type": "LineString", "coordinates": [[80.2009099, 12.9693866], [80.2009249, 12.9697155], [80.2009164, 12.9697375], [80.200863, 12.9697763], [80.2008527, 12.9697974]]}}, {"type": "Feature", "properties": {"@id": "way/1273702334", "access": "private", "highway": "residential", "original_osm_index": 2516}, "geometry": {"type": "LineString", "coordinates": [[80.1997066, 12.9712552], [80.1996803, 12.971259], [80.1995168, 12.9712824]]}}, {"type": "Feature", "properties": {"@id": "way/1274052933", "access": "private", "highway": "residential", "source": "digitalglobe", "original_osm_index": 2517}, "geometry": {"type": "LineString", "coordinates": [[80.1898359, 12.9920946], [80.18993020422609, 12.9924]]}}, {"type": "Feature", "properties": {"@id": "way/1274060799", "access": "private", "highway": "service", "original_osm_index": 2518}, "geometry": {"type": "LineString", "coordinates": [[80.2192206, 12.9843793], [80.2192215, 12.984356], [80.2192318, 12.9840941]]}}, {"type": "Feature", "properties": {"@id": "way/1274061501", "access": "private", "highway": "residential", "original_osm_index": 2519}, "geometry": {"type": "LineString", "coordinates": [[80.2202354, 12.9800502], [80.219936, 12.9800589]]}}, {"type": "Feature", "properties": {"@id": "way/1274066412", "access": "private", "highway": "residential", "oneway": "yes", "original_osm_index": 2520}, "geometry": {"type": "LineString", "coordinates": [[80.2191098, 12.979235], [80.2190395, 12.9792201], [80.2188732, 12.9791846]]}}, {"type": "Feature", "properties": {"@id": "way/1274066413", "access": "private", "highway": "residential", "original_osm_index": 2521}, "geometry": {"type": "LineString", "coordinates": [[80.2191098, 12.979235], [80.2190893, 12.9792776]]}}, {"type": "Feature", "properties": {"@id": "way/1274067702", "highway": "service", "original_osm_index": 2522}, "geometry": {"type": "LineString", "coordinates": [[80.2201483, 12.9795692], [80.2201422, 12.9796216], [80.2201329, 12.9796384], [80.2201159, 12.9796471], [80.2196633, 12.9796268], [80.2196529, 12.9796097], [80.2196529, 12.9795746], [80.2196936, 12.9791892], [80.2197055, 12.9791762], [80.2197327, 12.9791762], [80.2201377, 12.9792034]]}}, {"type": "Feature", "properties": {"@id": "way/1274354083", "access": "private", "highway": "residential", "original_osm_index": 2523}, "geometry": {"type": "LineString", "coordinates": [[80.2198639, 12.9775405], [80.2200478, 12.9775415], [80.2200465, 12.977651], [80.2200447, 12.9778114], [80.2198653, 12.9778087], [80.2198639, 12.9775405]]}}, {"type": "Feature", "properties": {"@id": "way/1274354214", "access": "private", "highway": "residential", "original_osm_index": 2524}, "geometry": {"type": "LineString", "coordinates": [[80.2195108, 12.9778859], [80.2195866, 12.9778943], [80.2197892, 12.9779168]]}}, {"type": "Feature", "properties": {"@id": "way/1274354515", "highway": "residential", "original_osm_index": 2525}, "geometry": {"type": "LineString", "coordinates": [[80.2191825, 12.9779737], [80.219095, 12.9779223], [80.2190787, 12.9779028], [80.2190701, 12.9778614], [80.2190806, 12.9775489]]}}, {"type": "Feature", "properties": {"@id": "way/1274355703", "access": "private", "highway": "residential", "original_osm_index": 2526}, "geometry": {"type": "LineString", "coordinates": [[80.2224838, 12.9775548], [80.222481, 12.977589], [80.2224555, 12.9778976]]}}, {"type": "Feature", "properties": {"@id": "way/1274356480", "access": "private", "highway": "residential", "original_osm_index": 2527}, "geometry": {"type": "LineString", "coordinates": [[80.2226134, 12.9780693], [80.2226139, 12.9780114], [80.2226089, 12.9779974], [80.2225957, 12.9779898], [80.222472, 12.9779928], [80.2223391, 12.9779276], [80.2222729, 12.9778842], [80.2222371, 12.9778483], [80.22221, 12.9778207], [80.2222104, 12.9777432], [80.2222201, 12.9775795], [80.2222232, 12.977541]]}}, {"type": "Feature", "properties": {"@id": "way/1274358018", "access": "permissive", "highway": "service", "oneway": "yes", "original_osm_index": 2528}, "geometry": {"type": "LineString", "coordinates": [[80.2213366, 12.9785856], [80.221324, 12.9787598]]}}, {"type": "Feature", "properties": {"@id": "way/1274360627", "access": "private", "highway": "residential", "original_osm_index": 2529}, "geometry": {"type": "LineString", "coordinates": [[80.2234271, 12.9835895], [80.223404, 12.9838273]]}}, {"type": "Feature", "properties": {"@id": "way/1274361966", "access": "private", "highway": "residential", "original_osm_index": 2530}, "geometry": {"type": "LineString", "coordinates": [[80.2237598, 12.984196], [80.2237267, 12.984204], [80.2234099, 12.9842807], [80.2234029, 12.9842917], [80.2234008, 12.9843063], [80.2234523, 12.9845573], [80.2234683, 12.9845629], [80.2234856, 12.984561], [80.2237461, 12.9845151], [80.2237743, 12.9845101]]}}, {"type": "Feature", "properties": {"@id": "way/1274362208", "access": "private", "highway": "service", "original_osm_index": 2531}, "geometry": {"type": "LineString", "coordinates": [[80.2231255, 12.9847671], [80.223178, 12.9847395], [80.2233699, 12.9846287], [80.2234562, 12.9845896]]}}, {"type": "Feature", "properties": {"@id": "way/1274374215", "access": "private", "highway": "residential", "original_osm_index": 2532}, "geometry": {"type": "LineString", "coordinates": [[80.2254226, 12.9863491], [80.2254134, 12.9863128], [80.2252712, 12.9857517], [80.2252712, 12.9857312], [80.2252817, 12.9857098], [80.225389, 12.9856663], [80.2254075, 12.9856696], [80.2254162, 12.985687], [80.2255292, 12.9862842], [80.2255364, 12.9863236]]}}, {"type": "Feature", "properties": {"@id": "way/1274374389", "highway": "residential", "original_osm_index": 2533}, "geometry": {"type": "LineString", "coordinates": [[80.2254156, 12.9863507], [80.2254939, 12.9866322]]}}, {"type": "Feature", "properties": {"@id": "way/1274375229", "highway": "living_street", "original_osm_index": 2534}, "geometry": {"type": "LineString", "coordinates": [[80.2281808, 12.9847775], [80.2281917, 12.9851312]]}}, {"type": "Feature", "properties": {"@id": "way/1274375230", "highway": "living_street", "original_osm_index": 2535}, "geometry": {"type": "LineString", "coordinates": [[80.2280354, 12.9847862], [80.2280312, 12.9850728]]}}, {"type": "Feature", "properties": {"@id": "way/1276057233", "highway": "residential", "name": "Andalam avenue", "original_osm_index": 2536}, "geometry": {"type": "LineString", "coordinates": [[80.2265731, 12.9866564], [80.226379, 12.986678]]}}, {"type": "Feature", "properties": {"@id": "way/1278375405", "highway": "residential", "original_osm_index": 2537}, "geometry": {"type": "LineString", "coordinates": [[80.1935083, 12.9675796], [80.1932829, 12.9676473]]}}, {"type": "Feature", "properties": {"@id": "way/1278375559", "highway": "residential", "name": "Bhuvaneshwari Street", "oneway": "no", "original_osm_index": 2538}, "geometry": {"type": "LineString", "coordinates": [[80.1928562, 12.9674374], [80.1928469, 12.9674246], [80.1928305, 12.9674202], [80.1920883, 12.9675804], [80.1920786, 12.967583], [80.1920699, 12.9675869], [80.192062, 12.9675931]]}}, {"type": "Feature", "properties": {"@id": "way/1278380023", "highway": "living_street", "original_osm_index": 2539}, "geometry": {"type": "LineString", "coordinates": [[80.1947585, 12.9677066], [80.1947125, 12.9676726], [80.1946643, 12.9676639], [80.1945187, 12.9676745], [80.1941779, 12.9677225]]}}, {"type": "Feature", "properties": {"@id": "way/1278380203", "highway": "residential", "original_osm_index": 2540}, "geometry": {"type": "LineString", "coordinates": [[80.1915403, 12.9681021], [80.1918125, 12.9680483]]}}, {"type": "Feature", "properties": {"@id": "way/1286834230", "bridge": "yes", "highway": "primary", "lanes": "2", "layer": "1", "lit": "yes", "maxspeed": "40", "name": "Inner Ring Road (Southern Sector)", "name:ta": "உள்வட்டச் சாலை", "oneway": "yes", "ref": "SH2A", "surface": "asphalt", "original_osm_index": 2541}, "geometry": {"type": "LineString", "coordinates": [[80.2175009, 12.9680334], [80.2173491, 12.9680951]]}}, {"type": "Feature", "properties": {"@id": "way/1286834231", "highway": "primary", "lanes": "2", "lit": "yes", "maxspeed": "40", "name": "Inner Ring Road (Southern Sector)", "name:ta": "உள்வட்டச் சாலை", "oneway": "yes", "ref": "SH2A", "surface": "asphalt", "original_osm_index": 2542}, "geometry": {"type": "LineString", "coordinates": [[80.2175688, 12.9680097], [80.2175009, 12.9680334]]}}, {"type": "Feature", "properties": {"@id": "way/1286834232", "highway": "primary", "lanes": "2", "lit": "yes", "maxspeed": "40", "name": "Inner Ring Road (Southern Sector)", "name:ta": "உள்வட்டச் சாலை", "oneway": "yes", "ref": "SH2A", "surface": "asphalt", "original_osm_index": 2543}, "geometry": {"type": "LineString", "coordinates": [[80.2175156, 12.9680929], [80.2175694, 12.9680755], [80.2175892, 12.9680691], [80.2176773, 12.9680403], [80.2178483, 12.9679983], [80.2178783, 12.9680088], [80.21797, 12.9681656], [80.2180382, 12.9683298], [80.2180523, 12.9683637], [80.2184737, 12.9693786], [80.2186283, 12.9697482], [80.2186821, 12.969783]]}}, {"type": "Feature", "properties": {"@id": "way/1286834233", "bridge": "yes", "highway": "primary", "lanes": "2", "layer": "1", "lit": "yes", "maxspeed": "40", "name": "Inner Ring Road (Southern Sector)", "name:ta": "உள்வட்டச் சாலை", "oneway": "yes", "ref": "SH2A", "surface": "asphalt", "original_osm_index": 2544}, "geometry": {"type": "LineString", "coordinates": [[80.2173776, 12.9681524], [80.2175156, 12.9680929]]}}, {"type": "Feature", "properties": {"@id": "way/1286834234", "bridge": "yes", "highway": "primary", "lanes": "2", "layer": "1", "lit": "yes", "maxspeed": "40", "motorroad": "no", "name": "Inner Ring Road (Southern Sector)", "name:ta": "உள்வட்டச் சாலை", "oneway": "yes", "ref": "SH2A", "surface": "asphalt", "original_osm_index": 2545}, "geometry": {"type": "LineString", "coordinates": [[80.2172267, 12.9674216], [80.2170909, 12.9674983]]}}, {"type": "Feature", "properties": {"@id": "way/1286834235", "highway": "primary", "lanes": "2", "lit": "yes", "maxspeed": "40", "motorroad": "no", "name": "Inner Ring Road (Southern Sector)", "name:ta": "உள்வட்டச் சாலை", "oneway": "yes", "ref": "SH2A", "surface": "asphalt", "original_osm_index": 2546}, "geometry": {"type": "LineString", "coordinates": [[80.2172574, 12.9672193], [80.2172625, 12.9673026], [80.2172615, 12.9673519], [80.2172392, 12.9674013], [80.2172267, 12.9674216]]}}, {"type": "Feature", "properties": {"@id": "way/1286834236", "bridge": "yes", "highway": "primary", "lanes": "2", "layer": "1", "lit": "yes", "maxspeed": "40", "motorroad": "no", "name": "Inner Ring Road (Southern Sector)", "name:ta": "உள்வட்டச் சாலை", "oneway": "yes", "ref": "SH2A", "surface": "asphalt", "original_osm_index": 2547}, "geometry": {"type": "LineString", "coordinates": [[80.2171253, 12.9675515], [80.2172809, 12.9674837]]}}, {"type": "Feature", "properties": {"@id": "way/1286834237", "highway": "primary", "lanes": "2", "lit": "yes", "maxspeed": "40", "motorroad": "no", "name": "Inner Ring Road (Southern Sector)", "name:ta": "உள்வட்டச் சாலை", "oneway": "yes", "ref": "SH2A", "surface": "asphalt", "original_osm_index": 2548}, "geometry": {"type": "LineString", "coordinates": [[80.2172809, 12.9674837], [80.2173354, 12.9674575], [80.2174131, 12.9674286]]}}, {"type": "Feature", "properties": {"@id": "way/1287290033", "highway": "secondary", "lanes": "2", "name": "Velachery Main Road", "name:etymology:wikidata": "Q7918771", "name:ta": "வேளச்சேரி முதன்மைச் சாலை", "old_ref": "SH48", "oneway": "yes", "surface": "asphalt", "original_osm_index": 2549}, "geometry": {"type": "LineString", "coordinates": [[80.2200334, 12.9910125], [80.2206945, 12.990178], [80.2207226, 12.9901027]]}}, {"type": "Feature", "properties": {"@id": "way/1287290034", "highway": "service", "original_osm_index": 2550}, "geometry": {"type": "LineString", "coordinates": [[80.2199775, 12.990972], [80.2200334, 12.9910125]]}}, {"type": "Feature", "properties": {"@id": "way/1287290035", "highway": "secondary", "lanes": "2", "name": "Velachery Main Road", "name:etymology:wikidata": "Q7918771", "name:ta": "வேளச்சேரி முதன்மைச் சாலை", "old_ref": "SH48", "oneway": "yes", "surface": "asphalt", "original_osm_index": 2551}, "geometry": {"type": "LineString", "coordinates": [[80.2207226, 12.9901027], [80.2206352, 12.9901476], [80.2203598, 12.9904916], [80.2201826, 12.99071], [80.2200706, 12.9908569]]}}, {"type": "Feature", "properties": {"@id": "way/1287590622", "highway": "residential", "name": "Murugan Nagar Extension 1st Street", "original_osm_index": 2552}, "geometry": {"type": "LineString", "coordinates": [[80.2129148, 12.9767053], [80.2129016, 12.9768494], [80.2129013, 12.9768605], [80.2129042, 12.9768736]]}}, {"type": "Feature", "properties": {"@id": "way/1288576567", "highway": "tertiary", "name": "Brindavan Nagar Main Road", "surface": "asphalt", "original_osm_index": 2553}, "geometry": {"type": "LineString", "coordinates": [[80.2054838, 12.9878045], [80.2053913, 12.9873359], [80.2053644, 12.9871331], [80.2053283, 12.9868615], [80.2052195, 12.9861882], [80.2051565, 12.9858202], [80.2050952, 12.9854653], [80.2050456, 12.9851861], [80.2049986, 12.9848504], [80.2049754, 12.9847007], [80.2049489, 12.9844281], [80.2049417, 12.9843539], [80.2048945, 12.9839602]]}}, {"type": "Feature", "properties": {"@id": "way/1288576568", "highway": "residential", "name": "1st Cross Road", "original_osm_index": 2554}, "geometry": {"type": "LineString", "coordinates": [[80.2066455, 12.9809052], [80.2066688, 12.9810098]]}}, {"type": "Feature", "properties": {"@id": "way/1288576569", "highway": "residential", "original_osm_index": 2555}, "geometry": {"type": "LineString", "coordinates": [[80.2076095, 12.9807972], [80.2086156, 12.9807544]]}}, {"type": "Feature", "properties": {"@id": "way/1288576570", "highway": "residential", "original_osm_index": 2556}, "geometry": {"type": "LineString", "coordinates": [[80.2076095, 12.9807972], [80.2077325, 12.9814073]]}}, {"type": "Feature", "properties": {"@id": "way/1288576571", "highway": "residential", "name": "anna nagar 2nd street", "original_osm_index": 2557}, "geometry": {"type": "LineString", "coordinates": [[80.2068915, 12.9769798], [80.2069323, 12.9773023], [80.2069428, 12.9774037], [80.2069998, 12.9777167], [80.207117, 12.9781124]]}}, {"type": "Feature", "properties": {"@id": "way/1288576572", "highway": "residential", "original_osm_index": 2558}, "geometry": {"type": "LineString", "coordinates": [[80.2100678, 12.9779429], [80.2102878, 12.9779493]]}}, {"type": "Feature", "properties": {"@id": "way/1288576573", "highway": "residential", "original_osm_index": 2559}, "geometry": {"type": "LineString", "coordinates": [[80.2100678, 12.9779429], [80.2100629, 12.9775665]]}}, {"type": "Feature", "properties": {"@id": "way/1288576574", "highway": "residential", "original_osm_index": 2560}, "geometry": {"type": "LineString", "coordinates": [[80.2100803, 12.9768397], [80.2100771, 12.9771535]]}}, {"type": "Feature", "properties": {"@id": "way/1288576575", "highway": "residential", "original_osm_index": 2561}, "geometry": {"type": "LineString", "coordinates": [[80.2105243, 12.976905], [80.2107404, 12.9769079]]}}, {"type": "Feature", "properties": {"@id": "way/1288576576", "highway": "residential", "name": "Murugan Nagar Extension 1st Street", "original_osm_index": 2562}, "geometry": {"type": "LineString", "coordinates": [[80.2129794, 12.9760344], [80.2129448, 12.9763794], [80.2129219, 12.9766287]]}}, {"type": "Feature", "properties": {"@id": "way/1288576577", "highway": "residential", "original_osm_index": 2563}, "geometry": {"type": "LineString", "coordinates": [[80.213639, 12.9736528], [80.2130977, 12.9736589]]}}, {"type": "Feature", "properties": {"@id": "way/1288576578", "highway": "residential", "original_osm_index": 2564}, "geometry": {"type": "LineString", "coordinates": [[80.2136613, 12.9737726], [80.213639, 12.9736528]]}}, {"type": "Feature", "properties": {"@id": "way/1288649399", "bicycle": "yes", "cycleway": "lane", "foot": "yes", "highway": "primary", "lanes": "2", "lit": "yes", "maxspeed": "50", "motorroad": "no", "name": "Taramani Road", "name:ta": "தரமணி சாலை", "official_name": "Marmalong Bridge - Irumbuliyur - Vandalur - Mudichur - Oragadam - Walajabad Road", "oneway": "yes", "ref": "SH48", "surface": "asphalt", "original_osm_index": 2565}, "geometry": {"type": "LineString", "coordinates": [[80.2211155, 12.975928], [80.2211689, 12.9759744], [80.2212421, 12.9760295], [80.2213325, 12.9760873]]}}, {"type": "Feature", "properties": {"@id": "way/1296289445", "highway": "footway", "surface": "paved", "original_osm_index": 2566}, "geometry": {"type": "MultiLineString", "coordinates": [[[80.2230569, 12.9714526], [80.2230993, 12.9714576], [80.2231477, 12.9714608]], [[80.2231477, 12.9714608], [80.2231418, 12.9715605], [80.2234107, 12.9715737], [80.22342, 12.9714229], [80.2234327, 12.971207], [80.223168, 12.9711806], [80.2231579, 12.9713207], [80.2231477, 12.9714608]]]}}, {"type": "Feature", "properties": {"@id": "way/1296289446", "highway": "footway", "original_osm_index": 2567}, "geometry": {"type": "LineString", "coordinates": [[80.2231579, 12.9713207], [80.2232186, 12.9713242]]}}, {"type": "Feature", "properties": {"@id": "way/1296289447", "highway": "footway", "original_osm_index": 2568}, "geometry": {"type": "LineString", "coordinates": [[80.22342, 12.9714229], [80.223464, 12.9714287]]}}, {"type": "Feature", "properties": {"@id": "way/1296289448", "highway": "footway", "original_osm_index": 2569}, "geometry": {"type": "LineString", "coordinates": [[80.223464, 12.9714287], [80.2234972, 12.9714473]]}}, {"type": "Feature", "properties": {"@id": "way/1296561257", "highway": "residential", "original_osm_index": 2570}, "geometry": {"type": "LineString", "coordinates": [[80.1907999, 12.9753163], [80.1904339, 12.9752538], [80.1903807, 12.9752416], [80.1903604, 12.9752248], [80.1903525, 12.975202], [80.1903541, 12.9751745], [80.1903825, 12.9750804]]}}, {"type": "Feature", "properties": {"@id": "way/1296562925", "access": "private", "highway": "residential", "name": "Ponnappan Street", "surface": "asphalt", "original_osm_index": 2571}, "geometry": {"type": "LineString", "coordinates": [[80.1960816, 12.9754346], [80.1960956, 12.9754369], [80.1961084, 12.975446], [80.1961213, 12.9754671], [80.1961236, 12.9754853], [80.1960773, 12.9759607], [80.1960765, 12.9759685]]}}, {"type": "Feature", "properties": {"@id": "way/1296562926", "highway": "residential", "name": "Ponnappan Street", "surface": "asphalt", "original_osm_index": 2572}, "geometry": {"type": "LineString", "coordinates": [[80.1960765, 12.9759685], [80.1960688, 12.9760479]]}}, {"type": "Feature", "properties": {"@id": "way/1297319512", "access": "private", "highway": "residential", "original_osm_index": 2573}, "geometry": {"type": "LineString", "coordinates": [[80.1891, 12.972902915105484], [80.1891221, 12.9729034], [80.1891565, 12.9729041], [80.1897038, 12.9729115]]}}, {"type": "Feature", "properties": {"@id": "way/1297319513", "access": "private", "highway": "residential", "original_osm_index": 2574}, "geometry": {"type": "LineString", "coordinates": [[80.1891565, 12.9729041], [80.1891933, 12.9721417]]}}, {"type": "Feature", "properties": {"@id": "way/1298331447", "highway": "residential", "original_osm_index": 2575}, "geometry": {"type": "LineString", "coordinates": [[80.1999328, 12.9754841], [80.2000505, 12.9754763], [80.2000724, 12.9754822], [80.2000943, 12.9755016], [80.2001063, 12.9755288], [80.2001078, 12.9760303]]}}, {"type": "Feature", "properties": {"@id": "way/1298333391", "access": "private", "highway": "residential", "oneway": "yes", "original_osm_index": 2576}, "geometry": {"type": "LineString", "coordinates": [[80.2075074, 12.9759793], [80.207519, 12.9759926], [80.2075393, 12.9760158]]}}, {"type": "Feature", "properties": {"@id": "way/1298333392", "access": "private", "highway": "residential", "oneway": "yes", "original_osm_index": 2577}, "geometry": {"type": "LineString", "coordinates": [[80.2075972, 12.9759581], [80.2075852, 12.9759437], [80.2075731, 12.9759294]]}}, {"type": "Feature", "properties": {"@id": "way/1298336239", "access": "private", "highway": "residential", "name": "DRA Tuxedo Elite Path", "oneway": "yes", "original_osm_index": 2578}, "geometry": {"type": "LineString", "coordinates": [[80.2080686, 12.9756764], [80.2080619, 12.9757014], [80.2080568, 12.9757171]]}}, {"type": "Feature", "properties": {"@id": "way/1298336240", "access": "private", "highway": "residential", "oneway": "yes", "original_osm_index": 2579}, "geometry": {"type": "LineString", "coordinates": [[80.2079739, 12.9756322], [80.2079849, 12.9756454], [80.2080116, 12.9756689], [80.2080358, 12.9756894], [80.2080619, 12.9757014]]}}, {"type": "Feature", "properties": {"@id": "way/1298336241", "access": "private", "highway": "service", "original_osm_index": 2580}, "geometry": {"type": "LineString", "coordinates": [[80.2088281, 12.9753957], [80.2088189, 12.9751418], [80.2089262, 12.9749294], [80.2089715, 12.9749242], [80.209134, 12.9749376], [80.2091475, 12.9749425], [80.2091575, 12.974967], [80.2090731, 12.9754043]]}}, {"type": "Feature", "properties": {"@id": "way/1298336242", "highway": "service", "original_osm_index": 2581}, "geometry": {"type": "LineString", "coordinates": [[80.2088777, 12.9747791], [80.2089296, 12.9748552]]}}, {"type": "Feature", "properties": {"@id": "way/1298336243", "bridge": "yes", "highway": "service", "layer": "1", "original_osm_index": 2582}, "geometry": {"type": "LineString", "coordinates": [[80.2089296, 12.9748552], [80.2089567, 12.9748904]]}}, {"type": "Feature", "properties": {"@id": "way/1298336244", "access": "private", "highway": "service", "original_osm_index": 2583}, "geometry": {"type": "LineString", "coordinates": [[80.2089567, 12.9748904], [80.208961, 12.9749004], [80.2089715, 12.9749242]]}}, {"type": "Feature", "properties": {"@id": "way/1298346983", "highway": "residential", "name": "Kalki Nagar 2nd Cross Street", "original_osm_index": 2584}, "geometry": {"type": "LineString", "coordinates": [[80.2103588, 12.9755589], [80.2099691, 12.9755678]]}}, {"type": "Feature", "properties": {"@id": "way/1298713848", "highway": "residential", "original_osm_index": 2585}, "geometry": {"type": "LineString", "coordinates": [[80.2075157, 12.9698721], [80.2074802, 12.9695059], [80.2074621, 12.969365], [80.2074164, 12.9689764], [80.2073922, 12.9688024], [80.207351, 12.9685635], [80.2073358, 12.9683075]]}}, {"type": "Feature", "properties": {"@id": "way/1298713849", "highway": "residential", "original_osm_index": 2586}, "geometry": {"type": "LineString", "coordinates": [[80.2074539, 12.9676431], [80.2060749, 12.9678863]]}}, {"type": "Feature", "properties": {"@id": "way/1298713850", "highway": "residential", "opening_date": "2024-09-30", "original_osm_index": 2587}, "geometry": {"type": "LineString", "coordinates": [[80.2075618, 12.9682632], [80.2074539, 12.9676431]]}}, {"type": "Feature", "properties": {"@id": "way/1298714091", "highway": "residential", "original_osm_index": 2588}, "geometry": {"type": "LineString", "coordinates": [[80.206673, 12.9689036], [80.2065923, 12.9684608]]}}, {"type": "Feature", "properties": {"@id": "way/1298714328", "highway": "residential", "original_osm_index": 2589}, "geometry": {"type": "LineString", "coordinates": [[80.2038304, 12.9684059], [80.2038023, 12.9680424]]}}, {"type": "Feature", "properties": {"@id": "way/1298945365", "highway": "tertiary", "maxspeed": "20", "name": "Ponniamman Koil Street", "original_osm_index": 2590}, "geometry": {"type": "LineString", "coordinates": [[80.1961345, 12.9665257], [80.1961321, 12.9664678], [80.1961159, 12.9661698], [80.19613, 12.966044], [80.1961217, 12.9657784], [80.1961186, 12.9655676], [80.1961121, 12.9653701], [80.1961237, 12.964921], [80.1961371, 12.9648117]]}}, {"type": "Feature", "properties": {"@id": "way/1298945366", "highway": "secondary", "maxspeed": "20", "name": "Ponniamman Koil Street", "original_osm_index": 2591}, "geometry": {"type": "LineString", "coordinates": [[80.1961371, 12.9648117], [80.1961284, 12.964797], [80.1961247, 12.9647825], [80.1961207, 12.964658]]}}, {"type": "Feature", "properties": {"@id": "way/1298947256", "access": "private", "highway": "service", "original_osm_index": 2592}, "geometry": {"type": "LineString", "coordinates": [[80.2169933, 12.9837678], [80.2166935, 12.9837648], [80.2166736, 12.9837768], [80.2166628, 12.9837978], [80.2166533, 12.9838978]]}}, {"type": "Feature", "properties": {"@id": "way/1298947257", "access": "private", "highway": "service", "original_osm_index": 2593}, "geometry": {"type": "LineString", "coordinates": [[80.2172626, 12.983192], [80.2172545, 12.9833374]]}}, {"type": "Feature", "properties": {"@id": "way/1298947313", "highway": "residential", "source": "digitalglobe", "original_osm_index": 2594}, "geometry": {"type": "LineString", "coordinates": [[80.2165878, 12.9826623], [80.217271, 12.9827256]]}}, {"type": "Feature", "properties": {"@id": "way/1299035902", "highway": "residential", "original_osm_index": 2595}, "geometry": {"type": "LineString", "coordinates": [[80.2263427, 12.9830802], [80.2263595, 12.9833181], [80.2263764, 12.9835555]]}}, {"type": "Feature", "properties": {"@id": "way/1299269747", "highway": "living_street", "source": "digitalglobe", "original_osm_index": 2596}, "geometry": {"type": "LineString", "coordinates": [[80.2035371, 12.97344], [80.2032609, 12.973471]]}}, {"type": "Feature", "properties": {"@id": "way/1299270876", "highway": "residential", "name": "Avvai Street", "name:etymology:wikidata": "Q2873107", "original_osm_index": 2597}, "geometry": {"type": "LineString", "coordinates": [[80.2262664, 12.9762296], [80.2269675, 12.9764404]]}}, {"type": "Feature", "properties": {"@id": "way/1299279605", "access": "private", "highway": "residential", "oneway": "yes", "original_osm_index": 2598}, "geometry": {"type": "LineString", "coordinates": [[80.2133301, 12.9782602], [80.2130887, 12.9782185]]}}, {"type": "Feature", "properties": {"@id": "way/1299281283", "access": "private", "highway": "residential", "original_osm_index": 2599}, "geometry": {"type": "LineString", "coordinates": [[80.2130699, 12.9789541], [80.2130638, 12.9791799]]}}, {"type": "Feature", "properties": {"@id": "way/1299281284", "access": "private", "highway": "residential", "original_osm_index": 2600}, "geometry": {"type": "LineString", "coordinates": [[80.213608, 12.9789649], [80.2136164, 12.9791356]]}}, {"type": "Feature", "properties": {"@id": "way/1299913540", "highway": "residential", "original_osm_index": 2601}, "geometry": {"type": "LineString", "coordinates": [[80.2181637, 12.977869], [80.218176, 12.9778897], [80.2181778, 12.9779233], [80.2181389, 12.9785948]]}}, {"type": "Feature", "properties": {"@id": "way/1299914363", "highway": "residential", "source": "digitalglobe", "original_osm_index": 2602}, "geometry": {"type": "LineString", "coordinates": [[80.21618, 12.9778241], [80.2161666, 12.9778528], [80.2161354, 12.9778785], [80.2161272, 12.977899]]}}, {"type": "Feature", "properties": {"@id": "way/1300543178", "highway": "residential", "original_osm_index": 2603}, "geometry": {"type": "LineString", "coordinates": [[80.2120966, 12.9643086], [80.2121306, 12.9644411], [80.2122325, 12.9644185]]}}, {"type": "Feature", "properties": {"@id": "way/1300543179", "highway": "residential", "original_osm_index": 2604}, "geometry": {"type": "LineString", "coordinates": [[80.2121306, 12.9644411], [80.2119375, 12.9644812]]}}, {"type": "Feature", "properties": {"@id": "way/1301519633", "highway": "residential", "original_osm_index": 2605}, "geometry": {"type": "LineString", "coordinates": [[80.1987112, 12.9899842], [80.198721, 12.9900209], [80.1987308, 12.9900338], [80.1987387, 12.9900369], [80.1987693, 12.9900301], [80.1988342, 12.9900117], [80.1988554, 12.9900051], [80.1988472, 12.9899645], [80.1987953, 12.9897818]]}}, {"type": "Feature", "properties": {"@id": "way/1301519634", "highway": "residential", "original_osm_index": 2606}, "geometry": {"type": "LineString", "coordinates": [[80.1988554, 12.9900051], [80.1990086, 12.9899833]]}}, {"type": "Feature", "properties": {"@id": "way/1308902097", "highway": "tertiary", "maxspeed": "20", "name": "Ponniamman Koil Street", "original_osm_index": 2607}, "geometry": {"type": "LineString", "coordinates": [[80.1974266, 12.9798987], [80.1972991, 12.9794004]]}}, {"type": "Feature", "properties": {"@id": "way/1308902098", "highway": "residential", "name": "Drowpathi Amman Koil Street", "surface": "asphalt", "original_osm_index": 2608}, "geometry": {"type": "LineString", "coordinates": [[80.1972991, 12.9794004], [80.196192, 12.9794472], [80.196113, 12.9794525], [80.1957857, 12.9794745], [80.1956492, 12.9795031], [80.1946812, 12.9797061]]}}, {"type": "Feature", "properties": {"@id": "way/1309405574", "highway": "residential", "motor_vehicle": "no", "name": "Lakshmipuram Street", "original_osm_index": 2609}, "geometry": {"type": "LineString", "coordinates": [[80.2193054, 12.9879696], [80.2192781, 12.9879637], [80.2192557, 12.9879452], [80.2188346, 12.987153]]}}, {"type": "Feature", "properties": {"@id": "way/1313404270", "highway": "primary_link", "name": "Tansi Nagar 15 th street", "original_osm_index": 2610}, "geometry": {"type": "LineString", "coordinates": [[80.2253209, 12.9782589], [80.2252635, 12.9783717]]}}, {"type": "Feature", "properties": {"@id": "way/1313409181", "cycleway": "lane", "highway": "primary", "lanes": "2", "lit": "yes", "maxspeed": "50", "name": "Major Mukund Varadharajan Salai", "name:ta": "மேஜர் முகுந்த் வரதராஜன் சாலை", "official_name": "Marmalong Bridge - Irumbuliyur - Vandalur - Mudichur - Oragadam - Walajabad Road", "oneway": "yes", "ref": "SH48", "surface": "asphalt", "original_osm_index": 2611}, "geometry": {"type": "LineString", "coordinates": [[80.2194122, 12.9719844], [80.2193682, 12.9718808], [80.2193515, 12.9718275], [80.2193367, 12.9717903], [80.2192707, 12.9716252], [80.219131, 12.9712759]]}}, {"type": "Feature", "properties": {"@id": "way/1313409182", "highway": "primary", "name": "Velachery Lower Flyover", "oneway": "yes", "surface": "asphalt", "original_osm_index": 2612}, "geometry": {"type": "LineString", "coordinates": [[80.219481, 12.9723039], [80.2194572, 12.9722275], [80.2194091, 12.9720711], [80.2194048, 12.9720356], [80.2194122, 12.9719844]]}}, {"type": "Feature", "properties": {"@id": "way/1313411086", "highway": "primary", "maxspeed": "40", "name": "Velachery MRTS Bridge", "name:ta": "வேளச்சேரி பறக்கும் தொடருந்து பாலம்", "official_name": "Marmalong Bridge - Irumbuliyur - Vandalur - Mudichur - Oragadam - Walajabad Road", "oneway": "yes", "ref": "SH48", "surface": "asphalt", "original_osm_index": 2613}, "geometry": {"type": "LineString", "coordinates": [[80.2165229, 12.9647335], [80.2164817, 12.9645798]]}}, {"type": "Feature", "properties": {"@id": "way/1313411087", "highway": "primary", "maxspeed": "40", "name": "Velachery MRTS Bridge", "name:ta": "வேளச்சேரி பறக்கும் தொடருந்து பாலம்", "official_name": "Marmalong Bridge - Irumbuliyur - Vandalur - Mudichur - Oragadam - Walajabad Road", "oneway": "yes", "ref": "SH48", "surface": "asphalt", "original_osm_index": 2614}, "geometry": {"type": "LineString", "coordinates": [[80.2163422, 12.964664], [80.2164408, 12.9647758]]}}, {"type": "Feature", "properties": {"@id": "way/1313411088", "highway": "primary", "maxspeed": "40", "surface": "asphalt", "original_osm_index": 2615}, "geometry": {"type": "LineString", "coordinates": [[80.2175892, 12.9680691], [80.2176206, 12.9681574], [80.2178182, 12.9685835], [80.2183111, 12.9697842], [80.2183783, 12.969948], [80.2185501, 12.9703664], [80.2186773, 12.9706567], [80.2187689, 12.9707573]]}}, {"type": "Feature", "properties": {"@id": "way/1316308354", "highway": "residential", "original_osm_index": 2616}, "geometry": {"type": "LineString", "coordinates": [[80.2189424, 12.9707377], [80.2193554, 12.9706495]]}}, {"type": "Feature", "properties": {"@id": "way/1316849245", "highway": "residential", "original_osm_index": 2617}, "geometry": {"type": "LineString", "coordinates": [[80.1891, 12.990367373522037], [80.1891667, 12.9903527]]}}, {"type": "Feature", "properties": {"@id": "way/1318145471", "foot": "yes", "highway": "residential", "motorcar": "no", "motorcycle": "yes", "name": "4th Main Road", "name:etymology:wikidata": "Q47140", "original_osm_index": 2618}, "geometry": {"type": "LineString", "coordinates": [[80.2199252, 12.9837032], [80.2201893, 12.9837019], [80.2204737, 12.9837034]]}}, {"type": "Feature", "properties": {"@id": "way/1318145472", "highway": "tertiary", "lanes": "2", "name": "RajaLaxmi Nagar 3rd Main Road", "original_osm_index": 2619}, "geometry": {"type": "LineString", "coordinates": [[80.2199068, 12.9844386], [80.2203291, 12.9844422], [80.220623, 12.984393]]}}, {"type": "Feature", "properties": {"@id": "way/1318145473", "highway": "residential", "motor_vehicle": "no", "name": "RajaLaxmi Nagar 5th cross Street", "original_osm_index": 2620}, "geometry": {"type": "LineString", "coordinates": [[80.2199252, 12.9837032], [80.2199068, 12.9844386]]}}, {"type": "Feature", "properties": {"@id": "way/1322936253", "highway": "residential", "lanes": "1", "motor_vehicle": "no", "name": "4th Main Road", "smoothness": "intermediate", "surface": "asphalt", "original_osm_index": 2621}, "geometry": {"type": "LineString", "coordinates": [[80.2276129, 12.9723255], [80.2278006, 12.9723322]]}}, {"type": "Feature", "properties": {"@id": "way/1323165648", "highway": "residential", "original_osm_index": 2622}, "geometry": {"type": "LineString", "coordinates": [[80.2210859, 12.981247], [80.2206863, 12.9813188]]}}, {"type": "Feature", "properties": {"@id": "way/1323785281", "alt_name": "Inner Ring Road (Southern Sector)", "highway": "primary", "name": "Thillaiganga Nagar Subway", "name:ta": "தில்லைகங்கா நகர் சுரங்கப்பாதை", "oneway": "yes", "ref": "SH2A", "original_osm_index": 2623}, "geometry": {"type": "LineString", "coordinates": [[80.1944171, 12.9912198], [80.1937283, 12.9916967]]}}, {"type": "Feature", "properties": {"@id": "way/1323785282", "alt_name": "Inner Ring Road (Southern Sector)", "highway": "primary", "name": "Thillaiganga Nagar Subway", "name:ta": "தில்லைகங்கா நகர் சுரங்கப்பாதை", "oneway": "yes", "ref": "SH2A", "original_osm_index": 2624}, "geometry": {"type": "LineString", "coordinates": [[80.1938039, 12.991753], [80.1944251, 12.9913513]]}}, {"type": "Feature", "properties": {"@id": "way/1324152256", "highway": "tertiary", "name": "Perungudi Station Road", "name:etymology:wikidata": "Q7171100", "oneway": "yes", "original_osm_index": 2625}, "geometry": {"type": "LineString", "coordinates": [[80.2269419, 12.9711007], [80.2268972, 12.9710565], [80.2253082, 12.9694874], [80.2248593, 12.9691066], [80.2247612, 12.9690329], [80.2242973, 12.9687078], [80.2240565, 12.9685391]]}}, {"type": "Feature", "properties": {"@id": "way/1327197274", "highway": "residential", "lanes": "2", "name": "6th Main Road", "oneway": "no", "surface": "asphalt", "width": "30'", "original_osm_index": 2626}, "geometry": {"type": "LineString", "coordinates": [[80.2161626, 12.9711221], [80.2186334, 12.9706652], [80.2186773, 12.9706567]]}}, {"type": "Feature", "properties": {"@id": "way/1327197275", "highway": "residential", "name": "Ram Nagar Main Road", "original_osm_index": 2627}, "geometry": {"type": "LineString", "coordinates": [[80.2160021, 12.9701452], [80.2161213, 12.9706674], [80.2161626, 12.9711221]]}}, {"type": "Feature", "properties": {"@id": "way/1331869097", "access": "yes", "check_date": "2024-04-10", "highway": "primary", "lanes": "2", "lit": "yes", "maxspeed": "40", "motor_vehicle": "yes", "name": "Mount - Medavakkam Road", "oneway": "yes", "opening_date": "2024-07-31", "ref": "SH48A", "source": "digitalglobe", "surface": "asphalt", "original_osm_index": 2628}, "geometry": {"type": "LineString", "coordinates": [[80.1954404, 12.9811124], [80.1954313, 12.9810096], [80.1952529, 12.9806799]]}}, {"type": "Feature", "properties": {"@id": "way/1331871723", "access": "yes", "check_date": "2024-04-10", "highway": "primary", "maxspeed": "40", "motor_vehicle": "yes", "name": "Mount - Medavakkam Road", "oneway": "no", "opening_date": "2024-07-31", "ref": "SH48A", "original_osm_index": 2629}, "geometry": {"type": "LineString", "coordinates": [[80.1959361, 12.982054], [80.1960645, 12.9822928]]}}, {"type": "Feature", "properties": {"@id": "way/1331925836", "highway": "tertiary", "lanes": "2", "name": "RajaLaxmi Nagar 3rd Main Road", "original_osm_index": 2630}, "geometry": {"type": "LineString", "coordinates": [[80.2190934, 12.9843659], [80.2191853, 12.9843761], [80.2191936, 12.984377], [80.2192206, 12.9843793], [80.2199068, 12.9844386]]}}, {"type": "Feature", "properties": {"@id": "way/1335893535", "highway": "residential", "original_osm_index": 2631}, "geometry": {"type": "LineString", "coordinates": [[80.1955636, 12.988695], [80.195417, 12.9887652]]}}, {"type": "Feature", "properties": {"@id": "way/1349488353", "highway": "residential", "original_osm_index": 2632}, "geometry": {"type": "LineString", "coordinates": [[80.202278, 12.9658239], [80.2022837, 12.9658755]]}}, {"type": "Feature", "properties": {"@id": "way/1349490743", "highway": "primary", "maxspeed": "40", "surface": "asphalt", "original_osm_index": 2633}, "geometry": {"type": "LineString", "coordinates": [[80.2175688, 12.9680097], [80.2175892, 12.9680691]]}}, {"type": "Feature", "properties": {"@id": "way/1350831322", "highway": "residential", "original_osm_index": 2634}, "geometry": {"type": "LineString", "coordinates": [[80.2206684, 12.9750127], [80.2206923, 12.974954], [80.2207545, 12.9748014]]}}, {"type": "Feature", "properties": {"@id": "way/1361614233", "highway": "residential", "original_osm_index": 2635}, "geometry": {"type": "LineString", "coordinates": [[80.1893157, 12.9767468], [80.1891977, 12.9767847], [80.1891859, 12.9768112], [80.1892308, 12.9771354], [80.1892414, 12.9771744], [80.1892662, 12.9771825], [80.189495, 12.9771664]]}}, {"type": "Feature", "properties": {"@id": "way/1361614234", "highway": "residential", "original_osm_index": 2636}, "geometry": {"type": "LineString", "coordinates": [[80.189495, 12.9771664], [80.1895245, 12.9771365], [80.1895293, 12.9770848], [80.1894939, 12.9767606], [80.189475, 12.9767215], [80.1893854, 12.9767357]]}}, {"type": "Feature", "properties": {"@id": "way/1361614235", "access": "private", "highway": "residential", "oneway": "yes", "original_osm_index": 2637}, "geometry": {"type": "LineString", "coordinates": [[80.1893854, 12.9767357], [80.1893384, 12.9765943]]}}, {"type": "Feature", "properties": {"@id": "way/1361614236", "access": "private", "highway": "residential", "oneway": "yes", "original_osm_index": 2638}, "geometry": {"type": "LineString", "coordinates": [[80.1892817, 12.9766267], [80.1893157, 12.9767468]]}}, {"type": "Feature", "properties": {"@id": "way/1361614237", "highway": "residential", "original_osm_index": 2639}, "geometry": {"type": "LineString", "coordinates": [[80.1893854, 12.9767357], [80.1893157, 12.9767468]]}}, {"type": "Feature", "properties": {"@id": "way/1365528472", "highway": "tertiary", "name": "Lake View Road", "original_osm_index": 2640}, "geometry": {"type": "LineString", "coordinates": [[80.2037983, 12.9882327], [80.2043364, 12.9880217], [80.2047748, 12.9879339]]}}, {"type": "Feature", "properties": {"@id": "way/1365528473", "highway": "residential", "name": "New Colony 5th Street", "original_osm_index": 2641}, "geometry": {"type": "LineString", "coordinates": [[80.2016549, 12.9867257], [80.2016856, 12.9869385]]}}, {"type": "Feature", "properties": {"@id": "way/1369885132", "highway": "tertiary", "name": "Brindavan Nagar Main Road", "surface": "asphalt", "original_osm_index": 2642}, "geometry": {"type": "LineString", "coordinates": [[80.2043588, 12.9799118], [80.2043252, 12.9796189], [80.2042521, 12.9792317]]}}, {"type": "Feature", "properties": {"@id": "way/1369885133", "highway": "tertiary", "name": "Brindavan Nagar Main Road", "surface": "asphalt", "original_osm_index": 2643}, "geometry": {"type": "LineString", "coordinates": [[80.204373, 12.9800357], [80.2043588, 12.9799118]]}}, {"type": "Feature", "properties": {"@id": "way/1369885134", "highway": "residential", "name": "Thalambu Street", "original_osm_index": 2644}, "geometry": {"type": "LineString", "coordinates": [[80.2045577, 12.9800069], [80.204373, 12.9800357]]}}, {"type": "Feature", "properties": {"@id": "way/1369890029", "bicycle": "yes", "bridge": "yes", "foot": "yes", "highway": "residential", "layer": "1", "maxspeed": "20", "motor_vehicle": "yes", "oneway": "no", "original_osm_index": 2645}, "geometry": {"type": "LineString", "coordinates": [[80.212148, 12.97145], [80.2122186, 12.9715176]]}}, {"type": "Feature", "properties": {"@id": "way/1369903323", "access": "private", "highway": "residential", "original_osm_index": 2646}, "geometry": {"type": "LineString", "coordinates": [[80.2248583, 12.9864803], [80.2248997, 12.98658], [80.2250809, 12.9870162]]}}, {"type": "Feature", "properties": {"@id": "way/1371657978", "highway": "residential", "original_osm_index": 2647}, "geometry": {"type": "LineString", "coordinates": [[80.2184435, 12.9879886], [80.2188371, 12.9879175]]}}, {"type": "Feature", "properties": {"@id": "way/1374370870", "highway": "primary_link", "original_osm_index": 2648}, "geometry": {"type": "LineString", "coordinates": [[80.2165066, 12.9685244], [80.2165419, 12.9685832]]}}, {"type": "Feature", "properties": {"@id": "way/1375805716", "highway": "secondary", "lane_markings": "no", "maxspeed": "40", "name": "Sabari Salai", "name:ta": "சபரி சாலை", "network": "IN:MDR:TN", "official_name": "Madipakkam - Velachery Road", "ref": "MDR622", "surface": "asphalt", "original_osm_index": 2649}, "geometry": {"type": "LineString", "coordinates": [[80.1891, 12.965859067017094], [80.1914144, 12.9654063]]}}, {"type": "Feature", "properties": {"@id": "way/1377590598", "highway": "residential", "name": "Mathiazhagan Street", "name:ta": "மதியழகன் தெரு", "original_osm_index": 2650}, "geometry": {"type": "LineString", "coordinates": [[80.1913825, 12.9781139], [80.1919642, 12.9779758], [80.1923939, 12.9778744], [80.1927003, 12.977802], [80.1930302, 12.9777148], [80.1934024, 12.9776228]]}}, {"type": "Feature", "properties": {"@id": "way/1377590599", "highway": "residential", "name": "Elango Street", "name:ta": "இளங்கோ தெரு", "original_osm_index": 2651}, "geometry": {"type": "LineString", "coordinates": [[80.1925255, 12.9817328], [80.1938998, 12.9813721], [80.1939462, 12.9813455], [80.1941447, 12.9812319], [80.1943613, 12.9811079]]}}, {"type": "Feature", "properties": {"@id": "way/1377590600", "highway": "residential", "name": "Kannagi Street", "name:etymology:wikidata": "Q3115610", "name:ta": "கண்ணகி தெரு", "original_osm_index": 2652}, "geometry": {"type": "LineString", "coordinates": [[80.1915137, 12.9788498], [80.1910824, 12.9789345], [80.1907065, 12.978985]]}}, {"type": "Feature", "properties": {"@id": "way/1377590601", "highway": "residential", "name": "Chitrarasu Street", "name:ta": "சிற்றரசு தெரு", "original_osm_index": 2653}, "geometry": {"type": "LineString", "coordinates": [[80.1914434, 12.9784695], [80.1906347, 12.9786313], [80.1899459, 12.9787088]]}}, {"type": "Feature", "properties": {"@id": "way/1377590602", "highway": "residential", "name": "Iyyappan Street", "name:ta": "ஐயப்பன் தெரு", "original_osm_index": 2654}, "geometry": {"type": "LineString", "coordinates": [[80.1957946, 12.9793354], [80.1958053, 12.9789081], [80.1958182, 12.9785347]]}}, {"type": "Feature", "properties": {"@id": "way/1377590603", "highway": "residential", "original_osm_index": 2655}, "geometry": {"type": "LineString", "coordinates": [[80.1957942, 12.9746269], [80.1969927, 12.9746537], [80.1974716, 12.974645]]}}, {"type": "Feature", "properties": {"@id": "way/1377590604", "highway": "residential", "name": "Krishna Street", "name:ta": "கிருஷ்ணா தெரு", "original_osm_index": 2656}, "geometry": {"type": "LineString", "coordinates": [[80.1989309, 12.9745038], [80.1989839, 12.9749677], [80.1989675, 12.97538], [80.1989337, 12.9757978]]}}, {"type": "Feature", "properties": {"@id": "way/1377705336", "highway": "service", "original_osm_index": 2657}, "geometry": {"type": "LineString", "coordinates": [[80.2180871, 12.9683147], [80.2180382, 12.9683298]]}}, {"type": "Feature", "properties": {"@id": "way/1377960408", "highway": "primary", "maxspeed": "40", "oneway": "yes", "surface": "asphalt", "original_osm_index": 2658}, "geometry": {"type": "LineString", "coordinates": [[80.2188898, 12.9705875], [80.2189016, 12.9704483], [80.2188139, 12.970198], [80.2186821, 12.969783]]}}, {"type": "Feature", "properties": {"@id": "way/1377971136", "access": "permissive", "highway": "service", "original_osm_index": 2659}, "geometry": {"type": "LineString", "coordinates": [[80.2213366, 12.9785856], [80.2211596, 12.97858]]}}, {"type": "Feature", "properties": {"@id": "way/1384246749", "highway": "secondary", "lanes": "2", "maxspeed": "30", "name": "Bazaar Main Road", "network": "IN:MDR:TN", "official_name": "Madipakkam - Velachery Road", "oneway": "yes", "ref": "MDR622", "surface": "asphalt", "original_osm_index": 2660}, "geometry": {"type": "LineString", "coordinates": [[80.2145126, 12.9638686], [80.2144936, 12.9638787]]}}, {"type": "Feature", "properties": {"@id": "way/1384246750", "highway": "secondary", "oneway": "yes", "original_osm_index": 2661}, "geometry": {"type": "LineString", "coordinates": [[80.2144936, 12.9638787], [80.2145133, 12.963883]]}}, {"type": "Feature", "properties": {"@id": "way/1384246751", "highway": "secondary", "lanes": "2", "maxspeed": "30", "name": "Bazaar Main Road", "network": "IN:MDR:TN", "official_name": "Madipakkam - Velachery Road", "ref": "MDR622", "surface": "asphalt", "original_osm_index": 2662}, "geometry": {"type": "LineString", "coordinates": [[80.2144713, 12.9638824], [80.2144936, 12.9638787]]}}, {"type": "Feature", "properties": {"@id": "way/1384246752", "highway": "secondary", "lanes": "2", "maxspeed": "30", "name": "Bazaar Main Road", "network": "IN:MDR:TN", "official_name": "Madipakkam - Velachery Road", "ref": "MDR622", "surface": "asphalt", "original_osm_index": 2663}, "geometry": {"type": "LineString", "coordinates": [[80.2143004, 12.9639105], [80.2144713, 12.9638824]]}}, {"type": "Feature", "properties": {"@id": "way/1387934650", "highway": "residential", "original_osm_index": 2664}, "geometry": {"type": "LineString", "coordinates": [[80.1973985, 12.9865622], [80.1973229, 12.9865873]]}}, {"type": "Feature", "properties": {"@id": "way/1413418651", "bicycle": "no", "highway": "residential", "motor_vehicle": "no", "original_osm_index": 2665}, "geometry": {"type": "LineString", "coordinates": [[80.2164227, 12.9888454], [80.216302, 12.9886807], [80.2162883, 12.9886611]]}}, {"type": "Feature", "properties": {"@id": "way/1416750497", "highway": "residential", "name": "Vivekananda Street", "name:etymology:wikidata": "Q47478", "original_osm_index": 2666}, "geometry": {"type": "LineString", "coordinates": [[80.2268903, 12.9780291], [80.226238, 12.9780161]]}}, {"type": "Feature", "properties": {"@id": "way/1416750498", "highway": "residential", "name": "Vivekananda Street", "name:etymology:wikidata": "Q47478", "original_osm_index": 2667}, "geometry": {"type": "LineString", "coordinates": [[80.2277059, 12.9784282], [80.2274537, 12.9784206]]}}, {"type": "Feature", "properties": {"@id": "way/1433967815", "access": "private", "highway": "service", "name": "Guru Ramdas Marg", "original_osm_index": 2668}, "geometry": {"type": "LineString", "coordinates": [[80.2200334, 12.9910125], [80.2201097, 12.9910718], [80.2204406, 12.9914255], [80.22089789528263, 12.9924]]}}, {"type": "Feature", "properties": {"@id": "way/1433967816", "access": "private", "highway": "service", "name": "Guru Amardas Marg", "original_osm_index": 2669}, "geometry": {"type": "LineString", "coordinates": [[80.2218867, 12.9909676], [80.2218225, 12.9909237], [80.2212131, 12.9909739], [80.2208268, 12.9911328], [80.2204406, 12.9914255]]}}, {"type": "Feature", "properties": {"@id": "way/1433969534", "highway": "residential", "original_osm_index": 2670}, "geometry": {"type": "LineString", "coordinates": [[80.2075392, 12.9887336], [80.2076226, 12.9892312]]}}, {"type": "Feature", "properties": {"@id": "way/1433969535", "highway": "residential", "name": "12th Cross Street", "source": "digitalglobe", "original_osm_index": 2671}, "geometry": {"type": "LineString", "coordinates": [[80.2076226, 12.9892312], [80.2083526, 12.9890317]]}}, {"type": "Feature", "properties": {"@id": "way/1433971465", "highway": "residential", "original_osm_index": 2672}, "geometry": {"type": "LineString", "coordinates": [[80.2182454, 12.9762582], [80.2183726, 12.9762685], [80.2183915, 12.9762618], [80.2184021, 12.9762319], [80.2184046, 12.9758552]]}}, {"type": "Feature", "properties": {"@id": "way/1433972066", "highway": "residential", "name": "Bhuvaneswari Nager 2nd Street", "original_osm_index": 2673}, "geometry": {"type": "LineString", "coordinates": [[80.2050962, 12.9789544], [80.205174, 12.9793295]]}}, {"type": "Feature", "properties": {"@id": "way/1433972067", "highway": "residential", "name": "Bhuvaneswari Nager 2nd Street", "original_osm_index": 2674}, "geometry": {"type": "LineString", "coordinates": [[80.205174, 12.9793295], [80.2052002, 12.9799068]]}}, {"type": "Feature", "properties": {"@id": "way/1433972659", "highway": "residential", "name": "2nd Street", "surface": "asphalt", "original_osm_index": 2675}, "geometry": {"type": "LineString", "coordinates": [[80.1998688, 12.9791734], [80.1998867, 12.9792258], [80.1998534, 12.9794681], [80.1997832, 12.9795034]]}}, {"type": "Feature", "properties": {"@id": "way/1433985009", "highway": "residential", "name": "2nd Cross Street", "original_osm_index": 2676}, "geometry": {"type": "LineString", "coordinates": [[80.2054567, 12.9828264], [80.2047995, 12.9828782]]}}, {"type": "Feature", "properties": {"@id": "way/1433986445", "highway": "residential", "name": "4th Main Road", "original_osm_index": 2677}, "geometry": {"type": "LineString", "coordinates": [[80.205299, 12.9820093], [80.2052131, 12.9820078]]}}, {"type": "Feature", "properties": {"@id": "way/1434007337", "highway": "residential", "name": "6th Street", "original_osm_index": 2678}, "geometry": {"type": "LineString", "coordinates": [[80.1991754, 12.9858133], [80.1996535, 12.9857901], [80.1997078, 12.9857738], [80.1997293, 12.9857535], [80.1997481, 12.9857182], [80.199674, 12.9853702]]}}, {"type": "Feature", "properties": {"@id": "way/1434007338", "highway": "residential", "original_osm_index": 2679}, "geometry": {"type": "LineString", "coordinates": [[80.1991754, 12.9858133], [80.199227, 12.9861999]]}}, {"type": "Feature", "properties": {"@id": "way/1434007339", "highway": "residential", "name": "1st Cross Street", "original_osm_index": 2680}, "geometry": {"type": "LineString", "coordinates": [[80.1983209, 12.98589], [80.1986522, 12.9858603], [80.1991754, 12.9858133]]}}, {"type": "Feature", "properties": {"@id": "way/1434007506", "highway": "residential", "original_osm_index": 2681}, "geometry": {"type": "LineString", "coordinates": [[80.1998035, 12.9843248], [80.1999462, 12.9848168], [80.199956, 12.9848442], [80.2000801, 12.9851913], [80.2001062, 12.9852628], [80.2002149, 12.9861402], [80.2002722, 12.9864936], [80.200361, 12.9868246], [80.2003915, 12.9869243]]}}, {"type": "Feature", "properties": {"@id": "way/1434007507", "highway": "residential", "name": "11th Street", "original_osm_index": 2682}, "geometry": {"type": "LineString", "coordinates": [[80.201276, 12.9867758], [80.2008148, 12.9868532], [80.2003915, 12.9869243]]}}, {"type": "Feature", "properties": {"@id": "way/1434022076", "highway": "residential", "original_osm_index": 2683}, "geometry": {"type": "LineString", "coordinates": [[80.2009115, 12.9829727], [80.2003208, 12.9830457], [80.2000719, 12.9830882], [80.1997909, 12.9831709], [80.1992875, 12.983221]]}}, {"type": "Feature", "properties": {"@id": "way/1434022816", "highway": "residential", "original_osm_index": 2684}, "geometry": {"type": "LineString", "coordinates": [[80.2104598, 12.9873965], [80.2104135, 12.987002]]}}, {"type": "Feature", "properties": {"@id": "way/1434022817", "highway": "residential", "original_osm_index": 2685}, "geometry": {"type": "LineString", "coordinates": [[80.2104135, 12.987002], [80.2108207, 12.9869535]]}}, {"type": "Feature", "properties": {"@id": "way/1434022818", "highway": "residential", "name": "2nd Main Road", "original_osm_index": 2686}, "geometry": {"type": "LineString", "coordinates": [[80.2090681, 12.987123], [80.2091244, 12.9871426], [80.2100072, 12.9870417], [80.2104135, 12.987002]]}}, {"type": "Feature", "properties": {"@id": "way/1434287585", "highway": "residential", "name": "1st Cross Road", "original_osm_index": 2687}, "geometry": {"type": "LineString", "coordinates": [[80.2065607, 12.9803784], [80.2066071, 12.9806302], [80.2066278, 12.9808161], [80.2066455, 12.9809052]]}}, {"type": "Feature", "properties": {"@id": "way/1434287586", "highway": "residential", "name": "1st Cross Road", "original_osm_index": 2688}, "geometry": {"type": "LineString", "coordinates": [[80.2066688, 12.9810098], [80.2066853, 12.9812165], [80.2067114, 12.9814203], [80.2068777, 12.9818813]]}}, {"type": "Feature", "properties": {"@id": "way/1434288235", "highway": "residential", "name": "1st Street", "original_osm_index": 2689}, "geometry": {"type": "LineString", "coordinates": [[80.2055565, 12.9798431], [80.2052002, 12.9799068]]}}, {"type": "Feature", "properties": {"@id": "way/1434288236", "highway": "residential", "name": "Sakthi Nagar Extension", "original_osm_index": 2690}, "geometry": {"type": "LineString", "coordinates": [[80.2031046, 12.980796], [80.2030449, 12.9802073]]}}, {"type": "Feature", "properties": {"@id": "way/1434322055", "highway": "residential", "name": "38th Street", "original_osm_index": 2691}, "geometry": {"type": "LineString", "coordinates": [[80.1913528, 12.9882909], [80.1902232, 12.988607]]}}, {"type": "Feature", "properties": {"@id": "way/1434335532", "highway": "residential", "original_osm_index": 2692}, "geometry": {"type": "LineString", "coordinates": [[80.1912869, 12.9777069], [80.1918711, 12.97758]]}}, {"type": "Feature", "properties": {"@id": "way/1435895377", "highway": "service", "original_osm_index": 2693}, "geometry": {"type": "LineString", "coordinates": [[80.2210704, 12.9721183], [80.2210349, 12.972005]]}}, {"type": "Feature", "properties": {"@id": "way/1447928823", "highway": "service", "original_osm_index": 2694}, "geometry": {"type": "LineString", "coordinates": [[80.2183111, 12.9697842], [80.2179309, 12.9699141], [80.2179177, 12.9699217], [80.2179099, 12.969937], [80.2179374, 12.9700188], [80.2179551, 12.9700282], [80.2179766, 12.9700287], [80.2183783, 12.969948]]}}, {"type": "Feature", "properties": {"@id": "way/1458968795", "access": "private", "highway": "service", "oneway": "yes", "original_osm_index": 2695}, "geometry": {"type": "LineString", "coordinates": [[80.2207226, 12.9901027], [80.2206607, 12.9900496], [80.2205936, 12.9899569]]}}, {"type": "Feature", "properties": {"@id": "way/1459219333", "highway": "service", "name": "Alumni Avenue", "surface": "asphalt", "original_osm_index": 2696}, "geometry": {"type": "LineString", "coordinates": [[80.2276156, 12.9901886], [80.2276214, 12.9902124], [80.2276346, 12.9902332], [80.227654, 12.9902488], [80.2276774, 12.9902576], [80.2277024, 12.9902587], [80.2277266, 12.9902521], [80.2277473, 12.9902382], [80.2277624, 12.9902187], [80.2277707, 12.990194], [80.2277699, 12.9901681], [80.2277602, 12.9901438], [80.2277427, 12.9901243], [80.2277336, 12.9901193], [80.2277194, 12.9901115], [80.2276931, 12.9901072], [80.2276669, 12.9901118], [80.2276449, 12.9901237], [80.2276281, 12.9901418], [80.2276179, 12.9901642], [80.2276156, 12.9901886]]}}, {"type": "Feature", "properties": {"@id": "way/1459219334", "highway": "service", "surface": "asphalt", "original_osm_index": 2697}, "geometry": {"type": "LineString", "coordinates": [[80.2279914, 12.9902901], [80.2277602, 12.9901438]]}}, {"type": "Feature", "properties": {"@id": "way/1459219335", "highway": "service", "surface": "asphalt", "original_osm_index": 2698}, "geometry": {"type": "LineString", "coordinates": [[80.2278409, 12.9898696], [80.2277336, 12.9901193]]}}, {"type": "Feature", "properties": {"@id": "way/1459219336", "highway": "service", "surface": "asphalt", "original_osm_index": 2699}, "geometry": {"type": "LineString", "coordinates": [[80.2278409, 12.9898696], [80.2277749, 12.9899296], [80.2276518, 12.9900763], [80.2276449, 12.9901237]]}}, {"type": "Feature", "properties": {"@id": "way/1459219337", "highway": "service", "surface": "asphalt", "original_osm_index": 2700}, "geometry": {"type": "LineString", "coordinates": [[80.2274875, 12.9902027], [80.2276281, 12.9901418]]}}, {"type": "Feature", "properties": {"@id": "way/1465600925", "highway": "service", "original_osm_index": 2701}, "geometry": {"type": "LineString", "coordinates": [[80.2116956, 12.964399], [80.2116681, 12.9642658], [80.2116631, 12.9642586], [80.2116471, 12.9642549], [80.211513, 12.9642804], [80.2115009, 12.9642891], [80.211497, 12.9643009], [80.2115352, 12.9644361]]}}, {"type": "Feature", "properties": {"@id": "way/1467066124", "access": "private", "highway": "residential", "original_osm_index": 2702}, "geometry": {"type": "LineString", "coordinates": [[80.2225872, 12.9877937], [80.2228367, 12.9879696], [80.2228623, 12.9879888], [80.2229244, 12.9880352]]}}, {"type": "Feature", "properties": {"@id": "way/1467066125", "access": "private", "highway": "residential", "original_osm_index": 2703}, "geometry": {"type": "LineString", "coordinates": [[80.2224609, 12.98789], [80.2226054, 12.9881365], [80.2226224, 12.988151], [80.2226398, 12.9881565], [80.2226605, 12.9881538], [80.2226872, 12.9881483], [80.2228367, 12.9879696], [80.2229734, 12.9877784]]}}, {"type": "Feature", "properties": {"@id": "way/1467066126", "access": "private", "highway": "residential", "original_osm_index": 2704}, "geometry": {"type": "LineString", "coordinates": [[80.2229734, 12.9877784], [80.2229748, 12.9877694], [80.2229707, 12.9877626], [80.2227992, 12.98767]]}}, {"type": "Feature", "properties": {"@id": "way/1467066127", "access": "private", "highway": "residential", "original_osm_index": 2705}, "geometry": {"type": "LineString", "coordinates": [[80.2229734, 12.9877784], [80.223001, 12.9877914], [80.223065, 12.9878213]]}}, {"type": "Feature", "properties": {"@id": "way/1467066128", "access": "private", "highway": "residential", "original_osm_index": 2706}, "geometry": {"type": "LineString", "coordinates": [[80.2227992, 12.98767], [80.2227919, 12.9876686], [80.2227801, 12.9876709], [80.2225872, 12.9877937]]}}, {"type": "Feature", "properties": {"@id": "way/1483679814", "access": "private", "highway": "residential", "original_osm_index": 2707}, "geometry": {"type": "LineString", "coordinates": [[80.1909997, 12.9838181], [80.1904458, 12.9838376], [80.1904193, 12.9838462], [80.1904114, 12.9838797], [80.1904163, 12.9839438], [80.190434, 12.9839601], [80.1904929, 12.9839591], [80.1910074, 12.9839276]]}}, {"type": "Feature", "properties": {"@id": "way/1483749571", "highway": "primary", "name": "Inner Ring Road (Southern Sector)", "name:ta": "உள்வட்டச் சாலை", "oneway": "yes", "ref": "SH2A", "original_osm_index": 2708}, "geometry": {"type": "LineString", "coordinates": [[80.1944251, 12.9913513], [80.1949862, 12.9909723], [80.1950354, 12.9909341]]}}, {"type": "Feature", "properties": {"@id": "way/1483749572", "bicycle": "no", "highway": "residential", "original_osm_index": 2709}, "geometry": {"type": "LineString", "coordinates": [[80.1950354, 12.9909341], [80.194898, 12.9908403]]}}, {"type": "Feature", "properties": {"@id": "way/1487226520", "highway": "residential", "name": "Sri Devi Karumari Amman Nagar 4th Street", "name:ta": "ஸ்ரீ தேவி கருமாரி அம்மன் நகர் 4வது தெரு", "original_osm_index": 2710}, "geometry": {"type": "LineString", "coordinates": [[80.2163163, 12.9757796], [80.2171068, 12.9757663]]}}, {"type": "Feature", "properties": {"@id": "way/1487226521", "highway": "residential", "lit": "yes", "name": "Vijayanagar 2nd Main Road", "surface": "asphalt", "original_osm_index": 2711}, "geometry": {"type": "LineString", "coordinates": [[80.2171592, 12.9752845], [80.216449, 12.9752769]]}}, {"type": "Feature", "properties": {"@id": "way/1487226522", "highway": "residential", "name": "Sri Devi Karumari Amman Nagar 1st Street", "name:ta": "ஸ்ரீ தேவி கருமாரி அம்மன் நகர் 1வது தெரு", "original_osm_index": 2712}, "geometry": {"type": "LineString", "coordinates": [[80.2162269, 12.9767723], [80.216184, 12.9767886], [80.215739, 12.9767351], [80.215677, 12.9767573], [80.2156717, 12.9768265], [80.2156623, 12.9769115], [80.2157052, 12.9769768], [80.215736, 12.9770435], [80.215724, 12.9775466]]}}, {"type": "Feature", "properties": {"@id": "way/1497094911", "access": "private", "highway": "service", "oneway": "yes", "original_osm_index": 2713}, "geometry": {"type": "LineString", "coordinates": [[80.2195467, 12.9723085], [80.2210349, 12.972005]]}}, {"type": "Feature", "properties": {"@id": "way/1500200433", "bicycle": "yes", "cycleway": "lane", "foot": "yes", "highway": "primary", "lanes": "2", "maxspeed": "50", "motorroad": "no", "name": "Taramani Link Road", "name:ta": "தரமணி சாலை", "old_ref": "MDR752", "oneway": "yes", "ref": "SH48B", "surface": "asphalt", "original_osm_index": 2714}, "geometry": {"type": "LineString", "coordinates": [[80.2250841, 12.9783943], [80.2251037, 12.9784056], [80.2251212, 12.9784157]]}}, {"type": "Feature", "properties": {"@id": "way/1500200434", "bicycle": "yes", "cycleway": "lane", "foot": "yes", "highway": "primary", "lanes": "2", "maxspeed": "50", "motorroad": "no", "name": "Taramani Link Road", "name:ta": "தரமணி சாலை", "old_ref": "MDR752", "oneway": "yes", "ref": "SH48B", "surface": "asphalt", "original_osm_index": 2715}, "geometry": {"type": "LineString", "coordinates": [[80.2251212, 12.9784157], [80.225212, 12.9784681]]}}, {"type": "Feature", "properties": {"@id": "way/1500200435", "cycleway": "lane", "highway": "primary", "lanes": "2", "maxspeed": "50", "name": "Taramani Link Road", "name:ta": "தரமணி சாலை", "old_ref": "MDR752", "oneway": "yes", "ref": "SH48B", "surface": "asphalt", "original_osm_index": 2716}, "geometry": {"type": "LineString", "coordinates": [[80.2252635, 12.9783717], [80.2251796, 12.978324]]}}, {"type": "Feature", "properties": {"@id": "way/1501648329", "highway": "tertiary", "oneway": "yes", "original_osm_index": 2717}, "geometry": {"type": "LineString", "coordinates": [[80.2181825, 12.9665981], [80.217778, 12.9665032], [80.2174511, 12.9663917], [80.217289, 12.966314]]}}, {"type": "Feature", "properties": {"@id": "way/1501648330", "bicycle": "yes", "highway": "tertiary", "name": "Velachery MRTS", "oneway": "yes", "original_osm_index": 2718}, "geometry": {"type": "LineString", "coordinates": [[80.2174339, 12.9666872], [80.2181825, 12.9665981]]}}, {"type": "Feature", "properties": {"@id": "way/1504408310", "access": "private", "highway": "service", "original_osm_index": 2719}, "geometry": {"type": "LineString", "coordinates": [[80.2112685, 12.964188], [80.211324, 12.964174], [80.211862, 12.9640379]]}}, {"type": "Feature", "properties": {"@id": "way/1504424666", "highway": "residential", "original_osm_index": 2720}, "geometry": {"type": "LineString", "coordinates": [[80.2157378, 12.9685541], [80.2156896, 12.9685004]]}}, {"type": "Feature", "properties": {"@id": "way/1512528349", "highway": "residential", "original_osm_index": 2721}, "geometry": {"type": "LineString", "coordinates": [[80.2127911, 12.9707293], [80.2127012, 12.9708453]]}}, {"type": "Feature", "properties": {"@id": "way/1512528350", "highway": "residential", "original_osm_index": 2722}, "geometry": {"type": "LineString", "coordinates": [[80.2127911, 12.9707293], [80.2128843, 12.9708198]]}}, {"type": "Feature", "properties": {"@id": "way/1512528351", "bridge": "yes", "highway": "residential", "layer": "1", "original_osm_index": 2723}, "geometry": {"type": "LineString", "coordinates": [[80.2128843, 12.9708198], [80.212931, 12.9708651]]}}, {"type": "Feature", "properties": {"@id": "way/1512528352", "highway": "residential", "original_osm_index": 2724}, "geometry": {"type": "LineString", "coordinates": [[80.212931, 12.9708651], [80.2129776, 12.9709104]]}}, {"type": "Feature", "properties": {"@id": "way/1513938080", "access": "private", "highway": "footway", "surface": "asphalt", "original_osm_index": 2725}, "geometry": {"type": "LineString", "coordinates": [[80.2175448, 12.9922549], [80.2175545, 12.9923598]]}}, {"type": "Feature", "properties": {"@id": "way/1513938081", "access": "private", "highway": "service", "oneway": "yes", "original_osm_index": 2726}, "geometry": {"type": "LineString", "coordinates": [[80.2176679, 12.9923161], [80.2176007, 12.9922963], [80.2175674, 12.9922802], [80.2175448, 12.9922549]]}}, {"type": "Feature", "properties": {"@id": "way/1524250585", "access": "private", "highway": "service", "original_osm_index": 2727}, "geometry": {"type": "LineString", "coordinates": [[80.2096415, 12.9738233], [80.2095756, 12.9737617], [80.209516, 12.9737063], [80.2094779, 12.9736646], [80.209447, 12.9736661], [80.2093967, 12.9737083], [80.2092999, 12.9737868]]}}, {"type": "Feature", "properties": {"@id": "way/1528760359", "access": "private", "highway": "residential", "oneway": "yes", "original_osm_index": 2728}, "geometry": {"type": "LineString", "coordinates": [[80.2229657, 12.9692629], [80.2229189, 12.9692619], [80.2228722, 12.969261], [80.2226734, 12.9692569], [80.2226565, 12.9692434], [80.2226473, 12.9692028], [80.2226596, 12.9688711], [80.2226719, 12.9688546], [80.2227474, 12.9688516], [80.2228922, 12.9688661], [80.2229213, 12.9688691], [80.2229709, 12.9688741]]}}, {"type": "Feature", "properties": {"@id": "way/1528760360", "access": "private", "highway": "residential", "original_osm_index": 2729}, "geometry": {"type": "LineString", "coordinates": [[80.2228722, 12.969261], [80.2228769, 12.9691678], [80.2228856, 12.9689964], [80.2228922, 12.9688661]]}}, {"type": "Feature", "properties": {"@id": "way/1528760361", "access": "private", "highway": "residential", "original_osm_index": 2730}, "geometry": {"type": "LineString", "coordinates": [[80.2228769, 12.9691678], [80.2229219, 12.9691704], [80.2229669, 12.9691729]]}}, {"type": "Feature", "properties": {"@id": "way/1528760362", "access": "private", "highway": "residential", "original_osm_index": 2731}, "geometry": {"type": "LineString", "coordinates": [[80.2228856, 12.9689964], [80.2229274, 12.9689971], [80.2229692, 12.9689978]]}}, {"type": "Feature", "properties": {"@id": "way/1531057119", "highway": "residential", "name": "G. K. Avenue 6th Cross Street", "original_osm_index": 2732}, "geometry": {"type": "LineString", "coordinates": [[80.2035232, 12.9749796], [80.2032181, 12.9749859]]}}, {"type": "Feature", "properties": {"@id": "way/1531057120", "highway": "residential", "original_osm_index": 2733}, "geometry": {"type": "LineString", "coordinates": [[80.2078937, 12.9740954], [80.2079147, 12.9736948], [80.2079322, 12.9733607], [80.2079384, 12.9731908], [80.2079458, 12.9729885], [80.2079338, 12.9727103], [80.2078226, 12.972315], [80.2078171, 12.9722706]]}}, {"type": "Feature", "properties": {"@id": "way/1531057121", "highway": "residential", "original_osm_index": 2734}, "geometry": {"type": "LineString", "coordinates": [[80.206594, 12.9742498], [80.2070387, 12.974204], [80.2075289, 12.9741855], [80.2078937, 12.9740954]]}}, {"type": "Feature", "properties": {"@id": "way/1531057122", "highway": "residential", "original_osm_index": 2735}, "geometry": {"type": "LineString", "coordinates": [[80.2065688, 12.9748983], [80.2065689, 12.9748341], [80.2065882, 12.9744382], [80.206594, 12.9742498]]}}, {"type": "Feature", "properties": {"@id": "way/1531057123", "highway": "residential", "original_osm_index": 2736}, "geometry": {"type": "LineString", "coordinates": [[80.2054594, 12.9749736], [80.2065688, 12.9748983]]}}, {"type": "Feature", "properties": {"@id": "way/1531057124", "highway": "residential", "name": "Balaji Nagar 20th Street", "name:ta": "பாலாஜி நகர் 20வது தெரு", "original_osm_index": 2737}, "geometry": {"type": "LineString", "coordinates": [[80.2049584, 12.9754688], [80.2050461, 12.9759954], [80.2050702, 12.9760346], [80.2051051, 12.9760503], [80.2055979, 12.9759394]]}}, {"type": "Feature", "properties": {"@id": "way/1531057125", "highway": "residential", "name": "Balaji Nagar 24th Street", "name:ta": "பாலாஜி நகர் 24வது தெரு", "original_osm_index": 2738}, "geometry": {"type": "LineString", "coordinates": [[80.2052251, 12.9727093], [80.2052894, 12.9732291], [80.2053263, 12.9735996], [80.2053592, 12.9739059], [80.2053884, 12.9741776], [80.2054173, 12.9745272], [80.2054594, 12.9749736]]}}, {"type": "Feature", "properties": {"@id": "way/1531057126", "highway": "residential", "name": "Annai Therasa Nagar 15th Street", "name:ta": "அன்னை தெரசா நகர் 15வது தெரு", "original_osm_index": 2739}, "geometry": {"type": "LineString", "coordinates": [[80.2052251, 12.9727093], [80.2046899, 12.9727609], [80.2041429, 12.9728334], [80.204113, 12.9728249]]}}, {"type": "Feature", "properties": {"@id": "way/1531057127", "highway": "residential", "name": "Balaji Nagar 22nd Street", "name:ta": "பாலாஜி நகர் 22வது தெரு", "original_osm_index": 2740}, "geometry": {"type": "LineString", "coordinates": [[80.2067091, 12.9758216], [80.2067412, 12.9757223], [80.2066676, 12.9754022], [80.2065688, 12.9748983]]}}, {"type": "Feature", "properties": {"@id": "way/1531057128", "highway": "residential", "name": "Annai Therasa Nagar 14th Street", "name:ta": "அன்னை தெரசா நகர் 14வது தெரு", "original_osm_index": 2741}, "geometry": {"type": "LineString", "coordinates": [[80.2044118, 12.9711152], [80.2045056, 12.9716182], [80.20453, 12.971755], [80.2045615, 12.9719319], [80.2045953, 12.97215], [80.2046899, 12.9727609]]}}, {"type": "Feature", "properties": {"@id": "way/1531057129", "highway": "residential", "name": "annai therasa nagar", "original_osm_index": 2742}, "geometry": {"type": "LineString", "coordinates": [[80.2050585, 12.9709915], [80.2044118, 12.9711152]]}}, {"type": "Feature", "properties": {"@id": "way/1531057130", "highway": "residential", "name": "annai therasa nagar", "original_osm_index": 2743}, "geometry": {"type": "LineString", "coordinates": [[80.205047, 12.9707007], [80.2050585, 12.9709915]]}}, {"type": "Feature", "properties": {"@id": "way/1531057131", "highway": "residential", "original_osm_index": 2744}, "geometry": {"type": "LineString", "coordinates": [[80.2089384, 12.9715862], [80.2089645, 12.971806], [80.2089928, 12.9718246], [80.2090305, 12.9718252], [80.2093394, 12.9717936]]}}, {"type": "Feature", "properties": {"@id": "way/1531057132", "highway": "residential", "name": "A.G.S. Colony 3rd Street", "name:ta": "ஏ.ஜி.எஸ். காலனி 3வது தெரு", "original_osm_index": 2745}, "geometry": {"type": "LineString", "coordinates": [[80.2089273, 12.9729112], [80.2088736, 12.9728374], [80.2088469, 12.9725533], [80.2087777, 12.9721159]]}}, {"type": "Feature", "properties": {"@id": "way/1531841743", "highway": "primary", "maxspeed": "40", "motorroad": "no", "name": "Inner Ring Road (Southern Sector)", "name:ta": "உள்வட்டச் சாலை", "oneway": "yes", "ref": "SH2A", "surface": "asphalt", "original_osm_index": 2746}, "geometry": {"type": "LineString", "coordinates": [[80.1970397, 12.9820441], [80.1967323, 12.9824225], [80.1963649, 12.9829362]]}}, {"type": "Feature", "properties": {"@id": "way/1531841744", "highway": "primary", "maxspeed": "40", "motorroad": "no", "name": "Inner Ring Road (Southern Sector)", "name:ta": "உள்வட்டச் சாலை", "oneway": "yes", "ref": "SH2A", "surface": "asphalt", "original_osm_index": 2747}, "geometry": {"type": "LineString", "coordinates": [[80.1970859, 12.9819906], [80.1970397, 12.9820441]]}}, {"type": "Feature", "properties": {"@id": "way/1534897609", "access": "private", "highway": "service", "original_osm_index": 2748}, "geometry": {"type": "LineString", "coordinates": [[80.2170732, 12.9814888], [80.2173286, 12.9815059], [80.2175019, 12.981523], [80.2174988, 12.9816439], [80.2174953, 12.9817239]]}}, {"type": "Feature", "properties": {"@id": "way/1536189582", "access": "private", "highway": "residential", "original_osm_index": 2749}, "geometry": {"type": "LineString", "coordinates": [[80.2097002, 12.9804302], [80.2101726, 12.980425]]}}, {"type": "Feature", "properties": {"@id": "way/1536189583", "access": "private", "highway": "residential", "original_osm_index": 2750}, "geometry": {"type": "LineString", "coordinates": [[80.2097083, 12.9802487], [80.2101683, 12.9802527]]}}, {"type": "Feature", "properties": {"@id": "way/1536189584", "highway": "residential", "original_osm_index": 2751}, "geometry": {"type": "LineString", "coordinates": [[80.2091812, 12.980704], [80.2086128, 12.9807036]]}}, {"type": "Feature", "properties": {"@id": "way/1536189585", "highway": "residential", "original_osm_index": 2752}, "geometry": {"type": "LineString", "coordinates": [[80.2101653, 12.9801295], [80.2101598, 12.9800789]]}}, {"type": "Feature", "properties": {"@id": "way/1536778498", "access": "private", "highway": "service", "original_osm_index": 2753}, "geometry": {"type": "LineString", "coordinates": [[80.2251114, 12.9864214], [80.2251012, 12.9863818], [80.225091, 12.9863422], [80.2249729, 12.9859048], [80.2249504, 12.985873], [80.2249003, 12.9858691], [80.2247672, 12.9859054], [80.2247577, 12.9859253], [80.2247672, 12.9859516], [80.2248734, 12.9862822], [80.2248886, 12.9862947], [80.2249107, 12.9862947], [80.2249372, 12.986292], [80.2249536, 12.9863012], [80.224969, 12.986323], [80.2249801, 12.9863613], [80.2249911, 12.9864041], [80.2250021, 12.9864468]]}}, {"type": "Feature", "properties": {"@id": "way/1536778499", "access": "private", "highway": "service", "original_osm_index": 2754}, "geometry": {"type": "LineString", "coordinates": [[80.225091, 12.9863422], [80.2249801, 12.9863613]]}}, {"type": "Feature", "properties": {"@id": "way/1536779937", "highway": "residential", "original_osm_index": 2755}, "geometry": {"type": "LineString", "coordinates": [[80.1944171, 12.9912198], [80.1943918, 12.9911807], [80.1943719, 12.9911235]]}}, {"type": "Feature", "properties": {"@id": "way/1539056184", "highway": "residential", "original_osm_index": 2756}, "geometry": {"type": "LineString", "coordinates": [[80.2230224, 12.9744364], [80.2230143, 12.9741116]]}}, {"type": "Feature", "properties": {"@id": "way/1541290587", "highway": "footway", "original_osm_index": 2757}, "geometry": {"type": "LineString", "coordinates": [[80.2175581, 12.9900661], [80.2175513, 12.9900674], [80.2174195, 12.9900971], [80.2174096, 12.9901172], [80.2174962, 12.9905549], [80.2175404, 12.9907782], [80.2175937, 12.9910474], [80.2174596, 12.9912775], [80.2173956, 12.9914571], [80.2174063, 12.9916323], [80.2174246, 12.9917377], [80.2174611, 12.9918223], [80.2175464, 12.991852], [80.2175434, 12.9915284], [80.2175419, 12.9912701], [80.2177003, 12.9910503], [80.2177697, 12.990987], [80.2178471, 12.9909426], [80.2179112, 12.9909147], [80.2179394, 12.9908945], [80.2179913, 12.990798], [80.2179822, 12.9907668], [80.2178344, 12.9906302], [80.2177321, 12.9905445], [80.2177193, 12.990526], [80.217712, 12.9905042], [80.2175757, 12.9900802], [80.2175581, 12.9900661]]}}, {"type": "Feature", "properties": {"@id": "way/1541290588", "highway": "footway", "original_osm_index": 2758}, "geometry": {"type": "LineString", "coordinates": [[80.2174962, 12.9905549], [80.217712, 12.9905042]]}}, {"type": "Feature", "properties": {"@id": "way/1541290589", "highway": "footway", "original_osm_index": 2759}, "geometry": {"type": "LineString", "coordinates": [[80.2178471, 12.9909426], [80.2175404, 12.9907782]]}}, {"type": "Feature", "properties": {"@id": "way/1541290591", "access": "private", "highway": "footway", "original_osm_index": 2760}, "geometry": {"type": "LineString", "coordinates": [[80.2174645, 12.9908611], [80.2173482, 12.9910775], [80.2172568, 12.9913042], [80.2172341, 12.9914305], [80.2172152, 12.9916024], [80.2172568, 12.9917761], [80.2172954, 12.9918984], [80.2173432, 12.9920166], [80.2174037, 12.9921206], [80.2174437, 12.992222], [80.217456, 12.9922669], [80.2174447, 12.9923142], [80.217409, 12.9923529], [80.21739127369459, 12.9924]]}}, {"type": "Feature", "properties": {"@id": "way/1541290592", "highway": "footway", "original_osm_index": 2761}, "geometry": {"type": "LineString", "coordinates": [[80.2175513, 12.9900674], [80.2175454, 12.9900482], [80.2175253, 12.9899935]]}}, {"type": "Feature", "properties": {"@id": "way/1544017028", "highway": "residential", "name": "TNHB Colony 4th Avenue", "original_osm_index": 2762}, "geometry": {"type": "LineString", "coordinates": [[80.2134067, 12.9895556], [80.2136896, 12.9906884]]}}, {"type": "Feature", "properties": {"@id": "way/1544017029", "highway": "tertiary", "name": "Dr. Ambedkar 1st Main Road", "name:ta": "டாக்டர் அம்பேத்கர் 1வது பிரதான சாலை", "original_osm_index": 2763}, "geometry": {"type": "LineString", "coordinates": [[80.2095996, 12.9906324], [80.2096648, 12.9909728], [80.2097322, 12.9912983], [80.2097887, 12.9916341], [80.2098751, 12.9921125]]}}, {"type": "Feature", "properties": {"@id": "way/1546256416", "highway": "residential", "original_osm_index": 2764}, "geometry": {"type": "LineString", "coordinates": [[80.2189178, 12.9895322], [80.2187914, 12.9895792]]}}, {"type": "Feature", "properties": {"@id": "way/1546546534", "highway": "service", "oneway": "yes", "original_osm_index": 2765}, "geometry": {"type": "LineString", "coordinates": [[80.2210725, 12.9895542], [80.2211335, 12.9896276], [80.2211671, 12.989668]]}}, {"type": "Feature", "properties": {"@id": "way/1546546535", "access": "private", "highway": "service", "original_osm_index": 2766}, "geometry": {"type": "LineString", "coordinates": [[80.2205307, 12.9894538], [80.2204851, 12.9893207], [80.2204685, 12.9892259], [80.2204733, 12.9892012], [80.2204835, 12.9891856], [80.220497, 12.9891664], [80.2205204, 12.9891464], [80.2205381, 12.9891355], [80.2209656, 12.9889572], [80.2209714, 12.9889552], [80.2209793, 12.9889545], [80.2209867, 12.988956], [80.2209926, 12.9889579], [80.2209967, 12.9889614], [80.2212796, 12.989363], [80.2212836, 12.9893749], [80.2212803, 12.9893862]]}}, {"type": "Feature", "properties": {"@id": "way/1546546536", "access": "private", "highway": "service", "original_osm_index": 2767}, "geometry": {"type": "LineString", "coordinates": [[80.2205936, 12.9899569], [80.2205586, 12.9898987], [80.2205371, 12.9898263], [80.220532, 12.9897458], [80.2205227, 12.9895664], [80.2205371, 12.9895029], [80.2205307, 12.9894538]]}}, {"type": "Feature", "properties": {"@id": "way/1550741897", "highway": "tertiary", "name": "Perungudi Station Road", "name:etymology:wikidata": "Q7171100", "oneway": "yes", "surface": "paved", "original_osm_index": 2768}, "geometry": {"type": "LineString", "coordinates": [[80.2229923, 12.9681867], [80.223038, 12.9681888], [80.2233024, 12.9682858], [80.223573, 12.9684204]]}}, {"type": "Feature", "properties": {"@id": "way/1550741898", "highway": "residential", "name": "Karuna Street", "source": "digitalglobe", "original_osm_index": 2769}, "geometry": {"type": "LineString", "coordinates": [[80.2229866, 12.9682354], [80.2229923, 12.9681867]]}}, {"type": "Feature", "properties": {"@id": "way/1550741899", "highway": "residential", "name": "Karuna Street", "source": "digitalglobe", "original_osm_index": 2770}, "geometry": {"type": "LineString", "coordinates": [[80.2229732, 12.9686982], [80.2229866, 12.9682354]]}}, {"type": "Feature", "properties": {"@id": "way/1550741900", "highway": "residential", "name": "Karuna Street", "source": "digitalglobe", "original_osm_index": 2771}, "geometry": {"type": "LineString", "coordinates": [[80.2229709, 12.9688741], [80.2229732, 12.9686982]]}}, {"type": "Feature", "properties": {"@id": "way/1550741901", "highway": "residential", "name": "Karuna Street", "source": "digitalglobe", "original_osm_index": 2772}, "geometry": {"type": "LineString", "coordinates": [[80.2229692, 12.9689978], [80.2229709, 12.9688741]]}}, {"type": "Feature", "properties": {"@id": "way/1550741902", "highway": "residential", "name": "Karuna Street", "source": "digitalglobe", "original_osm_index": 2773}, "geometry": {"type": "LineString", "coordinates": [[80.2229657, 12.9692629], [80.2229669, 12.9691729]]}}, {"type": "Feature", "properties": {"@id": "way/1550741903", "highway": "residential", "name": "Karuna Street", "source": "digitalglobe", "original_osm_index": 2774}, "geometry": {"type": "LineString", "coordinates": [[80.222965, 12.9693189], [80.2229657, 12.9692629]]}}, {"type": "Feature", "properties": {"@id": "way/1550741904", "highway": "residential", "name": "3rd Main Road", "original_osm_index": 2775}, "geometry": {"type": "LineString", "coordinates": [[80.2235527, 12.9693362], [80.222965, 12.9693189]]}}]}