timestamp,node_id,rainfall_mm,flow_in_lps,flow_out_lps,water_level_cm,water_depth_cm,water_accumulation_lps
2025-01-01 00:00:00,N001,0.0,10.99,9.12,7.81,2.81,1.87
2025-01-01 00:00:00,N002,0.0,9.72,6.77,9.43,4.43,2.95
2025-01-01 00:00:00,N003,0.0,13.16,12.38,6.17,1.17,0.78
2025-01-01 00:00:00,N004,0.0,11.53,8.23,9.95,4.95,3.3
2025-01-01 00:00:00,N005,0.0,9.07,7.32,7.62,2.62,1.75
2025-01-01 00:00:00,N006,0.0,9.07,6.69,8.57,3.57,2.38
2025-01-01 00:00:00,N007,0.0,7.97,6.06,7.86,2.86,1.91
2025-01-01 00:00:00,N008,0.0,10.63,9.41,6.83,1.83,1.22
2025-01-01 00:00:00,N009,0.0,10.14,6.73,10.12,5.12,3.41
2025-01-01 00:00:00,N010,0.0,7.15,5.01,8.21,3.21,2.14
2025-01-01 00:00:00,N011,0.0,8.8,6.88,7.88,2.88,1.92
2025-01-01 00:00:00,N012,0.0,9.42,7.52,7.85,2.85,1.9
2025-01-01 00:00:00,N013,0.0,11.65,9.39,8.39,3.39,2.26
2025-01-01 00:00:00,N014,0.0,7.56,5.33,8.34,3.34,2.23
2025-01-01 00:00:00,N015,0.0,11.48,8.14,10.01,5.01,3.34
2025-01-01 00:00:00,N016,0.0,10.34,7.73,8.92,3.92,2.61
2025-01-01 00:00:00,N017,0.0,7.04,5.33,7.56,2.56,1.71
2025-01-01 00:00:00,N018,0.0,8.56,6.96,7.4,2.4,1.6
2025-01-01 00:00:00,N019,0.0,10.65,10.08,5.85,0.85,0.57
2025-01-01 00:00:00,N020,0.0,9.23,6.55,9.02,4.02,2.68
2025-01-01 01:00:00,N001,0.0,12.06,8.11,10.93,5.93,3.95
2025-01-01 01:00:00,N002,0.0,11.86,8.12,10.61,5.61,3.74
2025-01-01 01:00:00,N003,0.0,10.66,7.13,10.29,5.29,3.53
2025-01-01 01:00:00,N004,0.0,11.95,8.93,9.53,4.53,3.02
2025-01-01 01:00:00,N005,0.0,11.63,9.21,8.63,3.63,2.42
2025-01-01 01:00:00,N006,0.0,12.71,10.98,7.59,2.59,1.73
2025-01-01 01:00:00,N007,0.0,10.72,8.56,8.24,3.24,2.16
2025-01-01 01:00:00,N008,0.0,13.08,10.18,9.35,4.35,2.9
2025-01-01 01:00:00,N009,0.0,10.17,8.16,8.01,3.01,2.01
2025-01-01 01:00:00,N010,0.0,9.4,6.81,8.88,3.88,2.59
2025-01-01 01:00:00,N011,0.0,12.96,8.72,11.36,6.36,4.24
2025-01-01 01:00:00,N012,0.0,8.96,6.26,9.05,4.05,2.7
2025-01-01 01:00:00,N013,0.0,11.83,8.35,10.22,5.22,3.48
2025-01-01 01:00:00,N014,0.0,10.66,8.65,8.01,3.01,2.01
2025-01-01 01:00:00,N015,0.0,8.6,6.69,7.86,2.86,1.91
2025-01-01 01:00:00,N016,0.0,9.34,8.48,6.29,1.29,0.86
2025-01-01 01:00:00,N017,0.0,10.01,7.17,9.26,4.26,2.84
2025-01-01 01:00:00,N018,0.0,9.53,7.16,8.56,3.56,2.37
2025-01-01 01:00:00,N019,0.0,9.68,8.33,7.03,2.03,1.35
2025-01-01 01:00:00,N020,0.0,10.81,10.18,5.95,0.95,0.63
2025-01-01 02:00:00,N001,0.0,6.16,4.07,8.13,3.13,2.09
2025-01-01 02:00:00,N002,0.0,9.95,7.97,7.97,2.97,1.98
2025-01-01 02:00:00,N003,0.0,9.62,7.67,7.92,2.92,1.95
2025-01-01 02:00:00,N004,0.0,10.6,7.66,9.41,4.41,2.94
2025-01-01 02:00:00,N005,0.0,12.29,10.67,7.43,2.43,1.62
2025-01-01 02:00:00,N006,0.0,11.5,9.66,7.76,2.76,1.84
2025-01-01 02:00:00,N007,0.0,11.17,10.06,6.67,1.67,1.11
2025-01-01 02:00:00,N008,0.0,14.38,10.15,11.35,6.35,4.23
2025-01-01 02:00:00,N009,0.0,10.2,6.68,10.28,5.28,3.52
2025-01-01 02:00:00,N010,0.0,8.99,6.45,8.81,3.81,2.54
2025-01-01 02:00:00,N011,0.0,7.88,6.04,7.76,2.76,1.84
2025-01-01 02:00:00,N012,0.0,10.95,7.57,10.07,5.07,3.38
2025-01-01 02:00:00,N013,0.0,8.43,7.7,6.09,1.09,0.73
2025-01-01 02:00:00,N014,0.0,9.36,7.94,7.13,2.13,1.42
2025-01-01 02:00:00,N015,0.0,10.45,7.55,9.35,4.35,2.9
2025-01-01 02:00:00,N016,0.0,12.61,11.59,6.53,1.53,1.02
2025-01-01 02:00:00,N017,0.0,10.52,7.94,8.87,3.87,2.58
2025-01-01 02:00:00,N018,0.0,11.56,10.63,6.4,1.4,0.93
2025-01-01 02:00:00,N019,0.0,10.5,7.09,10.12,5.12,3.41
2025-01-01 02:00:00,N020,0.0,10.69,9.83,6.29,1.29,0.86
2025-01-01 03:00:00,N001,0.0,10.59,7.39,9.8,4.8,3.2
2025-01-01 03:00:00,N002,0.0,8.57,7.35,6.83,1.83,1.22
2025-01-01 03:00:00,N003,0.0,7.62,5.5,8.18,3.18,2.12
2025-01-01 03:00:00,N004,0.0,11.31,9.88,7.15,2.15,1.43
2025-01-01 03:00:00,N005,0.0,11.93,9.79,8.21,3.21,2.14
2025-01-01 03:00:00,N006,0.0,10.83,8.23,8.9,3.9,2.6
2025-01-01 03:00:00,N007,0.0,8.22,6.31,7.86,2.86,1.91
2025-01-01 03:00:00,N008,0.0,8.37,7.03,7.01,2.01,1.34
2025-01-01 03:00:00,N009,0.0,10.03,8.0,8.04,3.04,2.03
2025-01-01 03:00:00,N010,0.0,12.91,11.19,7.58,2.58,1.72
2025-01-01 03:00:00,N011,0.0,7.86,7.36,5.75,0.75,0.5
2025-01-01 03:00:00,N012,0.0,10.96,8.34,8.93,3.93,2.62
2025-01-01 03:00:00,N013,0.0,10.95,9.92,6.54,1.54,1.03
2025-01-01 03:00:00,N014,0.0,9.85,7.54,8.46,3.46,2.31
2025-01-01 03:00:00,N015,0.0,9.11,7.44,7.5,2.5,1.67
2025-01-01 03:00:00,N016,0.0,11.71,10.06,7.47,2.47,1.65
2025-01-01 03:00:00,N017,0.0,8.23,7.79,5.66,0.66,0.44
2025-01-01 03:00:00,N018,0.0,10.31,8.3,8.01,3.01,2.01
2025-01-01 03:00:00,N019,0.0,10.72,9.23,7.23,2.23,1.49
2025-01-01 03:00:00,N020,0.0,11.12,8.21,9.37,4.37,2.91
2025-01-01 04:00:00,N001,0.1,12.45,11.5,6.46,1.46,0.95
2025-01-01 04:00:00,N002,0.1,12.45,9.97,8.76,3.76,2.48
2025-01-01 04:00:00,N003,0.1,12.56,11.16,7.14,2.14,1.4
2025-01-01 04:00:00,N004,0.1,13.69,10.29,10.14,5.14,3.4
2025-01-01 04:00:00,N005,0.1,9.87,6.52,10.07,5.07,3.35
2025-01-01 04:00:00,N006,0.1,10.95,8.9,8.11,3.11,2.05
2025-01-01 04:00:00,N007,0.1,12.79,8.46,11.54,6.54,4.33
2025-01-01 04:00:00,N008,0.1,8.19,6.21,8.01,3.01,1.98
2025-01-01 04:00:00,N009,0.1,11.55,8.26,9.98,4.98,3.29
2025-01-01 04:00:00,N010,0.1,9.26,6.26,9.54,4.54,3.0
2025-01-01 04:00:00,N011,0.1,11.51,9.68,7.79,2.79,1.83
2025-01-01 04:00:00,N012,0.1,10.12,9.54,5.91,0.91,0.58
2025-01-01 04:00:00,N013,0.1,7.37,5.39,8.01,3.01,1.98
2025-01-01 04:00:00,N014,0.1,11.79,7.94,10.82,5.82,3.85
2025-01-01 04:00:00,N015,0.1,12.43,8.73,10.59,5.59,3.7
2025-01-01 04:00:00,N016,0.1,13.15,9.53,10.47,5.47,3.62
2025-01-01 04:00:00,N017,0.1,14.95,10.97,11.01,6.01,3.98
2025-01-01 04:00:00,N018,0.1,12.23,10.66,7.4,2.4,1.57
2025-01-01 04:00:00,N019,0.1,15.66,11.34,11.52,6.52,4.32
2025-01-01 04:00:00,N020,0.1,13.48,11.83,7.51,2.51,1.65
2025-01-01 05:00:00,N001,0.0,10.89,7.4,10.24,5.24,3.49
2025-01-01 05:00:00,N002,0.0,11.55,9.15,8.6,3.6,2.4
2025-01-01 05:00:00,N003,0.0,9.49,7.92,7.35,2.35,1.57
2025-01-01 05:00:00,N004,0.0,7.5,4.98,8.78,3.78,2.52
2025-01-01 05:00:00,N005,0.0,12.88,11.68,6.8,1.8,1.2
2025-01-01 05:00:00,N006,0.0,7.13,4.98,8.22,3.22,2.15
2025-01-01 05:00:00,N007,0.0,10.4,8.59,7.71,2.71,1.81
2025-01-01 05:00:00,N008,0.0,8.8,7.24,7.34,2.34,1.56
2025-01-01 05:00:00,N009,0.0,13.17,10.72,8.68,3.68,2.45
2025-01-01 05:00:00,N010,0.0,7.52,5.76,7.64,2.64,1.76
2025-01-01 05:00:00,N011,0.0,10.56,7.87,9.04,4.04,2.69
2025-01-01 05:00:00,N012,0.0,8.75,5.75,9.5,4.5,3.0
2025-01-01 05:00:00,N013,0.0,8.82,7.58,6.86,1.86,1.24
2025-01-01 05:00:00,N014,0.0,11.7,10.68,6.53,1.53,1.02
2025-01-01 05:00:00,N015,0.0,11.63,8.18,10.18,5.18,3.45
2025-01-01 05:00:00,N016,0.0,11.26,10.04,6.83,1.83,1.22
2025-01-01 05:00:00,N017,0.0,9.96,8.79,6.75,1.75,1.17
2025-01-01 05:00:00,N018,0.0,10.23,9.51,6.08,1.08,0.72
2025-01-01 05:00:00,N019,0.0,9.56,8.38,6.77,1.77,1.18
2025-01-01 05:00:00,N020,0.0,12.2,11.23,6.46,1.46,0.97
2025-01-01 06:00:00,N001,0.0,12.61,11.58,6.54,1.54,1.03
2025-01-01 06:00:00,N002,0.0,10.04,6.56,10.22,5.22,3.48
2025-01-01 06:00:00,N003,0.0,10.65,8.75,7.85,2.85,1.9
2025-01-01 06:00:00,N004,0.0,9.74,7.64,8.15,3.15,2.1
2025-01-01 06:00:00,N005,0.0,7.99,7.0,6.48,1.48,0.99
2025-01-01 06:00:00,N006,0.0,7.57,6.71,6.29,1.29,0.86
2025-01-01 06:00:00,N007,0.0,9.98,8.13,7.78,2.78,1.85
2025-01-01 06:00:00,N008,0.0,8.21,7.52,6.03,1.03,0.69
2025-01-01 06:00:00,N009,0.0,8.35,7.34,6.52,1.52,1.01
2025-01-01 06:00:00,N010,0.0,9.36,6.37,9.49,4.49,2.99
2025-01-01 06:00:00,N011,0.0,10.49,9.4,6.64,1.64,1.09
2025-01-01 06:00:00,N012,0.0,8.99,6.06,9.4,4.4,2.93
2025-01-01 06:00:00,N013,0.0,7.1,6.63,5.7,0.7,0.47
2025-01-01 06:00:00,N014,0.0,7.19,6.3,6.33,1.33,0.89
2025-01-01 06:00:00,N015,0.0,8.56,7.0,7.34,2.34,1.56
2025-01-01 06:00:00,N016,0.0,9.57,8.82,6.12,1.12,0.75
2025-01-01 06:00:00,N017,0.0,9.96,7.87,8.13,3.13,2.09
2025-01-01 06:00:00,N018,0.0,7.99,5.48,8.76,3.76,2.51
2025-01-01 06:00:00,N019,0.0,10.65,8.79,7.79,2.79,1.86
2025-01-01 06:00:00,N020,0.0,8.35,6.37,7.97,2.97,1.98
2025-01-01 07:00:00,N001,0.0,11.38,10.69,6.03,1.03,0.69
2025-01-01 07:00:00,N002,0.0,9.2,8.66,5.81,0.81,0.54
2025-01-01 07:00:00,N003,0.0,10.45,8.53,7.88,2.88,1.92
2025-01-01 07:00:00,N004,0.0,10.03,8.09,7.91,2.91,1.94
2025-01-01 07:00:00,N005,0.0,12.9,10.81,8.13,3.13,2.09
2025-01-01 07:00:00,N006,0.0,11.92,10.97,6.42,1.42,0.95
2025-01-01 07:00:00,N007,0.0,14.38,10.16,11.33,6.33,4.22
2025-01-01 07:00:00,N008,0.0,8.38,6.34,8.06,3.06,2.04
2025-01-01 07:00:00,N009,0.0,8.48,8.02,5.69,0.69,0.46
2025-01-01 07:00:00,N010,0.0,10.3,8.35,7.92,2.92,1.95
2025-01-01 07:00:00,N011,0.0,11.9,8.32,10.37,5.37,3.58
2025-01-01 07:00:00,N012,0.0,8.85,7.94,6.36,1.36,0.91
2025-01-01 07:00:00,N013,0.0,7.36,6.7,5.99,0.99,0.66
2025-01-01 07:00:00,N014,0.0,13.66,8.99,12.0,7.0,4.67
2025-01-01 07:00:00,N015,0.0,12.36,8.59,10.66,5.66,3.77
2025-01-01 07:00:00,N016,0.0,9.06,6.92,8.21,3.21,2.14
2025-01-01 07:00:00,N017,0.0,9.77,7.15,8.93,3.93,2.62
2025-01-01 07:00:00,N018,0.0,12.48,11.35,6.69,1.69,1.13
2025-01-01 07:00:00,N019,0.0,10.01,9.34,6.01,1.01,0.67
2025-01-01 07:00:00,N020,0.0,10.09,7.31,9.17,4.17,2.78
2025-01-01 08:00:00,N001,0.0,7.86,6.54,6.98,1.98,1.32
2025-01-01 08:00:00,N002,0.0,9.72,8.28,7.16,2.16,1.44
2025-01-01 08:00:00,N003,0.0,6.93,5.9,6.54,1.54,1.03
2025-01-01 08:00:00,N004,0.0,12.56,11.07,7.23,2.23,1.49
2025-01-01 08:00:00,N005,0.0,12.36,10.11,8.38,3.38,2.25
2025-01-01 08:00:00,N006,0.0,10.14,7.82,8.48,3.48,2.32
2025-01-01 08:00:00,N007,0.0,11.29,8.06,9.84,4.84,3.23
2025-01-01 08:00:00,N008,0.0,12.74,8.34,11.6,6.6,4.4
2025-01-01 08:00:00,N009,0.0,12.12,9.47,8.97,3.97,2.65
2025-01-01 08:00:00,N010,0.0,6.48,4.89,7.39,2.39,1.59
2025-01-01 08:00:00,N011,0.0,13.0,10.88,8.18,3.18,2.12
2025-01-01 08:00:00,N012,0.0,10.15,9.49,5.99,0.99,0.66
2025-01-01 08:00:00,N013,0.0,6.59,6.22,5.55,0.55,0.37
2025-01-01 08:00:00,N014,0.0,9.89,7.4,8.74,3.74,2.49
2025-01-01 08:00:00,N015,0.0,7.39,5.09,8.45,3.45,2.3
2025-01-01 08:00:00,N016,0.0,11.34,7.89,10.18,5.18,3.45
2025-01-01 08:00:00,N017,0.0,10.73,8.09,8.96,3.96,2.64
2025-01-01 08:00:00,N018,0.0,8.12,6.43,7.54,2.54,1.69
2025-01-01 08:00:00,N019,0.0,8.03,5.32,9.06,4.06,2.71
2025-01-01 08:00:00,N020,0.0,11.01,8.08,9.4,4.4,2.93
2025-01-01 09:00:00,N001,0.0,9.79,7.43,8.54,3.54,2.36
2025-01-01 09:00:00,N002,0.0,7.93,6.8,6.69,1.69,1.13
2025-01-01 09:00:00,N003,0.0,8.6,7.97,5.95,0.95,0.63
2025-01-01 09:00:00,N004,0.0,10.43,7.65,9.17,4.17,2.78
2025-01-01 09:00:00,N005,0.0,11.23,8.0,9.84,4.84,3.23
2025-01-01 09:00:00,N006,0.0,11.52,9.16,8.54,3.54,2.36
2025-01-01 09:00:00,N007,0.0,6.97,6.09,6.32,1.32,0.88
2025-01-01 09:00:00,N008,0.0,12.73,9.24,10.24,5.24,3.49
2025-01-01 09:00:00,N009,0.0,11.15,9.03,8.18,3.18,2.12
2025-01-01 09:00:00,N010,0.0,10.62,8.33,8.44,3.44,2.29
2025-01-01 09:00:00,N011,0.0,6.79,5.18,7.42,2.42,1.61
2025-01-01 09:00:00,N012,0.0,10.41,7.77,8.96,3.96,2.64
2025-01-01 09:00:00,N013,0.0,8.71,7.99,6.08,1.08,0.72
2025-01-01 09:00:00,N014,0.0,7.84,6.69,6.72,1.72,1.15
2025-01-01 09:00:00,N015,0.0,9.98,8.1,7.82,2.82,1.88
2025-01-01 09:00:00,N016,0.0,12.96,11.32,7.46,2.46,1.64
2025-01-01 09:00:00,N017,0.0,7.93,6.02,7.86,2.86,1.91
2025-01-01 09:00:00,N018,0.0,9.62,7.9,7.58,2.58,1.72
2025-01-01 09:00:00,N019,0.0,7.2,5.01,8.29,3.29,2.19
2025-01-01 09:00:00,N020,0.0,11.13,7.77,10.04,5.04,3.36
2025-01-01 10:00:00,N001,0.0,8.82,8.11,6.06,1.06,0.71
2025-01-01 10:00:00,N002,0.0,8.27,6.68,7.39,2.39,1.59
2025-01-01 10:00:00,N003,0.0,10.54,8.11,8.65,3.65,2.43
2025-01-01 10:00:00,N004,0.0,9.9,9.01,6.33,1.33,0.89
2025-01-01 10:00:00,N005,0.0,8.85,7.53,6.98,1.98,1.32
2025-01-01 10:00:00,N006,0.0,11.51,9.4,8.17,3.17,2.11
2025-01-01 10:00:00,N007,0.0,6.66,4.7,7.94,2.94,1.96
2025-01-01 10:00:00,N008,0.0,11.09,8.62,8.71,3.71,2.47
2025-01-01 10:00:00,N009,0.0,6.74,5.62,6.68,1.68,1.12
2025-01-01 10:00:00,N010,0.0,10.1,8.33,7.66,2.66,1.77
2025-01-01 10:00:00,N011,0.0,9.87,6.57,9.95,4.95,3.3
2025-01-01 10:00:00,N012,0.0,7.58,5.23,8.53,3.53,2.35
2025-01-01 10:00:00,N013,0.0,12.01,10.26,7.62,2.62,1.75
2025-01-01 10:00:00,N014,0.0,8.85,7.33,7.28,2.28,1.52
2025-01-01 10:00:00,N015,0.0,5.06,4.7,5.54,0.54,0.36
2025-01-01 10:00:00,N016,0.0,8.41,7.9,5.77,0.77,0.51
2025-01-01 10:00:00,N017,0.0,10.74,7.56,9.77,4.77,3.18
2025-01-01 10:00:00,N018,0.0,8.79,7.67,6.68,1.68,1.12
2025-01-01 10:00:00,N019,0.0,12.34,10.97,7.06,2.06,1.37
2025-01-01 10:00:00,N020,0.0,10.51,7.35,9.74,4.74,3.16
2025-01-01 11:00:00,N001,0.0,10.79,8.71,8.12,3.12,2.08
2025-01-01 11:00:00,N002,0.0,9.16,8.36,6.2,1.2,0.8
2025-01-01 11:00:00,N003,0.0,12.4,9.46,9.41,4.41,2.94
2025-01-01 11:00:00,N004,0.0,9.18,6.8,8.57,3.57,2.38
2025-01-01 11:00:00,N005,0.0,10.04,9.24,6.2,1.2,0.8
2025-01-01 11:00:00,N006,0.0,13.35,10.85,8.75,3.75,2.5
2025-01-01 11:00:00,N007,0.0,10.47,9.76,6.06,1.06,0.71
2025-01-01 11:00:00,N008,0.0,11.54,8.66,9.32,4.32,2.88
2025-01-01 11:00:00,N009,0.0,10.68,8.65,8.04,3.04,2.03
2025-01-01 11:00:00,N010,0.0,9.17,8.13,6.56,1.56,1.04
2025-01-01 11:00:00,N011,0.0,9.08,7.93,6.72,1.72,1.15
2025-01-01 11:00:00,N012,0.0,8.3,6.81,7.23,2.23,1.49
2025-01-01 11:00:00,N013,0.0,10.96,9.82,6.71,1.71,1.14
2025-01-01 11:00:00,N014,0.0,10.67,9.64,6.54,1.54,1.03
2025-01-01 11:00:00,N015,0.0,9.46,6.57,9.33,4.33,2.89
2025-01-01 11:00:00,N016,0.0,8.04,6.97,6.6,1.6,1.07
2025-01-01 11:00:00,N017,0.0,11.74,9.54,8.3,3.3,2.2
2025-01-01 11:00:00,N018,0.0,12.71,9.58,9.7,4.7,3.13
2025-01-01 11:00:00,N019,0.0,6.44,6.02,5.63,0.63,0.42
2025-01-01 11:00:00,N020,0.0,12.99,10.73,8.39,3.39,2.26
2025-01-01 12:00:00,N001,0.0,14.89,13.57,6.98,1.98,1.32
2025-01-01 12:00:00,N002,0.0,10.26,8.41,7.78,2.78,1.85
2025-01-01 12:00:00,N003,0.0,10.96,7.63,10.0,5.0,3.33
2025-01-01 12:00:00,N004,0.0,10.45,8.69,7.64,2.64,1.76
2025-01-01 12:00:00,N005,0.0,13.19,12.24,6.42,1.42,0.95
2025-01-01 12:00:00,N006,0.0,8.98,6.14,9.26,4.26,2.84
2025-01-01 12:00:00,N007,0.0,10.11,7.78,8.5,3.5,2.33
2025-01-01 12:00:00,N008,0.0,12.19,9.15,9.56,4.56,3.04
2025-01-01 12:00:00,N009,0.0,7.98,7.39,5.89,0.89,0.59
2025-01-01 12:00:00,N010,0.0,6.69,5.04,7.47,2.47,1.65
2025-01-01 12:00:00,N011,0.0,9.33,7.33,8.0,3.0,2.0
2025-01-01 12:00:00,N012,0.0,13.34,9.38,10.94,5.94,3.96
2025-01-01 12:00:00,N013,0.0,5.0,3.79,6.81,1.81,1.21
2025-01-01 12:00:00,N014,0.0,9.89,8.3,7.39,2.39,1.59
2025-01-01 12:00:00,N015,0.0,9.46,8.98,5.72,0.72,0.48
2025-01-01 12:00:00,N016,0.0,7.79,6.45,7.01,2.01,1.34
2025-01-01 12:00:00,N017,0.0,10.03,9.22,6.22,1.22,0.81
2025-01-01 12:00:00,N018,0.0,9.95,7.04,9.37,4.37,2.91
2025-01-01 12:00:00,N019,0.0,9.93,6.65,9.92,4.92,3.28
2025-01-01 12:00:00,N020,0.0,8.91,7.0,7.86,2.86,1.91
2025-01-01 13:00:00,N001,0.0,5.0,4.09,6.36,1.36,0.91
2025-01-01 13:00:00,N002,0.0,12.18,8.58,10.4,5.4,3.6
2025-01-01 13:00:00,N003,0.0,7.18,5.55,7.44,2.44,1.63
2025-01-01 13:00:00,N004,0.0,8.44,5.88,8.84,3.84,2.56
2025-01-01 13:00:00,N005,0.0,11.87,8.51,10.04,5.04,3.36
2025-01-01 13:00:00,N006,0.0,12.54,10.68,7.79,2.79,1.86
2025-01-01 13:00:00,N007,0.0,8.95,6.46,8.74,3.74,2.49
2025-01-01 13:00:00,N008,0.0,10.98,7.94,9.56,4.56,3.04
2025-01-01 13:00:00,N009,0.0,11.42,8.78,8.96,3.96,2.64
2025-01-01 13:00:00,N010,0.0,10.89,7.75,9.71,4.71,3.14
2025-01-01 13:00:00,N011,0.0,11.19,7.56,10.45,5.45,3.63
2025-01-01 13:00:00,N012,0.0,9.38,6.17,9.81,4.81,3.21
2025-01-01 13:00:00,N013,0.0,10.65,9.77,6.32,1.32,0.88
2025-01-01 13:00:00,N014,0.0,7.5,5.64,7.79,2.79,1.86
2025-01-01 13:00:00,N015,0.0,8.59,6.27,8.48,3.48,2.32
2025-01-01 13:00:00,N016,0.0,7.18,5.55,7.44,2.44,1.63
2025-01-01 13:00:00,N017,0.0,5.84,5.46,5.57,0.57,0.38
2025-01-01 13:00:00,N018,0.0,13.39,9.27,11.18,6.18,4.12
2025-01-01 13:00:00,N019,0.0,9.92,8.83,6.64,1.64,1.09
2025-01-01 13:00:00,N020,0.0,12.21,8.02,11.29,6.29,4.19
2025-01-01 14:00:00,N001,0.0,10.62,7.72,9.35,4.35,2.9
2025-01-01 14:00:00,N002,0.0,6.58,5.93,5.98,0.98,0.65
2025-01-01 14:00:00,N003,0.0,10.04,7.35,9.04,4.04,2.69
2025-01-01 14:00:00,N004,0.0,10.7,9.89,6.22,1.22,0.81
2025-01-01 14:00:00,N005,0.0,10.39,8.48,7.86,2.86,1.91
2025-01-01 14:00:00,N006,0.0,8.04,7.23,6.22,1.22,0.81
2025-01-01 14:00:00,N007,0.0,10.51,8.93,7.37,2.37,1.58
2025-01-01 14:00:00,N008,0.0,11.97,11.06,6.36,1.36,0.91
2025-01-01 14:00:00,N009,0.0,6.32,4.2,8.18,3.18,2.12
2025-01-01 14:00:00,N010,0.0,7.44,6.48,6.44,1.44,0.96
2025-01-01 14:00:00,N011,0.0,10.37,7.95,8.63,3.63,2.42
2025-01-01 14:00:00,N012,0.0,8.49,6.42,8.1,3.1,2.07
2025-01-01 14:00:00,N013,0.0,8.05,6.38,7.5,2.5,1.67
2025-01-01 14:00:00,N014,0.0,12.11,11.28,6.24,1.24,0.83
2025-01-01 14:00:00,N015,0.0,8.28,6.03,8.38,3.38,2.25
2025-01-01 14:00:00,N016,0.0,11.4,7.59,10.71,5.71,3.81
2025-01-01 14:00:00,N017,0.0,15.12,13.32,7.7,2.7,1.8
2025-01-01 14:00:00,N018,0.0,9.81,6.6,9.81,4.81,3.21
2025-01-01 14:00:00,N019,0.0,9.93,7.75,8.27,3.27,2.18
2025-01-01 14:00:00,N020,0.0,13.54,12.13,7.11,2.11,1.41
2025-01-01 15:00:00,N001,0.0,11.26,9.31,7.92,2.92,1.95
2025-01-01 15:00:00,N002,0.0,11.95,8.1,10.78,5.78,3.85
2025-01-01 15:00:00,N003,0.0,9.85,8.0,7.78,2.78,1.85
2025-01-01 15:00:00,N004,0.0,11.24,9.78,7.19,2.19,1.46
2025-01-01 15:00:00,N005,0.0,11.12,10.06,6.59,1.59,1.06
2025-01-01 15:00:00,N006,0.0,12.16,9.69,8.71,3.71,2.47
2025-01-01 15:00:00,N007,0.0,10.86,8.91,7.92,2.92,1.95
2025-01-01 15:00:00,N008,0.0,10.42,6.88,10.31,5.31,3.54
2025-01-01 15:00:00,N009,0.0,7.84,7.38,5.69,0.69,0.46
2025-01-01 15:00:00,N010,0.0,12.11,9.59,8.78,3.78,2.52
2025-01-01 15:00:00,N011,0.0,10.06,9.04,6.53,1.53,1.02
2025-01-01 15:00:00,N012,0.0,10.06,8.34,7.58,2.58,1.72
2025-01-01 15:00:00,N013,0.0,9.13,7.84,6.94,1.94,1.29
2025-01-01 15:00:00,N014,0.0,9.38,8.14,6.86,1.86,1.24
2025-01-01 15:00:00,N015,0.0,9.63,8.54,6.64,1.64,1.09
2025-01-01 15:00:00,N016,0.0,9.12,7.64,7.22,2.22,1.48
2025-01-01 15:00:00,N017,0.0,10.53,6.92,10.42,5.42,3.61
2025-01-01 15:00:00,N018,0.0,11.78,7.73,11.07,6.07,4.05
2025-01-01 15:00:00,N019,0.0,10.16,9.04,6.68,1.68,1.12
2025-01-01 15:00:00,N020,0.0,12.13,9.16,9.46,4.46,2.97
2025-01-01 16:00:00,N001,0.0,8.97,7.52,7.17,2.17,1.45
2025-01-01 16:00:00,N002,0.0,12.82,12.12,6.05,1.05,0.7
2025-01-01 16:00:00,N003,0.0,9.11,7.94,6.75,1.75,1.17
2025-01-01 16:00:00,N004,0.0,12.91,8.82,11.13,6.13,4.09
2025-01-01 16:00:00,N005,0.0,7.31,5.26,8.07,3.07,2.05
2025-01-01 16:00:00,N006,0.0,8.16,5.35,9.21,4.21,2.81
2025-01-01 16:00:00,N007,0.0,9.93,8.48,7.17,2.17,1.45
2025-01-01 16:00:00,N008,0.0,10.47,9.79,6.02,1.02,0.68
2025-01-01 16:00:00,N009,0.0,11.97,9.46,8.76,3.76,2.51
2025-01-01 16:00:00,N010,0.0,9.57,6.7,9.3,4.3,2.87
2025-01-01 16:00:00,N011,0.0,10.33,8.3,8.04,3.04,2.03
2025-01-01 16:00:00,N012,0.0,10.98,7.72,9.89,4.89,3.26
2025-01-01 16:00:00,N013,0.0,8.75,6.61,8.21,3.21,2.14
2025-01-01 16:00:00,N014,0.0,8.89,8.36,5.8,0.8,0.53
2025-01-01 16:00:00,N015,0.0,12.84,8.94,10.85,5.85,3.9
2025-01-01 16:00:00,N016,0.0,8.86,6.36,8.75,3.75,2.5
2025-01-01 16:00:00,N017,0.0,10.41,8.58,7.75,2.75,1.83
2025-01-01 16:00:00,N018,0.0,6.97,6.37,5.9,0.9,0.6
2025-01-01 16:00:00,N019,0.0,8.77,8.21,5.84,0.84,0.56
2025-01-01 16:00:00,N020,0.0,9.22,8.23,6.48,1.48,0.99
2025-01-01 17:00:00,N001,0.0,11.32,8.75,8.85,3.85,2.57
2025-01-01 17:00:00,N002,0.0,14.02,10.21,10.71,5.71,3.81
2025-01-01 17:00:00,N003,0.0,9.93,7.11,9.23,4.23,2.82
2025-01-01 17:00:00,N004,0.0,13.59,9.14,11.68,6.68,4.45
2025-01-01 17:00:00,N005,0.0,9.97,8.25,7.58,2.58,1.72
2025-01-01 17:00:00,N006,0.0,12.38,9.34,9.56,4.56,3.04
2025-01-01 17:00:00,N007,0.0,11.36,10.38,6.47,1.47,0.98
2025-01-01 17:00:00,N008,0.0,13.69,11.6,8.13,3.13,2.09
2025-01-01 17:00:00,N009,0.0,11.64,9.94,7.55,2.55,1.7
2025-01-01 17:00:00,N010,0.0,11.01,9.64,7.06,2.06,1.37
2025-01-01 17:00:00,N011,0.0,9.67,8.44,6.84,1.84,1.23
2025-01-01 17:00:00,N012,0.0,10.29,9.21,6.62,1.62,1.08
2025-01-01 17:00:00,N013,0.0,10.06,7.41,8.97,3.97,2.65
2025-01-01 17:00:00,N014,0.0,12.56,11.86,6.05,1.05,0.7
2025-01-01 17:00:00,N015,0.0,7.28,5.91,7.06,2.06,1.37
2025-01-01 17:00:00,N016,0.0,11.49,7.84,10.47,5.47,3.65
2025-01-01 17:00:00,N017,0.0,10.5,7.9,8.9,3.9,2.6
2025-01-01 17:00:00,N018,0.0,13.15,12.22,6.4,1.4,0.93
2025-01-01 17:00:00,N019,0.0,9.11,7.86,6.88,1.88,1.25
2025-01-01 17:00:00,N020,0.0,10.39,8.57,7.73,2.73,1.82
2025-01-01 18:00:00,N001,0.0,12.39,11.29,6.65,1.65,1.1
2025-01-01 18:00:00,N002,0.0,6.95,6.54,5.61,0.61,0.41
2025-01-01 18:00:00,N003,0.0,8.88,5.84,9.56,4.56,3.04
2025-01-01 18:00:00,N004,0.0,10.75,8.03,9.08,4.08,2.72
2025-01-01 18:00:00,N005,0.0,13.13,10.29,9.26,4.26,2.84
2025-01-01 18:00:00,N006,0.0,9.87,9.37,5.75,0.75,0.5
2025-01-01 18:00:00,N007,0.0,7.1,6.31,6.19,1.19,0.79
2025-01-01 18:00:00,N008,0.0,5.6,4.01,7.39,2.39,1.59
2025-01-01 18:00:00,N009,0.0,10.49,7.68,9.21,4.21,2.81
2025-01-01 18:00:00,N010,0.0,8.87,6.17,9.05,4.05,2.7
2025-01-01 18:00:00,N011,0.0,11.3,9.51,7.69,2.69,1.79
2025-01-01 18:00:00,N012,0.0,9.8,7.18,8.93,3.93,2.62
2025-01-01 18:00:00,N013,0.0,9.91,7.13,9.17,4.17,2.78
2025-01-01 18:00:00,N014,0.0,10.49,6.92,10.35,5.35,3.57
2025-01-01 18:00:00,N015,0.0,7.5,5.94,7.34,2.34,1.56
2025-01-01 18:00:00,N016,0.0,12.89,9.1,10.69,5.69,3.79
2025-01-01 18:00:00,N017,0.0,10.69,9.66,6.54,1.54,1.03
2025-01-01 18:00:00,N018,0.0,10.91,9.14,7.66,2.66,1.77
2025-01-01 18:00:00,N019,0.0,10.39,8.25,8.21,3.21,2.14
2025-01-01 18:00:00,N020,0.0,11.42,7.85,10.35,5.35,3.57
2025-01-01 19:00:00,N001,0.0,8.65,6.9,7.62,2.62,1.75
2025-01-01 19:00:00,N002,0.0,13.6,11.21,8.58,3.58,2.39
2025-01-01 19:00:00,N003,0.0,11.68,9.19,8.74,3.74,2.49
2025-01-01 19:00:00,N004,0.0,8.69,5.84,9.28,4.28,2.85
2025-01-01 19:00:00,N005,0.0,9.1,6.71,8.58,3.58,2.39
2025-01-01 19:00:00,N006,0.0,5.15,4.68,5.7,0.7,0.47
2025-01-01 19:00:00,N007,0.0,8.07,7.63,5.66,0.66,0.44
2025-01-01 19:00:00,N008,0.0,9.9,7.92,7.97,2.97,1.98
2025-01-01 19:00:00,N009,0.0,13.01,8.49,11.78,6.78,4.52
2025-01-01 19:00:00,N010,0.0,11.75,9.46,8.44,3.44,2.29
2025-01-01 19:00:00,N011,0.0,9.51,6.41,9.65,4.65,3.1
2025-01-01 19:00:00,N012,0.0,8.64,5.96,9.02,4.02,2.68
2025-01-01 19:00:00,N013,0.0,13.6,9.66,10.91,5.91,3.94
2025-01-01 19:00:00,N014,0.0,11.28,7.69,10.38,5.38,3.59
2025-01-01 19:00:00,N015,0.0,12.8,11.92,6.32,1.32,0.88
2025-01-01 19:00:00,N016,0.0,11.85,9.63,8.33,3.33,2.22
2025-01-01 19:00:00,N017,0.0,11.4,10.15,6.88,1.88,1.25
2025-01-01 19:00:00,N018,0.0,10.79,9.65,6.71,1.71,1.14
2025-01-01 19:00:00,N019,0.0,12.63,10.65,7.97,2.97,1.98
2025-01-01 19:00:00,N020,0.0,10.4,9.04,7.04,2.04,1.36
2025-01-01 20:00:00,N001,0.0,8.7,6.23,8.71,3.71,2.47
2025-01-01 20:00:00,N002,0.0,9.03,6.78,8.38,3.38,2.25
2025-01-01 20:00:00,N003,0.0,11.05,8.83,8.33,3.33,2.22
2025-01-01 20:00:00,N004,0.0,8.85,7.66,6.78,1.78,1.19
2025-01-01 20:00:00,N005,0.0,10.08,8.61,7.21,2.21,1.47
2025-01-01 20:00:00,N006,0.0,10.24,6.75,10.24,5.24,3.49
2025-01-01 20:00:00,N007,0.0,9.49,8.24,6.88,1.88,1.25
2025-01-01 20:00:00,N008,0.0,6.66,5.18,7.22,2.22,1.48
2025-01-01 20:00:00,N009,0.0,7.55,5.0,8.82,3.82,2.55
2025-01-01 20:00:00,N010,0.0,7.07,5.82,6.88,1.88,1.25
2025-01-01 20:00:00,N011,0.0,13.37,12.19,6.77,1.77,1.18
2025-01-01 20:00:00,N012,0.0,9.08,7.05,8.04,3.04,2.03
2025-01-01 20:00:00,N013,0.0,11.3,8.06,9.86,4.86,3.24
2025-01-01 20:00:00,N014,0.0,6.85,5.75,6.65,1.65,1.1
2025-01-01 20:00:00,N015,0.0,8.75,8.07,6.02,1.02,0.68
2025-01-01 20:00:00,N016,0.0,10.79,7.78,9.51,4.51,3.01
2025-01-01 20:00:00,N017,0.0,9.95,9.07,6.32,1.32,0.88
2025-01-01 20:00:00,N018,0.0,12.35,9.93,8.63,3.63,2.42
2025-01-01 20:00:00,N019,0.0,12.3,9.44,9.29,4.29,2.86
2025-01-01 20:00:00,N020,0.0,6.52,4.74,7.67,2.67,1.78
2025-01-01 21:00:00,N001,0.0,7.41,5.11,8.45,3.45,2.3
2025-01-01 21:00:00,N002,0.0,12.32,9.69,8.94,3.94,2.63
2025-01-01 21:00:00,N003,0.0,10.15,9.12,6.54,1.54,1.03
2025-01-01 21:00:00,N004,0.0,7.43,5.38,8.07,3.07,2.05
2025-01-01 21:00:00,N005,0.0,13.0,9.1,10.85,5.85,3.9
2025-01-01 21:00:00,N006,0.0,11.7,10.19,7.27,2.27,1.51
2025-01-01 21:00:00,N007,0.0,9.36,8.35,6.52,1.52,1.01
2025-01-01 21:00:00,N008,0.0,14.15,12.88,6.91,1.91,1.27
2025-01-01 21:00:00,N009,0.0,9.48,6.32,9.74,4.74,3.16
2025-01-01 21:00:00,N010,0.0,9.61,8.95,5.99,0.99,0.66
2025-01-01 21:00:00,N011,0.0,11.47,9.2,8.41,3.41,2.27
2025-01-01 21:00:00,N012,0.0,9.84,6.83,9.51,4.51,3.01
2025-01-01 21:00:00,N013,0.0,11.83,9.52,8.46,3.46,2.31
2025-01-01 21:00:00,N014,0.0,10.69,9.09,7.4,2.4,1.6
2025-01-01 21:00:00,N015,0.0,12.22,10.41,7.71,2.71,1.81
2025-01-01 21:00:00,N016,0.0,7.92,5.37,8.82,3.82,2.55
2025-01-01 21:00:00,N017,0.0,8.75,6.15,8.9,3.9,2.6
2025-01-01 21:00:00,N018,0.0,13.83,12.47,7.04,2.04,1.36
2025-01-01 21:00:00,N019,0.0,10.3,8.6,7.55,2.55,1.7
2025-01-01 21:00:00,N020,0.0,10.73,8.81,7.88,2.88,1.92
2025-01-01 22:00:00,N001,0.0,12.21,10.35,7.79,2.79,1.86
2025-01-01 22:00:00,N002,0.0,12.37,10.46,7.86,2.86,1.91
2025-01-01 22:00:00,N003,0.0,10.61,7.05,10.34,5.34,3.56
2025-01-01 22:00:00,N004,0.0,8.49,6.55,7.91,2.91,1.94
2025-01-01 22:00:00,N005,0.0,10.64,9.27,7.06,2.06,1.37
2025-01-01 22:00:00,N006,0.0,10.84,8.36,8.72,3.72,2.48
2025-01-01 22:00:00,N007,0.0,12.38,10.88,7.25,2.25,1.5
2025-01-01 22:00:00,N008,0.0,7.54,5.89,7.47,2.47,1.65
2025-01-01 22:00:00,N009,0.0,9.7,6.32,10.07,5.07,3.38
2025-01-01 22:00:00,N010,0.0,10.25,7.79,8.69,3.69,2.46
2025-01-01 22:00:00,N011,0.0,13.19,10.35,9.26,4.26,2.84
2025-01-01 22:00:00,N012,0.0,8.31,6.33,7.97,2.97,1.98
2025-01-01 22:00:00,N013,0.0,13.28,10.48,9.2,4.2,2.8
2025-01-01 22:00:00,N014,0.0,12.02,10.93,6.64,1.64,1.09
2025-01-01 22:00:00,N015,0.0,5.0,3.76,6.86,1.86,1.24
2025-01-01 22:00:00,N016,0.0,14.58,11.22,10.04,5.04,3.36
2025-01-01 22:00:00,N017,0.0,12.05,10.6,7.17,2.17,1.45
2025-01-01 22:00:00,N018,0.0,14.88,12.88,8.0,3.0,2.0
2025-01-01 22:00:00,N019,0.0,11.52,10.69,6.24,1.24,0.83
2025-01-01 22:00:00,N020,0.0,10.56,9.82,6.11,1.11,0.74
2025-01-01 23:00:00,N001,0.0,8.49,6.17,8.48,3.48,2.32
2025-01-01 23:00:00,N002,0.0,9.44,7.01,8.65,3.65,2.43
2025-01-01 23:00:00,N003,0.0,10.36,8.63,7.59,2.59,1.73
2025-01-01 23:00:00,N004,0.0,12.78,9.35,10.15,5.15,3.43
2025-01-01 23:00:00,N005,0.0,8.04,6.87,6.75,1.75,1.17
2025-01-01 23:00:00,N006,0.0,9.55,7.71,7.76,2.76,1.84
2025-01-01 23:00:00,N007,0.0,8.8,6.4,8.6,3.6,2.4
2025-01-01 23:00:00,N008,0.0,10.64,8.46,8.27,3.27,2.18
2025-01-01 23:00:00,N009,0.0,10.45,8.78,7.5,2.5,1.67
2025-01-01 23:00:00,N010,0.0,12.73,10.57,8.24,3.24,2.16
2025-01-01 23:00:00,N011,0.0,10.1,7.21,9.33,4.33,2.89
2025-01-01 23:00:00,N012,0.0,10.08,7.79,8.44,3.44,2.29
2025-01-01 23:00:00,N013,0.0,7.51,5.5,8.01,3.01,2.01
2025-01-01 23:00:00,N014,0.0,8.61,6.69,7.88,2.88,1.92
2025-01-01 23:00:00,N015,0.0,8.65,6.79,7.79,2.79,1.86
2025-01-01 23:00:00,N016,0.0,10.56,7.4,9.74,4.74,3.16
2025-01-01 23:00:00,N017,0.0,11.27,7.65,10.43,5.43,3.62
2025-01-01 23:00:00,N018,0.0,10.83,9.13,7.55,2.55,1.7
2025-01-01 23:00:00,N019,0.0,11.93,9.15,9.17,4.17,2.78
2025-01-01 23:00:00,N020,0.0,14.42,11.52,9.35,4.35,2.9
2025-01-02 00:00:00,N001,0.0,8.39,7.26,6.69,1.69,1.13
2025-01-02 00:00:00,N002,0.0,13.28,12.58,6.05,1.05,0.7
2025-01-02 00:00:00,N003,0.0,11.14,7.51,10.45,5.45,3.63
2025-01-02 00:00:00,N004,0.0,13.26,12.18,6.62,1.62,1.08
2025-01-02 00:00:00,N005,0.0,8.84,6.69,8.22,3.22,2.15
2025-01-02 00:00:00,N006,0.0,7.97,6.42,7.33,2.33,1.55
2025-01-02 00:00:00,N007,0.0,10.47,8.85,7.43,2.43,1.62
2025-01-02 00:00:00,N008,0.0,6.89,5.15,7.61,2.61,1.74
2025-01-02 00:00:00,N009,0.0,12.46,10.57,7.83,2.83,1.89
2025-01-02 00:00:00,N010,0.0,7.58,6.59,6.48,1.48,0.99
2025-01-02 00:00:00,N011,0.0,8.59,8.05,5.81,0.81,0.54
2025-01-02 00:00:00,N012,0.0,9.89,8.48,7.11,2.11,1.41
2025-01-02 00:00:00,N013,0.0,10.34,8.12,8.33,3.33,2.22
2025-01-02 00:00:00,N014,0.0,7.17,5.41,7.64,2.64,1.76
2025-01-02 00:00:00,N015,0.0,12.18,8.77,10.12,5.12,3.41
2025-01-02 00:00:00,N016,0.0,11.22,7.81,10.12,5.12,3.41
2025-01-02 00:00:00,N017,0.0,12.43,10.4,8.04,3.04,2.03
2025-01-02 00:00:00,N018,0.0,10.28,9.01,6.91,1.91,1.27
2025-01-02 00:00:00,N019,0.0,10.27,8.86,7.11,2.11,1.41
2025-01-02 00:00:00,N020,0.0,9.7,7.19,8.76,3.76,2.51
2025-01-02 01:00:00,N001,0.0,8.43,7.85,5.87,0.87,0.58
2025-01-02 01:00:00,N002,0.0,7.34,5.44,7.85,2.85,1.9
2025-01-02 01:00:00,N003,0.0,7.79,6.27,7.28,2.28,1.52
2025-01-02 01:00:00,N004,0.0,5.69,4.55,6.71,1.71,1.14
2025-01-02 01:00:00,N005,0.0,10.16,9.28,6.32,1.32,0.88
2025-01-02 01:00:00,N006,0.0,9.8,8.74,6.59,1.59,1.06
2025-01-02 01:00:00,N007,0.0,8.66,6.68,7.97,2.97,1.98
2025-01-02 01:00:00,N008,0.0,11.98,10.28,7.55,2.55,1.7
2025-01-02 01:00:00,N009,0.0,10.06,9.02,6.56,1.56,1.04
2025-01-02 01:00:00,N010,0.0,9.98,9.07,6.36,1.36,0.91
2025-01-02 01:00:00,N011,0.0,9.95,8.75,6.8,1.8,1.2
2025-01-02 01:00:00,N012,0.0,11.64,9.32,8.48,3.48,2.32
2025-01-02 01:00:00,N013,0.0,7.87,5.28,8.88,3.88,2.59
2025-01-02 01:00:00,N014,0.0,9.39,6.48,9.37,4.37,2.91
2025-01-02 01:00:00,N015,0.0,10.11,7.88,8.34,3.34,2.23
2025-01-02 01:00:00,N016,0.0,11.06,8.87,8.29,3.29,2.19
2025-01-02 01:00:00,N017,0.0,8.12,5.8,8.48,3.48,2.32
2025-01-02 01:00:00,N018,0.0,9.71,8.21,7.25,2.25,1.5
2025-01-02 01:00:00,N019,0.0,9.57,9.08,5.73,0.73,0.49
2025-01-02 01:00:00,N020,0.0,12.98,11.14,7.76,2.76,1.84
2025-01-02 02:00:00,N001,0.0,8.77,5.86,9.37,4.37,2.91
2025-01-02 02:00:00,N002,0.0,9.4,8.92,5.72,0.72,0.48
2025-01-02 02:00:00,N003,0.0,10.87,9.1,7.66,2.66,1.77
2025-01-02 02:00:00,N004,0.0,12.38,9.63,9.12,4.12,2.75
2025-01-02 02:00:00,N005,0.0,7.27,5.63,7.46,2.46,1.64
2025-01-02 02:00:00,N006,0.0,9.55,8.31,6.86,1.86,1.24
2025-01-02 02:00:00,N007,0.0,8.85,6.44,8.62,3.62,2.41
2025-01-02 02:00:00,N008,0.0,5.0,3.46,7.31,2.31,1.54
2025-01-02 02:00:00,N009,0.0,7.04,5.09,7.92,2.92,1.95
2025-01-02 02:00:00,N010,0.0,10.37,9.23,6.71,1.71,1.14
2025-01-02 02:00:00,N011,0.0,9.97,8.12,7.78,2.78,1.85
2025-01-02 02:00:00,N012,0.0,11.16,10.08,6.62,1.62,1.08
2025-01-02 02:00:00,N013,0.0,9.95,7.44,8.76,3.76,2.51
2025-01-02 02:00:00,N014,0.0,8.13,6.45,7.52,2.52,1.68
2025-01-02 02:00:00,N015,0.0,7.26,6.43,6.24,1.24,0.83
2025-01-02 02:00:00,N016,0.0,6.77,6.34,5.65,0.65,0.43
2025-01-02 02:00:00,N017,0.0,8.66,6.77,7.83,2.83,1.89
2025-01-02 02:00:00,N018,0.0,12.08,10.9,6.77,1.77,1.18
2025-01-02 02:00:00,N019,0.0,14.31,13.14,6.75,1.75,1.17
2025-01-02 02:00:00,N020,0.0,8.79,7.33,7.19,2.19,1.46
2025-01-02 03:00:00,N001,0.0,10.06,8.76,6.95,1.95,1.3
2025-01-02 03:00:00,N002,0.0,8.49,7.25,6.86,1.86,1.24
2025-01-02 03:00:00,N003,0.0,9.27,6.06,9.81,4.81,3.21
2025-01-02 03:00:00,N004,0.0,10.37,9.03,7.01,2.01,1.34
2025-01-02 03:00:00,N005,0.0,7.31,6.45,6.29,1.29,0.86
2025-01-02 03:00:00,N006,0.0,8.06,5.69,8.56,3.56,2.37
2025-01-02 03:00:00,N007,0.0,12.37,8.12,11.38,6.38,4.25
2025-01-02 03:00:00,N008,0.0,11.44,10.76,6.02,1.02,0.68
2025-01-02 03:00:00,N009,0.0,11.99,9.17,9.23,4.23,2.82
2025-01-02 03:00:00,N010,0.0,8.49,5.83,8.99,3.99,2.66
2025-01-02 03:00:00,N011,0.0,12.66,10.24,8.63,3.63,2.42
2025-01-02 03:00:00,N012,0.0,11.11,10.45,5.99,0.99,0.66
2025-01-02 03:00:00,N013,0.0,8.71,7.23,7.22,2.22,1.48
2025-01-02 03:00:00,N014,0.0,11.86,10.37,7.23,2.23,1.49
2025-01-02 03:00:00,N015,0.0,11.08,8.33,9.12,4.12,2.75
2025-01-02 03:00:00,N016,0.0,12.15,8.72,10.15,5.15,3.43
2025-01-02 03:00:00,N017,0.0,7.91,6.6,6.97,1.97,1.31
2025-01-02 03:00:00,N018,0.0,6.07,4.38,7.54,2.54,1.69
2025-01-02 03:00:00,N019,0.0,9.56,8.07,7.23,2.23,1.49
2025-01-02 03:00:00,N020,0.0,9.45,8.46,6.48,1.48,0.99
2025-01-02 04:00:00,N001,0.0,9.67,7.62,8.07,3.07,2.05
2025-01-02 04:00:00,N002,0.0,10.57,9.18,7.08,2.08,1.39
2025-01-02 04:00:00,N003,0.0,11.33,9.22,8.17,3.17,2.11
2025-01-02 04:00:00,N004,0.0,12.35,11.5,6.27,1.27,0.85
2025-01-02 04:00:00,N005,0.0,10.8,7.71,9.63,4.63,3.09
2025-01-02 04:00:00,N006,0.0,8.7,7.85,6.27,1.27,0.85
2025-01-02 04:00:00,N007,0.0,10.62,8.52,8.15,3.15,2.1
2025-01-02 04:00:00,N008,0.0,13.4,10.98,8.63,3.63,2.42
2025-01-02 04:00:00,N009,0.0,11.51,10.11,7.1,2.1,1.4
2025-01-02 04:00:00,N010,0.0,10.76,8.48,8.42,3.42,2.28
2025-01-02 04:00:00,N011,0.0,9.58,6.81,9.16,4.16,2.77
2025-01-02 04:00:00,N012,0.0,8.3,7.22,6.62,1.62,1.08
2025-01-02 04:00:00,N013,0.0,7.61,6.74,6.3,1.3,0.87
2025-01-02 04:00:00,N014,0.0,10.89,7.1,10.69,5.69,3.79
2025-01-02 04:00:00,N015,0.0,8.43,6.41,8.03,3.03,2.02
2025-01-02 04:00:00,N016,0.0,11.3,7.85,10.18,5.18,3.45
2025-01-02 04:00:00,N017,0.0,11.44,8.7,9.11,4.11,2.74
2025-01-02 04:00:00,N018,0.0,9.25,8.02,6.84,1.84,1.23
2025-01-02 04:00:00,N019,0.0,10.45,8.09,8.54,3.54,2.36
2025-01-02 04:00:00,N020,0.0,11.87,7.73,11.21,6.21,4.14
2025-01-02 05:00:00,N001,0.0,6.95,4.71,8.36,3.36,2.24
2025-01-02 05:00:00,N002,0.0,12.53,9.95,8.87,3.87,2.58
2025-01-02 05:00:00,N003,0.0,8.87,7.26,7.42,2.42,1.61
2025-01-02 05:00:00,N004,0.0,10.37,8.62,7.62,2.62,1.75
2025-01-02 05:00:00,N005,0.0,12.05,10.82,6.84,1.84,1.23
2025-01-02 05:00:00,N006,0.0,11.19,7.53,10.49,5.49,3.66
2025-01-02 05:00:00,N007,0.0,9.66,8.33,7.0,2.0,1.33
2025-01-02 05:00:00,N008,0.0,9.09,7.32,7.66,2.66,1.77
2025-01-02 05:00:00,N009,0.0,7.72,6.02,7.55,2.55,1.7
2025-01-02 05:00:00,N010,0.0,9.61,6.88,9.09,4.09,2.73
2025-01-02 05:00:00,N011,0.0,13.03,12.12,6.36,1.36,0.91
2025-01-02 05:00:00,N012,0.0,11.26,8.74,8.78,3.78,2.52
2025-01-02 05:00:00,N013,0.0,12.44,9.62,9.23,4.23,2.82
2025-01-02 05:00:00,N014,0.0,11.16,8.54,8.93,3.93,2.62
2025-01-02 05:00:00,N015,0.0,13.77,10.45,9.98,4.98,3.32
2025-01-02 05:00:00,N016,0.0,13.09,8.61,11.72,6.72,4.48
2025-01-02 05:00:00,N017,0.0,10.28,9.58,6.05,1.05,0.7
2025-01-02 05:00:00,N018,0.0,6.46,5.03,7.15,2.15,1.43
2025-01-02 05:00:00,N019,0.0,11.03,8.77,8.39,3.39,2.26
2025-01-02 05:00:00,N020,0.0,8.93,6.02,9.37,4.37,2.91
2025-01-02 06:00:00,N001,0.0,9.94,8.64,6.95,1.95,1.3
2025-01-02 06:00:00,N002,0.0,13.54,9.45,11.13,6.13,4.09
2025-01-02 06:00:00,N003,0.0,8.0,6.78,6.83,1.83,1.22
2025-01-02 06:00:00,N004,0.0,10.6,7.11,10.24,5.24,3.49
2025-01-02 06:00:00,N005,0.0,9.8,7.1,9.05,4.05,2.7
2025-01-02 06:00:00,N006,0.0,9.59,6.95,8.96,3.96,2.64
2025-01-02 06:00:00,N007,0.0,11.83,10.45,7.07,2.07,1.38
2025-01-02 06:00:00,N008,0.0,8.39,6.68,7.56,2.56,1.71
2025-01-02 06:00:00,N009,0.0,5.15,4.74,5.61,0.61,0.41
2025-01-02 06:00:00,N010,0.0,11.77,9.99,7.67,2.67,1.78
2025-01-02 06:00:00,N011,0.0,10.13,6.74,10.08,5.08,3.39
2025-01-02 06:00:00,N012,0.0,11.03,8.03,9.5,4.5,3.0
2025-01-02 06:00:00,N013,0.0,11.59,9.5,8.13,3.13,2.09
2025-01-02 06:00:00,N014,0.0,7.49,7.05,5.66,0.66,0.44
2025-01-02 06:00:00,N015,0.0,6.77,4.71,8.09,3.09,2.06
2025-01-02 06:00:00,N016,0.0,12.33,8.94,10.08,5.08,3.39
2025-01-02 06:00:00,N017,0.0,10.4,7.12,9.92,4.92,3.28
2025-01-02 06:00:00,N018,0.0,12.3,10.66,7.46,2.46,1.64
2025-01-02 06:00:00,N019,0.0,10.35,6.98,10.05,5.05,3.37
2025-01-02 06:00:00,N020,0.0,9.27,7.37,7.85,2.85,1.9
2025-01-02 07:00:00,N001,0.0,10.87,8.41,8.69,3.69,2.46
2025-01-02 07:00:00,N002,0.0,11.81,9.61,8.3,3.3,2.2
2025-01-02 07:00:00,N003,0.0,10.04,7.91,8.19,3.19,2.13
2025-01-02 07:00:00,N004,0.0,8.54,7.57,6.46,1.46,0.97
2025-01-02 07:00:00,N005,0.0,8.71,6.52,8.29,3.29,2.19
2025-01-02 07:00:00,N006,0.0,8.4,6.77,7.44,2.44,1.63
2025-01-02 07:00:00,N007,0.0,10.65,9.7,6.42,1.42,0.95
2025-01-02 07:00:00,N008,0.0,9.5,7.46,8.06,3.06,2.04
2025-01-02 07:00:00,N009,0.0,11.77,9.41,8.54,3.54,2.36
2025-01-02 07:00:00,N010,0.0,9.84,8.33,7.27,2.27,1.51
2025-01-02 07:00:00,N011,0.0,9.15,8.59,5.84,0.84,0.56
2025-01-02 07:00:00,N012,0.0,12.3,9.93,8.56,3.56,2.37
2025-01-02 07:00:00,N013,0.0,11.84,9.95,7.83,2.83,1.89
2025-01-02 07:00:00,N014,0.0,8.66,6.66,8.0,3.0,2.0
2025-01-02 07:00:00,N015,0.0,10.14,8.71,7.15,2.15,1.43
2025-01-02 07:00:00,N016,0.0,11.71,8.72,9.49,4.49,2.99
2025-01-02 07:00:00,N017,0.0,9.33,8.57,6.14,1.14,0.76
2025-01-02 07:00:00,N018,0.0,9.19,6.39,9.2,4.2,2.8
2025-01-02 07:00:00,N019,0.0,14.13,12.93,6.8,1.8,1.2
2025-01-02 07:00:00,N020,0.0,7.86,6.3,7.34,2.34,1.56
2025-01-02 08:00:00,N001,0.0,9.84,8.37,7.21,2.21,1.47
2025-01-02 08:00:00,N002,0.0,10.9,7.63,9.91,4.91,3.27
2025-01-02 08:00:00,N003,0.0,9.63,6.3,10.0,5.0,3.33
2025-01-02 08:00:00,N004,0.0,11.97,9.67,8.45,3.45,2.3
2025-01-02 08:00:00,N005,0.0,11.16,9.7,7.19,2.19,1.46
2025-01-02 08:00:00,N006,0.0,10.65,9.66,6.48,1.48,0.99
2025-01-02 08:00:00,N007,0.0,10.34,7.7,8.96,3.96,2.64
2025-01-02 08:00:00,N008,0.0,12.64,11.33,6.97,1.97,1.31
2025-01-02 08:00:00,N009,0.0,5.76,5.18,5.87,0.87,0.58
2025-01-02 08:00:00,N010,0.0,8.78,6.16,8.93,3.93,2.62
2025-01-02 08:00:00,N011,0.0,11.68,8.43,9.88,4.88,3.25
2025-01-02 08:00:00,N012,0.0,11.09,8.37,9.08,4.08,2.72
2025-01-02 08:00:00,N013,0.0,13.23,11.06,8.25,3.25,2.17
2025-01-02 08:00:00,N014,0.0,9.36,8.45,6.36,1.36,0.91
2025-01-02 08:00:00,N015,0.0,10.81,7.44,10.05,5.05,3.37
2025-01-02 08:00:00,N016,0.0,9.95,7.44,8.76,3.76,2.51
2025-01-02 08:00:00,N017,0.0,9.07,8.22,6.27,1.27,0.85
2025-01-02 08:00:00,N018,0.0,10.4,9.37,6.54,1.54,1.03
2025-01-02 08:00:00,N019,0.0,11.74,9.44,8.45,3.45,2.3
2025-01-02 08:00:00,N020,0.0,7.31,5.22,8.13,3.13,2.09
2025-01-02 09:00:00,N001,0.0,11.03,9.7,7.0,2.0,1.33
2025-01-02 09:00:00,N002,0.0,10.36,8.8,7.34,2.34,1.56
2025-01-02 09:00:00,N003,0.0,10.82,8.85,7.96,2.96,1.97
2025-01-02 09:00:00,N004,0.0,9.52,7.46,8.09,3.09,2.06
2025-01-02 09:00:00,N005,0.0,12.21,9.33,9.32,4.32,2.88
2025-01-02 09:00:00,N006,0.0,9.76,6.67,9.63,4.63,3.09
2025-01-02 09:00:00,N007,0.0,8.93,8.26,6.01,1.01,0.67
2025-01-02 09:00:00,N008,0.0,9.82,8.91,6.36,1.36,0.91
2025-01-02 09:00:00,N009,0.0,11.03,9.83,6.8,1.8,1.2
2025-01-02 09:00:00,N010,0.0,9.48,8.9,5.87,0.87,0.58
2025-01-02 09:00:00,N011,0.0,8.13,5.97,8.24,3.24,2.16
2025-01-02 09:00:00,N012,0.0,12.17,8.32,10.78,5.78,3.85
2025-01-02 09:00:00,N013,0.0,10.73,7.75,9.47,4.47,2.98
2025-01-02 09:00:00,N014,0.0,13.68,10.82,9.29,4.29,2.86
2025-01-02 09:00:00,N015,0.0,11.6,8.58,9.53,4.53,3.02
2025-01-02 09:00:00,N016,0.0,6.77,4.5,8.41,3.41,2.27
2025-01-02 09:00:00,N017,0.0,11.9,8.4,10.25,5.25,3.5
2025-01-02 09:00:00,N018,0.0,13.42,9.69,10.59,5.59,3.73
2025-01-02 09:00:00,N019,0.0,10.14,9.12,6.53,1.53,1.02
2025-01-02 09:00:00,N020,0.0,12.32,8.43,10.83,5.83,3.89
2025-01-02 10:00:00,N001,0.0,11.95,9.82,8.19,3.19,2.13
2025-01-02 10:00:00,N002,0.0,11.0,8.57,8.65,3.65,2.43
2025-01-02 10:00:00,N003,0.0,8.69,7.22,7.21,2.21,1.47
2025-01-02 10:00:00,N004,0.0,6.34,4.96,7.07,2.07,1.38
2025-01-02 10:00:00,N005,0.0,13.22,11.38,7.76,2.76,1.84
2025-01-02 10:00:00,N006,0.0,12.63,10.15,8.72,3.72,2.48
2025-01-02 10:00:00,N007,0.0,9.51,8.04,7.21,2.21,1.47
2025-01-02 10:00:00,N008,0.0,8.31,6.9,7.11,2.11,1.41
2025-01-02 10:00:00,N009,0.0,10.09,6.77,9.98,4.98,3.32
2025-01-02 10:00:00,N010,0.0,13.39,10.16,9.84,4.84,3.23
2025-01-02 10:00:00,N011,0.0,8.78,6.44,8.51,3.51,2.34
2025-01-02 10:00:00,N012,0.0,9.93,7.44,8.74,3.74,2.49
2025-01-02 10:00:00,N013,0.0,7.19,5.28,7.86,2.86,1.91
2025-01-02 10:00:00,N014,0.0,9.83,7.91,7.88,2.88,1.92
2025-01-02 10:00:00,N015,0.0,9.38,7.71,7.5,2.5,1.67
2025-01-02 10:00:00,N016,0.0,8.5,6.27,8.34,3.34,2.23
2025-01-02 10:00:00,N017,0.0,9.68,8.08,7.4,2.4,1.6
2025-01-02 10:00:00,N018,0.0,11.34,8.55,9.19,4.19,2.79
2025-01-02 10:00:00,N019,0.0,12.15,10.46,7.54,2.54,1.69
2025-01-02 10:00:00,N020,0.0,10.04,6.92,9.68,4.68,3.12
2025-01-02 11:00:00,N001,0.0,8.58,6.63,7.92,2.92,1.95
2025-01-02 11:00:00,N002,0.0,6.97,6.02,6.42,1.42,0.95
2025-01-02 11:00:00,N003,0.0,6.84,6.41,5.65,0.65,0.43
2025-01-02 11:00:00,N004,0.0,11.79,7.67,11.18,6.18,4.12
2025-01-02 11:00:00,N005,0.0,9.03,6.03,9.5,4.5,3.0
2025-01-02 11:00:00,N006,0.0,10.29,8.81,7.22,2.22,1.48
2025-01-02 11:00:00,N007,0.0,9.46,7.2,8.39,3.39,2.26
2025-01-02 11:00:00,N008,0.0,8.22,6.38,7.76,2.76,1.84
2025-01-02 11:00:00,N009,0.0,9.74,7.37,8.56,3.56,2.37
2025-01-02 11:00:00,N010,0.0,10.15,8.63,7.28,2.28,1.52
2025-01-02 11:00:00,N011,0.0,7.82,5.11,9.06,4.06,2.71
2025-01-02 11:00:00,N012,0.0,12.82,11.85,6.46,1.46,0.97
2025-01-02 11:00:00,N013,0.0,11.91,8.17,10.61,5.61,3.74
2025-01-02 11:00:00,N014,0.0,10.57,7.08,10.24,5.24,3.49
2025-01-02 11:00:00,N015,0.0,7.71,5.99,7.58,2.58,1.72
2025-01-02 11:00:00,N016,0.0,10.22,8.13,8.13,3.13,2.09
2025-01-02 11:00:00,N017,0.0,8.9,7.28,7.43,2.43,1.62
2025-01-02 11:00:00,N018,0.0,10.19,8.85,7.01,2.01,1.34
2025-01-02 11:00:00,N019,0.0,11.94,9.3,8.96,3.96,2.64
2025-01-02 11:00:00,N020,0.0,10.85,7.95,9.35,4.35,2.9
2025-01-02 12:00:00,N001,0.0,12.0,10.67,7.0,2.0,1.33
2025-01-02 12:00:00,N002,0.0,8.66,7.86,6.2,1.2,0.8
2025-01-02 12:00:00,N003,0.0,9.73,8.02,7.56,2.56,1.71
2025-01-02 12:00:00,N004,0.0,11.62,9.65,7.96,2.96,1.97
2025-01-02 12:00:00,N005,0.0,12.07,8.45,10.43,5.43,3.62
2025-01-02 12:00:00,N006,0.0,12.25,8.49,10.64,5.64,3.76
2025-01-02 12:00:00,N007,0.0,9.38,6.17,9.81,4.81,3.21
2025-01-02 12:00:00,N008,0.0,11.56,9.72,7.76,2.76,1.84
2025-01-02 12:00:00,N009,0.0,8.88,6.6,8.42,3.42,2.28
2025-01-02 12:00:00,N010,0.0,9.58,7.97,7.42,2.42,1.61
2025-01-02 12:00:00,N011,0.0,7.53,5.92,7.42,2.42,1.61
2025-01-02 12:00:00,N012,0.0,8.82,6.1,9.08,4.08,2.72
2025-01-02 12:00:00,N013,0.0,9.05,8.5,5.83,0.83,0.55
2025-01-02 12:00:00,N014,0.0,9.97,6.6,10.05,5.05,3.37
2025-01-02 12:00:00,N015,0.0,9.82,6.45,10.05,5.05,3.37
2025-01-02 12:00:00,N016,0.0,9.26,7.29,7.96,2.96,1.97
2025-01-02 12:00:00,N017,0.0,11.12,10.42,6.05,1.05,0.7
2025-01-02 12:00:00,N018,0.0,9.41,8.62,6.19,1.19,0.79
2025-01-02 12:00:00,N019,0.0,12.35,9.1,9.88,4.88,3.25
2025-01-02 12:00:00,N020,0.0,10.74,8.24,8.75,3.75,2.5
2025-01-02 13:00:00,N001,0.0,6.86,4.78,8.12,3.12,2.08
2025-01-02 13:00:00,N002,0.0,7.75,6.3,7.17,2.17,1.45
2025-01-02 13:00:00,N003,0.0,11.28,8.36,9.38,4.38,2.92
2025-01-02 13:00:00,N004,0.0,11.0,7.79,9.81,4.81,3.21
2025-01-02 13:00:00,N005,0.0,9.66,9.08,5.87,0.87,0.58
2025-01-02 13:00:00,N006,0.0,9.06,6.83,8.34,3.34,2.23
2025-01-02 13:00:00,N007,0.0,7.85,6.58,6.91,1.91,1.27
2025-01-02 13:00:00,N008,0.0,10.48,8.08,8.6,3.6,2.4
2025-01-02 13:00:00,N009,0.0,12.2,8.67,10.29,5.29,3.53
2025-01-02 13:00:00,N010,0.0,13.92,9.21,12.06,7.06,4.71
2025-01-02 13:00:00,N011,0.0,15.29,14.36,6.4,1.4,0.93
2025-01-02 13:00:00,N012,0.0,6.99,6.06,6.4,1.4,0.93
2025-01-02 13:00:00,N013,0.0,12.17,10.8,7.06,2.06,1.37
2025-01-02 13:00:00,N014,0.0,10.2,9.06,6.71,1.71,1.14
2025-01-02 13:00:00,N015,0.0,11.24,7.81,10.15,5.15,3.43
2025-01-02 13:00:00,N016,0.0,9.26,8.74,5.78,0.78,0.52
2025-01-02 13:00:00,N017,0.0,12.25,9.34,9.37,4.37,2.91
2025-01-02 13:00:00,N018,0.0,9.9,7.04,9.29,4.29,2.86
2025-01-02 13:00:00,N019,0.0,8.81,7.03,7.67,2.67,1.78
2025-01-02 13:00:00,N020,0.0,12.75,11.6,6.72,1.72,1.15
2025-01-02 14:00:00,N001,0.0,9.89,8.7,6.78,1.78,1.19
2025-01-02 14:00:00,N002,0.0,10.57,9.9,6.01,1.01,0.67
2025-01-02 14:00:00,N003,0.0,9.61,7.51,8.15,3.15,2.1
2025-01-02 14:00:00,N004,0.0,9.7,8.9,6.2,1.2,0.8
2025-01-02 14:00:00,N005,0.0,11.19,10.38,6.22,1.22,0.81
2025-01-02 14:00:00,N006,0.0,5.0,3.97,6.54,1.54,1.03
2025-01-02 14:00:00,N007,0.0,12.25,8.46,10.69,5.69,3.79
2025-01-02 14:00:00,N008,0.0,11.9,9.02,9.32,4.32,2.88
2025-01-02 14:00:00,N009,0.0,8.75,8.2,5.83,0.83,0.55
2025-01-02 14:00:00,N010,0.0,11.72,11.13,5.89,0.89,0.59
2025-01-02 14:00:00,N011,0.0,11.91,7.79,11.18,6.18,4.12
2025-01-02 14:00:00,N012,0.0,11.03,9.93,6.65,1.65,1.1
2025-01-02 14:00:00,N013,0.0,8.72,7.68,6.56,1.56,1.04
2025-01-02 14:00:00,N014,0.0,10.86,9.56,6.95,1.95,1.3
2025-01-02 14:00:00,N015,0.0,10.7,8.52,8.27,3.27,2.18
2025-01-02 14:00:00,N016,0.0,12.14,9.38,9.14,4.14,2.76
2025-01-02 14:00:00,N017,0.0,8.65,5.91,9.11,4.11,2.74
2025-01-02 14:00:00,N018,0.0,9.71,9.07,5.96,0.96,0.64
2025-01-02 14:00:00,N019,0.0,6.21,4.97,6.86,1.86,1.24
2025-01-02 14:00:00,N020,0.0,10.43,8.99,7.16,2.16,1.44
2025-01-02 15:00:00,N001,0.0,6.78,4.98,7.7,2.7,1.8
2025-01-02 15:00:00,N002,0.0,8.47,7.87,5.9,0.9,0.6
2025-01-02 15:00:00,N003,0.0,11.66,9.25,8.62,3.62,2.41
2025-01-02 15:00:00,N004,0.0,9.61,8.09,7.28,2.28,1.52
2025-01-02 15:00:00,N005,0.0,10.12,8.54,7.37,2.37,1.58
2025-01-02 15:00:00,N006,0.0,10.55,9.67,6.32,1.32,0.88
2025-01-02 15:00:00,N007,0.0,5.0,4.19,6.22,1.22,0.81
2025-01-02 15:00:00,N008,0.0,10.37,8.86,7.27,2.27,1.51
2025-01-02 15:00:00,N009,0.0,11.61,10.35,6.89,1.89,1.26
2025-01-02 15:00:00,N010,0.0,8.05,6.49,7.34,2.34,1.56
2025-01-02 15:00:00,N011,0.0,10.78,8.61,8.25,3.25,2.17
2025-01-02 15:00:00,N012,0.0,8.98,6.2,9.17,4.17,2.78
2025-01-02 15:00:00,N013,0.0,8.95,6.67,8.42,3.42,2.28
2025-01-02 15:00:00,N014,0.0,10.3,8.27,8.04,3.04,2.03
2025-01-02 15:00:00,N015,0.0,9.34,6.08,9.89,4.89,3.26
2025-01-02 15:00:00,N016,0.0,10.31,8.99,6.98,1.98,1.32
2025-01-02 15:00:00,N017,0.0,8.68,6.35,8.5,3.5,2.33
2025-01-02 15:00:00,N018,0.0,9.39,6.99,8.6,3.6,2.4
2025-01-02 15:00:00,N019,0.0,10.53,9.72,6.22,1.22,0.81
2025-01-02 15:00:00,N020,0.0,10.39,9.76,5.95,0.95,0.63
2025-01-02 16:00:00,N001,0.0,10.53,8.07,8.69,3.69,2.46
2025-01-02 16:00:00,N002,0.0,8.83,7.6,6.84,1.84,1.23
2025-01-02 16:00:00,N003,0.0,11.93,10.48,7.17,2.17,1.45
2025-01-02 16:00:00,N004,0.0,12.47,10.73,7.61,2.61,1.74
2025-01-02 16:00:00,N005,0.0,8.76,7.39,7.06,2.06,1.37
2025-01-02 16:00:00,N006,0.0,9.37,7.1,8.41,3.41,2.27
2025-01-02 16:00:00,N007,0.0,10.0,7.87,8.19,3.19,2.13
2025-01-02 16:00:00,N008,0.0,11.2,8.52,9.02,4.02,2.68
2025-01-02 16:00:00,N009,0.0,8.98,6.96,8.03,3.03,2.02
2025-01-02 16:00:00,N010,0.0,9.7,8.78,6.38,1.38,0.92
2025-01-02 16:00:00,N011,0.0,11.24,10.27,6.46,1.46,0.97
2025-01-02 16:00:00,N012,0.0,7.72,6.59,6.69,1.69,1.13
2025-01-02 16:00:00,N013,0.0,6.89,5.83,6.59,1.59,1.06
2025-01-02 16:00:00,N014,0.0,11.64,8.67,9.46,4.46,2.97
2025-01-02 16:00:00,N015,0.0,7.62,5.41,8.31,3.31,2.21
2025-01-02 16:00:00,N016,0.0,13.29,9.78,10.26,5.26,3.51
2025-01-02 16:00:00,N017,0.0,8.91,7.17,7.61,2.61,1.74
2025-01-02 16:00:00,N018,0.0,9.67,8.71,6.44,1.44,0.96
2025-01-02 16:00:00,N019,0.0,9.54,7.36,8.27,3.27,2.18
2025-01-02 16:00:00,N020,0.0,8.01,6.64,7.06,2.06,1.37
2025-01-02 17:00:00,N001,0.0,9.96,8.02,7.91,2.91,1.94
2025-01-02 17:00:00,N002,0.0,9.47,7.04,8.65,3.65,2.43
2025-01-02 17:00:00,N003,0.0,11.43,10.78,5.98,0.98,0.65
2025-01-02 17:00:00,N004,0.0,11.44,7.49,10.93,5.93,3.95
2025-01-02 17:00:00,N005,0.0,11.35,8.28,9.6,4.6,3.07
2025-01-02 17:00:00,N006,0.0,11.18,8.25,9.4,4.4,2.93
2025-01-02 17:00:00,N007,0.0,10.2,7.77,8.65,3.65,2.43
2025-01-02 17:00:00,N008,0.0,13.1,9.69,10.12,5.12,3.41
2025-01-02 17:00:00,N009,0.0,10.33,6.79,10.31,5.31,3.54
2025-01-02 17:00:00,N010,0.0,10.1,8.94,6.74,1.74,1.16
2025-01-02 17:00:00,N011,0.0,9.55,7.08,8.71,3.71,2.47
2025-01-02 17:00:00,N012,0.0,12.98,9.33,10.47,5.47,3.65
2025-01-02 17:00:00,N013,0.0,9.79,7.76,8.04,3.04,2.03
2025-01-02 17:00:00,N014,0.0,6.71,6.29,5.63,0.63,0.42
2025-01-02 17:00:00,N015,0.0,10.04,6.75,9.94,4.94,3.29
2025-01-02 17:00:00,N016,0.0,10.46,7.51,9.43,4.43,2.95
2025-01-02 17:00:00,N017,0.0,9.25,8.18,6.6,1.6,1.07
2025-01-02 17:00:00,N018,0.0,9.36,6.5,9.29,4.29,2.86
2025-01-02 17:00:00,N019,0.0,11.0,9.37,7.44,2.44,1.63
2025-01-02 17:00:00,N020,0.0,12.28,9.25,9.54,4.54,3.03
2025-01-02 18:00:00,N001,0.0,9.53,8.74,6.19,1.19,0.79
2025-01-02 18:00:00,N002,0.0,10.93,7.31,10.43,5.43,3.62
2025-01-02 18:00:00,N003,0.0,8.33,7.81,5.78,0.78,0.52
2025-01-02 18:00:00,N004,0.0,14.18,10.25,10.9,5.9,3.93
2025-01-02 18:00:00,N005,0.0,14.05,10.29,10.64,5.64,3.76
2025-01-02 18:00:00,N006,0.0,10.01,7.89,8.18,3.18,2.12
2025-01-02 18:00:00,N007,0.0,5.58,3.9,7.52,2.52,1.68
2025-01-02 18:00:00,N008,0.0,13.07,9.32,10.62,5.62,3.75
2025-01-02 18:00:00,N009,0.0,9.14,6.48,8.99,3.99,2.66
2025-01-02 18:00:00,N010,0.0,11.18,10.6,5.87,0.87,0.58
2025-01-02 18:00:00,N011,0.0,6.8,5.63,6.75,1.75,1.17
2025-01-02 18:00:00,N012,0.0,10.92,9.14,7.67,2.67,1.78
2025-01-02 18:00:00,N013,0.0,10.85,7.58,9.91,4.91,3.27
2025-01-02 18:00:00,N014,0.0,10.04,8.69,7.03,2.03,1.35
2025-01-02 18:00:00,N015,0.0,11.44,7.99,10.18,5.18,3.45
2025-01-02 18:00:00,N016,0.0,7.41,6.53,6.32,1.32,0.88
2025-01-02 18:00:00,N017,0.0,9.37,7.09,8.42,3.42,2.28
2025-01-02 18:00:00,N018,0.0,10.0,7.19,9.21,4.21,2.81
2025-01-02 18:00:00,N019,0.0,7.5,6.78,6.08,1.08,0.72
2025-01-02 18:00:00,N020,0.0,11.21,7.61,10.4,5.4,3.6
2025-01-02 19:00:00,N001,0.0,9.13,7.75,7.07,2.07,1.38
2025-01-02 19:00:00,N002,0.0,9.87,7.27,8.9,3.9,2.6
2025-01-02 19:00:00,N003,0.0,11.49,7.62,10.8,5.8,3.87
2025-01-02 19:00:00,N004,0.0,9.64,7.34,8.45,3.45,2.3
2025-01-02 19:00:00,N005,0.0,12.84,12.01,6.24,1.24,0.83
2025-01-02 19:00:00,N006,0.0,8.8,6.66,8.21,3.21,2.14
2025-01-02 19:00:00,N007,0.0,8.63,6.54,8.13,3.13,2.09
2025-01-02 19:00:00,N008,0.0,11.58,8.36,9.83,4.83,3.22
2025-01-02 19:00:00,N009,0.0,10.03,6.64,10.08,5.08,3.39
2025-01-02 19:00:00,N010,0.0,8.09,5.68,8.62,3.62,2.41
2025-01-02 19:00:00,N011,0.0,9.19,7.58,7.42,2.42,1.61
2025-01-02 19:00:00,N012,0.0,11.37,9.37,8.0,3.0,2.0
2025-01-02 19:00:00,N013,0.0,13.23,10.0,9.84,4.84,3.23
2025-01-02 19:00:00,N014,0.0,10.21,9.54,6.01,1.01,0.67
2025-01-02 19:00:00,N015,0.0,9.62,7.63,7.98,2.98,1.99
2025-01-02 19:00:00,N016,0.0,11.84,8.42,10.13,5.13,3.42
2025-01-02 19:00:00,N017,0.0,7.5,6.8,6.05,1.05,0.7
2025-01-02 19:00:00,N018,0.0,10.73,7.2,10.29,5.29,3.53
2025-01-02 19:00:00,N019,0.0,5.0,4.5,5.75,0.75,0.5
2025-01-02 19:00:00,N020,0.0,10.4,8.92,7.22,2.22,1.48
2025-01-02 20:00:00,N001,0.0,11.36,10.37,6.48,1.48,0.99
2025-01-02 20:00:00,N002,0.0,12.39,9.1,9.94,4.94,3.29
2025-01-02 20:00:00,N003,0.0,8.99,7.91,6.62,1.62,1.08
2025-01-02 20:00:00,N004,0.0,9.84,7.63,8.31,3.31,2.21
2025-01-02 20:00:00,N005,0.0,8.65,6.21,8.66,3.66,2.44
2025-01-02 20:00:00,N006,0.0,10.07,7.46,8.92,3.92,2.61
2025-01-02 20:00:00,N007,0.0,11.36,10.28,6.62,1.62,1.08
2025-01-02 20:00:00,N008,0.0,7.7,5.7,8.0,3.0,2.0
2025-01-02 20:00:00,N009,0.0,12.39,8.73,10.49,5.49,3.66
2025-01-02 20:00:00,N010,0.0,8.04,7.4,5.96,0.96,0.64
2025-01-02 20:00:00,N011,0.0,8.8,7.47,7.0,2.0,1.33
2025-01-02 20:00:00,N012,0.0,12.84,10.44,8.6,3.6,2.4
2025-01-02 20:00:00,N013,0.0,8.34,6.88,7.19,2.19,1.46
2025-01-02 20:00:00,N014,0.0,11.05,7.32,10.59,5.59,3.73
2025-01-02 20:00:00,N015,0.0,11.3,9.77,7.29,2.29,1.53
2025-01-02 20:00:00,N016,0.0,6.99,4.76,8.34,3.34,2.23
2025-01-02 20:00:00,N017,0.0,13.99,13.01,6.47,1.47,0.98
2025-01-02 20:00:00,N018,0.0,16.22,13.94,8.42,3.42,2.28
2025-01-02 20:00:00,N019,0.0,9.36,8.03,7.0,2.0,1.33
2025-01-02 20:00:00,N020,0.0,13.59,12.35,6.86,1.86,1.24
2025-01-02 21:00:00,N001,0.0,11.68,8.8,9.32,4.32,2.88
2025-01-02 21:00:00,N002,0.0,8.77,8.28,5.73,0.73,0.49
2025-01-02 21:00:00,N003,0.0,10.88,8.91,7.96,2.96,1.97
2025-01-02 21:00:00,N004,0.0,11.56,9.24,8.48,3.48,2.32
2025-01-02 21:00:00,N005,0.0,7.82,6.81,6.52,1.52,1.01
2025-01-02 21:00:00,N006,0.0,9.23,6.07,9.74,4.74,3.16
2025-01-02 21:00:00,N007,0.0,6.96,6.23,6.09,1.09,0.73
2025-01-02 21:00:00,N008,0.0,9.29,8.73,5.84,0.84,0.56
2025-01-02 21:00:00,N009,0.0,10.01,9.1,6.36,1.36,0.91
2025-01-02 21:00:00,N010,0.0,8.68,7.73,6.42,1.42,0.95
2025-01-02 21:00:00,N011,0.0,5.69,5.18,5.77,0.77,0.51
2025-01-02 21:00:00,N012,0.0,12.19,9.06,9.7,4.7,3.13
2025-01-02 21:00:00,N013,0.0,11.39,10.13,6.89,1.89,1.26
2025-01-02 21:00:00,N014,0.0,9.22,7.72,7.25,2.25,1.5
2025-01-02 21:00:00,N015,0.0,12.42,8.12,11.45,6.45,4.3
2025-01-02 21:00:00,N016,0.0,10.52,7.0,10.28,5.28,3.52
2025-01-02 21:00:00,N017,0.0,6.45,4.88,7.35,2.35,1.57
2025-01-02 21:00:00,N018,0.0,10.82,8.12,9.05,4.05,2.7
2025-01-02 21:00:00,N019,0.0,8.74,7.74,6.5,1.5,1.0
2025-01-02 21:00:00,N020,0.0,13.07,10.19,9.32,4.32,2.88
2025-01-02 22:00:00,N001,0.0,7.77,5.92,7.78,2.78,1.85
2025-01-02 22:00:00,N002,0.0,12.47,10.51,7.94,2.94,1.96
2025-01-02 22:00:00,N003,0.0,12.23,9.48,9.12,4.12,2.75
2025-01-02 22:00:00,N004,0.0,12.9,8.78,11.18,6.18,4.12
2025-01-02 22:00:00,N005,0.0,8.07,7.62,5.68,0.68,0.45
2025-01-02 22:00:00,N006,0.0,8.09,6.52,7.35,2.35,1.57
2025-01-02 22:00:00,N007,0.0,9.54,8.22,6.98,1.98,1.32
2025-01-02 22:00:00,N008,0.0,8.15,6.14,8.01,3.01,2.01
2025-01-02 22:00:00,N009,0.0,7.01,5.57,7.16,2.16,1.44
2025-01-02 22:00:00,N010,0.0,8.7,6.41,8.44,3.44,2.29
2025-01-02 22:00:00,N011,0.0,10.41,7.01,10.1,5.1,3.4
2025-01-02 22:00:00,N012,0.0,10.14,9.49,5.98,0.98,0.65
2025-01-02 22:00:00,N013,0.0,8.91,7.46,7.17,2.17,1.45
2025-01-02 22:00:00,N014,0.0,9.46,6.91,8.82,3.82,2.55
2025-01-02 22:00:00,N015,0.0,11.62,9.68,7.91,2.91,1.94
2025-01-02 22:00:00,N016,0.0,7.7,5.63,8.1,3.1,2.07
2025-01-02 22:00:00,N017,0.0,12.04,8.21,10.75,5.75,3.83
2025-01-02 22:00:00,N018,0.0,10.54,9.84,6.05,1.05,0.7
2025-01-02 22:00:00,N019,0.0,11.1,9.17,7.9,2.9,1.93
2025-01-02 22:00:00,N020,0.0,10.68,9.12,7.34,2.34,1.56
2025-01-02 23:00:00,N001,0.0,9.54,6.93,8.92,3.92,2.61
2025-01-02 23:00:00,N002,0.0,9.91,9.29,5.93,0.93,0.62
2025-01-02 23:00:00,N003,0.0,12.25,10.43,7.73,2.73,1.82
2025-01-02 23:00:00,N004,0.0,9.33,6.35,9.47,4.47,2.98
2025-01-02 23:00:00,N005,0.0,9.95,8.7,6.88,1.88,1.25
2025-01-02 23:00:00,N006,0.0,9.65,7.53,8.18,3.18,2.12
2025-01-02 23:00:00,N007,0.0,9.13,5.96,9.75,4.75,3.17
2025-01-02 23:00:00,N008,0.0,6.79,5.66,6.69,1.69,1.13
2025-01-02 23:00:00,N009,0.0,7.42,5.03,8.58,3.58,2.39
2025-01-02 23:00:00,N010,0.0,11.38,10.39,6.48,1.48,0.99
2025-01-02 23:00:00,N011,0.0,8.43,6.11,8.48,3.48,2.32
2025-01-02 23:00:00,N012,0.0,8.62,6.79,7.75,2.75,1.83
2025-01-02 23:00:00,N013,0.0,11.36,7.66,10.55,5.55,3.7
2025-01-02 23:00:00,N014,0.0,12.97,11.69,6.92,1.92,1.28
2025-01-02 23:00:00,N015,0.0,11.0,8.95,8.07,3.07,2.05
2025-01-02 23:00:00,N016,0.0,10.94,9.14,7.7,2.7,1.8
2025-01-02 23:00:00,N017,0.0,11.74,7.87,10.8,5.8,3.87
2025-01-02 23:00:00,N018,0.0,11.77,10.9,6.3,1.3,0.87
2025-01-02 23:00:00,N019,0.0,12.15,9.24,9.37,4.37,2.91
2025-01-02 23:00:00,N020,0.0,14.73,12.52,8.31,3.31,2.21
2025-01-03 00:00:00,N001,0.0,9.54,6.91,8.94,3.94,2.63
2025-01-03 00:00:00,N002,0.0,12.91,10.05,9.29,4.29,2.86
2025-01-03 00:00:00,N003,0.0,13.99,9.36,11.95,6.95,4.63
2025-01-03 00:00:00,N004,0.0,8.47,6.25,8.33,3.33,2.22
2025-01-03 00:00:00,N005,0.0,9.23,7.39,7.76,2.76,1.84
2025-01-03 00:00:00,N006,0.0,9.91,7.9,8.01,3.01,2.01
2025-01-03 00:00:00,N007,0.0,9.01,6.56,8.68,3.68,2.45
2025-01-03 00:00:00,N008,0.0,12.89,9.0,10.83,5.83,3.89
2025-01-03 00:00:00,N009,0.0,11.58,9.91,7.5,2.5,1.67
2025-01-03 00:00:00,N010,0.0,10.68,7.87,9.21,4.21,2.81
2025-01-03 00:00:00,N011,0.0,7.83,6.35,7.22,2.22,1.48
2025-01-03 00:00:00,N012,0.0,8.35,6.31,8.06,3.06,2.04
2025-01-03 00:00:00,N013,0.0,10.96,10.13,6.24,1.24,0.83
2025-01-03 00:00:00,N014,0.0,11.09,8.3,9.19,4.19,2.79
2025-01-03 00:00:00,N015,0.0,10.17,9.28,6.33,1.33,0.89
2025-01-03 00:00:00,N016,0.0,5.56,4.27,6.94,1.94,1.29
2025-01-03 00:00:00,N017,0.0,10.35,9.39,6.44,1.44,0.96
2025-01-03 00:00:00,N018,0.0,15.97,14.39,7.37,2.37,1.58
2025-01-03 00:00:00,N019,0.0,10.84,9.03,7.71,2.71,1.81
2025-01-03 00:00:00,N020,0.0,11.21,9.55,7.49,2.49,1.66
2025-01-03 01:00:00,N001,0.0,11.11,7.61,10.25,5.25,3.5
2025-01-03 01:00:00,N002,0.0,8.16,5.31,9.28,4.28,2.85
2025-01-03 01:00:00,N003,0.0,11.95,8.35,10.4,5.4,3.6
2025-01-03 01:00:00,N004,0.0,11.84,7.76,11.12,6.12,4.08
2025-01-03 01:00:00,N005,0.0,8.58,6.15,8.65,3.65,2.43
2025-01-03 01:00:00,N006,0.0,7.48,6.23,6.88,1.88,1.25
2025-01-03 01:00:00,N007,0.0,7.24,6.79,5.68,0.68,0.45
2025-01-03 01:00:00,N008,0.0,8.87,7.25,7.43,2.43,1.62
2025-01-03 01:00:00,N009,0.0,6.83,5.87,6.44,1.44,0.96
2025-01-03 01:00:00,N010,0.0,6.24,4.38,7.79,2.79,1.86
2025-01-03 01:00:00,N011,0.0,5.0,4.2,6.2,1.2,0.8
2025-01-03 01:00:00,N012,0.0,10.01,6.85,9.74,4.74,3.16
2025-01-03 01:00:00,N013,0.0,8.15,5.65,8.75,3.75,2.5
2025-01-03 01:00:00,N014,0.0,10.51,7.48,9.54,4.54,3.03
2025-01-03 01:00:00,N015,0.0,11.72,9.4,8.48,3.48,2.32
2025-01-03 01:00:00,N016,0.0,9.53,6.25,9.92,4.92,3.28
2025-01-03 01:00:00,N017,0.0,15.24,13.05,8.29,3.29,2.19
2025-01-03 01:00:00,N018,0.0,7.78,5.08,9.05,4.05,2.7
2025-01-03 01:00:00,N019,0.0,10.56,9.47,6.64,1.64,1.09
2025-01-03 01:00:00,N020,0.0,13.52,10.76,9.14,4.14,2.76
2025-01-03 02:00:00,N001,0.0,12.19,8.59,10.4,5.4,3.6
2025-01-03 02:00:00,N002,0.0,8.75,8.0,6.12,1.12,0.75
2025-01-03 02:00:00,N003,0.0,8.4,7.48,6.38,1.38,0.92
2025-01-03 02:00:00,N004,0.0,9.87,7.02,9.28,4.28,2.85
2025-01-03 02:00:00,N005,0.0,11.7,7.84,10.79,5.79,3.86
2025-01-03 02:00:00,N006,0.0,5.51,3.7,7.71,2.71,1.81
2025-01-03 02:00:00,N007,0.0,12.4,11.77,5.95,0.95,0.63
2025-01-03 02:00:00,N008,0.0,9.02,6.73,8.44,3.44,2.29
2025-01-03 02:00:00,N009,0.0,8.73,5.85,9.32,4.32,2.88
2025-01-03 02:00:00,N010,0.0,7.62,6.01,7.42,2.42,1.61
2025-01-03 02:00:00,N011,0.0,11.79,7.69,11.15,6.15,4.1
2025-01-03 02:00:00,N012,0.0,12.55,10.65,7.85,2.85,1.9
2025-01-03 02:00:00,N013,0.0,9.6,8.47,6.69,1.69,1.13
2025-01-03 02:00:00,N014,0.0,9.99,6.69,9.95,4.95,3.3
2025-01-03 02:00:00,N015,0.0,10.91,9.55,7.04,2.04,1.36
2025-01-03 02:00:00,N016,0.0,12.91,10.4,8.76,3.76,2.51
2025-01-03 02:00:00,N017,0.0,10.82,9.44,7.07,2.07,1.38
2025-01-03 02:00:00,N018,0.0,8.28,5.87,8.62,3.62,2.41
2025-01-03 02:00:00,N019,0.0,10.59,9.29,6.95,1.95,1.3
2025-01-03 02:00:00,N020,0.0,10.93,9.25,7.52,2.52,1.68
2025-01-03 03:00:00,N001,0.0,10.38,7.23,9.72,4.72,3.15
2025-01-03 03:00:00,N002,0.0,11.88,10.28,7.4,2.4,1.6
2025-01-03 03:00:00,N003,0.0,8.3,6.0,8.45,3.45,2.3
2025-01-03 03:00:00,N004,0.0,8.7,6.76,7.91,2.91,1.94
2025-01-03 03:00:00,N005,0.0,10.03,6.75,9.92,4.92,3.28
2025-01-03 03:00:00,N006,0.0,11.8,9.03,9.16,4.16,2.77
2025-01-03 03:00:00,N007,0.0,11.02,8.06,9.44,4.44,2.96
2025-01-03 03:00:00,N008,0.0,12.06,8.79,9.91,4.91,3.27
2025-01-03 03:00:00,N009,0.0,10.34,7.56,9.17,4.17,2.78
2025-01-03 03:00:00,N010,0.0,11.11,9.54,7.35,2.35,1.57
2025-01-03 03:00:00,N011,0.0,10.93,9.28,7.47,2.47,1.65
2025-01-03 03:00:00,N012,0.0,7.27,6.42,6.27,1.27,0.85
2025-01-03 03:00:00,N013,0.0,8.61,7.4,6.81,1.81,1.21
2025-01-03 03:00:00,N014,0.0,11.16,8.7,8.69,3.69,2.46
2025-01-03 03:00:00,N015,0.0,10.7,9.1,7.4,2.4,1.6
2025-01-03 03:00:00,N016,0.0,6.87,6.32,5.83,0.83,0.55
2025-01-03 03:00:00,N017,0.0,9.34,8.86,5.72,0.72,0.48
2025-01-03 03:00:00,N018,0.0,11.46,10.35,6.67,1.67,1.11
2025-01-03 03:00:00,N019,0.0,10.94,7.42,10.28,5.28,3.52
2025-01-03 03:00:00,N020,0.0,6.93,5.18,7.62,2.62,1.75
2025-01-03 04:00:00,N001,0.0,11.51,10.93,5.87,0.87,0.58
2025-01-03 04:00:00,N002,0.0,11.22,7.43,10.69,5.69,3.79
2025-01-03 04:00:00,N003,0.0,7.97,6.04,7.9,2.9,1.93
2025-01-03 04:00:00,N004,0.0,9.51,7.8,7.56,2.56,1.71
2025-01-03 04:00:00,N005,0.0,12.16,7.96,11.3,6.3,4.2
2025-01-03 04:00:00,N006,0.0,7.38,6.18,6.8,1.8,1.2
2025-01-03 04:00:00,N007,0.0,10.77,9.02,7.62,2.62,1.75
2025-01-03 04:00:00,N008,0.0,12.18,10.06,8.18,3.18,2.12
2025-01-03 04:00:00,N009,0.0,10.29,8.05,8.36,3.36,2.24
2025-01-03 04:00:00,N010,0.0,10.05,7.71,8.51,3.51,2.34
2025-01-03 04:00:00,N011,0.0,11.0,10.22,6.17,1.17,0.78
2025-01-03 04:00:00,N012,0.0,7.2,5.82,7.07,2.07,1.38
2025-01-03 04:00:00,N013,0.0,11.25,7.49,10.64,5.64,3.76
2025-01-03 04:00:00,N014,0.0,11.77,10.03,7.61,2.61,1.74
2025-01-03 04:00:00,N015,0.0,7.88,5.52,8.54,3.54,2.36
2025-01-03 04:00:00,N016,0.0,12.96,11.11,7.78,2.78,1.85
2025-01-03 04:00:00,N017,0.0,12.02,8.38,10.46,5.46,3.64
2025-01-03 04:00:00,N018,0.0,12.68,10.52,8.24,3.24,2.16
2025-01-03 04:00:00,N019,0.0,11.13,9.46,7.5,2.5,1.67
2025-01-03 04:00:00,N020,0.0,8.24,5.78,8.69,3.69,2.46
2025-01-03 05:00:00,N001,0.0,13.11,11.68,7.15,2.15,1.43
2025-01-03 05:00:00,N002,0.0,11.71,9.49,8.33,3.33,2.22
2025-01-03 05:00:00,N003,0.0,5.0,4.11,6.33,1.33,0.89
2025-01-03 05:00:00,N004,0.0,9.41,8.72,6.03,1.03,0.69
2025-01-03 05:00:00,N005,0.0,13.51,8.99,11.78,6.78,4.52
2025-01-03 05:00:00,N006,0.0,13.15,10.22,9.4,4.4,2.93
2025-01-03 05:00:00,N007,0.0,10.39,9.51,6.32,1.32,0.88
2025-01-03 05:00:00,N008,0.0,8.48,6.05,8.65,3.65,2.43
2025-01-03 05:00:00,N009,0.0,11.26,10.03,6.84,1.84,1.23
2025-01-03 05:00:00,N010,0.0,8.39,5.53,9.29,4.29,2.86
2025-01-03 05:00:00,N011,0.0,10.51,8.3,8.31,3.31,2.21
2025-01-03 05:00:00,N012,0.0,11.64,7.78,10.79,5.79,3.86
2025-01-03 05:00:00,N013,0.0,8.97,8.03,6.41,1.41,0.94
2025-01-03 05:00:00,N014,0.0,9.61,8.95,5.99,0.99,0.66
2025-01-03 05:00:00,N015,0.0,9.59,6.84,9.12,4.12,2.75
2025-01-03 05:00:00,N016,0.0,8.51,6.73,7.67,2.67,1.78
2025-01-03 05:00:00,N017,0.0,9.02,6.26,9.14,4.14,2.76
2025-01-03 05:00:00,N018,0.0,9.43,8.28,6.72,1.72,1.15
2025-01-03 05:00:00,N019,0.0,9.88,8.79,6.64,1.64,1.09
2025-01-03 05:00:00,N020,0.0,10.96,8.11,9.28,4.28,2.85
2025-01-03 06:00:00,N001,0.0,9.03,6.83,8.3,3.3,2.2
2025-01-03 06:00:00,N002,0.0,9.3,6.22,9.62,4.62,3.08
2025-01-03 06:00:00,N003,0.0,11.19,8.42,9.16,4.16,2.77
2025-01-03 06:00:00,N004,0.0,8.89,6.19,9.05,4.05,2.7
2025-01-03 06:00:00,N005,0.0,9.94,8.14,7.7,2.7,1.8
2025-01-03 06:00:00,N006,0.0,8.3,5.74,8.84,3.84,2.56
2025-01-03 06:00:00,N007,0.0,10.37,8.68,7.54,2.54,1.69
2025-01-03 06:00:00,N008,0.0,15.39,12.26,9.7,4.7,3.13
2025-01-03 06:00:00,N009,0.0,9.84,8.82,6.53,1.53,1.02
2025-01-03 06:00:00,N010,0.0,8.33,6.46,7.81,2.81,1.87
2025-01-03 06:00:00,N011,0.0,13.48,11.46,8.03,3.03,2.02
2025-01-03 06:00:00,N012,0.0,9.36,8.51,6.27,1.27,0.85
2025-01-03 06:00:00,N013,0.0,10.79,10.22,5.85,0.85,0.57
2025-01-03 06:00:00,N014,0.0,6.14,4.68,7.19,2.19,1.46
2025-01-03 06:00:00,N015,0.0,9.9,7.9,8.0,3.0,2.0
2025-01-03 06:00:00,N016,0.0,7.19,6.48,6.06,1.06,0.71
2025-01-03 06:00:00,N017,0.0,11.9,8.91,9.49,4.49,2.99
2025-01-03 06:00:00,N018,0.0,9.27,8.15,6.68,1.68,1.12
2025-01-03 06:00:00,N019,0.0,9.51,6.68,9.25,4.25,2.83
2025-01-03 06:00:00,N020,0.0,9.4,7.74,7.49,2.49,1.66
2025-01-03 07:00:00,N001,0.0,14.44,11.78,8.99,3.99,2.66
2025-01-03 07:00:00,N002,0.0,9.68,8.21,7.21,2.21,1.47
2025-01-03 07:00:00,N003,0.0,10.43,7.65,9.17,4.17,2.78
2025-01-03 07:00:00,N004,0.0,7.81,5.5,8.46,3.46,2.31
2025-01-03 07:00:00,N005,0.0,8.9,8.37,5.8,0.8,0.53
2025-01-03 07:00:00,N006,0.0,11.67,8.09,10.37,5.37,3.58
2025-01-03 07:00:00,N007,0.0,12.44,8.41,11.04,6.04,4.03
2025-01-03 07:00:00,N008,0.0,8.97,8.1,6.3,1.3,0.87
2025-01-03 07:00:00,N009,0.0,8.94,6.4,8.81,3.81,2.54
2025-01-03 07:00:00,N010,0.0,10.97,10.01,6.44,1.44,0.96
2025-01-03 07:00:00,N011,0.0,8.32,7.58,6.11,1.11,0.74
2025-01-03 07:00:00,N012,0.0,8.23,6.9,7.0,2.0,1.33
2025-01-03 07:00:00,N013,0.0,8.73,6.59,8.21,3.21,2.14
2025-01-03 07:00:00,N014,0.0,10.92,8.69,8.34,3.34,2.23
2025-01-03 07:00:00,N015,0.0,8.13,7.5,5.95,0.95,0.63
2025-01-03 07:00:00,N016,0.0,8.66,6.84,7.73,2.73,1.82
2025-01-03 07:00:00,N017,0.0,8.79,6.85,7.91,2.91,1.94
2025-01-03 07:00:00,N018,0.0,10.92,10.37,5.83,0.83,0.55
2025-01-03 07:00:00,N019,0.0,8.95,6.28,9.0,4.0,2.67
2025-01-03 07:00:00,N020,0.0,12.78,9.09,10.54,5.54,3.69
2025-01-03 08:00:00,N001,0.0,10.28,9.49,6.19,1.19,0.79
2025-01-03 08:00:00,N002,0.0,5.74,4.59,6.72,1.72,1.15
2025-01-03 08:00:00,N003,0.0,5.83,4.07,7.64,2.64,1.76
2025-01-03 08:00:00,N004,0.0,13.45,10.55,9.35,4.35,2.9
2025-01-03 08:00:00,N005,0.0,8.86,6.51,8.53,3.53,2.35
2025-01-03 08:00:00,N006,0.0,10.66,8.14,8.78,3.78,2.52
2025-01-03 08:00:00,N007,0.0,9.1,6.26,9.26,4.26,2.84
2025-01-03 08:00:00,N008,0.0,12.51,9.02,10.24,5.24,3.49
2025-01-03 08:00:00,N009,0.0,11.37,8.71,8.99,3.99,2.66
2025-01-03 08:00:00,N010,0.0,13.7,8.98,12.08,7.08,4.72
2025-01-03 08:00:00,N011,0.0,10.2,7.35,9.28,4.28,2.85
2025-01-03 08:00:00,N012,0.0,12.59,8.3,11.44,6.44,4.29
2025-01-03 08:00:00,N013,0.0,10.18,7.43,9.12,4.12,2.75
2025-01-03 08:00:00,N014,0.0,10.5,8.96,7.31,2.31,1.54
2025-01-03 08:00:00,N015,0.0,11.74,10.75,6.48,1.48,0.99
2025-01-03 08:00:00,N016,0.0,9.09,6.67,8.63,3.63,2.42
2025-01-03 08:00:00,N017,0.0,11.75,8.74,9.51,4.51,3.01
2025-01-03 08:00:00,N018,0.0,12.95,8.72,11.35,6.35,4.23
2025-01-03 08:00:00,N019,0.0,6.72,6.05,6.01,1.01,0.67
2025-01-03 08:00:00,N020,0.0,9.22,6.51,9.06,4.06,2.71
2025-01-03 09:00:00,N001,0.0,11.28,7.64,10.46,5.46,3.64
2025-01-03 09:00:00,N002,0.0,9.62,7.97,7.47,2.47,1.65
2025-01-03 09:00:00,N003,0.0,10.17,8.05,8.18,3.18,2.12
2025-01-03 09:00:00,N004,0.0,5.0,4.38,5.93,0.93,0.62
2025-01-03 09:00:00,N005,0.0,10.93,9.78,6.72,1.72,1.15
2025-01-03 09:00:00,N006,0.0,13.04,8.69,11.52,6.52,4.35
2025-01-03 09:00:00,N007,0.0,8.1,7.41,6.03,1.03,0.69
2025-01-03 09:00:00,N008,0.0,13.49,12.45,6.56,1.56,1.04
2025-01-03 09:00:00,N009,0.0,12.27,8.68,10.38,5.38,3.59
2025-01-03 09:00:00,N010,0.0,7.79,5.86,7.9,2.9,1.93
2025-01-03 09:00:00,N011,0.0,12.45,10.84,7.42,2.42,1.61
2025-01-03 09:00:00,N012,0.0,9.48,6.98,8.75,3.75,2.5
2025-01-03 09:00:00,N013,0.0,6.18,4.82,7.04,2.04,1.36
2025-01-03 09:00:00,N014,0.0,9.86,6.75,9.67,4.67,3.11
2025-01-03 09:00:00,N015,0.0,11.82,10.28,7.31,2.31,1.54
2025-01-03 09:00:00,N016,0.0,10.21,9.49,6.08,1.08,0.72
2025-01-03 09:00:00,N017,0.0,10.53,9.68,6.27,1.27,0.85
2025-01-03 09:00:00,N018,0.0,12.54,9.38,9.74,4.74,3.16
2025-01-03 09:00:00,N019,0.0,9.75,7.69,8.09,3.09,2.06
2025-01-03 09:00:00,N020,0.0,10.19,9.62,5.85,0.85,0.57
2025-01-03 10:00:00,N001,0.0,13.03,11.04,7.98,2.98,1.99
2025-01-03 10:00:00,N002,0.0,11.2,7.63,10.35,5.35,3.57
2025-01-03 10:00:00,N003,0.0,10.52,9.8,6.08,1.08,0.72
2025-01-03 10:00:00,N004,0.0,7.52,7.11,5.61,0.61,0.41
2025-01-03 10:00:00,N005,0.0,6.18,4.11,8.1,3.1,2.07
2025-01-03 10:00:00,N006,0.0,8.28,6.52,7.64,2.64,1.76
2025-01-03 10:00:00,N007,0.0,11.11,9.15,7.94,2.94,1.96
2025-01-03 10:00:00,N008,0.0,7.33,6.58,6.12,1.12,0.75
2025-01-03 10:00:00,N009,0.0,9.81,7.44,8.56,3.56,2.37
2025-01-03 10:00:00,N010,0.0,12.65,9.47,9.77,4.77,3.18
2025-01-03 10:00:00,N011,0.0,6.96,4.99,7.96,2.96,1.97
2025-01-03 10:00:00,N012,0.0,5.0,4.46,5.81,0.81,0.54
2025-01-03 10:00:00,N013,0.0,9.18,6.8,8.57,3.57,2.38
2025-01-03 10:00:00,N014,0.0,12.31,8.44,10.8,5.8,3.87
2025-01-03 10:00:00,N015,0.0,10.38,6.85,10.29,5.29,3.53
2025-01-03 10:00:00,N016,0.0,10.9,8.42,8.72,3.72,2.48
2025-01-03 10:00:00,N017,0.0,10.91,8.93,7.97,2.97,1.98
2025-01-03 10:00:00,N018,0.0,8.04,5.39,8.97,3.97,2.65
2025-01-03 10:00:00,N019,0.0,8.07,7.52,5.83,0.83,0.55
2025-01-03 10:00:00,N020,0.0,9.59,6.45,9.71,4.71,3.14
2025-01-03 11:00:00,N001,0.0,11.43,10.29,6.71,1.71,1.14
2025-01-03 11:00:00,N002,0.0,5.9,4.92,6.47,1.47,0.98
2025-01-03 11:00:00,N003,0.0,7.26,5.49,7.66,2.66,1.77
2025-01-03 11:00:00,N004,0.0,8.58,7.32,6.89,1.89,1.26
2025-01-03 11:00:00,N005,0.0,8.89,6.26,8.94,3.94,2.63
2025-01-03 11:00:00,N006,0.0,10.41,9.35,6.59,1.59,1.06
2025-01-03 11:00:00,N007,0.0,9.81,8.96,6.27,1.27,0.85
2025-01-03 11:00:00,N008,0.0,8.94,6.43,8.76,3.76,2.51
2025-01-03 11:00:00,N009,0.0,13.51,9.67,10.76,5.76,3.84
2025-01-03 11:00:00,N010,0.0,10.04,9.34,6.05,1.05,0.7
2025-01-03 11:00:00,N011,0.0,10.45,8.06,8.58,3.58,2.39
2025-01-03 11:00:00,N012,0.0,11.39,9.22,8.25,3.25,2.17
2025-01-03 11:00:00,N013,0.0,8.53,7.65,6.32,1.32,0.88
2025-01-03 11:00:00,N014,0.0,13.64,12.27,7.06,2.06,1.37
2025-01-03 11:00:00,N015,0.0,12.4,9.47,9.4,4.4,2.93
2025-01-03 11:00:00,N016,0.0,10.28,7.46,9.23,4.23,2.82
2025-01-03 11:00:00,N017,0.0,9.89,7.34,8.82,3.82,2.55
2025-01-03 11:00:00,N018,0.0,12.44,9.3,9.71,4.71,3.14
2025-01-03 11:00:00,N019,0.0,9.81,7.39,8.63,3.63,2.42
2025-01-03 11:00:00,N020,0.0,10.84,9.67,6.75,1.75,1.17
2025-01-03 12:00:00,N001,0.0,9.74,7.11,8.94,3.94,2.63
2025-01-03 12:00:00,N002,0.0,11.16,7.34,10.73,5.73,3.82
2025-01-03 12:00:00,N003,0.0,13.3,9.13,11.25,6.25,4.17
2025-01-03 12:00:00,N004,0.0,12.14,8.55,10.38,5.38,3.59
2025-01-03 12:00:00,N005,0.0,7.41,6.03,7.07,2.07,1.38
2025-01-03 12:00:00,N006,0.0,11.14,7.78,10.04,5.04,3.36
2025-01-03 12:00:00,N007,0.0,9.4,8.64,6.14,1.14,0.76
2025-01-03 12:00:00,N008,0.0,7.58,5.82,7.64,2.64,1.76
2025-01-03 12:00:00,N009,0.0,12.1,8.71,10.08,5.08,3.39
2025-01-03 12:00:00,N010,0.0,13.31,11.99,6.98,1.98,1.32
2025-01-03 12:00:00,N011,0.0,10.98,8.52,8.69,3.69,2.46
2025-01-03 12:00:00,N012,0.0,9.28,6.14,9.71,4.71,3.14
2025-01-03 12:00:00,N013,0.0,6.18,5.1,6.62,1.62,1.08
2025-01-03 12:00:00,N014,0.0,12.64,11.2,7.16,2.16,1.44
2025-01-03 12:00:00,N015,0.0,9.82,7.55,8.41,3.41,2.27
2025-01-03 12:00:00,N016,0.0,9.92,8.07,7.78,2.78,1.85
2025-01-03 12:00:00,N017,0.0,11.9,10.96,6.41,1.41,0.94
2025-01-03 12:00:00,N018,0.0,7.96,6.49,7.21,2.21,1.47
2025-01-03 12:00:00,N019,0.0,9.8,8.74,6.59,1.59,1.06
2025-01-03 12:00:00,N020,0.0,8.79,6.31,8.72,3.72,2.48
2025-01-03 13:00:00,N001,0.0,9.78,8.91,6.3,1.3,0.87
2025-01-03 13:00:00,N002,0.0,8.21,5.86,8.53,3.53,2.35
2025-01-03 13:00:00,N003,0.0,5.0,3.84,6.74,1.74,1.16
2025-01-03 13:00:00,N004,0.0,9.25,6.46,9.19,4.19,2.79
2025-01-03 13:00:00,N005,0.0,12.66,8.81,10.78,5.78,3.85
2025-01-03 13:00:00,N006,0.0,10.63,7.76,9.3,4.3,2.87
2025-01-03 13:00:00,N007,0.0,7.69,5.13,8.84,3.84,2.56
2025-01-03 13:00:00,N008,0.0,6.5,4.99,7.27,2.27,1.51
2025-01-03 13:00:00,N009,0.0,8.11,5.9,8.31,3.31,2.21
2025-01-03 13:00:00,N010,0.0,11.22,10.31,6.36,1.36,0.91
2025-01-03 13:00:00,N011,0.0,8.0,5.78,8.33,3.33,2.22
2025-01-03 13:00:00,N012,0.0,8.5,7.63,6.3,1.3,0.87
2025-01-03 13:00:00,N013,0.0,11.96,8.33,10.45,5.45,3.63
2025-01-03 13:00:00,N014,0.0,11.04,8.37,9.0,4.0,2.67
2025-01-03 13:00:00,N015,0.0,7.61,7.21,5.6,0.6,0.4
2025-01-03 13:00:00,N016,0.0,11.79,11.16,5.95,0.95,0.63
2025-01-03 13:00:00,N017,0.0,11.79,8.69,9.65,4.65,3.1
2025-01-03 13:00:00,N018,0.0,13.66,11.42,8.36,3.36,2.24
2025-01-03 13:00:00,N019,0.0,6.93,5.68,6.88,1.88,1.25
2025-01-03 13:00:00,N020,0.0,6.24,4.43,7.71,2.71,1.81
2025-01-03 14:00:00,N001,0.0,10.37,8.47,7.85,2.85,1.9
2025-01-03 14:00:00,N002,0.0,10.85,7.11,10.61,5.61,3.74
2025-01-03 14:00:00,N003,0.0,8.1,5.88,8.33,3.33,2.22
2025-01-03 14:00:00,N004,0.0,8.65,5.89,9.14,4.14,2.76
2025-01-03 14:00:00,N005,0.0,11.8,10.06,7.61,2.61,1.74
2025-01-03 14:00:00,N006,0.0,10.9,9.06,7.76,2.76,1.84
2025-01-03 14:00:00,N007,0.0,11.47,8.4,9.6,4.6,3.07
2025-01-03 14:00:00,N008,0.0,13.56,9.73,10.75,5.75,3.83
2025-01-03 14:00:00,N009,0.0,7.9,6.91,6.48,1.48,0.99
2025-01-03 14:00:00,N010,0.0,11.51,7.69,10.73,5.73,3.82
2025-01-03 14:00:00,N011,0.0,10.57,7.01,10.34,5.34,3.56
2025-01-03 14:00:00,N012,0.0,8.02,6.03,7.98,2.98,1.99
2025-01-03 14:00:00,N013,0.0,11.56,9.13,8.65,3.65,2.43
2025-01-03 14:00:00,N014,0.0,9.92,6.69,9.84,4.84,3.23
2025-01-03 14:00:00,N015,0.0,7.86,5.52,8.51,3.51,2.34
2025-01-03 14:00:00,N016,0.0,13.82,11.74,8.12,3.12,2.08
2025-01-03 14:00:00,N017,0.0,10.37,8.3,8.1,3.1,2.07
2025-01-03 14:00:00,N018,0.0,11.88,8.04,10.76,5.76,3.84
2025-01-03 14:00:00,N019,0.0,6.66,5.14,7.28,2.28,1.52
2025-01-03 14:00:00,N020,0.0,12.12,10.48,7.46,2.46,1.64
2025-01-03 15:00:00,N001,0.0,10.46,9.62,6.26,1.26,0.84
2025-01-03 15:00:00,N002,0.0,6.28,5.36,6.38,1.38,0.92
2025-01-03 15:00:00,N003,0.0,10.74,6.98,10.64,5.64,3.76
2025-01-03 15:00:00,N004,0.0,10.3,7.37,9.4,4.4,2.93
2025-01-03 15:00:00,N005,0.0,12.37,8.1,11.4,6.4,4.27
2025-01-03 15:00:00,N006,0.0,12.87,9.61,9.89,4.89,3.26
2025-01-03 15:00:00,N007,0.0,11.33,7.82,10.26,5.26,3.51
2025-01-03 15:00:00,N008,0.0,13.88,12.48,7.1,2.1,1.4
2025-01-03 15:00:00,N009,0.0,10.46,8.06,8.6,3.6,2.4
2025-01-03 15:00:00,N010,0.0,11.29,9.98,6.97,1.97,1.31
2025-01-03 15:00:00,N011,0.0,8.17,5.34,9.25,4.25,2.83
2025-01-03 15:00:00,N012,0.0,12.71,11.51,6.8,1.8,1.2
2025-01-03 15:00:00,N013,0.0,10.16,6.86,9.95,4.95,3.3
2025-01-03 15:00:00,N014,0.0,11.11,8.49,8.93,3.93,2.62
2025-01-03 15:00:00,N015,0.0,6.88,4.67,8.31,3.31,2.21
2025-01-03 15:00:00,N016,0.0,13.01,8.83,11.27,6.27,4.18
2025-01-03 15:00:00,N017,0.0,12.84,12.18,5.99,0.99,0.66
2025-01-03 15:00:00,N018,0.0,5.02,4.49,5.8,0.8,0.53
2025-01-03 15:00:00,N019,0.0,7.59,6.46,6.69,1.69,1.13
2025-01-03 15:00:00,N020,0.0,7.85,5.84,8.01,3.01,2.01
2025-01-03 16:00:00,N001,0.0,10.68,8.8,7.82,2.82,1.88
2025-01-03 16:00:00,N002,0.0,8.12,6.98,6.71,1.71,1.14
2025-01-03 16:00:00,N003,0.0,11.06,9.61,7.17,2.17,1.45
2025-01-03 16:00:00,N004,0.0,10.72,7.57,9.72,4.72,3.15
2025-01-03 16:00:00,N005,0.0,14.17,10.04,11.2,6.2,4.13
2025-01-03 16:00:00,N006,0.0,7.97,7.48,5.73,0.73,0.49
2025-01-03 16:00:00,N007,0.0,9.89,8.03,7.79,2.79,1.86
2025-01-03 16:00:00,N008,0.0,8.04,5.36,9.02,4.02,2.68
2025-01-03 16:00:00,N009,0.0,10.39,7.48,9.37,4.37,2.91
2025-01-03 16:00:00,N010,0.0,8.19,7.34,6.27,1.27,0.85
2025-01-03 16:00:00,N011,0.0,10.0,7.26,9.11,4.11,2.74
2025-01-03 16:00:00,N012,0.0,8.82,7.36,7.19,2.19,1.46
2025-01-03 16:00:00,N013,0.0,13.18,11.1,8.12,3.12,2.08
2025-01-03 16:00:00,N014,0.0,11.15,7.88,9.91,4.91,3.27
2025-01-03 16:00:00,N015,0.0,11.01,10.17,6.26,1.26,0.84
2025-01-03 16:00:00,N016,0.0,13.59,10.12,10.21,5.21,3.47
2025-01-03 16:00:00,N017,0.0,7.95,6.11,7.76,2.76,1.84
2025-01-03 16:00:00,N018,0.0,12.46,9.8,8.99,3.99,2.66
2025-01-03 16:00:00,N019,0.0,11.36,7.79,10.35,5.35,3.57
2025-01-03 16:00:00,N020,0.0,9.73,9.15,5.87,0.87,0.58
2025-01-03 17:00:00,N001,0.0,8.81,7.06,7.62,2.62,1.75
2025-01-03 17:00:00,N002,0.0,9.67,8.19,7.22,2.22,1.48
2025-01-03 17:00:00,N003,0.0,7.69,7.04,5.98,0.98,0.65
2025-01-03 17:00:00,N004,0.0,6.63,5.08,7.33,2.33,1.55
2025-01-03 17:00:00,N005,0.0,8.58,5.74,9.26,4.26,2.84
2025-01-03 17:00:00,N006,0.0,13.91,12.97,6.41,1.41,0.94
2025-01-03 17:00:00,N007,0.0,10.8,8.57,8.34,3.34,2.23
2025-01-03 17:00:00,N008,0.0,10.26,8.46,7.7,2.7,1.8
2025-01-03 17:00:00,N009,0.0,6.63,5.09,7.31,2.31,1.54
2025-01-03 17:00:00,N010,0.0,7.95,6.92,6.54,1.54,1.03
2025-01-03 17:00:00,N011,0.0,14.33,11.79,8.81,3.81,2.54
2025-01-03 17:00:00,N012,0.0,12.38,11.03,7.03,2.03,1.35
2025-01-03 17:00:00,N013,0.0,8.37,7.72,5.98,0.98,0.65
2025-01-03 17:00:00,N014,0.0,10.16,7.51,8.97,3.97,2.65
2025-01-03 17:00:00,N015,0.0,9.85,8.16,7.54,2.54,1.69
2025-01-03 17:00:00,N016,0.0,9.85,9.18,6.01,1.01,0.67
2025-01-03 17:00:00,N017,0.0,11.01,7.42,10.38,5.38,3.59
2025-01-03 17:00:00,N018,0.0,12.98,10.89,8.13,3.13,2.09
2025-01-03 17:00:00,N019,0.0,10.98,10.24,6.11,1.11,0.74
2025-01-03 17:00:00,N020,0.0,11.14,10.17,6.46,1.46,0.97
2025-01-03 18:00:00,N001,0.0,10.87,10.12,6.12,1.12,0.75
2025-01-03 18:00:00,N002,0.0,5.0,3.97,6.54,1.54,1.03
2025-01-03 18:00:00,N003,0.0,8.65,7.29,7.04,2.04,1.36
2025-01-03 18:00:00,N004,0.0,9.19,6.12,9.6,4.6,3.07
2025-01-03 18:00:00,N005,0.0,11.68,8.35,10.0,5.0,3.33
2025-01-03 18:00:00,N006,0.0,10.42,6.92,10.25,5.25,3.5
2025-01-03 18:00:00,N007,0.0,10.85,8.2,8.97,3.97,2.65
2025-01-03 18:00:00,N008,0.0,10.84,8.85,7.98,2.98,1.99
2025-01-03 18:00:00,N009,0.0,10.89,9.03,7.79,2.79,1.86
2025-01-03 18:00:00,N010,0.0,12.2,11.44,6.14,1.14,0.76
2025-01-03 18:00:00,N011,0.0,14.54,12.18,8.54,3.54,2.36
2025-01-03 18:00:00,N012,0.0,11.78,8.31,10.21,5.21,3.47
2025-01-03 18:00:00,N013,0.0,10.29,8.3,7.98,2.98,1.99
2025-01-03 18:00:00,N014,0.0,8.77,7.45,6.98,1.98,1.32
2025-01-03 18:00:00,N015,0.0,9.78,6.9,9.32,4.32,2.88
2025-01-03 18:00:00,N016,0.0,8.39,6.43,7.94,2.94,1.96
2025-01-03 18:00:00,N017,0.0,9.74,7.74,8.0,3.0,2.0
2025-01-03 18:00:00,N018,0.0,8.88,8.01,6.3,1.3,0.87
2025-01-03 18:00:00,N019,0.0,10.04,6.74,9.95,4.95,3.3
2025-01-03 18:00:00,N020,0.0,7.66,6.28,7.07,2.07,1.38
2025-01-03 19:00:00,N001,0.0,10.31,6.85,10.19,5.19,3.46
2025-01-03 19:00:00,N002,0.0,12.05,7.99,11.09,6.09,4.06
2025-01-03 19:00:00,N003,0.0,10.35,6.87,10.22,5.22,3.48
2025-01-03 19:00:00,N004,0.0,7.33,6.62,6.06,1.06,0.71
2025-01-03 19:00:00,N005,0.0,9.09,6.25,9.26,4.26,2.84
2025-01-03 19:00:00,N006,0.0,9.56,7.7,7.79,2.79,1.86
2025-01-03 19:00:00,N007,0.0,8.57,7.33,6.86,1.86,1.24
2025-01-03 19:00:00,N008,0.0,7.43,5.15,8.42,3.42,2.28
2025-01-03 19:00:00,N009,0.0,11.96,7.79,11.25,6.25,4.17
2025-01-03 19:00:00,N010,0.0,5.79,4.88,6.36,1.36,0.91
2025-01-03 19:00:00,N011,0.0,9.4,6.18,9.83,4.83,3.22
2025-01-03 19:00:00,N012,0.0,5.0,3.52,7.22,2.22,1.48
2025-01-03 19:00:00,N013,0.0,13.06,10.03,9.54,4.54,3.03
2025-01-03 19:00:00,N014,0.0,11.33,7.69,10.46,5.46,3.64
2025-01-03 19:00:00,N015,0.0,10.99,8.95,8.06,3.06,2.04
2025-01-03 19:00:00,N016,0.0,8.93,8.28,5.98,0.98,0.65
2025-01-03 19:00:00,N017,0.0,9.63,8.52,6.67,1.67,1.11
2025-01-03 19:00:00,N018,0.0,9.29,6.71,8.87,3.87,2.58
2025-01-03 19:00:00,N019,0.0,10.09,7.77,8.48,3.48,2.32
2025-01-03 19:00:00,N020,0.0,10.1,9.53,5.85,0.85,0.57
2025-01-03 20:00:00,N001,0.0,11.0,9.56,7.16,2.16,1.44
2025-01-03 20:00:00,N002,0.0,8.93,7.35,7.37,2.37,1.58
2025-01-03 20:00:00,N003,0.0,10.87,7.26,10.42,5.42,3.61
2025-01-03 20:00:00,N004,0.0,10.95,7.58,10.05,5.05,3.37
2025-01-03 20:00:00,N005,0.0,12.56,10.12,8.66,3.66,2.44
2025-01-03 20:00:00,N006,0.0,5.57,3.85,7.58,2.58,1.72
2025-01-03 20:00:00,N007,0.0,8.07,5.63,8.66,3.66,2.44
2025-01-03 20:00:00,N008,0.0,13.26,12.12,6.71,1.71,1.14
2025-01-03 20:00:00,N009,0.0,8.84,7.03,7.71,2.71,1.81
2025-01-03 20:00:00,N010,0.0,7.65,5.79,7.79,2.79,1.86
2025-01-03 20:00:00,N011,0.0,12.99,10.28,9.06,4.06,2.71
2025-01-03 20:00:00,N012,0.0,13.72,11.27,8.68,3.68,2.45
2025-01-03 20:00:00,N013,0.0,11.36,8.59,9.16,4.16,2.77
2025-01-03 20:00:00,N014,0.0,8.38,6.86,7.28,2.28,1.52
2025-01-03 20:00:00,N015,0.0,11.76,10.45,6.97,1.97,1.31
2025-01-03 20:00:00,N016,0.0,7.85,6.54,6.97,1.97,1.31
2025-01-03 20:00:00,N017,0.0,7.78,6.04,7.61,2.61,1.74
2025-01-03 20:00:00,N018,0.0,9.93,7.98,7.92,2.92,1.95
2025-01-03 20:00:00,N019,0.0,6.32,4.15,8.25,3.25,2.17
2025-01-03 20:00:00,N020,0.0,9.94,9.27,6.01,1.01,0.67
2025-01-03 21:00:00,N001,0.0,9.77,8.18,7.39,2.39,1.59
2025-01-03 21:00:00,N002,0.0,7.4,5.71,7.54,2.54,1.69
2025-01-03 21:00:00,N003,0.0,11.92,7.83,11.13,6.13,4.09
2025-01-03 21:00:00,N004,0.0,10.1,8.31,7.69,2.69,1.79
2025-01-03 21:00:00,N005,0.0,10.45,8.14,8.46,3.46,2.31
2025-01-03 21:00:00,N006,0.0,11.81,10.91,6.35,1.35,0.9
2025-01-03 21:00:00,N007,0.0,7.46,5.29,8.25,3.25,2.17
2025-01-03 21:00:00,N008,0.0,10.57,7.84,9.09,4.09,2.73
2025-01-03 21:00:00,N009,0.0,14.25,11.89,8.54,3.54,2.36
2025-01-03 21:00:00,N010,0.0,12.66,8.56,11.15,6.15,4.1
2025-01-03 21:00:00,N011,0.0,10.14,7.45,9.04,4.04,2.69
2025-01-03 21:00:00,N012,0.0,7.41,6.62,6.19,1.19,0.79
2025-01-03 21:00:00,N013,0.0,12.14,7.96,11.27,6.27,4.18
2025-01-03 21:00:00,N014,0.0,11.21,10.27,6.41,1.41,0.94
2025-01-03 21:00:00,N015,0.0,14.61,12.47,8.21,3.21,2.14
2025-01-03 21:00:00,N016,0.0,7.04,6.68,5.54,0.54,0.36
2025-01-03 21:00:00,N017,0.0,8.05,5.35,9.05,4.05,2.7
2025-01-03 21:00:00,N018,0.0,12.01,11.04,6.46,1.46,0.97
2025-01-03 21:00:00,N019,0.0,8.35,7.58,6.16,1.16,0.77
2025-01-03 21:00:00,N020,0.0,8.56,7.3,6.89,1.89,1.26
2025-01-03 22:00:00,N001,0.0,11.56,8.6,9.44,4.44,2.96
2025-01-03 22:00:00,N002,0.0,8.42,6.0,8.63,3.63,2.42
2025-01-03 22:00:00,N003,0.0,10.07,7.46,8.92,3.92,2.61
2025-01-03 22:00:00,N004,0.0,10.22,8.99,6.84,1.84,1.23
2025-01-03 22:00:00,N005,0.0,8.03,6.98,6.58,1.58,1.05
2025-01-03 22:00:00,N006,0.0,9.43,6.71,9.08,4.08,2.72
2025-01-03 22:00:00,N007,0.0,6.04,5.1,6.41,1.41,0.94
2025-01-03 22:00:00,N008,0.0,10.09,7.26,9.25,4.25,2.83
2025-01-03 22:00:00,N009,0.0,6.91,6.12,6.19,1.19,0.79
2025-01-03 22:00:00,N010,0.0,8.73,6.64,8.13,3.13,2.09
2025-01-03 22:00:00,N011,0.0,10.84,7.64,9.8,4.8,3.2
2025-01-03 22:00:00,N012,0.0,10.53,8.03,8.75,3.75,2.5
2025-01-03 22:00:00,N013,0.0,9.01,6.15,9.29,4.29,2.86
2025-01-03 22:00:00,N014,0.0,9.63,7.18,8.68,3.68,2.45
2025-01-03 22:00:00,N015,0.0,10.52,9.55,6.46,1.46,0.97
2025-01-03 22:00:00,N016,0.0,10.43,9.17,6.89,1.89,1.26
2025-01-03 22:00:00,N017,0.0,10.89,9.31,7.37,2.37,1.58
2025-01-03 22:00:00,N018,0.0,8.35,6.68,7.5,2.5,1.67
2025-01-03 22:00:00,N019,0.0,10.32,7.67,8.97,3.97,2.65
2025-01-03 22:00:00,N020,0.0,14.43,13.11,6.98,1.98,1.32
2025-01-03 23:00:00,N001,0.0,12.39,11.07,6.98,1.98,1.32
2025-01-03 23:00:00,N002,0.0,7.48,5.56,7.88,2.88,1.92
2025-01-03 23:00:00,N003,0.0,12.06,8.75,9.96,4.96,3.31
2025-01-03 23:00:00,N004,0.0,11.74,8.23,10.26,5.26,3.51
2025-01-03 23:00:00,N005,0.0,10.15,9.18,6.46,1.46,0.97
2025-01-03 23:00:00,N006,0.0,9.7,6.79,9.37,4.37,2.91
2025-01-03 23:00:00,N007,0.0,10.36,8.97,7.08,2.08,1.39
2025-01-03 23:00:00,N008,0.0,12.46,10.36,8.15,3.15,2.1
2025-01-03 23:00:00,N009,0.0,12.55,10.83,7.58,2.58,1.72
2025-01-03 23:00:00,N010,0.0,9.7,8.75,6.42,1.42,0.95
2025-01-03 23:00:00,N011,0.0,12.44,11.37,6.6,1.6,1.07
2025-01-03 23:00:00,N012,0.0,12.11,8.28,10.75,5.75,3.83
2025-01-03 23:00:00,N013,0.0,11.87,11.14,6.09,1.09,0.73
2025-01-03 23:00:00,N014,0.0,9.55,8.02,7.29,2.29,1.53
2025-01-03 23:00:00,N015,0.0,8.17,6.04,8.19,3.19,2.13
2025-01-03 23:00:00,N016,0.0,8.33,6.4,7.9,2.9,1.93
2025-01-03 23:00:00,N017,0.0,10.85,8.22,8.94,3.94,2.63
2025-01-03 23:00:00,N018,0.0,10.08,8.13,7.92,2.92,1.95
2025-01-03 23:00:00,N019,0.0,12.03,9.65,8.57,3.57,2.38
2025-01-03 23:00:00,N020,0.0,9.68,9.15,5.8,0.8,0.53
2025-01-04 00:00:00,N001,0.0,9.64,7.99,7.47,2.47,1.65
2025-01-04 00:00:00,N002,0.0,9.79,7.6,8.29,3.29,2.19
2025-01-04 00:00:00,N003,0.0,8.76,7.4,7.04,2.04,1.36
2025-01-04 00:00:00,N004,0.0,11.17,8.8,8.56,3.56,2.37
2025-01-04 00:00:00,N005,0.0,11.72,8.75,9.46,4.46,2.97
2025-01-04 00:00:00,N006,0.0,8.34,7.91,5.65,0.65,0.43
2025-01-04 00:00:00,N007,0.0,11.59,7.72,10.8,5.8,3.87
2025-01-04 00:00:00,N008,0.0,9.76,7.57,8.29,3.29,2.19
2025-01-04 00:00:00,N009,0.0,8.57,5.74,9.25,4.25,2.83
2025-01-04 00:00:00,N010,0.0,11.04,10.25,6.19,1.19,0.79
2025-01-04 00:00:00,N011,0.0,8.01,6.04,7.96,2.96,1.97
2025-01-04 00:00:00,N012,0.0,9.64,8.06,7.37,2.37,1.58
2025-01-04 00:00:00,N013,0.0,8.83,8.37,5.69,0.69,0.46
2025-01-04 00:00:00,N014,0.0,10.66,7.1,10.34,5.34,3.56
2025-01-04 00:00:00,N015,0.0,12.51,9.8,9.06,4.06,2.71
2025-01-04 00:00:00,N016,0.0,9.1,7.3,7.7,2.7,1.8
2025-01-04 00:00:00,N017,0.0,10.55,9.98,5.85,0.85,0.57
2025-01-04 00:00:00,N018,0.0,9.96,7.22,9.11,4.11,2.74
2025-01-04 00:00:00,N019,0.0,10.45,7.1,10.03,5.03,3.35
2025-01-04 00:00:00,N020,0.0,10.04,7.57,8.71,3.71,2.47
2025-01-04 01:00:00,N001,0.0,11.33,10.18,6.72,1.72,1.15
2025-01-04 01:00:00,N002,0.0,8.89,6.6,8.44,3.44,2.29
2025-01-04 01:00:00,N003,0.0,8.44,5.96,8.72,3.72,2.48
2025-01-04 01:00:00,N004,0.0,8.48,6.25,8.34,3.34,2.23
2025-01-04 01:00:00,N005,0.0,6.34,5.84,5.75,0.75,0.5
2025-01-04 01:00:00,N006,0.0,7.54,5.65,7.83,2.83,1.89
2025-01-04 01:00:00,N007,0.0,9.7,7.24,8.69,3.69,2.46
2025-01-04 01:00:00,N008,0.0,9.35,8.27,6.62,1.62,1.08
2025-01-04 01:00:00,N009,0.0,10.63,7.13,10.25,5.25,3.5
2025-01-04 01:00:00,N010,0.0,8.23,5.82,8.62,3.62,2.41
2025-01-04 01:00:00,N011,0.0,10.36,9.7,5.99,0.99,0.66
2025-01-04 01:00:00,N012,0.0,12.61,11.45,6.74,1.74,1.16
2025-01-04 01:00:00,N013,0.0,10.51,8.45,8.09,3.09,2.06
2025-01-04 01:00:00,N014,0.0,9.52,8.86,5.99,0.99,0.66
2025-01-04 01:00:00,N015,0.0,9.67,7.12,8.82,3.82,2.55
2025-01-04 01:00:00,N016,0.0,10.42,8.0,8.63,3.63,2.42
2025-01-04 01:00:00,N017,0.0,7.57,5.3,8.41,3.41,2.27
2025-01-04 01:00:00,N018,0.0,10.32,8.27,8.07,3.07,2.05
2025-01-04 01:00:00,N019,0.0,11.31,7.88,10.15,5.15,3.43
2025-01-04 01:00:00,N020,0.0,11.62,7.86,10.64,5.64,3.76
2025-01-04 02:00:00,N001,0.0,7.47,5.47,8.0,3.0,2.0
2025-01-04 02:00:00,N002,0.0,6.41,6.0,5.61,0.61,0.41
2025-01-04 02:00:00,N003,0.0,9.23,7.09,8.21,3.21,2.14
2025-01-04 02:00:00,N004,0.0,9.75,6.75,9.5,4.5,3.0
2025-01-04 02:00:00,N005,0.0,9.2,7.03,8.25,3.25,2.17
2025-01-04 02:00:00,N006,0.0,10.54,7.93,8.92,3.92,2.61
2025-01-04 02:00:00,N007,0.0,7.65,7.13,5.78,0.78,0.52
2025-01-04 02:00:00,N008,0.0,10.98,10.06,6.38,1.38,0.92
2025-01-04 02:00:00,N009,0.0,12.36,9.28,9.62,4.62,3.08
2025-01-04 02:00:00,N010,0.0,10.96,9.21,7.62,2.62,1.75
2025-01-04 02:00:00,N011,0.0,8.06,7.21,6.27,1.27,0.85
2025-01-04 02:00:00,N012,0.0,9.2,6.35,9.28,4.28,2.85
2025-01-04 02:00:00,N013,0.0,8.77,7.39,7.07,2.07,1.38
2025-01-04 02:00:00,N014,0.0,8.58,7.37,6.81,1.81,1.21
2025-01-04 02:00:00,N015,0.0,12.18,9.63,8.82,3.82,2.55
2025-01-04 02:00:00,N016,0.0,9.07,6.39,9.02,4.02,2.68
2025-01-04 02:00:00,N017,0.0,12.59,10.79,7.7,2.7,1.8
2025-01-04 02:00:00,N018,0.0,7.79,5.19,8.9,3.9,2.6
2025-01-04 02:00:00,N019,0.0,7.21,4.86,8.53,3.53,2.35
2025-01-04 02:00:00,N020,0.0,11.18,8.27,9.37,4.37,2.91
2025-01-04 03:00:00,N001,0.0,9.99,7.42,8.85,3.85,2.57
2025-01-04 03:00:00,N002,0.0,9.57,6.68,9.33,4.33,2.89
2025-01-04 03:00:00,N003,0.0,10.64,8.68,7.94,2.94,1.96
2025-01-04 03:00:00,N004,0.0,13.31,9.43,10.82,5.82,3.88
2025-01-04 03:00:00,N005,0.0,7.81,5.87,7.91,2.91,1.94
2025-01-04 03:00:00,N006,0.0,7.05,6.14,6.36,1.36,0.91
2025-01-04 03:00:00,N007,0.0,11.9,8.65,9.88,4.88,3.25
2025-01-04 03:00:00,N008,0.0,10.49,7.53,9.44,4.44,2.96
2025-01-04 03:00:00,N009,0.0,10.6,7.98,8.93,3.93,2.62
2025-01-04 03:00:00,N010,0.0,10.35,8.11,8.36,3.36,2.24
2025-01-04 03:00:00,N011,0.0,5.61,4.6,6.52,1.52,1.01
2025-01-04 03:00:00,N012,0.0,9.68,8.65,6.54,1.54,1.03
2025-01-04 03:00:00,N013,0.0,8.4,6.38,8.03,3.03,2.02
2025-01-04 03:00:00,N014,0.0,6.18,5.76,5.63,0.63,0.42
2025-01-04 03:00:00,N015,0.0,12.79,11.56,6.84,1.84,1.23
2025-01-04 03:00:00,N016,0.0,11.42,7.6,10.73,5.73,3.82
2025-01-04 03:00:00,N017,0.0,13.34,11.67,7.5,2.5,1.67
2025-01-04 03:00:00,N018,0.0,8.11,6.82,6.94,1.94,1.29
2025-01-04 03:00:00,N019,0.0,11.17,7.94,9.84,4.84,3.23
2025-01-04 03:00:00,N020,0.0,8.53,7.46,6.6,1.6,1.07
2025-01-04 04:00:00,N001,0.0,7.0,6.05,6.42,1.42,0.95
2025-01-04 04:00:00,N002,0.0,9.82,7.64,8.27,3.27,2.18
2025-01-04 04:00:00,N003,0.0,11.9,10.26,7.46,2.46,1.64
2025-01-04 04:00:00,N004,0.0,9.88,7.75,8.19,3.19,2.13
2025-01-04 04:00:00,N005,0.0,9.47,6.27,9.8,4.8,3.2
2025-01-04 04:00:00,N006,0.0,9.33,6.74,8.88,3.88,2.59
2025-01-04 04:00:00,N007,0.0,11.92,8.3,10.43,5.43,3.62
2025-01-04 04:00:00,N008,0.0,10.92,9.06,7.79,2.79,1.86
2025-01-04 04:00:00,N009,0.0,11.78,9.68,8.15,3.15,2.1
2025-01-04 04:00:00,N010,0.0,11.52,9.73,7.69,2.69,1.79
2025-01-04 04:00:00,N011,0.0,9.3,7.71,7.39,2.39,1.59
2025-01-04 04:00:00,N012,0.0,8.45,6.69,7.64,2.64,1.76
2025-01-04 04:00:00,N013,0.0,9.18,6.21,9.46,4.46,2.97
2025-01-04 04:00:00,N014,0.0,11.83,10.7,6.69,1.69,1.13
2025-01-04 04:00:00,N015,0.0,9.44,8.14,6.95,1.95,1.3
2025-01-04 04:00:00,N016,0.0,7.44,6.25,6.78,1.78,1.19
2025-01-04 04:00:00,N017,0.0,8.84,6.6,8.36,3.36,2.24
2025-01-04 04:00:00,N018,0.0,8.78,7.97,6.22,1.22,0.81
2025-01-04 04:00:00,N019,0.0,8.54,7.39,6.72,1.72,1.15
2025-01-04 04:00:00,N020,0.0,13.78,11.14,8.96,3.96,2.64
2025-01-04 05:00:00,N001,0.0,8.78,7.11,7.5,2.5,1.67
2025-01-04 05:00:00,N002,0.0,10.73,8.91,7.73,2.73,1.82
2025-01-04 05:00:00,N003,0.0,9.21,8.67,5.81,0.81,0.54
2025-01-04 05:00:00,N004,0.0,7.8,7.23,5.85,0.85,0.57
2025-01-04 05:00:00,N005,0.0,11.01,9.36,7.47,2.47,1.65
2025-01-04 05:00:00,N006,0.0,12.89,10.71,8.27,3.27,2.18
2025-01-04 05:00:00,N007,0.0,16.3,13.13,9.75,4.75,3.17
2025-01-04 05:00:00,N008,0.0,7.75,6.91,6.26,1.26,0.84
2025-01-04 05:00:00,N009,0.0,13.85,10.15,10.55,5.55,3.7
2025-01-04 05:00:00,N010,0.0,8.45,6.37,8.12,3.12,2.08
2025-01-04 05:00:00,N011,0.0,5.87,3.88,7.98,2.98,1.99
2025-01-04 05:00:00,N012,0.0,10.06,7.55,8.76,3.76,2.51
2025-01-04 05:00:00,N013,0.0,13.29,8.98,11.46,6.46,4.31
2025-01-04 05:00:00,N014,0.0,10.72,8.63,8.13,3.13,2.09
2025-01-04 05:00:00,N015,0.0,7.27,5.66,7.42,2.42,1.61
2025-01-04 05:00:00,N016,0.0,11.19,7.63,10.34,5.34,3.56
2025-01-04 05:00:00,N017,0.0,9.02,7.23,7.69,2.69,1.79
2025-01-04 05:00:00,N018,0.0,11.27,7.53,10.61,5.61,3.74
2025-01-04 05:00:00,N019,0.0,8.03,5.35,9.02,4.02,2.68
2025-01-04 05:00:00,N020,0.0,10.4,7.13,9.91,4.91,3.27
2025-01-04 06:00:00,N001,0.0,9.84,7.17,9.0,4.0,2.67
2025-01-04 06:00:00,N002,0.0,8.84,5.85,9.49,4.49,2.99
2025-01-04 06:00:00,N003,0.0,14.34,10.75,10.38,5.38,3.59
2025-01-04 06:00:00,N004,0.0,7.15,4.88,8.41,3.41,2.27
2025-01-04 06:00:00,N005,0.0,8.44,7.93,5.77,0.77,0.51
2025-01-04 06:00:00,N006,0.0,9.48,8.62,6.29,1.29,0.86
2025-01-04 06:00:00,N007,0.0,13.2,11.08,8.18,3.18,2.12
2025-01-04 06:00:00,N008,0.0,11.6,9.22,8.57,3.57,2.38
2025-01-04 06:00:00,N009,0.0,8.38,7.77,5.92,0.92,0.61
2025-01-04 06:00:00,N010,0.0,11.91,9.48,8.65,3.65,2.43
2025-01-04 06:00:00,N011,0.0,10.41,7.55,9.29,4.29,2.86
2025-01-04 06:00:00,N012,0.0,11.53,10.44,6.64,1.64,1.09
2025-01-04 06:00:00,N013,0.0,11.4,7.46,10.91,5.91,3.94
2025-01-04 06:00:00,N014,0.0,15.63,11.93,10.55,5.55,3.7
2025-01-04 06:00:00,N015,0.0,8.52,7.92,5.9,0.9,0.6
2025-01-04 06:00:00,N016,0.0,10.36,7.13,9.84,4.84,3.23
2025-01-04 06:00:00,N017,0.0,12.92,11.81,6.67,1.67,1.11
2025-01-04 06:00:00,N018,0.0,10.9,10.03,6.3,1.3,0.87
2025-01-04 06:00:00,N019,0.0,8.1,5.76,8.51,3.51,2.34
2025-01-04 06:00:00,N020,0.0,10.64,9.34,6.95,1.95,1.3
2025-01-04 07:00:00,N001,0.0,7.62,6.68,6.41,1.41,0.94
2025-01-04 07:00:00,N002,0.0,12.11,8.69,10.13,5.13,3.42
2025-01-04 07:00:00,N003,0.0,9.11,7.2,7.86,2.86,1.91
2025-01-04 07:00:00,N004,0.0,10.23,9.67,5.84,0.84,0.56
2025-01-04 07:00:00,N005,0.0,9.22,8.12,6.65,1.65,1.1
2025-01-04 07:00:00,N006,0.0,9.39,7.7,7.54,2.54,1.69
2025-01-04 07:00:00,N007,0.0,12.62,8.53,11.13,6.13,4.09
2025-01-04 07:00:00,N008,0.0,9.55,8.82,6.09,1.09,0.73
2025-01-04 07:00:00,N009,0.0,12.28,11.43,6.27,1.27,0.85
2025-01-04 07:00:00,N010,0.0,9.23,8.61,5.93,0.93,0.62
2025-01-04 07:00:00,N011,0.0,7.8,5.71,8.13,3.13,2.09
2025-01-04 07:00:00,N012,0.0,12.84,11.05,7.69,2.69,1.79
2025-01-04 07:00:00,N013,0.0,11.19,7.49,10.55,5.55,3.7
2025-01-04 07:00:00,N014,0.0,8.82,6.48,8.51,3.51,2.34
2025-01-04 07:00:00,N015,0.0,12.7,9.69,9.51,4.51,3.01
2025-01-04 07:00:00,N016,0.0,11.77,9.18,8.88,3.88,2.59
2025-01-04 07:00:00,N017,0.0,9.6,6.87,9.09,4.09,2.73
2025-01-04 07:00:00,N018,0.0,10.46,9.17,6.94,1.94,1.29
2025-01-04 07:00:00,N019,0.0,13.12,11.45,7.5,2.5,1.67
2025-01-04 07:00:00,N020,0.0,6.94,4.63,8.46,3.46,2.31
2025-01-04 08:00:00,N001,0.0,9.51,7.19,8.48,3.48,2.32
2025-01-04 08:00:00,N002,0.0,6.22,4.15,8.1,3.1,2.07
2025-01-04 08:00:00,N003,0.0,11.92,9.89,8.04,3.04,2.03
2025-01-04 08:00:00,N004,0.0,10.42,8.08,8.51,3.51,2.34
2025-01-04 08:00:00,N005,0.0,8.53,5.56,9.46,4.46,2.97
2025-01-04 08:00:00,N006,0.0,13.31,11.29,8.03,3.03,2.02
2025-01-04 08:00:00,N007,0.0,9.78,7.59,8.29,3.29,2.19
2025-01-04 08:00:00,N008,0.0,9.22,8.51,6.06,1.06,0.71
2025-01-04 08:00:00,N009,0.0,11.24,10.22,6.53,1.53,1.02
2025-01-04 08:00:00,N010,0.0,13.28,10.52,9.14,4.14,2.76
2025-01-04 08:00:00,N011,0.0,10.78,7.28,10.25,5.25,3.5
2025-01-04 08:00:00,N012,0.0,9.81,7.79,8.03,3.03,2.02
2025-01-04 08:00:00,N013,0.0,10.17,9.29,6.32,1.32,0.88
2025-01-04 08:00:00,N014,0.0,8.51,7.64,6.3,1.3,0.87
2025-01-04 08:00:00,N015,0.0,8.7,6.99,7.56,2.56,1.71
2025-01-04 08:00:00,N016,0.0,10.17,8.04,8.19,3.19,2.13
2025-01-04 08:00:00,N017,0.0,9.13,6.29,9.26,4.26,2.84
2025-01-04 08:00:00,N018,0.0,11.59,10.25,7.01,2.01,1.34
2025-01-04 08:00:00,N019,0.0,6.91,5.18,7.59,2.59,1.73
2025-01-04 08:00:00,N020,0.0,9.68,7.29,8.58,3.58,2.39
2025-01-04 09:00:00,N001,0.0,9.98,9.16,6.23,1.23,0.82
2025-01-04 09:00:00,N002,0.0,10.61,9.16,7.17,2.17,1.45
2025-01-04 09:00:00,N003,0.0,10.56,7.45,9.67,4.67,3.11
2025-01-04 09:00:00,N004,0.0,8.98,5.9,9.62,4.62,3.08
2025-01-04 09:00:00,N005,0.0,9.04,7.52,7.28,2.28,1.52
2025-01-04 09:00:00,N006,0.0,10.72,7.06,10.49,5.49,3.66
2025-01-04 09:00:00,N007,0.0,10.79,8.75,8.06,3.06,2.04
2025-01-04 09:00:00,N008,0.0,10.53,8.07,8.69,3.69,2.46
2025-01-04 09:00:00,N009,0.0,12.19,11.44,6.12,1.12,0.75
2025-01-04 09:00:00,N010,0.0,6.87,5.4,7.21,2.21,1.47
2025-01-04 09:00:00,N011,0.0,10.49,7.7,9.19,4.19,2.79
2025-01-04 09:00:00,N012,0.0,7.82,7.43,5.58,0.58,0.39
2025-01-04 09:00:00,N013,0.0,10.22,7.12,9.65,4.65,3.1
2025-01-04 09:00:00,N014,0.0,8.75,7.03,7.58,2.58,1.72
2025-01-04 09:00:00,N015,0.0,8.29,6.14,8.22,3.22,2.15
2025-01-04 09:00:00,N016,0.0,7.75,7.23,5.78,0.78,0.52
2025-01-04 09:00:00,N017,0.0,11.6,7.56,11.06,6.06,4.04
2025-01-04 09:00:00,N018,0.0,6.28,5.87,5.61,0.61,0.41
2025-01-04 09:00:00,N019,0.0,10.09,7.34,9.12,4.12,2.75
2025-01-04 09:00:00,N020,0.0,11.12,9.54,7.37,2.37,1.58
2025-01-04 10:00:00,N001,0.0,10.65,8.22,8.65,3.65,2.43
2025-01-04 10:00:00,N002,0.0,6.39,6.03,5.54,0.54,0.36
2025-01-04 10:00:00,N003,0.0,9.99,7.17,9.23,4.23,2.82
2025-01-04 10:00:00,N004,0.0,12.36,10.61,7.62,2.62,1.75
2025-01-04 10:00:00,N005,0.0,10.55,8.03,8.78,3.78,2.52
2025-01-04 10:00:00,N006,0.0,10.02,7.03,9.49,4.49,2.99
2025-01-04 10:00:00,N007,0.0,6.87,6.08,6.19,1.19,0.79
2025-01-04 10:00:00,N008,0.0,7.64,6.79,6.27,1.27,0.85
2025-01-04 10:00:00,N009,0.0,6.32,4.56,7.64,2.64,1.76
2025-01-04 10:00:00,N010,0.0,11.78,9.44,8.51,3.51,2.34
2025-01-04 10:00:00,N011,0.0,10.33,9.71,5.93,0.93,0.62
2025-01-04 10:00:00,N012,0.0,14.39,13.08,6.97,1.97,1.31
2025-01-04 10:00:00,N013,0.0,10.42,8.6,7.73,2.73,1.82
2025-01-04 10:00:00,N014,0.0,7.82,5.96,7.79,2.79,1.86
2025-01-04 10:00:00,N015,0.0,9.82,8.94,6.32,1.32,0.88
2025-01-04 10:00:00,N016,0.0,8.22,7.73,5.73,0.73,0.49
2025-01-04 10:00:00,N017,0.0,11.52,9.02,8.75,3.75,2.5
2025-01-04 10:00:00,N018,0.0,9.42,7.61,7.71,2.71,1.81
2025-01-04 10:00:00,N019,0.0,7.76,5.16,8.9,3.9,2.6
2025-01-04 10:00:00,N020,0.0,11.86,9.08,9.17,4.17,2.78
2025-01-04 11:00:00,N001,0.0,7.28,5.43,7.78,2.78,1.85
2025-01-04 11:00:00,N002,0.0,7.84,5.82,8.03,3.03,2.02
2025-01-04 11:00:00,N003,0.0,9.86,8.11,7.62,2.62,1.75
2025-01-04 11:00:00,N004,0.0,10.73,7.75,9.47,4.47,2.98
2025-01-04 11:00:00,N005,0.0,12.32,8.34,10.97,5.97,3.98
2025-01-04 11:00:00,N006,0.0,11.95,8.0,10.93,5.93,3.95
2025-01-04 11:00:00,N007,0.0,13.02,11.75,6.91,1.91,1.27
2025-01-04 11:00:00,N008,0.0,11.21,10.12,6.64,1.64,1.09
2025-01-04 11:00:00,N009,0.0,7.03,6.58,5.68,0.68,0.45
2025-01-04 11:00:00,N010,0.0,9.58,6.8,9.17,4.17,2.78
2025-01-04 11:00:00,N011,0.0,12.41,8.53,10.82,5.82,3.88
2025-01-04 11:00:00,N012,0.0,6.95,5.02,7.9,2.9,1.93
2025-01-04 11:00:00,N013,0.0,9.15,6.54,8.92,3.92,2.61
2025-01-04 11:00:00,N014,0.0,7.27,5.58,7.54,2.54,1.69
2025-01-04 11:00:00,N015,0.0,8.74,6.51,8.34,3.34,2.23
2025-01-04 11:00:00,N016,0.0,11.46,9.19,8.41,3.41,2.27
2025-01-04 11:00:00,N017,0.0,10.99,8.33,8.99,3.99,2.66
2025-01-04 11:00:00,N018,0.0,10.77,8.01,9.14,4.14,2.76
2025-01-04 11:00:00,N019,0.0,10.31,7.97,8.51,3.51,2.34
2025-01-04 11:00:00,N020,0.0,9.33,8.01,6.98,1.98,1.32
2025-01-04 12:00:00,N001,0.0,8.47,6.25,8.33,3.33,2.22
2025-01-04 12:00:00,N002,0.0,12.07,10.48,7.39,2.39,1.59
2025-01-04 12:00:00,N003,0.0,11.36,10.5,6.29,1.29,0.86
2025-01-04 12:00:00,N004,0.0,7.69,6.73,6.44,1.44,0.96
2025-01-04 12:00:00,N005,0.0,6.68,5.01,7.5,2.5,1.67
2025-01-04 12:00:00,N006,0.0,11.01,10.09,6.38,1.38,0.92
2025-01-04 12:00:00,N007,0.0,13.9,9.25,11.98,6.98,4.65
2025-01-04 12:00:00,N008,0.0,12.05,9.61,8.66,3.66,2.44
2025-01-04 12:00:00,N009,0.0,8.12,6.06,8.09,3.09,2.06
2025-01-04 12:00:00,N010,0.0,8.88,7.01,7.81,2.81,1.87
2025-01-04 12:00:00,N011,0.0,10.81,9.54,6.91,1.91,1.27
2025-01-04 12:00:00,N012,0.0,11.43,10.06,7.06,2.06,1.37
2025-01-04 12:00:00,N013,0.0,10.61,8.73,7.82,2.82,1.88
2025-01-04 12:00:00,N014,0.0,8.35,6.58,7.66,2.66,1.77
2025-01-04 12:00:00,N015,0.0,8.95,6.04,9.37,4.37,2.91
2025-01-04 12:00:00,N016,0.0,10.06,7.42,8.96,3.96,2.64
2025-01-04 12:00:00,N017,0.0,7.82,6.95,6.3,1.3,0.87
2025-01-04 12:00:00,N018,0.0,10.27,7.0,9.91,4.91,3.27
2025-01-04 12:00:00,N019,0.0,5.26,4.44,6.23,1.23,0.82
2025-01-04 12:00:00,N020,0.0,14.08,12.65,7.15,2.15,1.43
2025-01-04 13:00:00,N001,0.0,8.67,5.76,9.37,4.37,2.91
2025-01-04 13:00:00,N002,0.0,10.4,7.18,9.83,4.83,3.22
2025-01-04 13:00:00,N003,0.0,8.63,7.19,7.16,2.16,1.44
2025-01-04 13:00:00,N004,0.0,7.13,6.15,6.47,1.47,0.98
2025-01-04 13:00:00,N005,0.0,10.65,8.96,7.54,2.54,1.69
2025-01-04 13:00:00,N006,0.0,8.93,8.48,5.68,0.68,0.45
2025-01-04 13:00:00,N007,0.0,8.2,5.39,9.21,4.21,2.81
2025-01-04 13:00:00,N008,0.0,8.07,7.0,6.6,1.6,1.07
2025-01-04 13:00:00,N009,0.0,10.97,7.55,10.13,5.13,3.42
2025-01-04 13:00:00,N010,0.0,12.14,11.47,6.01,1.01,0.67
2025-01-04 13:00:00,N011,0.0,9.75,7.4,8.53,3.53,2.35
2025-01-04 13:00:00,N012,0.0,11.69,10.06,7.44,2.44,1.63
2025-01-04 13:00:00,N013,0.0,8.66,6.85,7.71,2.71,1.81
2025-01-04 13:00:00,N014,0.0,9.88,8.32,7.34,2.34,1.56
2025-01-04 13:00:00,N015,0.0,10.52,9.91,5.92,0.92,0.61
2025-01-04 13:00:00,N016,0.0,6.1,4.84,6.89,1.89,1.26
2025-01-04 13:00:00,N017,0.0,12.74,11.01,7.59,2.59,1.73
2025-01-04 13:00:00,N018,0.0,7.83,5.83,8.0,3.0,2.0
2025-01-04 13:00:00,N019,0.0,10.7,8.87,7.75,2.75,1.83
2025-01-04 13:00:00,N020,0.0,8.31,7.62,6.03,1.03,0.69
2025-01-04 14:00:00,N001,0.0,6.44,5.48,6.44,1.44,0.96
2025-01-04 14:00:00,N002,0.0,5.54,4.01,7.29,2.29,1.53
2025-01-04 14:00:00,N003,0.0,12.35,8.93,10.13,5.13,3.42
2025-01-04 14:00:00,N004,0.0,9.45,6.69,9.14,4.14,2.76
2025-01-04 14:00:00,N005,0.0,11.1,10.02,6.62,1.62,1.08
2025-01-04 14:00:00,N006,0.0,11.36,8.55,9.21,4.21,2.81
2025-01-04 14:00:00,N007,0.0,8.24,6.8,7.16,2.16,1.44
2025-01-04 14:00:00,N008,0.0,10.2,7.21,9.49,4.49,2.99
2025-01-04 14:00:00,N009,0.0,12.3,8.18,11.18,6.18,4.12
2025-01-04 14:00:00,N010,0.0,10.59,9.49,6.65,1.65,1.1
2025-01-04 14:00:00,N011,0.0,7.69,5.63,8.09,3.09,2.06
2025-01-04 14:00:00,N012,0.0,7.33,6.38,6.42,1.42,0.95
2025-01-04 14:00:00,N013,0.0,12.38,10.55,7.75,2.75,1.83
2025-01-04 14:00:00,N014,0.0,13.7,10.35,10.03,5.03,3.35
2025-01-04 14:00:00,N015,0.0,11.7,9.81,7.83,2.83,1.89
2025-01-04 14:00:00,N016,0.0,10.84,7.39,10.18,5.18,3.45
2025-01-04 14:00:00,N017,0.0,10.65,9.42,6.84,1.84,1.23
2025-01-04 14:00:00,N018,0.0,12.57,11.32,6.88,1.88,1.25
2025-01-04 14:00:00,N019,0.0,9.08,6.76,8.48,3.48,2.32
2025-01-04 14:00:00,N020,0.0,11.51,7.6,10.87,5.87,3.91
2025-01-04 15:00:00,N001,0.0,7.61,5.35,8.39,3.39,2.26
2025-01-04 15:00:00,N002,0.0,10.57,8.44,8.19,3.19,2.13
2025-01-04 15:00:00,N003,0.0,10.84,10.01,6.24,1.24,0.83
2025-01-04 15:00:00,N004,0.0,8.84,7.46,7.07,2.07,1.38
2025-01-04 15:00:00,N005,0.0,8.82,7.3,7.28,2.28,1.52
2025-01-04 15:00:00,N006,0.0,9.08,6.74,8.51,3.51,2.34
2025-01-04 15:00:00,N007,0.0,5.66,4.18,7.22,2.22,1.48
2025-01-04 15:00:00,N008,0.0,7.61,5.76,7.78,2.78,1.85
2025-01-04 15:00:00,N009,0.0,6.83,4.98,7.78,2.78,1.85
2025-01-04 15:00:00,N010,0.0,10.83,7.38,10.18,5.18,3.45
2025-01-04 15:00:00,N011,0.0,11.38,10.7,6.02,1.02,0.68
2025-01-04 15:00:00,N012,0.0,10.53,9.83,6.05,1.05,0.7
2025-01-04 15:00:00,N013,0.0,7.63,5.65,7.97,2.97,1.98
2025-01-04 15:00:00,N014,0.0,12.12,8.4,10.58,5.58,3.72
2025-01-04 15:00:00,N015,0.0,9.64,6.67,9.46,4.46,2.97
2025-01-04 15:00:00,N016,0.0,8.17,6.89,6.92,1.92,1.28
2025-01-04 15:00:00,N017,0.0,9.02,7.32,7.55,2.55,1.7
2025-01-04 15:00:00,N018,0.0,12.15,10.39,7.64,2.64,1.76
2025-01-04 15:00:00,N019,0.0,7.22,5.68,7.31,2.31,1.54
2025-01-04 15:00:00,N020,0.0,11.53,9.46,8.1,3.1,2.07
2025-01-04 16:00:00,N001,0.0,11.0,10.38,5.93,0.93,0.62
2025-01-04 16:00:00,N002,0.0,8.24,7.05,6.78,1.78,1.19
2025-01-04 16:00:00,N003,0.0,11.48,10.15,7.0,2.0,1.33
2025-01-04 16:00:00,N004,0.0,8.72,6.67,8.07,3.07,2.05
2025-01-04 16:00:00,N005,0.0,7.92,5.89,8.04,3.04,2.03
2025-01-04 16:00:00,N006,0.0,13.89,12.93,6.44,1.44,0.96
2025-01-04 16:00:00,N007,0.0,10.74,7.2,10.31,5.31,3.54
2025-01-04 16:00:00,N008,0.0,11.17,10.32,6.27,1.27,0.85
2025-01-04 16:00:00,N009,0.0,12.79,11.07,7.58,2.58,1.72
2025-01-04 16:00:00,N010,0.0,11.68,8.91,9.16,4.16,2.77
2025-01-04 16:00:00,N011,0.0,7.99,5.76,8.34,3.34,2.23
2025-01-04 16:00:00,N012,0.0,10.72,8.27,8.68,3.68,2.45
2025-01-04 16:00:00,N013,0.0,8.21,7.58,5.95,0.95,0.63
2025-01-04 16:00:00,N014,0.0,10.44,9.35,6.64,1.64,1.09
2025-01-04 16:00:00,N015,0.0,11.7,10.82,6.32,1.32,0.88
2025-01-04 16:00:00,N016,0.0,7.54,6.7,6.26,1.26,0.84
2025-01-04 16:00:00,N017,0.0,8.81,7.88,6.4,1.4,0.93
2025-01-04 16:00:00,N018,0.0,9.4,6.36,9.56,4.56,3.04
2025-01-04 16:00:00,N019,0.0,7.65,7.24,5.61,0.61,0.41
2025-01-04 16:00:00,N020,0.0,13.64,10.02,10.43,5.43,3.62
2025-01-04 17:00:00,N001,0.0,10.42,8.33,8.13,3.13,2.09
2025-01-04 17:00:00,N002,0.0,8.03,6.29,7.61,2.61,1.74
2025-01-04 17:00:00,N003,0.0,12.04,9.13,9.37,4.37,2.91
2025-01-04 17:00:00,N004,0.0,11.84,7.95,10.83,5.83,3.89
2025-01-04 17:00:00,N005,0.0,11.09,8.79,8.45,3.45,2.3
2025-01-04 17:00:00,N006,0.0,5.66,4.41,6.88,1.88,1.25
2025-01-04 17:00:00,N007,0.0,10.84,8.38,8.69,3.69,2.46
2025-01-04 17:00:00,N008,0.0,12.62,10.59,8.04,3.04,2.03
2025-01-04 17:00:00,N009,0.0,7.82,5.12,9.05,4.05,2.7
2025-01-04 17:00:00,N010,0.0,9.49,6.84,8.97,3.97,2.65
2025-01-04 17:00:00,N011,0.0,11.37,9.12,8.38,3.38,2.25
2025-01-04 17:00:00,N012,0.0,8.32,7.8,5.78,0.78,0.52
2025-01-04 17:00:00,N013,0.0,12.88,8.41,11.71,6.71,4.47
2025-01-04 17:00:00,N014,0.0,8.98,7.42,7.34,2.34,1.56
2025-01-04 17:00:00,N015,0.0,12.29,9.55,9.11,4.11,2.74
2025-01-04 17:00:00,N016,0.0,5.0,3.91,6.64,1.64,1.09
2025-01-04 17:00:00,N017,0.0,8.23,6.8,7.15,2.15,1.43
2025-01-04 17:00:00,N018,0.0,11.54,8.32,9.83,4.83,3.22
2025-01-04 17:00:00,N019,0.0,12.19,8.87,9.98,4.98,3.32
2025-01-04 17:00:00,N020,0.0,10.85,9.23,7.43,2.43,1.62
2025-01-04 18:00:00,N001,0.0,8.64,7.24,7.1,2.1,1.4
2025-01-04 18:00:00,N002,0.0,5.0,4.74,5.39,0.39,0.26
2025-01-04 18:00:00,N003,0.0,5.97,5.52,5.68,0.68,0.45
2025-01-04 18:00:00,N004,0.0,5.0,3.93,6.6,1.6,1.07
2025-01-04 18:00:00,N005,0.0,11.27,7.98,9.94,4.94,3.29
2025-01-04 18:00:00,N006,0.0,13.23,9.58,10.47,5.47,3.65
2025-01-04 18:00:00,N007,0.0,9.5,7.69,7.71,2.71,1.81
2025-01-04 18:00:00,N008,0.0,11.25,9.14,8.17,3.17,2.11
2025-01-04 18:00:00,N009,0.0,9.37,7.84,7.29,2.29,1.53
2025-01-04 18:00:00,N010,0.0,8.12,7.17,6.42,1.42,0.95
2025-01-04 18:00:00,N011,0.0,8.87,8.23,5.96,0.96,0.64
2025-01-04 18:00:00,N012,0.0,9.06,7.03,8.04,3.04,2.03
2025-01-04 18:00:00,N013,0.0,8.29,7.05,6.86,1.86,1.24
2025-01-04 18:00:00,N014,0.0,10.07,8.32,7.62,2.62,1.75
2025-01-04 18:00:00,N015,0.0,10.96,9.48,7.22,2.22,1.48
2025-01-04 18:00:00,N016,0.0,7.89,6.72,6.75,1.75,1.17
2025-01-04 18:00:00,N017,0.0,11.72,8.78,9.41,4.41,2.94
2025-01-04 18:00:00,N018,0.0,10.5,9.94,5.84,0.84,0.56
2025-01-04 18:00:00,N019,0.0,12.94,9.23,10.56,5.56,3.71
2025-01-04 18:00:00,N020,0.0,8.6,6.32,8.42,3.42,2.28
2025-01-04 19:00:00,N001,0.0,7.11,6.5,5.92,0.92,0.61
2025-01-04 19:00:00,N002,0.0,9.03,6.79,8.36,3.36,2.24
2025-01-04 19:00:00,N003,0.0,11.9,8.31,10.38,5.38,3.59
2025-01-04 19:00:00,N004,0.0,11.05,9.23,7.73,2.73,1.82
2025-01-04 19:00:00,N005,0.0,10.25,7.8,8.68,3.68,2.45
2025-01-04 19:00:00,N006,0.0,9.06,8.09,6.46,1.46,0.97
2025-01-04 19:00:00,N007,0.0,11.15,9.83,6.98,1.98,1.32
2025-01-04 19:00:00,N008,0.0,9.74,8.95,6.19,1.19,0.79
2025-01-04 19:00:00,N009,0.0,8.78,7.95,6.24,1.24,0.83
2025-01-04 19:00:00,N010,0.0,11.19,10.47,6.08,1.08,0.72
2025-01-04 19:00:00,N011,0.0,14.78,9.68,12.65,7.65,5.1
2025-01-04 19:00:00,N012,0.0,12.37,8.21,11.24,6.24,4.16
2025-01-04 19:00:00,N013,0.0,11.45,10.27,6.77,1.77,1.18
2025-01-04 19:00:00,N014,0.0,10.22,8.3,7.88,2.88,1.92
2025-01-04 19:00:00,N015,0.0,9.84,8.42,7.13,2.13,1.42
2025-01-04 19:00:00,N016,0.0,5.0,4.4,5.9,0.9,0.6
2025-01-04 19:00:00,N017,0.0,7.62,5.35,8.41,3.41,2.27
2025-01-04 19:00:00,N018,0.0,9.9,8.26,7.46,2.46,1.64
2025-01-04 19:00:00,N019,0.0,8.42,6.11,8.46,3.46,2.31
2025-01-04 19:00:00,N020,0.0,10.07,9.02,6.58,1.58,1.05
2025-01-04 20:00:00,N001,0.0,10.0,8.76,6.86,1.86,1.24
2025-01-04 20:00:00,N002,0.0,10.83,8.82,8.01,3.01,2.01
2025-01-04 20:00:00,N003,0.0,8.26,7.48,6.17,1.17,0.78
2025-01-04 20:00:00,N004,0.0,10.2,6.93,9.91,4.91,3.27
2025-01-04 20:00:00,N005,0.0,9.53,6.56,9.46,4.46,2.97
2025-01-04 20:00:00,N006,0.0,9.19,6.25,9.41,4.41,2.94
2025-01-04 20:00:00,N007,0.0,7.01,5.05,7.94,2.94,1.96
2025-01-04 20:00:00,N008,0.0,12.56,9.05,10.26,5.26,3.51
2025-01-04 20:00:00,N009,0.0,11.34,10.32,6.53,1.53,1.02
2025-01-04 20:00:00,N010,0.0,10.77,7.41,10.04,5.04,3.36
2025-01-04 20:00:00,N011,0.0,7.63,6.7,6.4,1.4,0.93
2025-01-04 20:00:00,N012,0.0,9.49,7.61,7.82,2.82,1.88
2025-01-04 20:00:00,N013,0.0,11.29,8.67,8.93,3.93,2.62
2025-01-04 20:00:00,N014,0.0,10.04,8.01,8.04,3.04,2.03
2025-01-04 20:00:00,N015,0.0,7.81,7.03,6.17,1.17,0.78
2025-01-04 20:00:00,N016,0.0,5.0,3.75,6.88,1.88,1.25
2025-01-04 20:00:00,N017,0.0,15.51,13.78,7.59,2.59,1.73
2025-01-04 20:00:00,N018,0.0,9.39,7.04,8.53,3.53,2.35
2025-01-04 20:00:00,N019,0.0,9.47,7.02,8.68,3.68,2.45
2025-01-04 20:00:00,N020,0.0,9.2,7.25,7.92,2.92,1.95
2025-01-04 21:00:00,N001,0.0,10.97,8.3,9.0,4.0,2.67
2025-01-04 21:00:00,N002,0.0,6.1,5.73,5.55,0.55,0.37
2025-01-04 21:00:00,N003,0.0,7.21,5.68,7.29,2.29,1.53
2025-01-04 21:00:00,N004,0.0,8.58,6.11,8.71,3.71,2.47
2025-01-04 21:00:00,N005,0.0,12.85,10.53,8.48,3.48,2.32
2025-01-04 21:00:00,N006,0.0,9.16,7.99,6.75,1.75,1.17
2025-01-04 21:00:00,N007,0.0,10.61,9.2,7.11,2.11,1.41
2025-01-04 21:00:00,N008,0.0,9.5,8.76,6.11,1.11,0.74
2025-01-04 21:00:00,N009,0.0,9.68,6.53,9.72,4.72,3.15
2025-01-04 21:00:00,N010,0.0,9.63,8.99,5.96,0.96,0.64
2025-01-04 21:00:00,N011,0.0,9.87,8.03,7.76,2.76,1.84
2025-01-04 21:00:00,N012,0.0,10.48,9.02,7.19,2.19,1.46
2025-01-04 21:00:00,N013,0.0,11.74,8.03,10.56,5.56,3.71
2025-01-04 21:00:00,N014,0.0,7.63,7.25,5.57,0.57,0.38
2025-01-04 21:00:00,N015,0.0,11.18,8.27,9.37,4.37,2.91
2025-01-04 21:00:00,N016,0.0,11.24,8.27,9.46,4.46,2.97
2025-01-04 21:00:00,N017,0.0,12.7,8.55,11.23,6.23,4.15
2025-01-04 21:00:00,N018,0.0,8.69,5.92,9.16,4.16,2.77
2025-01-04 21:00:00,N019,0.0,11.37,10.13,6.86,1.86,1.24
2025-01-04 21:00:00,N020,0.0,9.72,7.37,8.53,3.53,2.35
2025-01-04 22:00:00,N001,0.0,8.88,7.07,7.71,2.71,1.81
2025-01-04 22:00:00,N002,0.0,10.96,10.24,6.08,1.08,0.72
2025-01-04 22:00:00,N003,0.0,12.36,8.27,11.13,6.13,4.09
2025-01-04 22:00:00,N004,0.0,14.69,9.69,12.5,7.5,5.0
2025-01-04 22:00:00,N005,0.0,11.74,10.58,6.74,1.74,1.16
2025-01-04 22:00:00,N006,0.0,11.9,8.81,9.63,4.63,3.09
2025-01-04 22:00:00,N007,0.0,8.63,6.88,7.62,2.62,1.75
2025-01-04 22:00:00,N008,0.0,7.3,6.91,5.58,0.58,0.39
2025-01-04 22:00:00,N009,0.0,10.29,9.27,6.53,1.53,1.02
2025-01-04 22:00:00,N010,0.0,8.96,7.24,7.58,2.58,1.72
2025-01-04 22:00:00,N011,0.0,7.51,5.6,7.86,2.86,1.91
2025-01-04 22:00:00,N012,0.0,10.47,7.47,9.5,4.5,3.0
2025-01-04 22:00:00,N013,0.0,8.64,5.99,8.97,3.97,2.65
2025-01-04 22:00:00,N014,0.0,11.94,10.06,7.82,2.82,1.88
2025-01-04 22:00:00,N015,0.0,8.3,7.49,6.22,1.22,0.81
2025-01-04 22:00:00,N016,0.0,10.95,7.36,10.38,5.38,3.59
2025-01-04 22:00:00,N017,0.0,8.46,7.15,6.97,1.97,1.31
2025-01-04 22:00:00,N018,0.0,13.22,12.35,6.3,1.3,0.87
2025-01-04 22:00:00,N019,0.0,8.36,5.56,9.2,4.2,2.8
2025-01-04 22:00:00,N020,0.0,7.56,5.19,8.56,3.56,2.37
2025-01-04 23:00:00,N001,0.0,6.62,5.9,6.08,1.08,0.72
2025-01-04 23:00:00,N002,0.0,7.76,5.9,7.79,2.79,1.86
2025-01-04 23:00:00,N003,0.0,7.95,6.85,6.65,1.65,1.1
2025-01-04 23:00:00,N004,0.0,9.25,7.03,8.33,3.33,2.22
2025-01-04 23:00:00,N005,0.0,10.54,9.97,5.85,0.85,0.57
2025-01-04 23:00:00,N006,0.0,8.35,6.41,7.91,2.91,1.94
2025-01-04 23:00:00,N007,0.0,11.65,8.18,10.21,5.21,3.47
2025-01-04 23:00:00,N008,0.0,10.32,9.32,6.5,1.5,1.0
2025-01-04 23:00:00,N009,0.0,12.7,11.66,6.56,1.56,1.04
2025-01-04 23:00:00,N010,0.0,12.59,8.54,11.07,6.07,4.05
2025-01-04 23:00:00,N011,0.0,13.33,11.09,8.36,3.36,2.24
2025-01-04 23:00:00,N012,0.0,10.61,9.43,6.77,1.77,1.18
2025-01-04 23:00:00,N013,0.0,9.1,6.39,9.06,4.06,2.71
2025-01-04 23:00:00,N014,0.0,10.48,6.87,10.42,5.42,3.61
2025-01-04 23:00:00,N015,0.0,12.19,10.35,7.76,2.76,1.84
2025-01-04 23:00:00,N016,0.0,5.62,4.02,7.4,2.4,1.6
2025-01-04 23:00:00,N017,0.0,10.01,6.8,9.81,4.81,3.21
2025-01-04 23:00:00,N018,0.0,12.46,10.48,7.97,2.97,1.98
2025-01-04 23:00:00,N019,0.0,11.17,9.1,8.1,3.1,2.07
2025-01-04 23:00:00,N020,0.0,9.59,8.11,7.22,2.22,1.48
2025-01-05 00:00:00,N001,0.0,8.52,6.04,8.72,3.72,2.48
2025-01-05 00:00:00,N002,0.0,7.33,6.0,7.0,2.0,1.33
2025-01-05 00:00:00,N003,0.0,11.58,9.5,8.12,3.12,2.08
2025-01-05 00:00:00,N004,0.0,11.94,9.31,8.94,3.94,2.63
2025-01-05 00:00:00,N005,0.0,9.9,7.59,8.46,3.46,2.31
2025-01-05 00:00:00,N006,0.0,11.01,8.21,9.2,4.2,2.8
2025-01-05 00:00:00,N007,0.0,8.69,6.46,8.34,3.34,2.23
2025-01-05 00:00:00,N008,0.0,9.53,7.46,8.1,3.1,2.07
2025-01-05 00:00:00,N009,0.0,13.06,10.23,9.25,4.25,2.83
2025-01-05 00:00:00,N010,0.0,9.84,7.48,8.54,3.54,2.36
2025-01-05 00:00:00,N011,0.0,12.76,10.3,8.69,3.69,2.46
2025-01-05 00:00:00,N012,0.0,10.23,7.48,9.12,4.12,2.75
2025-01-05 00:00:00,N013,0.0,10.57,8.7,7.81,2.81,1.87
2025-01-05 00:00:00,N014,0.0,9.71,6.4,9.96,4.96,3.31
2025-01-05 00:00:00,N015,0.0,10.39,7.87,8.78,3.78,2.52
2025-01-05 00:00:00,N016,0.0,14.78,10.46,11.48,6.48,4.32
2025-01-05 00:00:00,N017,0.0,9.77,6.5,9.91,4.91,3.27
2025-01-05 00:00:00,N018,0.0,11.13,9.63,7.25,2.25,1.5
2025-01-05 00:00:00,N019,0.0,11.42,9.97,7.17,2.17,1.45
2025-01-05 00:00:00,N020,0.0,16.23,11.47,12.14,7.14,4.76
2025-01-05 01:00:00,N001,0.0,6.41,5.41,6.5,1.5,1.0
2025-01-05 01:00:00,N002,0.0,9.34,8.38,6.44,1.44,0.96
2025-01-05 01:00:00,N003,0.0,8.53,8.05,5.72,0.72,0.48
2025-01-05 01:00:00,N004,0.0,9.72,8.39,7.0,2.0,1.33
2025-01-05 01:00:00,N005,0.0,10.02,8.22,7.7,2.7,1.8
2025-01-05 01:00:00,N006,0.0,9.52,8.95,5.85,0.85,0.57
2025-01-05 01:00:00,N007,0.0,5.79,4.93,6.29,1.29,0.86
2025-01-05 01:00:00,N008,0.0,14.08,11.12,9.44,4.44,2.96
2025-01-05 01:00:00,N009,0.0,9.63,7.94,7.54,2.54,1.69
2025-01-05 01:00:00,N010,0.0,6.8,4.76,8.06,3.06,2.04
2025-01-05 01:00:00,N011,0.0,12.58,9.45,9.7,4.7,3.13
2025-01-05 01:00:00,N012,0.0,10.03,9.26,6.16,1.16,0.77
2025-01-05 01:00:00,N013,0.0,11.46,10.51,6.42,1.42,0.95
2025-01-05 01:00:00,N014,0.0,11.08,8.96,8.18,3.18,2.12
2025-01-05 01:00:00,N015,0.0,14.37,12.54,7.75,2.75,1.83
2025-01-05 01:00:00,N016,0.0,8.63,7.07,7.34,2.34,1.56
2025-01-05 01:00:00,N017,0.0,9.66,8.29,7.06,2.06,1.37
2025-01-05 01:00:00,N018,0.0,8.37,6.14,8.34,3.34,2.23
2025-01-05 01:00:00,N019,0.0,5.85,5.31,5.81,0.81,0.54
2025-01-05 01:00:00,N020,0.0,9.96,9.11,6.27,1.27,0.85
2025-01-05 02:00:00,N001,0.0,10.68,9.79,6.33,1.33,0.89
2025-01-05 02:00:00,N002,0.0,9.46,7.04,8.63,3.63,2.42
2025-01-05 02:00:00,N003,0.0,11.42,8.63,9.19,4.19,2.79
2025-01-05 02:00:00,N004,0.0,10.04,7.72,8.48,3.48,2.32
2025-01-05 02:00:00,N005,0.0,9.33,8.63,6.05,1.05,0.7
2025-01-05 02:00:00,N006,0.0,7.32,5.87,7.17,2.17,1.45
2025-01-05 02:00:00,N007,0.0,9.96,7.26,9.05,4.05,2.7
2025-01-05 02:00:00,N008,0.0,10.58,7.38,9.8,4.8,3.2
2025-01-05 02:00:00,N009,0.0,11.22,10.46,6.14,1.14,0.76
2025-01-05 02:00:00,N010,0.0,6.89,5.54,7.03,2.03,1.35
2025-01-05 02:00:00,N011,0.0,10.67,7.3,10.05,5.05,3.37
2025-01-05 02:00:00,N012,0.0,12.96,10.48,8.72,3.72,2.48
2025-01-05 02:00:00,N013,0.0,11.91,9.47,8.66,3.66,2.44
2025-01-05 02:00:00,N014,0.0,14.65,11.95,9.05,4.05,2.7
2025-01-05 02:00:00,N015,0.0,6.36,4.5,7.79,2.79,1.86
2025-01-05 02:00:00,N016,0.0,8.59,6.63,7.94,2.94,1.96
2025-01-05 02:00:00,N017,0.0,9.77,8.36,7.11,2.11,1.41
2025-01-05 02:00:00,N018,0.0,9.31,6.8,8.76,3.76,2.51
2025-01-05 02:00:00,N019,0.0,8.47,7.45,6.53,1.53,1.02
2025-01-05 02:00:00,N020,0.0,10.14,9.1,6.56,1.56,1.04
2025-01-05 03:00:00,N001,0.0,10.5,9.74,6.14,1.14,0.76
2025-01-05 03:00:00,N002,0.0,10.16,6.96,9.8,4.8,3.2
2025-01-05 03:00:00,N003,0.0,7.85,6.24,7.42,2.42,1.61
2025-01-05 03:00:00,N004,0.0,10.16,6.63,10.29,5.29,3.53
2025-01-05 03:00:00,N005,0.0,9.92,7.59,8.5,3.5,2.33
2025-01-05 03:00:00,N006,0.0,7.19,6.22,6.46,1.46,0.97
2025-01-05 03:00:00,N007,0.0,6.84,4.89,7.92,2.92,1.95
2025-01-05 03:00:00,N008,0.0,11.63,8.02,10.42,5.42,3.61
2025-01-05 03:00:00,N009,0.0,9.48,8.38,6.65,1.65,1.1
2025-01-05 03:00:00,N010,0.0,9.86,6.65,9.81,4.81,3.21
2025-01-05 03:00:00,N011,0.0,9.45,8.43,6.53,1.53,1.02
2025-01-05 03:00:00,N012,0.0,9.97,9.22,6.12,1.12,0.75
2025-01-05 03:00:00,N013,0.0,10.87,9.62,6.88,1.88,1.25
2025-01-05 03:00:00,N014,0.0,11.69,10.4,6.94,1.94,1.29
2025-01-05 03:00:00,N015,0.0,6.84,5.94,6.35,1.35,0.9
2025-01-05 03:00:00,N016,0.0,10.1,7.04,9.59,4.59,3.06
2025-01-05 03:00:00,N017,0.0,8.62,6.09,8.79,3.79,2.53
2025-01-05 03:00:00,N018,0.0,8.68,8.24,5.66,0.66,0.44
2025-01-05 03:00:00,N019,0.0,12.07,11.11,6.44,1.44,0.96
2025-01-05 03:00:00,N020,0.0,9.19,6.0,9.79,4.79,3.19
2025-01-05 04:00:00,N001,0.0,9.75,8.94,6.22,1.22,0.81
2025-01-05 04:00:00,N002,0.0,9.58,7.97,7.42,2.42,1.61
2025-01-05 04:00:00,N003,0.0,11.04,8.07,9.46,4.46,2.97
2025-01-05 04:00:00,N004,0.0,8.94,6.04,9.35,4.35,2.9
2025-01-05 04:00:00,N005,0.0,10.27,8.04,8.34,3.34,2.23
2025-01-05 04:00:00,N006,0.0,15.84,12.78,9.59,4.59,3.06
2025-01-05 04:00:00,N007,0.0,9.82,8.48,7.01,2.01,1.34
2025-01-05 04:00:00,N008,0.0,10.03,6.68,10.03,5.03,3.35
2025-01-05 04:00:00,N009,0.0,8.47,6.97,7.25,2.25,1.5
2025-01-05 04:00:00,N010,0.0,7.74,5.86,7.82,2.82,1.88
2025-01-05 04:00:00,N011,0.0,11.1,8.61,8.74,3.74,2.49
2025-01-05 04:00:00,N012,0.0,13.6,8.86,12.11,7.11,4.74
2025-01-05 04:00:00,N013,0.0,10.44,7.63,9.21,4.21,2.81
2025-01-05 04:00:00,N014,0.0,9.11,7.48,7.44,2.44,1.63
2025-01-05 04:00:00,N015,0.0,9.26,7.16,8.15,3.15,2.1
2025-01-05 04:00:00,N016,0.0,10.43,6.93,10.25,5.25,3.5
2025-01-05 04:00:00,N017,0.0,11.11,8.23,9.32,4.32,2.88
2025-01-05 04:00:00,N018,0.0,8.82,7.99,6.24,1.24,0.83
2025-01-05 04:00:00,N019,0.0,8.31,6.03,8.42,3.42,2.28
2025-01-05 04:00:00,N020,0.0,11.85,9.77,8.12,3.12,2.08
2025-01-05 05:00:00,N001,0.0,14.76,13.17,7.39,2.39,1.59
2025-01-05 05:00:00,N002,0.0,11.65,7.98,10.5,5.5,3.67
2025-01-05 05:00:00,N003,0.0,10.21,7.58,8.94,3.94,2.63
2025-01-05 05:00:00,N004,0.0,7.84,6.89,6.42,1.42,0.95
2025-01-05 05:00:00,N005,0.0,10.58,8.06,8.78,3.78,2.52
2025-01-05 05:00:00,N006,0.0,8.99,7.8,6.78,1.78,1.19
2025-01-05 05:00:00,N007,0.0,9.55,7.76,7.69,2.69,1.79
2025-01-05 05:00:00,N008,0.0,8.14,5.71,8.65,3.65,2.43
2025-01-05 05:00:00,N009,0.0,11.2,9.63,7.35,2.35,1.57
2025-01-05 05:00:00,N010,0.0,11.92,8.24,10.52,5.52,3.68
2025-01-05 05:00:00,N011,0.0,10.62,7.98,8.96,3.96,2.64
2025-01-05 05:00:00,N012,0.0,14.14,11.68,8.69,3.69,2.46
2025-01-05 05:00:00,N013,0.0,9.8,8.7,6.65,1.65,1.1
2025-01-05 05:00:00,N014,0.0,8.32,7.64,6.02,1.02,0.68
2025-01-05 05:00:00,N015,0.0,8.8,8.09,6.06,1.06,0.71
2025-01-05 05:00:00,N016,0.0,6.88,6.24,5.96,0.96,0.64
2025-01-05 05:00:00,N017,0.0,8.07,6.26,7.71,2.71,1.81
2025-01-05 05:00:00,N018,0.0,8.92,6.66,8.39,3.39,2.26
2025-01-05 05:00:00,N019,0.0,9.18,7.18,8.0,3.0,2.0
2025-01-05 05:00:00,N020,0.0,8.52,7.45,6.6,1.6,1.07
2025-01-05 06:00:00,N001,0.0,10.54,9.2,7.01,2.01,1.34
2025-01-05 06:00:00,N002,0.0,10.83,7.46,10.05,5.05,3.37
2025-01-05 06:00:00,N003,0.0,12.18,8.15,11.04,6.04,4.03
2025-01-05 06:00:00,N004,0.0,8.9,8.08,6.23,1.23,0.82
2025-01-05 06:00:00,N005,0.0,7.33,5.92,7.11,2.11,1.41
2025-01-05 06:00:00,N006,0.0,11.45,8.24,9.81,4.81,3.21
2025-01-05 06:00:00,N007,0.0,9.18,6.01,9.75,4.75,3.17
2025-01-05 06:00:00,N008,0.0,11.57,8.74,9.25,4.25,2.83
2025-01-05 06:00:00,N009,0.0,8.45,6.04,8.62,3.62,2.41
2025-01-05 06:00:00,N010,0.0,10.16,9.05,6.67,1.67,1.11
2025-01-05 06:00:00,N011,0.0,13.24,10.02,9.83,4.83,3.22
2025-01-05 06:00:00,N012,0.0,10.83,8.0,9.25,4.25,2.83
2025-01-05 06:00:00,N013,0.0,13.15,9.74,10.12,5.12,3.41
2025-01-05 06:00:00,N014,0.0,10.91,9.77,6.71,1.71,1.14
2025-01-05 06:00:00,N015,0.0,10.16,9.36,6.2,1.2,0.8
2025-01-05 06:00:00,N016,0.0,11.52,8.29,9.84,4.84,3.23
2025-01-05 06:00:00,N017,0.0,11.72,9.08,8.96,3.96,2.64
2025-01-05 06:00:00,N018,0.0,11.11,8.68,8.65,3.65,2.43
2025-01-05 06:00:00,N019,0.0,8.48,5.7,9.17,4.17,2.78
2025-01-05 06:00:00,N020,0.0,8.04,6.26,7.67,2.67,1.78
2025-01-05 07:00:00,N001,0.0,8.39,5.68,9.06,4.06,2.71
2025-01-05 07:00:00,N002,0.0,10.38,9.26,6.68,1.68,1.12
2025-01-05 07:00:00,N003,0.0,6.98,5.26,7.58,2.58,1.72
2025-01-05 07:00:00,N004,0.0,9.56,7.83,7.59,2.59,1.73
2025-01-05 07:00:00,N005,0.0,12.17,11.54,5.95,0.95,0.63
2025-01-05 07:00:00,N006,0.0,10.42,7.0,10.13,5.13,3.42
2025-01-05 07:00:00,N007,0.0,10.95,7.4,10.32,5.32,3.55
2025-01-05 07:00:00,N008,0.0,6.51,5.11,7.1,2.1,1.4
2025-01-05 07:00:00,N009,0.0,10.51,7.74,9.16,4.16,2.77
2025-01-05 07:00:00,N010,0.0,12.39,8.65,10.61,5.61,3.74
2025-01-05 07:00:00,N011,0.0,8.97,8.27,6.05,1.05,0.7
2025-01-05 07:00:00,N012,0.0,8.4,6.05,8.53,3.53,2.35
2025-01-05 07:00:00,N013,0.0,9.31,8.48,6.24,1.24,0.83
2025-01-05 07:00:00,N014,0.0,11.54,8.07,10.21,5.21,3.47
2025-01-05 07:00:00,N015,0.0,6.6,5.19,7.11,2.11,1.41
2025-01-05 07:00:00,N016,0.0,8.88,5.92,9.44,4.44,2.96
2025-01-05 07:00:00,N017,0.0,9.45,7.04,8.62,3.62,2.41
2025-01-05 07:00:00,N018,0.0,5.6,5.11,5.73,0.73,0.49
2025-01-05 07:00:00,N019,0.0,10.34,7.66,9.02,4.02,2.68
2025-01-05 07:00:00,N020,0.0,12.32,9.18,9.71,4.71,3.14
2025-01-05 08:00:00,N001,0.0,6.39,4.75,7.46,2.46,1.64
2025-01-05 08:00:00,N002,0.0,9.45,7.64,7.71,2.71,1.81
2025-01-05 08:00:00,N003,0.0,9.62,8.56,6.59,1.59,1.06
2025-01-05 08:00:00,N004,0.0,7.01,5.45,7.34,2.34,1.56
2025-01-05 08:00:00,N005,0.0,7.52,5.01,8.76,3.76,2.51
2025-01-05 08:00:00,N006,0.0,7.75,6.89,6.29,1.29,0.86
2025-01-05 08:00:00,N007,0.0,7.81,7.26,5.83,0.83,0.55
2025-01-05 08:00:00,N008,0.0,9.86,8.51,7.03,2.03,1.35
2025-01-05 08:00:00,N009,0.0,15.14,14.23,6.36,1.36,0.91
2025-01-05 08:00:00,N010,0.0,5.5,4.91,5.89,0.89,0.59
2025-01-05 08:00:00,N011,0.0,8.83,6.81,8.03,3.03,2.02
2025-01-05 08:00:00,N012,0.0,8.76,5.93,9.25,4.25,2.83
2025-01-05 08:00:00,N013,0.0,11.68,8.14,10.31,5.31,3.54
2025-01-05 08:00:00,N014,0.0,10.05,8.4,7.47,2.47,1.65
2025-01-05 08:00:00,N015,0.0,7.34,4.93,8.62,3.62,2.41
2025-01-05 08:00:00,N016,0.0,5.64,5.24,5.6,0.6,0.4
2025-01-05 08:00:00,N017,0.0,10.21,7.64,8.85,3.85,2.57
2025-01-05 08:00:00,N018,0.0,10.3,7.55,9.12,4.12,2.75
2025-01-05 08:00:00,N019,0.0,10.48,9.67,6.22,1.22,0.81
2025-01-05 08:00:00,N020,0.0,11.47,7.72,10.62,5.62,3.75
2025-01-05 09:00:00,N001,0.0,6.21,4.37,7.76,2.76,1.84
2025-01-05 09:00:00,N002,0.0,10.62,9.96,5.99,0.99,0.66
2025-01-05 09:00:00,N003,0.0,8.3,6.24,8.09,3.09,2.06
2025-01-05 09:00:00,N004,0.0,10.01,7.81,8.3,3.3,2.2
2025-01-05 09:00:00,N005,0.0,8.95,6.53,8.63,3.63,2.42
2025-01-05 09:00:00,N006,0.0,8.95,6.37,8.87,3.87,2.58
2025-01-05 09:00:00,N007,0.0,9.24,8.59,5.98,0.98,0.65
2025-01-05 09:00:00,N008,0.0,6.05,4.58,7.21,2.21,1.47
2025-01-05 09:00:00,N009,0.0,10.07,9.27,6.2,1.2,0.8
2025-01-05 09:00:00,N010,0.0,7.62,5.83,7.69,2.69,1.79
2025-01-05 09:00:00,N011,0.0,11.93,7.77,11.24,6.24,4.16
2025-01-05 09:00:00,N012,0.0,9.96,7.73,8.34,3.34,2.23
2025-01-05 09:00:00,N013,0.0,8.63,7.28,7.03,2.03,1.35
2025-01-05 09:00:00,N014,0.0,8.77,5.84,9.4,4.4,2.93
2025-01-05 09:00:00,N015,0.0,11.38,9.05,8.5,3.5,2.33
2025-01-05 09:00:00,N016,0.0,8.77,8.27,5.75,0.75,0.5
2025-01-05 09:00:00,N017,0.0,8.8,6.18,8.93,3.93,2.62
2025-01-05 09:00:00,N018,0.0,8.73,8.06,6.01,1.01,0.67
2025-01-05 09:00:00,N019,0.0,7.3,4.85,8.68,3.68,2.45
2025-01-05 09:00:00,N020,0.0,13.54,11.1,8.66,3.66,2.44
2025-01-05 10:00:00,N001,0.0,9.12,7.7,7.13,2.13,1.42
2025-01-05 10:00:00,N002,0.0,10.22,8.6,7.43,2.43,1.62
2025-01-05 10:00:00,N003,0.0,8.74,6.02,9.08,4.08,2.72
2025-01-05 10:00:00,N004,0.0,9.44,7.48,7.94,2.94,1.96
2025-01-05 10:00:00,N005,0.0,12.18,9.05,9.7,4.7,3.13
2025-01-05 10:00:00,N006,0.0,8.5,7.74,6.14,1.14,0.76
2025-01-05 10:00:00,N007,0.0,9.35,8.22,6.69,1.69,1.13
2025-01-05 10:00:00,N008,0.0,10.25,7.37,9.32,4.32,2.88
2025-01-05 10:00:00,N009,0.0,9.66,6.3,10.04,5.04,3.36
2025-01-05 10:00:00,N010,0.0,13.27,10.06,9.81,4.81,3.21
2025-01-05 10:00:00,N011,0.0,13.92,13.04,6.32,1.32,0.88
2025-01-05 10:00:00,N012,0.0,10.9,8.39,8.76,3.76,2.51
2025-01-05 10:00:00,N013,0.0,10.27,7.07,9.8,4.8,3.2
2025-01-05 10:00:00,N014,0.0,10.86,8.24,8.93,3.93,2.62
2025-01-05 10:00:00,N015,0.0,9.24,7.67,7.35,2.35,1.57
2025-01-05 10:00:00,N016,0.0,14.17,10.97,9.8,4.8,3.2
2025-01-05 10:00:00,N017,0.0,5.61,5.04,5.85,0.85,0.57
2025-01-05 10:00:00,N018,0.0,13.2,8.73,11.71,6.71,4.47
2025-01-05 10:00:00,N019,0.0,10.33,9.3,6.54,1.54,1.03
2025-01-05 10:00:00,N020,0.0,7.24,5.36,7.82,2.82,1.88
2025-01-05 11:00:00,N001,0.0,7.9,5.21,9.04,4.04,2.69
2025-01-05 11:00:00,N002,0.0,5.0,3.61,7.08,2.08,1.39
2025-01-05 11:00:00,N003,0.0,9.55,7.87,7.52,2.52,1.68
2025-01-05 11:00:00,N004,0.0,9.72,8.98,6.11,1.11,0.74
2025-01-05 11:00:00,N005,0.0,12.39,8.75,10.46,5.46,3.64
2025-01-05 11:00:00,N006,0.0,6.96,6.13,6.24,1.24,0.83
2025-01-05 11:00:00,N007,0.0,7.52,4.89,8.94,3.94,2.63
2025-01-05 11:00:00,N008,0.0,6.99,4.98,8.01,3.01,2.01
2025-01-05 11:00:00,N009,0.0,11.51,8.14,10.05,5.05,3.37
2025-01-05 11:00:00,N010,0.0,8.77,7.98,6.19,1.19,0.79
2025-01-05 11:00:00,N011,0.0,9.64,8.43,6.81,1.81,1.21
2025-01-05 11:00:00,N012,0.0,9.78,8.75,6.54,1.54,1.03
2025-01-05 11:00:00,N013,0.0,9.68,9.15,5.8,0.8,0.53
2025-01-05 11:00:00,N014,0.0,15.0,10.44,11.84,6.84,4.56
2025-01-05 11:00:00,N015,0.0,7.54,6.23,6.97,1.97,1.31
2025-01-05 11:00:00,N016,0.0,11.9,10.72,6.77,1.77,1.18
2025-01-05 11:00:00,N017,0.0,9.27,7.87,7.1,2.1,1.4
2025-01-05 11:00:00,N018,0.0,6.66,5.12,7.31,2.31,1.54
2025-01-05 11:00:00,N019,0.0,8.05,6.16,7.83,2.83,1.89
2025-01-05 11:00:00,N020,0.0,10.81,7.09,10.58,5.58,3.72
2025-01-05 12:00:00,N001,0.0,9.87,7.98,7.83,2.83,1.89
2025-01-05 12:00:00,N002,0.0,7.1,5.65,7.17,2.17,1.45
2025-01-05 12:00:00,N003,0.0,7.91,5.73,8.27,3.27,2.18
2025-01-05 12:00:00,N004,0.0,9.95,9.19,6.14,1.14,0.76
2025-01-05 12:00:00,N005,0.0,10.06,8.89,6.75,1.75,1.17
2025-01-05 12:00:00,N006,0.0,11.38,9.45,7.9,2.9,1.93
2025-01-05 12:00:00,N007,0.0,9.99,7.04,9.43,4.43,2.95
2025-01-05 12:00:00,N008,0.0,8.93,6.96,7.96,2.96,1.97
2025-01-05 12:00:00,N009,0.0,8.66,6.1,8.84,3.84,2.56
2025-01-05 12:00:00,N010,0.0,10.39,8.74,7.47,2.47,1.65
2025-01-05 12:00:00,N011,0.0,13.29,11.69,7.4,2.4,1.6
2025-01-05 12:00:00,N012,0.0,10.78,8.57,8.31,3.31,2.21
2025-01-05 12:00:00,N013,0.0,12.37,8.36,11.01,6.01,4.01
2025-01-05 12:00:00,N014,0.0,13.08,12.12,6.44,1.44,0.96
2025-01-05 12:00:00,N015,0.0,8.49,7.03,7.19,2.19,1.46
2025-01-05 12:00:00,N016,0.0,10.77,7.14,10.45,5.45,3.63
2025-01-05 12:00:00,N017,0.0,10.82,7.69,9.7,4.7,3.13
2025-01-05 12:00:00,N018,0.0,9.45,7.88,7.35,2.35,1.57
2025-01-05 12:00:00,N019,0.0,9.62,6.96,8.99,3.99,2.66
2025-01-05 12:00:00,N020,0.0,9.79,7.59,8.3,3.3,2.2
2025-01-05 13:00:00,N001,0.0,10.84,7.67,9.75,4.75,3.17
2025-01-05 13:00:00,N002,0.0,10.44,9.63,6.22,1.22,0.81
2025-01-05 13:00:00,N003,0.0,11.32,7.77,10.32,5.32,3.55
2025-01-05 13:00:00,N004,0.0,13.53,12.36,6.75,1.75,1.17
2025-01-05 13:00:00,N005,0.0,8.98,6.59,8.58,3.58,2.39
2025-01-05 13:00:00,N006,0.0,5.0,4.67,5.49,0.49,0.33
2025-01-05 13:00:00,N007,0.0,9.36,6.54,9.23,4.23,2.82
2025-01-05 13:00:00,N008,0.0,6.44,5.61,6.24,1.24,0.83
2025-01-05 13:00:00,N009,0.0,10.66,7.33,10.0,5.0,3.33
2025-01-05 13:00:00,N010,0.0,11.9,8.21,10.54,5.54,3.69
2025-01-05 13:00:00,N011,0.0,8.52,7.38,6.71,1.71,1.14
2025-01-05 13:00:00,N012,0.0,11.73,8.4,10.0,5.0,3.33
2025-01-05 13:00:00,N013,0.0,14.17,9.65,11.78,6.78,4.52
2025-01-05 13:00:00,N014,0.0,7.98,7.32,5.99,0.99,0.66
2025-01-05 13:00:00,N015,0.0,11.57,9.12,8.68,3.68,2.45
2025-01-05 13:00:00,N016,0.0,8.88,7.32,7.34,2.34,1.56
2025-01-05 13:00:00,N017,0.0,8.78,7.55,6.84,1.84,1.23
2025-01-05 13:00:00,N018,0.0,13.14,8.75,11.58,6.58,4.39
2025-01-05 13:00:00,N019,0.0,9.74,7.04,9.05,4.05,2.7
2025-01-05 13:00:00,N020,0.0,12.26,11.23,6.54,1.54,1.03
2025-01-05 14:00:00,N001,0.0,12.76,10.12,8.96,3.96,2.64
2025-01-05 14:00:00,N002,0.0,8.66,7.63,6.54,1.54,1.03
2025-01-05 14:00:00,N003,0.0,10.01,7.74,8.41,3.41,2.27
2025-01-05 14:00:00,N004,0.0,7.04,6.2,6.26,1.26,0.84
2025-01-05 14:00:00,N005,0.0,6.54,5.44,6.65,1.65,1.1
2025-01-05 14:00:00,N006,0.0,12.67,10.08,8.88,3.88,2.59
2025-01-05 14:00:00,N007,0.0,7.36,5.98,7.07,2.07,1.38
2025-01-05 14:00:00,N008,0.0,10.04,8.83,6.81,1.81,1.21
2025-01-05 14:00:00,N009,0.0,8.1,5.54,8.84,3.84,2.56
2025-01-05 14:00:00,N010,0.0,9.32,6.57,9.12,4.12,2.75
2025-01-05 14:00:00,N011,0.0,8.87,7.88,6.48,1.48,0.99
2025-01-05 14:00:00,N012,0.0,7.01,4.92,8.13,3.13,2.09
2025-01-05 14:00:00,N013,0.0,10.14,8.45,7.54,2.54,1.69
2025-01-05 14:00:00,N014,0.0,6.51,5.63,6.32,1.32,0.88
2025-01-05 14:00:00,N015,0.0,9.2,8.66,5.81,0.81,0.54
2025-01-05 14:00:00,N016,0.0,8.51,5.81,9.05,4.05,2.7
2025-01-05 14:00:00,N017,0.0,9.79,7.66,8.19,3.19,2.13
2025-01-05 14:00:00,N018,0.0,11.23,9.13,8.15,3.15,2.1
2025-01-05 14:00:00,N019,0.0,9.31,8.48,6.24,1.24,0.83
2025-01-05 14:00:00,N020,0.0,5.83,4.55,6.92,1.92,1.28
2025-01-05 15:00:00,N001,0.0,10.17,6.75,10.13,5.13,3.42
2025-01-05 15:00:00,N002,0.0,7.93,7.21,6.08,1.08,0.72
2025-01-05 15:00:00,N003,0.0,10.79,9.97,6.23,1.23,0.82
2025-01-05 15:00:00,N004,0.0,9.15,8.43,6.08,1.08,0.72
2025-01-05 15:00:00,N005,0.0,11.11,7.37,10.61,5.61,3.74
2025-01-05 15:00:00,N006,0.0,6.19,4.85,7.01,2.01,1.34
2025-01-05 15:00:00,N007,0.0,8.47,5.51,9.44,4.44,2.96
2025-01-05 15:00:00,N008,0.0,8.79,5.92,9.3,4.3,2.87
2025-01-05 15:00:00,N009,0.0,9.1,6.88,8.33,3.33,2.22
2025-01-05 15:00:00,N010,0.0,7.57,7.11,5.69,0.69,0.46
2025-01-05 15:00:00,N011,0.0,9.71,8.86,6.27,1.27,0.85
2025-01-05 15:00:00,N012,0.0,10.09,6.84,9.88,4.88,3.25
2025-01-05 15:00:00,N013,0.0,11.16,7.43,10.59,5.59,3.73
2025-01-05 15:00:00,N014,0.0,12.82,10.73,8.13,3.13,2.09
2025-01-05 15:00:00,N015,0.0,10.04,7.38,8.99,3.99,2.66
2025-01-05 15:00:00,N016,0.0,7.07,6.38,6.03,1.03,0.69
2025-01-05 15:00:00,N017,0.0,9.23,7.36,7.81,2.81,1.87
2025-01-05 15:00:00,N018,0.0,10.4,9.81,5.89,0.89,0.59
2025-01-05 15:00:00,N019,0.0,9.91,8.34,7.35,2.35,1.57
2025-01-05 15:00:00,N020,0.0,7.53,5.87,7.49,2.49,1.66
2025-01-05 16:00:00,N001,0.0,11.14,10.29,6.27,1.27,0.85
2025-01-05 16:00:00,N002,0.0,9.34,6.9,8.66,3.66,2.44
2025-01-05 16:00:00,N003,0.0,10.06,7.63,8.65,3.65,2.43
2025-01-05 16:00:00,N004,0.0,11.03,10.44,5.89,0.89,0.59
2025-01-05 16:00:00,N005,0.0,10.21,9.54,6.01,1.01,0.67
2025-01-05 16:00:00,N006,0.0,9.36,7.58,7.67,2.67,1.78
2025-01-05 16:00:00,N007,0.0,13.78,9.76,11.03,6.03,4.02
2025-01-05 16:00:00,N008,0.0,9.67,8.43,6.86,1.86,1.24
2025-01-05 16:00:00,N009,0.0,10.62,9.65,6.46,1.46,0.97
2025-01-05 16:00:00,N010,0.0,7.39,5.95,7.16,2.16,1.44
2025-01-05 16:00:00,N011,0.0,7.53,5.5,8.04,3.04,2.03
2025-01-05 16:00:00,N012,0.0,8.63,6.99,7.46,2.46,1.64
2025-01-05 16:00:00,N013,0.0,9.72,7.74,7.97,2.97,1.98
2025-01-05 16:00:00,N014,0.0,11.18,8.17,9.51,4.51,3.01
2025-01-05 16:00:00,N015,0.0,6.75,6.29,5.69,0.69,0.46
2025-01-05 16:00:00,N016,0.0,5.0,3.31,7.54,2.54,1.69
2025-01-05 16:00:00,N017,0.0,16.2,14.23,7.96,2.96,1.97
2025-01-05 16:00:00,N018,0.0,9.48,8.85,5.95,0.95,0.63
2025-01-05 16:00:00,N019,0.0,10.59,8.33,8.39,3.39,2.26
2025-01-05 16:00:00,N020,0.0,9.52,8.61,6.36,1.36,0.91
2025-01-05 17:00:00,N001,0.0,5.39,4.44,6.42,1.42,0.95
2025-01-05 17:00:00,N002,0.0,9.28,8.54,6.11,1.11,0.74
2025-01-05 17:00:00,N003,0.0,12.21,10.15,8.09,3.09,2.06
2025-01-05 17:00:00,N004,0.0,12.88,8.68,11.3,6.3,4.2
2025-01-05 17:00:00,N005,0.0,5.13,3.47,7.49,2.49,1.66
2025-01-05 17:00:00,N006,0.0,11.37,7.99,10.07,5.07,3.38
2025-01-05 17:00:00,N007,0.0,10.07,7.53,8.81,3.81,2.54
2025-01-05 17:00:00,N008,0.0,10.54,9.94,5.9,0.9,0.6
2025-01-05 17:00:00,N009,0.0,8.81,5.79,9.53,4.53,3.02
2025-01-05 17:00:00,N010,0.0,6.65,5.39,6.89,1.89,1.26
2025-01-05 17:00:00,N011,0.0,9.53,8.75,6.17,1.17,0.78
2025-01-05 17:00:00,N012,0.0,9.76,7.08,9.02,4.02,2.68
2025-01-05 17:00:00,N013,0.0,10.37,8.0,8.56,3.56,2.37
2025-01-05 17:00:00,N014,0.0,9.16,6.55,8.92,3.92,2.61
2025-01-05 17:00:00,N015,0.0,10.72,8.4,8.48,3.48,2.32
2025-01-05 17:00:00,N016,0.0,7.61,6.83,6.17,1.17,0.78
2025-01-05 17:00:00,N017,0.0,15.85,11.17,12.02,7.02,4.68
2025-01-05 17:00:00,N018,0.0,8.01,6.92,6.64,1.64,1.09
2025-01-05 17:00:00,N019,0.0,11.22,8.69,8.79,3.79,2.53
2025-01-05 17:00:00,N020,0.0,8.04,6.11,7.9,2.9,1.93
2025-01-05 18:00:00,N001,0.0,9.4,7.99,7.11,2.11,1.41
2025-01-05 18:00:00,N002,0.0,8.74,6.89,7.78,2.78,1.85
2025-01-05 18:00:00,N003,0.0,8.87,8.15,6.08,1.08,0.72
2025-01-05 18:00:00,N004,0.0,8.8,6.32,8.72,3.72,2.48
2025-01-05 18:00:00,N005,0.0,8.69,5.84,9.28,4.28,2.85
2025-01-05 18:00:00,N006,0.0,9.23,7.78,7.17,2.17,1.45
2025-01-05 18:00:00,N007,0.0,12.54,9.11,10.15,5.15,3.43
2025-01-05 18:00:00,N008,0.0,8.04,5.51,8.79,3.79,2.53
2025-01-05 18:00:00,N009,0.0,5.19,4.31,6.32,1.32,0.88
2025-01-05 18:00:00,N010,0.0,12.78,12.14,5.96,0.96,0.64
2025-01-05 18:00:00,N011,0.0,7.04,5.12,7.88,2.88,1.92
2025-01-05 18:00:00,N012,0.0,13.34,10.14,9.8,4.8,3.2
2025-01-05 18:00:00,N013,0.0,9.54,7.3,8.36,3.36,2.24
2025-01-05 18:00:00,N014,0.0,11.43,9.66,7.66,2.66,1.77
2025-01-05 18:00:00,N015,0.0,6.86,4.54,8.48,3.48,2.32
2025-01-05 18:00:00,N016,0.0,12.16,9.77,8.58,3.58,2.39
2025-01-05 18:00:00,N017,0.0,9.86,6.45,10.12,5.12,3.41
2025-01-05 18:00:00,N018,0.0,5.0,3.92,6.62,1.62,1.08
2025-01-05 18:00:00,N019,0.0,8.21,6.56,7.47,2.47,1.65
2025-01-05 18:00:00,N020,0.0,9.22,7.87,7.03,2.03,1.35
2025-01-05 19:00:00,N001,0.0,11.01,9.82,6.78,1.78,1.19
2025-01-05 19:00:00,N002,0.0,9.83,7.56,8.41,3.41,2.27
2025-01-05 19:00:00,N003,0.0,11.6,7.81,10.69,5.69,3.79
2025-01-05 19:00:00,N004,0.0,6.25,5.66,5.89,0.89,0.59
2025-01-05 19:00:00,N005,0.0,11.29,10.16,6.69,1.69,1.13
2025-01-05 19:00:00,N006,0.0,7.8,5.37,8.65,3.65,2.43
2025-01-05 19:00:00,N007,0.0,11.29,8.45,9.26,4.26,2.84
2025-01-05 19:00:00,N008,0.0,10.16,9.44,6.08,1.08,0.72
2025-01-05 19:00:00,N009,0.0,12.36,8.92,10.16,5.16,3.44
2025-01-05 19:00:00,N010,0.0,10.81,7.21,10.4,5.4,3.6
2025-01-05 19:00:00,N011,0.0,10.21,8.87,7.01,2.01,1.34
2025-01-05 19:00:00,N012,0.0,5.37,4.48,6.33,1.33,0.89
2025-01-05 19:00:00,N013,0.0,12.49,9.09,10.1,5.1,3.4
2025-01-05 19:00:00,N014,0.0,14.46,9.92,11.81,6.81,4.54
2025-01-05 19:00:00,N015,0.0,10.0,8.6,7.1,2.1,1.4
2025-01-05 19:00:00,N016,0.0,6.91,5.22,7.54,2.54,1.69
2025-01-05 19:00:00,N017,0.0,6.67,4.46,8.31,3.31,2.21
2025-01-05 19:00:00,N018,0.0,7.01,6.64,5.55,0.55,0.37
2025-01-05 19:00:00,N019,0.0,8.57,7.38,6.78,1.78,1.19
2025-01-05 19:00:00,N020,0.0,11.62,8.98,8.96,3.96,2.64
2025-01-05 20:00:00,N001,0.0,9.11,7.15,7.94,2.94,1.96
2025-01-05 20:00:00,N002,0.0,14.11,11.32,9.19,4.19,2.79
2025-01-05 20:00:00,N003,0.0,12.74,10.82,7.88,2.88,1.92
2025-01-05 20:00:00,N004,0.0,10.25,8.88,7.06,2.06,1.37
2025-01-05 20:00:00,N005,0.0,11.95,7.97,10.97,5.97,3.98
2025-01-05 20:00:00,N006,0.0,10.0,6.61,10.08,5.08,3.39
2025-01-05 20:00:00,N007,0.0,11.37,9.94,7.15,2.15,1.43
2025-01-05 20:00:00,N008,0.0,5.69,3.99,7.55,2.55,1.7
2025-01-05 20:00:00,N009,0.0,13.31,11.47,7.76,2.76,1.84
2025-01-05 20:00:00,N010,0.0,11.25,8.64,8.92,3.92,2.61
2025-01-05 20:00:00,N011,0.0,13.98,12.15,7.75,2.75,1.83
2025-01-05 20:00:00,N012,0.0,10.79,7.25,10.31,5.31,3.54
2025-01-05 20:00:00,N013,0.0,10.87,9.98,6.33,1.33,0.89
2025-01-05 20:00:00,N014,0.0,9.21,8.72,5.73,0.73,0.49
2025-01-05 20:00:00,N015,0.0,8.0,7.37,5.95,0.95,0.63
2025-01-05 20:00:00,N016,0.0,11.04,9.4,7.46,2.46,1.64
2025-01-05 20:00:00,N017,0.0,10.94,7.8,9.71,4.71,3.14
2025-01-05 20:00:00,N018,0.0,7.66,5.39,8.41,3.41,2.27
2025-01-05 20:00:00,N019,0.0,9.57,7.51,8.09,3.09,2.06
2025-01-05 20:00:00,N020,0.0,11.67,10.19,7.22,2.22,1.48
2025-01-05 21:00:00,N001,0.0,9.88,8.1,7.67,2.67,1.78
2025-01-05 21:00:00,N002,0.0,10.89,9.33,7.34,2.34,1.56
2025-01-05 21:00:00,N003,0.0,14.36,11.23,9.7,4.7,3.13
2025-01-05 21:00:00,N004,0.0,10.39,9.09,6.95,1.95,1.3
2025-01-05 21:00:00,N005,0.0,14.98,14.16,6.23,1.23,0.82
2025-01-05 21:00:00,N006,0.0,9.45,6.27,9.77,4.77,3.18
2025-01-05 21:00:00,N007,0.0,12.14,7.98,11.24,6.24,4.16
2025-01-05 21:00:00,N008,0.0,6.99,5.24,7.62,2.62,1.75
2025-01-05 21:00:00,N009,0.0,6.73,5.77,6.44,1.44,0.96
2025-01-05 21:00:00,N010,0.0,9.15,6.5,8.97,3.97,2.65
2025-01-05 21:00:00,N011,0.0,11.73,8.14,10.38,5.38,3.59
2025-01-05 21:00:00,N012,0.0,6.61,5.91,6.05,1.05,0.7
2025-01-05 21:00:00,N013,0.0,11.64,9.9,7.61,2.61,1.74
2025-01-05 21:00:00,N014,0.0,11.63,9.8,7.75,2.75,1.83
2025-01-05 21:00:00,N015,0.0,10.22,8.18,8.06,3.06,2.04
2025-01-05 21:00:00,N016,0.0,9.17,6.72,8.68,3.68,2.45
2025-01-05 21:00:00,N017,0.0,12.75,9.6,9.72,4.72,3.15
2025-01-05 21:00:00,N018,0.0,12.04,9.85,8.29,3.29,2.19
2025-01-05 21:00:00,N019,0.0,10.15,8.36,7.69,2.69,1.79
2025-01-05 21:00:00,N020,0.0,12.05,11.32,6.09,1.09,0.73
2025-01-05 22:00:00,N001,0.0,10.1,8.03,8.1,3.1,2.07
2025-01-05 22:00:00,N002,0.0,11.44,10.07,7.06,2.06,1.37
2025-01-05 22:00:00,N003,0.0,8.33,7.51,6.23,1.23,0.82
2025-01-05 22:00:00,N004,0.0,12.19,11.15,6.56,1.56,1.04
2025-01-05 22:00:00,N005,0.0,11.15,9.52,7.44,2.44,1.63
2025-01-05 22:00:00,N006,0.0,6.98,5.98,6.5,1.5,1.0
2025-01-05 22:00:00,N007,0.0,7.44,6.51,6.4,1.4,0.93
2025-01-05 22:00:00,N008,0.0,8.21,6.21,8.0,3.0,2.0
2025-01-05 22:00:00,N009,0.0,13.1,11.82,6.92,1.92,1.28
2025-01-05 22:00:00,N010,0.0,10.64,8.09,8.82,3.82,2.55
2025-01-05 22:00:00,N011,0.0,9.38,8.78,5.9,0.9,0.6
2025-01-05 22:00:00,N012,0.0,6.9,6.39,5.77,0.77,0.51
2025-01-05 22:00:00,N013,0.0,10.53,9.79,6.11,1.11,0.74
2025-01-05 22:00:00,N014,0.0,9.92,8.67,6.88,1.88,1.25
2025-01-05 22:00:00,N015,0.0,9.67,7.86,7.71,2.71,1.81
2025-01-05 22:00:00,N016,0.0,8.26,5.72,8.81,3.81,2.54
2025-01-05 22:00:00,N017,0.0,10.47,7.46,9.51,4.51,3.01
2025-01-05 22:00:00,N018,0.0,8.56,5.77,9.19,4.19,2.79
2025-01-05 22:00:00,N019,0.0,7.73,5.72,8.01,3.01,2.01
2025-01-05 22:00:00,N020,0.0,10.7,8.88,7.73,2.73,1.82
2025-01-05 23:00:00,N001,0.0,11.07,9.4,7.5,2.5,1.67
2025-01-05 23:00:00,N002,0.0,8.55,7.32,6.84,1.84,1.23
2025-01-05 23:00:00,N003,0.0,9.59,8.39,6.8,1.8,1.2
2025-01-05 23:00:00,N004,0.0,7.94,7.26,6.02,1.02,0.68
2025-01-05 23:00:00,N005,0.0,9.77,6.61,9.74,4.74,3.16
2025-01-05 23:00:00,N006,0.0,10.3,8.9,7.1,2.1,1.4
2025-01-05 23:00:00,N007,0.0,12.34,9.42,9.38,4.38,2.92
2025-01-05 23:00:00,N008,0.0,13.0,11.25,7.62,2.62,1.75
2025-01-05 23:00:00,N009,0.0,13.74,10.27,10.21,5.21,3.47
2025-01-05 23:00:00,N010,0.0,10.07,6.62,10.18,5.18,3.45
2025-01-05 23:00:00,N011,0.0,12.18,9.81,8.56,3.56,2.37
2025-01-05 23:00:00,N012,0.0,8.86,5.84,9.53,4.53,3.02
2025-01-05 23:00:00,N013,0.0,9.97,9.24,6.09,1.09,0.73
2025-01-05 23:00:00,N014,0.0,11.37,9.37,8.0,3.0,2.0
2025-01-05 23:00:00,N015,0.0,7.04,5.95,6.64,1.64,1.09
2025-01-05 23:00:00,N016,0.0,10.52,6.84,10.52,5.52,3.68
2025-01-05 23:00:00,N017,0.0,8.45,5.8,8.97,3.97,2.65
2025-01-05 23:00:00,N018,0.0,8.26,6.15,8.17,3.17,2.11
2025-01-05 23:00:00,N019,0.0,11.45,7.51,10.91,5.91,3.94
2025-01-05 23:00:00,N020,0.0,10.9,7.27,10.45,5.45,3.63
2025-01-06 00:00:00,N001,0.0,9.68,7.79,7.83,2.83,1.89
2025-01-06 00:00:00,N002,0.0,8.16,7.61,5.83,0.83,0.55
2025-01-06 00:00:00,N003,0.0,10.29,7.87,8.63,3.63,2.42
2025-01-06 00:00:00,N004,0.0,11.74,10.19,7.33,2.33,1.55
2025-01-06 00:00:00,N005,0.0,12.27,9.21,9.59,4.59,3.06
2025-01-06 00:00:00,N006,0.0,9.69,6.57,9.68,4.68,3.12
2025-01-06 00:00:00,N007,0.0,9.24,8.44,6.2,1.2,0.8
2025-01-06 00:00:00,N008,0.0,7.36,5.79,7.35,2.35,1.57
2025-01-06 00:00:00,N009,0.0,13.18,12.0,6.77,1.77,1.18
2025-01-06 00:00:00,N010,0.0,11.75,9.19,8.84,3.84,2.56
2025-01-06 00:00:00,N011,0.0,9.88,8.24,7.46,2.46,1.64
2025-01-06 00:00:00,N012,0.0,8.5,6.78,7.58,2.58,1.72
2025-01-06 00:00:00,N013,0.0,12.17,8.99,9.77,4.77,3.18
2025-01-06 00:00:00,N014,0.0,7.85,6.09,7.64,2.64,1.76
2025-01-06 00:00:00,N015,0.0,7.14,5.06,8.12,3.12,2.08
2025-01-06 00:00:00,N016,0.0,9.05,6.42,8.94,3.94,2.63
2025-01-06 00:00:00,N017,0.0,8.9,5.81,9.63,4.63,3.09
2025-01-06 00:00:00,N018,0.0,7.81,5.15,8.99,3.99,2.66
2025-01-06 00:00:00,N019,0.0,14.58,11.17,10.12,5.12,3.41
2025-01-06 00:00:00,N020,0.0,13.73,9.11,11.93,6.93,4.62
2025-01-06 01:00:00,N001,0.0,9.87,9.04,6.24,1.24,0.83
2025-01-06 01:00:00,N002,0.0,8.68,7.78,6.35,1.35,0.9
2025-01-06 01:00:00,N003,0.0,9.05,6.97,8.12,3.12,2.08
2025-01-06 01:00:00,N004,0.0,7.39,5.92,7.21,2.21,1.47
2025-01-06 01:00:00,N005,0.0,9.47,8.57,6.35,1.35,0.9
2025-01-06 01:00:00,N006,0.0,12.74,10.16,8.87,3.87,2.58
2025-01-06 01:00:00,N007,0.0,11.04,7.91,9.7,4.7,3.13
2025-01-06 01:00:00,N008,0.0,9.34,8.32,6.53,1.53,1.02
2025-01-06 01:00:00,N009,0.0,10.58,8.44,8.21,3.21,2.14
2025-01-06 01:00:00,N010,0.0,9.27,7.17,8.15,3.15,2.1
2025-01-06 01:00:00,N011,0.0,8.74,6.32,8.63,3.63,2.42
2025-01-06 01:00:00,N012,0.0,10.11,6.94,9.75,4.75,3.17
2025-01-06 01:00:00,N013,0.0,9.57,8.26,6.97,1.97,1.31
2025-01-06 01:00:00,N014,0.0,8.12,5.47,8.97,3.97,2.65
2025-01-06 01:00:00,N015,0.0,8.79,7.74,6.58,1.58,1.05
2025-01-06 01:00:00,N016,0.0,11.0,8.26,9.11,4.11,2.74
2025-01-06 01:00:00,N017,0.0,8.86,7.31,7.33,2.33,1.55
2025-01-06 01:00:00,N018,0.0,9.28,7.36,7.88,2.88,1.92
2025-01-06 01:00:00,N019,0.0,12.78,8.94,10.76,5.76,3.84
2025-01-06 01:00:00,N020,0.0,7.31,5.06,8.38,3.38,2.25
2025-01-06 02:00:00,N001,0.0,12.83,9.41,10.13,5.13,3.42
2025-01-06 02:00:00,N002,0.0,11.55,7.73,10.73,5.73,3.82
2025-01-06 02:00:00,N003,0.0,8.8,7.12,7.52,2.52,1.68
2025-01-06 02:00:00,N004,0.0,10.28,9.25,6.54,1.54,1.03
2025-01-06 02:00:00,N005,0.0,9.28,7.34,7.91,2.91,1.94
2025-01-06 02:00:00,N006,0.0,11.48,7.57,10.87,5.87,3.91
2025-01-06 02:00:00,N007,0.0,11.82,9.94,7.82,2.82,1.88
2025-01-06 02:00:00,N008,0.0,9.63,8.88,6.12,1.12,0.75
2025-01-06 02:00:00,N009,0.0,7.58,6.65,6.4,1.4,0.93
2025-01-06 02:00:00,N010,0.0,10.11,8.72,7.08,2.08,1.39
2025-01-06 02:00:00,N011,0.0,8.81,6.31,8.75,3.75,2.5
2025-01-06 02:00:00,N012,0.0,8.77,7.76,6.52,1.52,1.01
2025-01-06 02:00:00,N013,0.0,9.52,8.58,6.41,1.41,0.94
2025-01-06 02:00:00,N014,0.0,12.93,9.29,10.46,5.46,3.64
2025-01-06 02:00:00,N015,0.0,8.14,5.96,8.27,3.27,2.18
2025-01-06 02:00:00,N016,0.0,7.73,6.08,7.47,2.47,1.65
2025-01-06 02:00:00,N017,0.0,11.92,11.05,6.3,1.3,0.87
2025-01-06 02:00:00,N018,0.0,12.26,9.31,9.43,4.43,2.95
2025-01-06 02:00:00,N019,0.0,8.38,5.55,9.25,4.25,2.83
2025-01-06 02:00:00,N020,0.0,11.71,9.19,8.78,3.78,2.52
2025-01-06 03:00:00,N001,0.0,7.52,6.63,6.33,1.33,0.89
2025-01-06 03:00:00,N002,0.0,11.22,9.37,7.78,2.78,1.85
2025-01-06 03:00:00,N003,0.0,11.91,10.75,6.74,1.74,1.16
2025-01-06 03:00:00,N004,0.0,9.79,7.57,8.33,3.33,2.22
2025-01-06 03:00:00,N005,0.0,9.02,6.48,8.81,3.81,2.54
2025-01-06 03:00:00,N006,0.0,7.17,6.39,6.17,1.17,0.78
2025-01-06 03:00:00,N007,0.0,12.64,8.63,11.01,6.01,4.01
2025-01-06 03:00:00,N008,0.0,7.28,4.95,8.5,3.5,2.33
2025-01-06 03:00:00,N009,0.0,11.38,10.72,5.99,0.99,0.66
2025-01-06 03:00:00,N010,0.0,9.11,6.65,8.69,3.69,2.46
2025-01-06 03:00:00,N011,0.0,8.15,5.37,9.17,4.17,2.78
2025-01-06 03:00:00,N012,0.0,9.77,6.76,9.51,4.51,3.01
2025-01-06 03:00:00,N013,0.0,9.71,8.33,7.07,2.07,1.38
2025-01-06 03:00:00,N014,0.0,9.67,7.44,8.34,3.34,2.23
2025-01-06 03:00:00,N015,0.0,7.66,6.25,7.11,2.11,1.41
2025-01-06 03:00:00,N016,0.0,8.56,6.22,8.51,3.51,2.34
2025-01-06 03:00:00,N017,0.0,5.85,4.8,6.58,1.58,1.05
2025-01-06 03:00:00,N018,0.0,9.53,7.38,8.22,3.22,2.15
2025-01-06 03:00:00,N019,0.0,11.8,8.55,9.88,4.88,3.25
2025-01-06 03:00:00,N020,0.0,12.25,10.11,8.21,3.21,2.14
2025-01-06 04:00:00,N001,0.0,9.51,6.59,9.38,4.38,2.92
2025-01-06 04:00:00,N002,0.0,5.4,3.68,7.58,2.58,1.72
2025-01-06 04:00:00,N003,0.0,12.24,10.64,7.4,2.4,1.6
2025-01-06 04:00:00,N004,0.0,12.55,11.49,6.59,1.59,1.06
2025-01-06 04:00:00,N005,0.0,9.66,9.11,5.83,0.83,0.55
2025-01-06 04:00:00,N006,0.0,12.2,11.24,6.44,1.44,0.96
2025-01-06 04:00:00,N007,0.0,14.12,13.36,6.14,1.14,0.76
2025-01-06 04:00:00,N008,0.0,7.12,4.73,8.58,3.58,2.39
2025-01-06 04:00:00,N009,0.0,10.88,8.69,8.29,3.29,2.19
2025-01-06 04:00:00,N010,0.0,12.54,11.05,7.23,2.23,1.49
2025-01-06 04:00:00,N011,0.0,6.12,5.2,6.38,1.38,0.92
2025-01-06 04:00:00,N012,0.0,9.99,7.33,8.99,3.99,2.66
2025-01-06 04:00:00,N013,0.0,8.19,6.63,7.34,2.34,1.56
2025-01-06 04:00:00,N014,0.0,11.62,9.75,7.81,2.81,1.87
2025-01-06 04:00:00,N015,0.0,10.66,6.93,10.59,5.59,3.73
2025-01-06 04:00:00,N016,0.0,8.37,7.78,5.89,0.89,0.59
2025-01-06 04:00:00,N017,0.0,9.27,7.72,7.33,2.33,1.55
2025-01-06 04:00:00,N018,0.0,11.01,8.39,8.93,3.93,2.62
2025-01-06 04:00:00,N019,0.0,9.12,8.57,5.83,0.83,0.55
2025-01-06 04:00:00,N020,0.0,10.36,7.63,9.09,4.09,2.73
2025-01-06 05:00:00,N001,0.1,12.15,9.26,9.38,4.38,2.89
2025-01-06 05:00:00,N002,0.1,10.06,6.61,10.22,5.22,3.45
2025-01-06 05:00:00,N003,0.1,12.4,9.0,10.14,5.14,3.4
2025-01-06 05:00:00,N004,0.1,10.96,9.83,6.73,1.73,1.13
2025-01-06 05:00:00,N005,0.1,10.32,7.9,8.67,3.67,2.42
2025-01-06 05:00:00,N006,0.1,12.44,11.01,7.19,2.19,1.43
2025-01-06 05:00:00,N007,0.1,10.16,7.71,8.72,3.72,2.45
2025-01-06 05:00:00,N008,0.1,6.18,5.29,6.38,1.38,0.89
2025-01-06 05:00:00,N009,0.1,8.73,7.78,6.46,1.46,0.95
2025-01-06 05:00:00,N010,0.1,10.86,8.03,9.29,4.29,2.83
2025-01-06 05:00:00,N011,0.1,8.65,7.52,6.73,1.73,1.13
2025-01-06 05:00:00,N012,0.1,13.22,8.97,11.42,6.42,4.25
2025-01-06 05:00:00,N013,0.1,9.89,9.21,6.06,1.06,0.68
2025-01-06 05:00:00,N014,0.1,10.5,7.97,8.83,3.83,2.53
2025-01-06 05:00:00,N015,0.1,10.87,7.74,9.74,4.74,3.13
2025-01-06 05:00:00,N016,0.1,13.36,9.95,10.16,5.16,3.41
2025-01-06 05:00:00,N017,0.1,9.06,6.07,9.53,4.53,2.99
2025-01-06 05:00:00,N018,0.1,13.41,10.36,9.61,4.61,3.05
2025-01-06 05:00:00,N019,0.1,11.08,8.05,9.58,4.58,3.03
2025-01-06 05:00:00,N020,0.1,12.62,8.42,11.34,6.34,4.2
2025-01-06 06:00:00,N001,0.0,8.3,7.29,6.52,1.52,1.01
2025-01-06 06:00:00,N002,0.0,9.03,7.38,7.47,2.47,1.65
2025-01-06 06:00:00,N003,0.0,10.26,7.63,8.94,3.94,2.63
2025-01-06 06:00:00,N004,0.0,5.24,4.56,6.02,1.02,0.68
2025-01-06 06:00:00,N005,0.0,9.51,8.74,6.16,1.16,0.77
2025-01-06 06:00:00,N006,0.0,10.59,8.64,7.92,2.92,1.95
2025-01-06 06:00:00,N007,0.0,8.23,6.65,7.37,2.37,1.58
2025-01-06 06:00:00,N008,0.0,9.33,7.33,8.0,3.0,2.0
2025-01-06 06:00:00,N009,0.0,10.8,8.8,8.0,3.0,2.0
2025-01-06 06:00:00,N010,0.0,12.64,11.22,7.13,2.13,1.42
2025-01-06 06:00:00,N011,0.0,7.95,6.78,6.75,1.75,1.17
2025-01-06 06:00:00,N012,0.0,10.76,8.32,8.66,3.66,2.44
2025-01-06 06:00:00,N013,0.0,12.45,10.3,8.22,3.22,2.15
2025-01-06 06:00:00,N014,0.0,7.58,6.74,6.26,1.26,0.84
2025-01-06 06:00:00,N015,0.0,12.13,11.45,6.02,1.02,0.68
2025-01-06 06:00:00,N016,0.0,9.48,8.42,6.59,1.59,1.06
2025-01-06 06:00:00,N017,0.0,7.55,6.48,6.6,1.6,1.07
2025-01-06 06:00:00,N018,0.0,12.85,8.77,11.12,6.12,4.08
2025-01-06 06:00:00,N019,0.0,10.29,8.98,6.97,1.97,1.31
2025-01-06 06:00:00,N020,0.0,8.59,6.67,7.88,2.88,1.92
2025-01-06 07:00:00,N001,0.0,9.3,8.77,5.8,0.8,0.53
2025-01-06 07:00:00,N002,0.0,9.85,7.38,8.71,3.71,2.47
2025-01-06 07:00:00,N003,0.0,12.24,8.02,11.33,6.33,4.22
2025-01-06 07:00:00,N004,0.0,10.57,8.49,8.12,3.12,2.08
2025-01-06 07:00:00,N005,0.0,11.16,9.41,7.62,2.62,1.75
2025-01-06 07:00:00,N006,0.0,10.92,9.81,6.67,1.67,1.11
2025-01-06 07:00:00,N007,0.0,8.63,6.17,8.69,3.69,2.46
2025-01-06 07:00:00,N008,0.0,11.64,8.27,10.05,5.05,3.37
2025-01-06 07:00:00,N009,0.0,8.97,7.2,7.66,2.66,1.77
2025-01-06 07:00:00,N010,0.0,7.95,5.81,8.21,3.21,2.14
2025-01-06 07:00:00,N011,0.0,10.16,7.51,8.97,3.97,2.65
2025-01-06 07:00:00,N012,0.0,9.26,8.09,6.75,1.75,1.17
2025-01-06 07:00:00,N013,0.0,9.97,8.56,7.11,2.11,1.41
2025-01-06 07:00:00,N014,0.0,12.31,9.63,9.02,4.02,2.68
2025-01-06 07:00:00,N015,0.0,9.78,8.17,7.42,2.42,1.61
2025-01-06 07:00:00,N016,0.0,12.22,9.53,9.04,4.04,2.69
2025-01-06 07:00:00,N017,0.0,9.61,7.65,7.94,2.94,1.96
2025-01-06 07:00:00,N018,0.0,12.94,11.46,7.22,2.22,1.48
2025-01-06 07:00:00,N019,0.0,10.44,8.25,8.29,3.29,2.19
2025-01-06 07:00:00,N020,0.0,12.58,11.02,7.34,2.34,1.56
2025-01-06 08:00:00,N001,0.0,14.29,9.5,12.19,7.19,4.79
2025-01-06 08:00:00,N002,0.0,9.06,7.38,7.52,2.52,1.68
2025-01-06 08:00:00,N003,0.0,8.78,7.11,7.5,2.5,1.67
2025-01-06 08:00:00,N004,0.0,7.98,5.57,8.62,3.62,2.41
2025-01-06 08:00:00,N005,0.0,9.42,7.4,8.03,3.03,2.02
2025-01-06 08:00:00,N006,0.0,10.49,9.22,6.91,1.91,1.27
2025-01-06 08:00:00,N007,0.0,12.86,8.8,11.09,6.09,4.06
2025-01-06 08:00:00,N008,0.0,9.48,7.4,8.12,3.12,2.08
2025-01-06 08:00:00,N009,0.0,12.94,9.92,9.53,4.53,3.02
2025-01-06 08:00:00,N010,0.0,8.76,6.29,8.71,3.71,2.47
2025-01-06 08:00:00,N011,0.0,6.47,4.54,7.9,2.9,1.93
2025-01-06 08:00:00,N012,0.0,13.48,12.21,6.91,1.91,1.27
2025-01-06 08:00:00,N013,0.0,9.88,7.41,8.71,3.71,2.47
2025-01-06 08:00:00,N014,0.0,6.6,4.47,8.19,3.19,2.13
2025-01-06 08:00:00,N015,0.0,8.43,7.29,6.71,1.71,1.14
2025-01-06 08:00:00,N016,0.0,10.41,8.97,7.16,2.16,1.44
2025-01-06 08:00:00,N017,0.0,7.55,7.07,5.72,0.72,0.48
2025-01-06 08:00:00,N018,0.0,14.39,13.37,6.53,1.53,1.02
2025-01-06 08:00:00,N019,0.0,12.18,8.68,10.25,5.25,3.5
2025-01-06 08:00:00,N020,0.0,14.73,10.64,11.13,6.13,4.09
2025-01-06 09:00:00,N001,0.0,5.24,4.95,5.43,0.43,0.29
2025-01-06 09:00:00,N002,0.0,10.39,8.16,8.34,3.34,2.23
2025-01-06 09:00:00,N003,0.0,10.75,7.47,9.92,4.92,3.28
2025-01-06 09:00:00,N004,0.0,12.91,9.37,10.31,5.31,3.54
2025-01-06 09:00:00,N005,0.0,9.21,8.71,5.75,0.75,0.5
2025-01-06 09:00:00,N006,0.0,8.48,5.84,8.96,3.96,2.64
2025-01-06 09:00:00,N007,0.0,10.76,9.78,6.47,1.47,0.98
2025-01-06 09:00:00,N008,0.0,7.38,5.34,8.06,3.06,2.04
2025-01-06 09:00:00,N009,0.0,9.21,7.13,8.12,3.12,2.08
2025-01-06 09:00:00,N010,0.0,9.92,7.06,9.29,4.29,2.86
2025-01-06 09:00:00,N011,0.0,8.04,6.89,6.72,1.72,1.15
2025-01-06 09:00:00,N012,0.0,13.6,12.34,6.89,1.89,1.26
2025-01-06 09:00:00,N013,0.0,10.51,7.19,9.98,4.98,3.32
2025-01-06 09:00:00,N014,0.0,9.31,7.28,8.04,3.04,2.03
2025-01-06 09:00:00,N015,0.0,7.46,5.59,7.81,2.81,1.87
2025-01-06 09:00:00,N016,0.0,13.07,12.03,6.56,1.56,1.04
2025-01-06 09:00:00,N017,0.0,11.67,8.47,9.8,4.8,3.2
2025-01-06 09:00:00,N018,0.0,8.74,7.04,7.55,2.55,1.7
2025-01-06 09:00:00,N019,0.0,8.56,6.0,8.84,3.84,2.56
2025-01-06 09:00:00,N020,0.0,8.15,7.02,6.69,1.69,1.13
2025-01-06 10:00:00,N001,0.0,10.48,9.82,5.99,0.99,0.66
2025-01-06 10:00:00,N002,0.0,8.67,6.28,8.58,3.58,2.39
2025-01-06 10:00:00,N003,0.0,11.87,9.55,8.48,3.48,2.32
2025-01-06 10:00:00,N004,0.0,11.55,8.14,10.12,5.12,3.41
2025-01-06 10:00:00,N005,0.0,9.37,8.73,5.96,0.96,0.64
2025-01-06 10:00:00,N006,0.0,10.54,9.94,5.9,0.9,0.6
2025-01-06 10:00:00,N007,0.0,10.03,7.47,8.84,3.84,2.56
2025-01-06 10:00:00,N008,0.0,10.29,7.64,8.97,3.97,2.65
2025-01-06 10:00:00,N009,0.0,10.95,9.08,7.81,2.81,1.87
2025-01-06 10:00:00,N010,0.0,8.59,6.33,8.39,3.39,2.26
2025-01-06 10:00:00,N011,0.0,11.04,9.45,7.39,2.39,1.59
2025-01-06 10:00:00,N012,0.0,7.84,5.69,8.22,3.22,2.15
2025-01-06 10:00:00,N013,0.0,12.38,9.62,9.14,4.14,2.76
2025-01-06 10:00:00,N014,0.0,9.71,7.55,8.24,3.24,2.16
2025-01-06 10:00:00,N015,0.0,9.17,8.11,6.59,1.59,1.06
2025-01-06 10:00:00,N016,0.0,10.06,8.46,7.4,2.4,1.6
2025-01-06 10:00:00,N017,0.0,12.87,9.62,9.88,4.88,3.25
2025-01-06 10:00:00,N018,0.0,10.57,9.68,6.33,1.33,0.89
2025-01-06 10:00:00,N019,0.0,12.1,10.31,7.69,2.69,1.79
2025-01-06 10:00:00,N020,0.0,9.84,8.34,7.25,2.25,1.5
2025-01-06 11:00:00,N001,0.0,10.67,8.13,8.81,3.81,2.54
2025-01-06 11:00:00,N002,0.0,5.01,3.4,7.42,2.42,1.61
2025-01-06 11:00:00,N003,0.0,7.91,6.75,6.74,1.74,1.16
2025-01-06 11:00:00,N004,0.0,13.57,11.24,8.5,3.5,2.33
2025-01-06 11:00:00,N005,0.0,11.23,10.32,6.36,1.36,0.91
2025-01-06 11:00:00,N006,0.0,11.02,10.08,6.41,1.41,0.94
2025-01-06 11:00:00,N007,0.0,15.87,14.6,6.91,1.91,1.27
2025-01-06 11:00:00,N008,0.0,7.94,5.81,8.19,3.19,2.13
2025-01-06 11:00:00,N009,0.0,6.86,5.01,7.78,2.78,1.85
2025-01-06 11:00:00,N010,0.0,7.02,4.71,8.46,3.46,2.31
2025-01-06 11:00:00,N011,0.0,8.09,5.41,9.02,4.02,2.68
2025-01-06 11:00:00,N012,0.0,11.04,9.72,6.98,1.98,1.32
2025-01-06 11:00:00,N013,0.0,9.47,7.49,7.97,2.97,1.98
2025-01-06 11:00:00,N014,0.0,10.73,9.43,6.95,1.95,1.3
2025-01-06 11:00:00,N015,0.0,14.13,9.22,12.37,7.37,4.91
2025-01-06 11:00:00,N016,0.0,10.32,9.52,6.2,1.2,0.8
2025-01-06 11:00:00,N017,0.0,10.59,7.99,8.9,3.9,2.6
2025-01-06 11:00:00,N018,0.0,13.33,11.29,8.06,3.06,2.04
2025-01-06 11:00:00,N019,0.0,13.3,9.26,11.06,6.06,4.04
2025-01-06 11:00:00,N020,0.0,8.74,6.75,7.98,2.98,1.99
2025-01-06 12:00:00,N001,0.0,7.81,7.13,6.02,1.02,0.68
2025-01-06 12:00:00,N002,0.0,11.64,10.75,6.33,1.33,0.89
2025-01-06 12:00:00,N003,0.0,12.4,10.31,8.13,3.13,2.09
2025-01-06 12:00:00,N004,0.0,10.02,9.11,6.36,1.36,0.91
2025-01-06 12:00:00,N005,0.0,11.95,8.56,10.08,5.08,3.39
2025-01-06 12:00:00,N006,0.0,7.74,5.98,7.64,2.64,1.76
2025-01-06 12:00:00,N007,0.0,11.78,9.27,8.76,3.76,2.51
2025-01-06 12:00:00,N008,0.0,8.79,7.31,7.22,2.22,1.48
2025-01-06 12:00:00,N009,0.0,9.44,6.89,8.82,3.82,2.55
2025-01-06 12:00:00,N010,0.0,12.46,9.78,9.02,4.02,2.68
2025-01-06 12:00:00,N011,0.0,8.27,5.91,8.54,3.54,2.36
2025-01-06 12:00:00,N012,0.0,9.75,7.54,8.31,3.31,2.21
2025-01-06 12:00:00,N013,0.0,10.88,8.54,8.51,3.51,2.34
2025-01-06 12:00:00,N014,0.0,7.13,5.07,8.09,3.09,2.06
2025-01-06 12:00:00,N015,0.0,6.07,4.85,6.83,1.83,1.22
2025-01-06 12:00:00,N016,0.0,7.04,5.76,6.92,1.92,1.28
2025-01-06 12:00:00,N017,0.0,8.26,7.38,6.32,1.32,0.88
2025-01-06 12:00:00,N018,0.0,11.11,7.67,10.16,5.16,3.44
2025-01-06 12:00:00,N019,0.0,7.01,5.24,7.66,2.66,1.77
2025-01-06 12:00:00,N020,0.0,9.98,8.61,7.06,2.06,1.37
2025-01-06 13:00:00,N001,0.0,7.7,6.87,6.24,1.24,0.83
2025-01-06 13:00:00,N002,0.0,10.22,8.5,7.58,2.58,1.72
2025-01-06 13:00:00,N003,0.0,11.86,8.02,10.76,5.76,3.84
2025-01-06 13:00:00,N004,0.0,6.46,4.56,7.85,2.85,1.9
2025-01-06 13:00:00,N005,0.0,13.74,8.98,12.14,7.14,4.76
2025-01-06 13:00:00,N006,0.0,8.3,6.9,7.1,2.1,1.4
2025-01-06 13:00:00,N007,0.0,10.18,8.37,7.71,2.71,1.81
2025-01-06 13:00:00,N008,0.0,10.95,9.84,6.67,1.67,1.11
2025-01-06 13:00:00,N009,0.0,7.76,6.22,7.31,2.31,1.54
2025-01-06 13:00:00,N010,0.0,8.49,6.8,7.54,2.54,1.69
2025-01-06 13:00:00,N011,0.0,10.3,7.59,9.06,4.06,2.71
2025-01-06 13:00:00,N012,0.0,9.41,7.32,8.13,3.13,2.09
2025-01-06 13:00:00,N013,0.0,13.87,11.08,9.19,4.19,2.79
2025-01-06 13:00:00,N014,0.0,10.51,9.21,6.95,1.95,1.3
2025-01-06 13:00:00,N015,0.0,8.95,7.76,6.78,1.78,1.19
2025-01-06 13:00:00,N016,0.0,7.36,5.26,8.15,3.15,2.1
2025-01-06 13:00:00,N017,0.0,7.31,6.38,6.4,1.4,0.93
2025-01-06 13:00:00,N018,0.0,8.2,6.45,7.62,2.62,1.75
2025-01-06 13:00:00,N019,0.0,10.37,6.99,10.07,5.07,3.38
2025-01-06 13:00:00,N020,0.0,9.91,8.2,7.56,2.56,1.71
2025-01-06 14:00:00,N001,0.0,7.05,4.7,8.53,3.53,2.35
2025-01-06 14:00:00,N002,0.0,13.61,10.91,9.05,4.05,2.7
2025-01-06 14:00:00,N003,0.0,7.51,5.27,8.36,3.36,2.24
2025-01-06 14:00:00,N004,0.0,10.9,9.88,6.53,1.53,1.02
2025-01-06 14:00:00,N005,0.0,8.56,6.83,7.59,2.59,1.73
2025-01-06 14:00:00,N006,0.0,7.75,6.6,6.72,1.72,1.15
2025-01-06 14:00:00,N007,0.0,11.89,10.6,6.94,1.94,1.29
2025-01-06 14:00:00,N008,0.0,10.11,6.96,9.72,4.72,3.15
2025-01-06 14:00:00,N009,0.0,7.67,5.59,8.12,3.12,2.08
2025-01-06 14:00:00,N010,0.0,9.28,7.18,8.15,3.15,2.1
2025-01-06 14:00:00,N011,0.0,8.63,7.83,6.2,1.2,0.8
2025-01-06 14:00:00,N012,0.0,12.33,10.45,7.82,2.82,1.88
2025-01-06 14:00:00,N013,0.0,7.82,6.8,6.53,1.53,1.02
2025-01-06 14:00:00,N014,0.0,15.12,12.86,8.39,3.39,2.26
2025-01-06 14:00:00,N015,0.0,10.86,8.37,8.74,3.74,2.49
2025-01-06 14:00:00,N016,0.0,8.57,6.87,7.55,2.55,1.7
2025-01-06 14:00:00,N017,0.0,9.87,7.18,9.04,4.04,2.69
2025-01-06 14:00:00,N018,0.0,7.85,7.44,5.61,0.61,0.41
2025-01-06 14:00:00,N019,0.0,11.76,10.35,7.11,2.11,1.41
2025-01-06 14:00:00,N020,0.0,10.96,7.53,10.15,5.15,3.43
2025-01-06 15:00:00,N001,0.0,9.14,6.89,8.38,3.38,2.25
2025-01-06 15:00:00,N002,0.0,7.4,6.38,6.53,1.53,1.02
2025-01-06 15:00:00,N003,0.0,6.41,4.82,7.39,2.39,1.59
2025-01-06 15:00:00,N004,0.0,12.17,11.54,5.95,0.95,0.63
2025-01-06 15:00:00,N005,0.0,9.26,6.93,8.5,3.5,2.33
2025-01-06 15:00:00,N006,0.0,11.41,8.31,9.65,4.65,3.1
2025-01-06 15:00:00,N007,0.0,8.0,6.43,7.35,2.35,1.57
2025-01-06 15:00:00,N008,0.0,6.49,4.3,8.29,3.29,2.19
2025-01-06 15:00:00,N009,0.0,15.33,10.19,12.71,7.71,5.14
2025-01-06 15:00:00,N010,0.0,10.19,9.23,6.44,1.44,0.96
2025-01-06 15:00:00,N011,0.0,11.0,9.57,7.15,2.15,1.43
2025-01-06 15:00:00,N012,0.0,9.32,7.9,7.13,2.13,1.42
2025-01-06 15:00:00,N013,0.0,8.84,6.99,7.78,2.78,1.85
2025-01-06 15:00:00,N014,0.0,9.85,8.44,7.11,2.11,1.41
2025-01-06 15:00:00,N015,0.0,7.87,5.27,8.9,3.9,2.6
2025-01-06 15:00:00,N016,0.0,9.9,8.28,7.43,2.43,1.62
2025-01-06 15:00:00,N017,0.0,12.7,10.6,8.15,3.15,2.1
2025-01-06 15:00:00,N018,0.0,10.05,8.63,7.13,2.13,1.42
2025-01-06 15:00:00,N019,0.0,13.12,9.91,9.81,4.81,3.21
2025-01-06 15:00:00,N020,0.0,6.1,4.21,7.83,2.83,1.89
2025-01-06 16:00:00,N001,0.0,9.45,6.75,9.05,4.05,2.7
2025-01-06 16:00:00,N002,0.0,8.66,6.78,7.82,2.82,1.88
2025-01-06 16:00:00,N003,0.0,9.96,8.53,7.15,2.15,1.43
2025-01-06 16:00:00,N004,0.0,9.88,8.49,7.08,2.08,1.39
2025-01-06 16:00:00,N005,0.0,8.74,7.86,6.32,1.32,0.88
2025-01-06 16:00:00,N006,0.0,9.4,7.5,7.85,2.85,1.9
2025-01-06 16:00:00,N007,0.0,11.57,10.79,6.17,1.17,0.78
2025-01-06 16:00:00,N008,0.0,6.44,5.95,5.73,0.73,0.49
2025-01-06 16:00:00,N009,0.0,11.41,9.56,7.78,2.78,1.85
2025-01-06 16:00:00,N010,0.0,11.55,9.69,7.79,2.79,1.86
2025-01-06 16:00:00,N011,0.0,10.58,9.34,6.86,1.86,1.24
2025-01-06 16:00:00,N012,0.0,10.06,7.19,9.3,4.3,2.87
2025-01-06 16:00:00,N013,0.0,9.93,8.92,6.52,1.52,1.01
2025-01-06 16:00:00,N014,0.0,8.29,6.81,7.22,2.22,1.48
2025-01-06 16:00:00,N015,0.0,8.89,7.99,6.35,1.35,0.9
2025-01-06 16:00:00,N016,0.0,10.07,8.34,7.59,2.59,1.73
2025-01-06 16:00:00,N017,0.0,7.69,7.26,5.65,0.65,0.43
2025-01-06 16:00:00,N018,0.0,10.65,7.65,9.5,4.5,3.0
2025-01-06 16:00:00,N019,0.0,11.0,9.27,7.59,2.59,1.73
2025-01-06 16:00:00,N020,0.0,8.04,7.38,5.99,0.99,0.66
2025-01-06 17:00:00,N001,0.0,6.86,5.26,7.4,2.4,1.6
2025-01-06 17:00:00,N002,0.0,8.14,7.56,5.87,0.87,0.58
2025-01-06 17:00:00,N003,0.0,11.53,10.71,6.23,1.23,0.82
2025-01-06 17:00:00,N004,0.0,9.17,7.55,7.43,2.43,1.62
2025-01-06 17:00:00,N005,0.0,11.6,9.51,8.13,3.13,2.09
2025-01-06 17:00:00,N006,0.0,8.89,6.64,8.38,3.38,2.25
2025-01-06 17:00:00,N007,0.0,11.94,10.82,6.68,1.68,1.12
2025-01-06 17:00:00,N008,0.0,10.8,8.7,8.15,3.15,2.1
2025-01-06 17:00:00,N009,0.0,9.46,8.03,7.15,2.15,1.43
2025-01-06 17:00:00,N010,0.0,9.95,8.67,6.92,1.92,1.28
2025-01-06 17:00:00,N011,0.0,8.58,7.11,7.21,2.21,1.47
2025-01-06 17:00:00,N012,0.0,10.23,6.89,10.01,5.01,3.34
2025-01-06 17:00:00,N013,0.0,13.21,11.44,7.66,2.66,1.77
2025-01-06 17:00:00,N014,0.0,5.84,4.38,7.19,2.19,1.46
2025-01-06 17:00:00,N015,0.0,11.46,9.35,8.17,3.17,2.11
2025-01-06 17:00:00,N016,0.0,12.51,10.75,7.64,2.64,1.76
2025-01-06 17:00:00,N017,0.0,11.12,9.19,7.9,2.9,1.93
2025-01-06 17:00:00,N018,0.0,9.69,6.89,9.2,4.2,2.8
2025-01-06 17:00:00,N019,0.0,9.38,7.55,7.75,2.75,1.83
2025-01-06 17:00:00,N020,0.0,5.79,5.46,5.49,0.49,0.33
2025-01-06 18:00:00,N001,0.0,10.11,7.89,8.33,3.33,2.22
2025-01-06 18:00:00,N002,0.0,11.73,8.82,9.37,4.37,2.91
2025-01-06 18:00:00,N003,0.0,11.35,9.35,8.0,3.0,2.0
2025-01-06 18:00:00,N004,0.0,6.57,4.99,7.37,2.37,1.58
2025-01-06 18:00:00,N005,0.0,9.56,8.55,6.52,1.52,1.01
2025-01-06 18:00:00,N006,0.0,9.75,8.26,7.23,2.23,1.49
2025-01-06 18:00:00,N007,0.0,11.27,8.36,9.37,4.37,2.91
2025-01-06 18:00:00,N008,0.0,9.22,7.05,8.25,3.25,2.17
2025-01-06 18:00:00,N009,0.0,8.04,6.25,7.69,2.69,1.79
2025-01-06 18:00:00,N010,0.0,10.33,8.92,7.11,2.11,1.41
2025-01-06 18:00:00,N011,0.0,12.12,10.49,7.44,2.44,1.63
2025-01-06 18:00:00,N012,0.0,9.13,8.25,6.32,1.32,0.88
2025-01-06 18:00:00,N013,0.0,8.32,6.2,8.18,3.18,2.12
2025-01-06 18:00:00,N014,0.0,11.37,8.27,9.65,4.65,3.1
2025-01-06 18:00:00,N015,0.0,9.04,7.43,7.42,2.42,1.61
2025-01-06 18:00:00,N016,0.0,9.91,7.98,7.9,2.9,1.93
2025-01-06 18:00:00,N017,0.0,10.39,7.74,8.97,3.97,2.65
2025-01-06 18:00:00,N018,0.0,12.62,11.8,6.23,1.23,0.82
2025-01-06 18:00:00,N019,0.0,9.22,6.55,9.0,4.0,2.67
2025-01-06 18:00:00,N020,0.0,11.03,9.99,6.56,1.56,1.04
2025-01-06 19:00:00,N001,0.0,8.94,7.06,7.82,2.82,1.88
2025-01-06 19:00:00,N002,0.0,12.71,10.19,8.78,3.78,2.52
2025-01-06 19:00:00,N003,0.0,10.62,8.55,8.1,3.1,2.07
2025-01-06 19:00:00,N004,0.0,10.95,9.55,7.1,2.1,1.4
2025-01-06 19:00:00,N005,0.0,11.37,8.09,9.92,4.92,3.28
2025-01-06 19:00:00,N006,0.0,11.48,9.08,8.6,3.6,2.4
2025-01-06 19:00:00,N007,0.0,12.34,8.53,10.71,5.71,3.81
2025-01-06 19:00:00,N008,0.0,8.45,7.98,5.7,0.7,0.47
2025-01-06 19:00:00,N009,0.0,11.1,7.45,10.47,5.47,3.65
2025-01-06 19:00:00,N010,0.0,7.32,6.3,6.53,1.53,1.02
2025-01-06 19:00:00,N011,0.0,12.17,8.23,10.91,5.91,3.94
2025-01-06 19:00:00,N012,0.0,10.08,7.7,8.57,3.57,2.38
2025-01-06 19:00:00,N013,0.0,12.75,11.03,7.58,2.58,1.72
2025-01-06 19:00:00,N014,0.0,10.72,7.9,9.23,4.23,2.82
2025-01-06 19:00:00,N015,0.0,10.63,9.2,7.15,2.15,1.43
2025-01-06 19:00:00,N016,0.0,9.28,7.5,7.67,2.67,1.78
2025-01-06 19:00:00,N017,0.0,5.87,4.65,6.83,1.83,1.22
2025-01-06 19:00:00,N018,0.0,14.24,13.47,6.16,1.16,0.77
2025-01-06 19:00:00,N019,0.0,9.84,9.04,6.2,1.2,0.8
2025-01-06 19:00:00,N020,0.0,11.98,11.24,6.11,1.11,0.74
2025-01-06 20:00:00,N001,0.0,13.55,12.67,6.32,1.32,0.88
2025-01-06 20:00:00,N002,0.0,7.04,6.15,6.33,1.33,0.89
2025-01-06 20:00:00,N003,0.0,6.51,5.31,6.8,1.8,1.2
2025-01-06 20:00:00,N004,0.0,10.31,7.7,8.92,3.92,2.61
2025-01-06 20:00:00,N005,0.0,14.73,10.45,11.42,6.42,4.28
2025-01-06 20:00:00,N006,0.0,9.24,7.42,7.73,2.73,1.82
2025-01-06 20:00:00,N007,0.0,8.82,6.81,8.01,3.01,2.01
2025-01-06 20:00:00,N008,0.0,13.11,10.66,8.68,3.68,2.45
2025-01-06 20:00:00,N009,0.0,9.59,7.66,7.9,2.9,1.93
2025-01-06 20:00:00,N010,0.0,16.24,11.17,12.61,7.61,5.07
2025-01-06 20:00:00,N011,0.0,10.32,7.95,8.56,3.56,2.37
2025-01-06 20:00:00,N012,0.0,11.32,9.52,7.7,2.7,1.8
2025-01-06 20:00:00,N013,0.0,8.74,7.83,6.36,1.36,0.91
2025-01-06 20:00:00,N014,0.0,12.57,8.82,10.62,5.62,3.75
2025-01-06 20:00:00,N015,0.0,8.13,7.37,6.14,1.14,0.76
2025-01-06 20:00:00,N016,0.0,8.01,5.39,8.93,3.93,2.62
2025-01-06 20:00:00,N017,0.0,8.29,7.37,6.38,1.38,0.92
2025-01-06 20:00:00,N018,0.0,8.71,5.68,9.54,4.54,3.03
2025-01-06 20:00:00,N019,0.0,6.17,5.26,6.36,1.36,0.91
2025-01-06 20:00:00,N020,0.0,7.06,6.12,6.41,1.41,0.94
2025-01-06 21:00:00,N001,0.0,11.44,8.96,8.72,3.72,2.48
2025-01-06 21:00:00,N002,0.0,13.64,10.82,9.23,4.23,2.82
2025-01-06 21:00:00,N003,0.0,13.97,11.52,8.68,3.68,2.45
2025-01-06 21:00:00,N004,0.0,10.02,9.34,6.02,1.02,0.68
2025-01-06 21:00:00,N005,0.0,9.71,7.27,8.66,3.66,2.44
2025-01-06 21:00:00,N006,0.0,8.69,8.02,6.01,1.01,0.67
2025-01-06 21:00:00,N007,0.0,10.37,7.57,9.2,4.2,2.8
2025-01-06 21:00:00,N008,0.0,8.33,7.73,5.9,0.9,0.6
2025-01-06 21:00:00,N009,0.0,11.81,10.29,7.28,2.28,1.52
2025-01-06 21:00:00,N010,0.0,9.55,6.56,9.49,4.49,2.99
2025-01-06 21:00:00,N011,0.0,9.83,7.47,8.54,3.54,2.36
2025-01-06 21:00:00,N012,0.0,11.54,7.85,10.54,5.54,3.69
2025-01-06 21:00:00,N013,0.0,13.93,11.96,7.96,2.96,1.97
2025-01-06 21:00:00,N014,0.0,9.92,8.54,7.07,2.07,1.38
2025-01-06 21:00:00,N015,0.0,11.73,9.21,8.78,3.78,2.52
2025-01-06 21:00:00,N016,0.0,9.97,7.4,8.85,3.85,2.57
2025-01-06 21:00:00,N017,0.0,10.24,7.59,8.97,3.97,2.65
2025-01-06 21:00:00,N018,0.0,9.16,6.85,8.46,3.46,2.31
2025-01-06 21:00:00,N019,0.0,8.68,5.98,9.05,4.05,2.7
2025-01-06 21:00:00,N020,0.0,8.97,7.19,7.67,2.67,1.78
2025-01-06 22:00:00,N001,0.0,12.04,7.99,11.07,6.07,4.05
2025-01-06 22:00:00,N002,0.0,12.87,9.45,10.13,5.13,3.42
2025-01-06 22:00:00,N003,0.0,9.1,7.34,7.64,2.64,1.76
2025-01-06 22:00:00,N004,0.0,8.49,6.49,8.0,3.0,2.0
2025-01-06 22:00:00,N005,0.0,8.14,6.61,7.29,2.29,1.53
2025-01-06 22:00:00,N006,0.0,12.49,8.42,11.11,6.11,4.07
2025-01-06 22:00:00,N007,0.0,11.27,7.62,10.47,5.47,3.65
2025-01-06 22:00:00,N008,0.0,9.76,8.49,6.91,1.91,1.27
2025-01-06 22:00:00,N009,0.0,12.36,8.86,10.25,5.25,3.5
2025-01-06 22:00:00,N010,0.0,10.82,8.81,8.01,3.01,2.01
2025-01-06 22:00:00,N011,0.0,14.74,13.57,6.75,1.75,1.17
2025-01-06 22:00:00,N012,0.0,12.79,11.39,7.1,2.1,1.4
2025-01-06 22:00:00,N013,0.0,9.93,7.96,7.96,2.96,1.97
2025-01-06 22:00:00,N014,0.0,6.52,4.51,8.01,3.01,2.01
2025-01-06 22:00:00,N015,0.0,11.7,8.84,9.29,4.29,2.86
2025-01-06 22:00:00,N016,0.0,8.18,6.18,8.0,3.0,2.0
2025-01-06 22:00:00,N017,0.0,8.2,5.58,8.93,3.93,2.62
2025-01-06 22:00:00,N018,0.0,12.84,9.77,9.6,4.6,3.07
2025-01-06 22:00:00,N019,0.0,12.62,11.55,6.6,1.6,1.07
2025-01-06 22:00:00,N020,0.0,11.73,9.13,8.9,3.9,2.6
2025-01-06 23:00:00,N001,0.0,8.48,7.57,6.36,1.36,0.91
2025-01-06 23:00:00,N002,0.0,11.33,9.97,7.04,2.04,1.36
2025-01-06 23:00:00,N003,0.0,13.46,9.6,10.79,5.79,3.86
2025-01-06 23:00:00,N004,0.0,9.06,8.54,5.78,0.78,0.52
2025-01-06 23:00:00,N005,0.0,9.21,7.48,7.59,2.59,1.73
2025-01-06 23:00:00,N006,0.0,6.18,5.43,6.12,1.12,0.75
2025-01-06 23:00:00,N007,0.0,11.14,10.1,6.56,1.56,1.04
2025-01-06 23:00:00,N008,0.0,10.79,8.14,8.97,3.97,2.65
2025-01-06 23:00:00,N009,0.0,9.5,8.42,6.62,1.62,1.08
2025-01-06 23:00:00,N010,0.0,10.63,7.43,9.8,4.8,3.2
2025-01-06 23:00:00,N011,0.0,10.88,9.78,6.65,1.65,1.1
2025-01-06 23:00:00,N012,0.0,11.67,8.26,10.12,5.12,3.41
2025-01-06 23:00:00,N013,0.0,10.09,9.0,6.64,1.64,1.09
2025-01-06 23:00:00,N014,0.0,6.33,5.22,6.67,1.67,1.11
2025-01-06 23:00:00,N015,0.0,8.74,7.97,6.16,1.16,0.77
2025-01-06 23:00:00,N016,0.0,11.15,8.07,9.62,4.62,3.08
2025-01-06 23:00:00,N017,0.0,8.46,6.26,8.3,3.3,2.2
2025-01-06 23:00:00,N018,0.0,13.33,9.87,10.19,5.19,3.46
2025-01-06 23:00:00,N019,0.0,6.25,5.71,5.81,0.81,0.54
2025-01-06 23:00:00,N020,0.0,12.36,9.02,10.01,5.01,3.34
2025-01-07 00:00:00,N001,0.0,14.58,13.84,6.11,1.11,0.74
2025-01-07 00:00:00,N002,0.0,6.47,5.62,6.27,1.27,0.85
2025-01-07 00:00:00,N003,0.0,9.96,6.54,10.13,5.13,3.42
2025-01-07 00:00:00,N004,0.0,9.5,7.01,8.74,3.74,2.49
2025-01-07 00:00:00,N005,0.0,6.41,4.95,7.19,2.19,1.46
2025-01-07 00:00:00,N006,0.0,11.08,8.98,8.15,3.15,2.1
2025-01-07 00:00:00,N007,0.0,10.08,8.58,7.25,2.25,1.5
2025-01-07 00:00:00,N008,0.0,7.15,4.88,8.41,3.41,2.27
2025-01-07 00:00:00,N009,0.0,8.45,6.16,8.44,3.44,2.29
2025-01-07 00:00:00,N010,0.0,9.88,7.96,7.88,2.88,1.92
2025-01-07 00:00:00,N011,0.0,10.18,7.84,8.51,3.51,2.34
2025-01-07 00:00:00,N012,0.0,11.58,10.23,7.03,2.03,1.35
2025-01-07 00:00:00,N013,0.0,11.55,10.38,6.75,1.75,1.17
2025-01-07 00:00:00,N014,0.0,9.03,6.38,8.97,3.97,2.65
2025-01-07 00:00:00,N015,0.0,7.87,5.82,8.07,3.07,2.05
2025-01-07 00:00:00,N016,0.0,12.04,8.66,10.07,5.07,3.38
2025-01-07 00:00:00,N017,0.0,8.77,5.82,9.43,4.43,2.95
2025-01-07 00:00:00,N018,0.0,7.3,6.31,6.48,1.48,0.99
2025-01-07 00:00:00,N019,0.0,7.64,6.4,6.86,1.86,1.24
2025-01-07 00:00:00,N020,0.0,7.7,5.44,8.39,3.39,2.26
2025-01-07 01:00:00,N001,0.1,10.58,9.64,6.45,1.45,0.94
2025-01-07 01:00:00,N002,0.1,12.66,9.53,9.74,4.74,3.13
2025-01-07 01:00:00,N003,0.1,11.23,10.52,6.1,1.1,0.71
2025-01-07 01:00:00,N004,0.1,14.88,13.73,6.76,1.76,1.15
2025-01-07 01:00:00,N005,0.1,6.93,5.94,6.52,1.52,0.99
2025-01-07 01:00:00,N006,0.1,11.81,8.41,10.14,5.14,3.4
2025-01-07 01:00:00,N007,0.1,10.3,7.59,9.1,4.1,2.71
2025-01-07 01:00:00,N008,0.1,10.8,9.63,6.79,1.79,1.17
2025-01-07 01:00:00,N009,0.1,11.92,8.41,10.3,5.3,3.51
2025-01-07 01:00:00,N010,0.1,13.04,9.9,9.75,4.75,3.14
2025-01-07 01:00:00,N011,0.1,10.21,7.19,9.57,4.57,3.02
2025-01-07 01:00:00,N012,0.1,11.42,9.01,8.66,3.66,2.41
2025-01-07 01:00:00,N013,0.1,5.87,4.19,7.56,2.56,1.68
2025-01-07 01:00:00,N014,0.1,11.06,9.63,7.19,2.19,1.43
2025-01-07 01:00:00,N015,0.1,12.93,10.2,9.13,4.13,2.73
2025-01-07 01:00:00,N016,0.1,11.62,9.68,7.95,2.95,1.94
2025-01-07 01:00:00,N017,0.1,9.82,7.95,7.85,2.85,1.87
2025-01-07 01:00:00,N018,0.1,10.42,8.96,7.23,2.23,1.46
2025-01-07 01:00:00,N019,0.1,9.07,7.86,6.85,1.85,1.21
2025-01-07 01:00:00,N020,0.1,12.36,9.5,9.33,4.33,2.86
2025-01-07 02:00:00,N001,0.1,13.39,11.4,8.02,3.02,1.99
2025-01-07 02:00:00,N002,0.1,8.25,6.5,7.67,2.67,1.75
2025-01-07 02:00:00,N003,0.1,13.45,10.52,9.44,4.44,2.93
2025-01-07 02:00:00,N004,0.1,10.61,9.36,6.92,1.92,1.25
2025-01-07 02:00:00,N005,0.1,11.6,8.74,9.33,4.33,2.86
2025-01-07 02:00:00,N006,0.1,10.54,8.33,8.35,3.35,2.21
2025-01-07 02:00:00,N007,0.1,9.95,6.57,10.11,5.11,3.38
2025-01-07 02:00:00,N008,0.1,10.8,10.11,6.07,1.07,0.69
2025-01-07 02:00:00,N009,0.1,13.01,11.68,7.04,2.04,1.33
2025-01-07 02:00:00,N010,0.1,14.12,11.32,9.24,4.24,2.8
2025-01-07 02:00:00,N011,0.1,12.9,8.66,11.4,6.4,4.24
2025-01-07 02:00:00,N012,0.1,14.78,11.97,9.25,4.25,2.81
2025-01-07 02:00:00,N013,0.1,8.37,7.68,6.07,1.07,0.69
2025-01-07 02:00:00,N014,0.1,9.11,8.18,6.44,1.44,0.93
2025-01-07 02:00:00,N015,0.1,9.68,6.44,9.9,4.9,3.24
2025-01-07 02:00:00,N016,0.1,10.99,8.26,9.13,4.13,2.73
2025-01-07 02:00:00,N017,0.1,13.36,9.57,10.73,5.73,3.79
2025-01-07 02:00:00,N018,0.1,13.17,10.72,8.72,3.72,2.45
2025-01-07 02:00:00,N019,0.1,10.7,9.49,6.85,1.85,1.21
2025-01-07 02:00:00,N020,0.1,8.97,6.17,9.24,4.24,2.8
2025-01-07 03:00:00,N001,0.0,8.72,6.65,8.1,3.1,2.07
2025-01-07 03:00:00,N002,0.0,12.97,9.77,9.8,4.8,3.2
2025-01-07 03:00:00,N003,0.0,8.88,7.83,6.58,1.58,1.05
2025-01-07 03:00:00,N004,0.0,7.14,4.74,8.6,3.6,2.4
2025-01-07 03:00:00,N005,0.0,12.38,9.88,8.75,3.75,2.5
2025-01-07 03:00:00,N006,0.0,11.33,9.87,7.19,2.19,1.46
2025-01-07 03:00:00,N007,0.0,7.92,5.4,8.78,3.78,2.52
2025-01-07 03:00:00,N008,0.0,11.64,10.57,6.6,1.6,1.07
2025-01-07 03:00:00,N009,0.0,10.79,7.63,9.74,4.74,3.16
2025-01-07 03:00:00,N010,0.0,10.34,6.94,10.1,5.1,3.4
2025-01-07 03:00:00,N011,0.0,12.89,9.66,9.84,4.84,3.23
2025-01-07 03:00:00,N012,0.0,8.68,7.91,6.16,1.16,0.77
2025-01-07 03:00:00,N013,0.0,9.74,8.36,7.07,2.07,1.38
2025-01-07 03:00:00,N014,0.0,8.98,7.63,7.03,2.03,1.35
2025-01-07 03:00:00,N015,0.0,8.2,5.38,9.23,4.23,2.82
2025-01-07 03:00:00,N016,0.0,8.73,5.73,9.5,4.5,3.0
2025-01-07 03:00:00,N017,0.0,10.47,7.22,9.88,4.88,3.25
2025-01-07 03:00:00,N018,0.0,5.0,4.26,6.11,1.11,0.74
2025-01-07 03:00:00,N019,0.0,10.33,7.34,9.49,4.49,2.99
2025-01-07 03:00:00,N020,0.0,12.99,9.07,10.88,5.88,3.92
2025-01-07 04:00:00,N001,0.3,12.65,10.36,8.56,3.56,2.29
2025-01-07 04:00:00,N002,0.3,12.8,9.07,10.71,5.71,3.73
2025-01-07 04:00:00,N003,0.3,16.46,11.96,11.87,6.87,4.5
2025-01-07 04:00:00,N004,0.3,15.24,10.09,12.85,7.85,5.15
2025-01-07 04:00:00,N005,0.3,16.41,11.75,12.11,7.11,4.66
2025-01-07 04:00:00,N006,0.3,12.55,11.1,7.29,2.29,1.45
2025-01-07 04:00:00,N007,0.3,17.96,12.54,13.25,8.25,5.42
2025-01-07 04:00:00,N008,0.3,13.42,11.06,8.66,3.66,2.36
2025-01-07 04:00:00,N009,0.3,10.12,6.65,10.33,5.33,3.47
2025-01-07 04:00:00,N010,0.3,14.44,12.94,7.37,2.37,1.5
2025-01-07 04:00:00,N011,0.3,10.51,7.77,9.23,4.23,2.74
2025-01-07 04:00:00,N012,0.3,18.35,16.53,7.85,2.85,1.82
2025-01-07 04:00:00,N013,0.3,14.13,12.77,7.16,2.16,1.36
2025-01-07 04:00:00,N014,0.3,15.23,12.42,9.33,4.33,2.81
2025-01-07 04:00:00,N015,0.3,15.78,14.09,7.66,2.66,1.69
2025-01-07 04:00:00,N016,0.3,12.58,8.99,10.5,5.5,3.59
2025-01-07 04:00:00,N017,0.3,16.05,11.26,12.31,7.31,4.79
2025-01-07 04:00:00,N018,0.3,15.54,12.2,10.13,5.13,3.34
2025-01-07 04:00:00,N019,0.3,15.76,14.31,7.29,2.29,1.45
2025-01-07 04:00:00,N020,0.3,10.23,7.34,9.46,4.46,2.89
2025-01-07 05:00:00,N001,0.1,10.99,8.04,9.47,4.47,2.95
2025-01-07 05:00:00,N002,0.1,5.0,4.33,6.05,1.05,0.67
2025-01-07 05:00:00,N003,0.1,10.99,9.57,7.17,2.17,1.42
2025-01-07 05:00:00,N004,0.1,14.5,13.63,6.34,1.34,0.87
2025-01-07 05:00:00,N005,0.1,10.42,7.17,9.92,4.92,3.25
2025-01-07 05:00:00,N006,0.1,12.51,10.94,7.4,2.4,1.57
2025-01-07 05:00:00,N007,0.1,14.41,11.98,8.69,3.69,2.43
2025-01-07 05:00:00,N008,0.1,11.1,7.28,10.77,5.77,3.82
2025-01-07 05:00:00,N009,0.1,13.48,8.9,11.91,6.91,4.58
2025-01-07 05:00:00,N010,0.1,8.6,7.35,6.92,1.92,1.25
2025-01-07 05:00:00,N011,0.1,13.2,9.79,10.16,5.16,3.41
2025-01-07 05:00:00,N012,0.1,9.19,8.55,6.0,1.0,0.64
2025-01-07 05:00:00,N013,0.1,9.9,8.72,6.81,1.81,1.18
2025-01-07 05:00:00,N014,0.1,10.82,7.91,9.41,4.41,2.91
2025-01-07 05:00:00,N015,0.1,12.09,8.39,10.59,5.59,3.7
2025-01-07 05:00:00,N016,0.1,8.75,8.17,5.91,0.91,0.58
2025-01-07 05:00:00,N017,0.1,10.93,9.6,7.04,2.04,1.33
2025-01-07 05:00:00,N018,0.1,12.09,8.51,10.41,5.41,3.58
2025-01-07 05:00:00,N019,0.1,9.99,7.76,8.38,3.38,2.23
2025-01-07 05:00:00,N020,0.1,13.78,10.88,9.39,4.39,2.9
2025-01-07 06:00:00,N001,0.1,11.75,9.81,7.95,2.95,1.94
2025-01-07 06:00:00,N002,0.1,11.45,8.79,9.03,4.03,2.66
2025-01-07 06:00:00,N003,0.1,12.17,10.72,7.21,2.21,1.45
2025-01-07 06:00:00,N004,0.1,11.75,8.38,10.09,5.09,3.37
2025-01-07 06:00:00,N005,0.1,10.61,8.54,8.14,3.14,2.07
2025-01-07 06:00:00,N006,0.1,11.42,8.33,9.67,4.67,3.09
2025-01-07 06:00:00,N007,0.1,16.84,14.21,8.98,3.98,2.63
2025-01-07 06:00:00,N008,0.1,12.46,11.58,6.36,1.36,0.88
2025-01-07 06:00:00,N009,0.1,10.16,8.66,7.29,2.29,1.5
2025-01-07 06:00:00,N010,0.1,12.62,11.19,7.19,2.19,1.43
2025-01-07 06:00:00,N011,0.1,12.88,10.43,8.72,3.72,2.45
2025-01-07 06:00:00,N012,0.1,14.2,12.76,7.2,2.2,1.44
2025-01-07 06:00:00,N013,0.1,13.04,11.2,7.8,2.8,1.84
2025-01-07 06:00:00,N014,0.1,9.97,7.86,8.21,3.21,2.11
2025-01-07 06:00:00,N015,0.1,8.61,7.54,6.65,1.65,1.07
2025-01-07 06:00:00,N016,0.1,8.82,6.26,8.88,3.88,2.56
2025-01-07 06:00:00,N017,0.1,14.36,11.65,9.1,4.1,2.71
2025-01-07 06:00:00,N018,0.1,11.36,9.64,7.62,2.62,1.72
2025-01-07 06:00:00,N019,0.1,13.2,12.52,6.06,1.06,0.68
2025-01-07 06:00:00,N020,0.1,11.01,7.21,10.74,5.74,3.8
2025-01-07 07:00:00,N001,0.1,10.84,9.68,6.78,1.78,1.16
2025-01-07 07:00:00,N002,0.1,12.31,11.66,6.02,1.02,0.65
2025-01-07 07:00:00,N003,0.1,13.5,10.42,9.66,4.66,3.08
2025-01-07 07:00:00,N004,0.1,9.38,7.13,8.42,3.42,2.25
2025-01-07 07:00:00,N005,0.1,11.64,10.96,6.06,1.06,0.68
2025-01-07 07:00:00,N006,0.1,16.63,13.67,9.48,4.48,2.96
2025-01-07 07:00:00,N007,0.1,11.3,9.25,8.11,3.11,2.05
2025-01-07 07:00:00,N008,0.1,13.68,9.53,11.27,6.27,4.15
2025-01-07 07:00:00,N009,0.1,11.57,10.32,6.92,1.92,1.25
2025-01-07 07:00:00,N010,0.1,13.81,9.0,12.25,7.25,4.81
2025-01-07 07:00:00,N011,0.1,8.74,6.14,8.94,3.94,2.6
2025-01-07 07:00:00,N012,0.1,10.78,8.68,8.19,3.19,2.1
2025-01-07 07:00:00,N013,0.1,9.75,6.6,9.76,4.76,3.15
2025-01-07 07:00:00,N014,0.1,10.06,7.66,8.64,3.64,2.4
2025-01-07 07:00:00,N015,0.1,12.28,10.07,8.35,3.35,2.21
2025-01-07 07:00:00,N016,0.1,14.87,13.84,6.58,1.58,1.03
2025-01-07 07:00:00,N017,0.1,11.73,10.45,6.96,1.96,1.28
2025-01-07 07:00:00,N018,0.1,10.62,7.85,9.2,4.2,2.77
2025-01-07 07:00:00,N019,0.1,10.52,9.11,7.15,2.15,1.41
2025-01-07 07:00:00,N020,0.1,11.89,8.09,10.74,5.74,3.8
2025-01-07 08:00:00,N001,0.1,13.35,8.84,11.8,6.8,4.51
2025-01-07 08:00:00,N002,0.1,13.75,10.48,9.95,4.95,3.27
2025-01-07 08:00:00,N003,0.1,11.8,9.06,9.15,4.15,2.74
2025-01-07 08:00:00,N004,0.1,9.12,5.93,9.83,4.83,3.19
2025-01-07 08:00:00,N005,0.1,12.7,10.57,8.23,3.23,2.13
2025-01-07 08:00:00,N006,0.1,10.88,10.14,6.15,1.15,0.74
2025-01-07 08:00:00,N007,0.1,10.87,8.48,8.62,3.62,2.39
2025-01-07 08:00:00,N008,0.1,10.7,9.75,6.46,1.46,0.95
2025-01-07 08:00:00,N009,0.1,14.61,9.9,12.1,7.1,4.71
2025-01-07 08:00:00,N010,0.1,14.35,13.63,6.12,1.12,0.72
2025-01-07 08:00:00,N011,0.1,10.12,8.63,7.27,2.27,1.49
2025-01-07 08:00:00,N012,0.1,10.77,9.42,7.07,2.07,1.35
2025-01-07 08:00:00,N013,0.1,9.42,6.89,8.83,3.83,2.53
2025-01-07 08:00:00,N014,0.1,9.71,7.59,8.22,3.22,2.12
2025-01-07 08:00:00,N015,0.1,15.53,11.27,11.43,6.43,4.26
2025-01-07 08:00:00,N016,0.1,11.72,8.85,9.34,4.34,2.87
2025-01-07 08:00:00,N017,0.1,13.14,9.46,10.56,5.56,3.68
2025-01-07 08:00:00,N018,0.1,13.04,10.71,8.54,3.54,2.33
2025-01-07 08:00:00,N019,0.1,17.15,14.06,9.67,4.67,3.09
2025-01-07 08:00:00,N020,0.1,9.62,6.57,9.61,4.61,3.05
2025-01-07 09:00:00,N001,0.1,10.26,9.67,5.93,0.93,0.59
2025-01-07 09:00:00,N002,0.1,12.22,8.16,11.13,6.13,4.06
2025-01-07 09:00:00,N003,0.1,8.78,7.89,6.38,1.38,0.89
2025-01-07 09:00:00,N004,0.1,10.94,9.19,7.67,2.67,1.75
2025-01-07 09:00:00,N005,0.1,13.76,12.7,6.63,1.63,1.06
2025-01-07 09:00:00,N006,0.1,8.11,6.63,7.26,2.26,1.48
2025-01-07 09:00:00,N007,0.1,9.03,8.08,6.46,1.46,0.95
2025-01-07 09:00:00,N008,0.1,9.39,7.02,8.6,3.6,2.37
2025-01-07 09:00:00,N009,0.1,14.08,12.77,7.0,2.0,1.31
2025-01-07 09:00:00,N010,0.1,11.18,10.44,6.15,1.15,0.74
2025-01-07 09:00:00,N011,0.1,8.74,6.55,8.33,3.33,2.19
2025-01-07 09:00:00,N012,0.1,10.45,8.7,7.67,2.67,1.75
2025-01-07 09:00:00,N013,0.1,13.65,11.51,8.25,3.25,2.14
2025-01-07 09:00:00,N014,0.1,11.28,9.9,7.11,2.11,1.38
2025-01-07 09:00:00,N015,0.1,12.09,9.07,9.57,4.57,3.02
2025-01-07 09:00:00,N016,0.1,12.55,8.21,11.55,6.55,4.34
2025-01-07 09:00:00,N017,0.1,10.87,7.16,10.6,5.6,3.71
2025-01-07 09:00:00,N018,0.1,10.51,6.86,10.51,5.51,3.65
2025-01-07 09:00:00,N019,0.1,10.04,9.22,6.27,1.27,0.82
2025-01-07 09:00:00,N020,0.1,12.36,10.53,7.79,2.79,1.83
2025-01-07 10:00:00,N001,0.0,7.49,5.52,7.96,2.96,1.97
2025-01-07 10:00:00,N002,0.0,12.58,8.55,11.04,6.04,4.03
2025-01-07 10:00:00,N003,0.0,10.63,8.88,7.62,2.62,1.75
2025-01-07 10:00:00,N004,0.0,7.03,4.57,8.69,3.69,2.46
2025-01-07 10:00:00,N005,0.0,9.65,7.46,8.29,3.29,2.19
2025-01-07 10:00:00,N006,0.0,12.72,10.09,8.94,3.94,2.63
2025-01-07 10:00:00,N007,0.0,12.99,9.68,9.96,4.96,3.31
2025-01-07 10:00:00,N008,0.0,9.43,6.24,9.79,4.79,3.19
2025-01-07 10:00:00,N009,0.0,7.11,6.02,6.64,1.64,1.09
2025-01-07 10:00:00,N010,0.0,10.89,9.54,7.03,2.03,1.35
2025-01-07 10:00:00,N011,0.0,11.95,10.66,6.94,1.94,1.29
2025-01-07 10:00:00,N012,0.0,10.02,7.43,8.88,3.88,2.59
2025-01-07 10:00:00,N013,0.0,9.46,8.93,5.8,0.8,0.53
2025-01-07 10:00:00,N014,0.0,7.22,5.9,6.98,1.98,1.32
2025-01-07 10:00:00,N015,0.0,9.92,8.27,7.47,2.47,1.65
2025-01-07 10:00:00,N016,0.0,14.32,11.1,9.83,4.83,3.22
2025-01-07 10:00:00,N017,0.0,8.44,5.89,8.82,3.82,2.55
2025-01-07 10:00:00,N018,0.0,11.47,10.37,6.65,1.65,1.1
2025-01-07 10:00:00,N019,0.0,9.19,7.96,6.84,1.84,1.23
2025-01-07 10:00:00,N020,0.0,12.27,8.59,10.52,5.52,3.68
2025-01-07 11:00:00,N001,0.0,10.16,7.63,8.79,3.79,2.53
2025-01-07 11:00:00,N002,0.0,10.64,7.63,9.51,4.51,3.01
2025-01-07 11:00:00,N003,0.0,10.17,7.12,9.57,4.57,3.05
2025-01-07 11:00:00,N004,0.0,6.57,4.34,8.34,3.34,2.23
2025-01-07 11:00:00,N005,0.0,9.85,6.91,9.41,4.41,2.94
2025-01-07 11:00:00,N006,0.0,13.78,11.49,8.44,3.44,2.29
2025-01-07 11:00:00,N007,0.0,10.44,7.57,9.3,4.3,2.87
2025-01-07 11:00:00,N008,0.0,9.3,8.05,6.88,1.88,1.25
2025-01-07 11:00:00,N009,0.0,12.42,10.61,7.71,2.71,1.81
2025-01-07 11:00:00,N010,0.0,9.95,7.16,9.19,4.19,2.79
2025-01-07 11:00:00,N011,0.0,8.59,5.62,9.46,4.46,2.97
2025-01-07 11:00:00,N012,0.0,14.42,12.18,8.36,3.36,2.24
2025-01-07 11:00:00,N013,0.0,13.31,10.53,9.17,4.17,2.78
2025-01-07 11:00:00,N014,0.0,14.16,10.89,9.91,4.91,3.27
2025-01-07 11:00:00,N015,0.0,12.56,10.12,8.66,3.66,2.44
2025-01-07 11:00:00,N016,0.0,11.14,8.55,8.88,3.88,2.59
2025-01-07 11:00:00,N017,0.0,9.42,6.27,9.72,4.72,3.15
2025-01-07 11:00:00,N018,0.0,10.86,8.42,8.66,3.66,2.44
2025-01-07 11:00:00,N019,0.0,8.53,7.68,6.27,1.27,0.85
2025-01-07 11:00:00,N020,0.0,8.52,7.11,7.11,2.11,1.41
2025-01-07 12:00:00,N001,0.0,5.23,3.6,7.44,2.44,1.63
2025-01-07 12:00:00,N002,0.0,8.87,6.68,8.29,3.29,2.19
2025-01-07 12:00:00,N003,0.0,5.0,3.46,7.31,2.31,1.54
2025-01-07 12:00:00,N004,0.0,9.73,7.03,9.05,4.05,2.7
2025-01-07 12:00:00,N005,0.0,9.17,7.96,6.81,1.81,1.21
2025-01-07 12:00:00,N006,0.0,13.0,10.28,9.08,4.08,2.72
2025-01-07 12:00:00,N007,0.0,6.89,5.5,7.08,2.08,1.39
2025-01-07 12:00:00,N008,0.0,7.19,6.56,5.95,0.95,0.63
2025-01-07 12:00:00,N009,0.0,9.6,7.11,8.74,3.74,2.49
2025-01-07 12:00:00,N010,0.0,9.63,8.83,6.2,1.2,0.8
2025-01-07 12:00:00,N011,0.0,11.91,8.58,10.0,5.0,3.33
2025-01-07 12:00:00,N012,0.0,11.58,8.12,10.19,5.19,3.46
2025-01-07 12:00:00,N013,0.0,7.84,5.58,8.39,3.39,2.26
2025-01-07 12:00:00,N014,0.0,7.65,5.36,8.44,3.44,2.29
2025-01-07 12:00:00,N015,0.0,10.16,7.61,8.82,3.82,2.55
2025-01-07 12:00:00,N016,0.0,9.42,7.73,7.54,2.54,1.69
2025-01-07 12:00:00,N017,0.0,10.21,7.6,8.92,3.92,2.61
2025-01-07 12:00:00,N018,0.0,10.3,6.98,9.98,4.98,3.32
2025-01-07 12:00:00,N019,0.0,12.33,8.98,10.03,5.03,3.35
2025-01-07 12:00:00,N020,0.0,11.85,9.64,8.31,3.31,2.21
2025-01-07 13:00:00,N001,0.0,11.9,8.67,9.84,4.84,3.23
2025-01-07 13:00:00,N002,0.0,11.35,8.5,9.28,4.28,2.85
2025-01-07 13:00:00,N003,0.0,9.83,8.1,7.59,2.59,1.73
2025-01-07 13:00:00,N004,0.0,12.27,9.2,9.6,4.6,3.07
2025-01-07 13:00:00,N005,0.0,8.94,6.38,8.84,3.84,2.56
2025-01-07 13:00:00,N006,0.0,11.56,8.62,9.41,4.41,2.94
2025-01-07 13:00:00,N007,0.0,10.88,7.14,10.61,5.61,3.74
2025-01-07 13:00:00,N008,0.0,8.96,6.5,8.69,3.69,2.46
2025-01-07 13:00:00,N009,0.0,9.79,6.4,10.08,5.08,3.39
2025-01-07 13:00:00,N010,0.0,9.02,7.22,7.7,2.7,1.8
2025-01-07 13:00:00,N011,0.0,12.31,11.48,6.24,1.24,0.83
2025-01-07 13:00:00,N012,0.0,12.33,8.17,11.24,6.24,4.16
2025-01-07 13:00:00,N013,0.0,5.21,4.09,6.68,1.68,1.12
2025-01-07 13:00:00,N014,0.0,8.64,6.74,7.85,2.85,1.9
2025-01-07 13:00:00,N015,0.0,9.92,8.92,6.5,1.5,1.0
2025-01-07 13:00:00,N016,0.0,11.64,9.07,8.85,3.85,2.57
2025-01-07 13:00:00,N017,0.0,6.49,5.83,5.99,0.99,0.66
2025-01-07 13:00:00,N018,0.0,7.46,5.09,8.56,3.56,2.37
2025-01-07 13:00:00,N019,0.0,8.22,5.7,8.78,3.78,2.52
2025-01-07 13:00:00,N020,0.0,9.68,6.31,10.05,5.05,3.37
2025-01-07 14:00:00,N001,0.0,12.28,11.59,6.03,1.03,0.69
2025-01-07 14:00:00,N002,0.0,7.64,5.79,7.78,2.78,1.85
2025-01-07 14:00:00,N003,0.0,11.76,8.48,9.92,4.92,3.28
2025-01-07 14:00:00,N004,0.0,8.11,6.02,8.13,3.13,2.09
2025-01-07 14:00:00,N005,0.0,10.56,7.57,9.49,4.49,2.99
2025-01-07 14:00:00,N006,0.0,13.67,9.67,11.0,6.0,4.0
2025-01-07 14:00:00,N007,0.0,6.77,4.46,8.46,3.46,2.31
2025-01-07 14:00:00,N008,0.0,10.69,7.73,9.44,4.44,2.96
2025-01-07 14:00:00,N009,0.0,7.11,6.48,5.95,0.95,0.63
2025-01-07 14:00:00,N010,0.0,9.07,7.47,7.4,2.4,1.6
2025-01-07 14:00:00,N011,0.0,10.53,9.33,6.8,1.8,1.2
2025-01-07 14:00:00,N012,0.0,8.88,6.88,8.0,3.0,2.0
2025-01-07 14:00:00,N013,0.0,11.85,9.71,8.21,3.21,2.14
2025-01-07 14:00:00,N014,0.0,9.23,7.95,6.92,1.92,1.28
2025-01-07 14:00:00,N015,0.0,9.72,9.02,6.05,1.05,0.7
2025-01-07 14:00:00,N016,0.0,11.76,9.36,8.6,3.6,2.4
2025-01-07 14:00:00,N017,0.0,13.49,12.09,7.1,2.1,1.4
2025-01-07 14:00:00,N018,0.0,11.45,7.69,10.64,5.64,3.76
2025-01-07 14:00:00,N019,0.0,8.91,7.49,7.13,2.13,1.42
2025-01-07 14:00:00,N020,0.0,12.53,11.48,6.58,1.58,1.05
2025-01-07 15:00:00,N001,0.0,9.06,7.54,7.28,2.28,1.52
2025-01-07 15:00:00,N002,0.0,12.24,11.28,6.44,1.44,0.96
2025-01-07 15:00:00,N003,0.0,5.0,3.99,6.52,1.52,1.01
2025-01-07 15:00:00,N004,0.0,10.59,8.51,8.12,3.12,2.08
2025-01-07 15:00:00,N005,0.0,11.11,9.58,7.29,2.29,1.53
2025-01-07 15:00:00,N006,0.0,11.26,10.23,6.54,1.54,1.03
2025-01-07 15:00:00,N007,0.0,9.86,9.29,5.85,0.85,0.57
2025-01-07 15:00:00,N008,0.0,10.18,9.34,6.26,1.26,0.84
2025-01-07 15:00:00,N009,0.0,10.22,8.32,7.85,2.85,1.9
2025-01-07 15:00:00,N010,0.0,12.0,10.48,7.28,2.28,1.52
2025-01-07 15:00:00,N011,0.0,14.41,11.49,9.38,4.38,2.92
2025-01-07 15:00:00,N012,0.0,10.16,7.45,9.06,4.06,2.71
2025-01-07 15:00:00,N013,0.0,9.2,6.4,9.2,4.2,2.8
2025-01-07 15:00:00,N014,0.0,9.11,7.54,7.35,2.35,1.57
2025-01-07 15:00:00,N015,0.0,7.84,6.94,6.35,1.35,0.9
2025-01-07 15:00:00,N016,0.0,10.69,7.87,9.23,4.23,2.82
2025-01-07 15:00:00,N017,0.0,8.99,7.35,7.46,2.46,1.64
2025-01-07 15:00:00,N018,0.0,10.48,8.22,8.39,3.39,2.26
2025-01-07 15:00:00,N019,0.0,6.7,6.04,5.99,0.99,0.66
2025-01-07 15:00:00,N020,0.0,11.93,10.76,6.75,1.75,1.17
2025-01-07 16:00:00,N001,0.0,9.13,6.93,8.3,3.3,2.2
2025-01-07 16:00:00,N002,0.0,14.37,11.5,9.3,4.3,2.87
2025-01-07 16:00:00,N003,0.0,5.91,5.19,6.08,1.08,0.72
2025-01-07 16:00:00,N004,0.0,8.84,8.33,5.77,0.77,0.51
2025-01-07 16:00:00,N005,0.0,11.83,10.09,7.61,2.61,1.74
2025-01-07 16:00:00,N006,0.0,8.03,7.61,5.63,0.63,0.42
2025-01-07 16:00:00,N007,0.0,9.65,7.34,8.46,3.46,2.31
2025-01-07 16:00:00,N008,0.0,12.68,10.24,8.66,3.66,2.44
2025-01-07 16:00:00,N009,0.0,16.75,15.47,6.92,1.92,1.28
2025-01-07 16:00:00,N010,0.0,11.35,8.63,9.08,4.08,2.72
2025-01-07 16:00:00,N011,0.0,6.24,5.04,6.8,1.8,1.2
2025-01-07 16:00:00,N012,0.0,7.95,7.2,6.12,1.12,0.75
2025-01-07 16:00:00,N013,0.0,9.35,7.3,8.07,3.07,2.05
2025-01-07 16:00:00,N014,0.0,10.54,7.01,10.29,5.29,3.53
2025-01-07 16:00:00,N015,0.0,5.57,4.78,6.19,1.19,0.79
2025-01-07 16:00:00,N016,0.0,9.61,6.95,8.99,3.99,2.66
2025-01-07 16:00:00,N017,0.0,7.05,4.6,8.68,3.68,2.45
2025-01-07 16:00:00,N018,0.0,12.12,8.38,10.61,5.61,3.74
2025-01-07 16:00:00,N019,0.0,7.75,6.41,7.01,2.01,1.34
2025-01-07 16:00:00,N020,0.0,10.76,7.11,10.47,5.47,3.65
2025-01-07 17:00:00,N001,0.0,8.27,6.45,7.73,2.73,1.82
2025-01-07 17:00:00,N002,0.0,12.27,9.86,8.62,3.62,2.41
2025-01-07 17:00:00,N003,0.0,7.99,6.53,7.19,2.19,1.46
2025-01-07 17:00:00,N004,0.0,11.89,9.31,8.87,3.87,2.58
2025-01-07 17:00:00,N005,0.0,9.82,7.99,7.75,2.75,1.83
2025-01-07 17:00:00,N006,0.0,14.42,12.43,7.98,2.98,1.99
2025-01-07 17:00:00,N007,0.0,13.95,10.88,9.6,4.6,3.07
2025-01-07 17:00:00,N008,0.0,10.75,9.45,6.95,1.95,1.3
2025-01-07 17:00:00,N009,0.0,8.56,5.64,9.38,4.38,2.92
2025-01-07 17:00:00,N010,0.0,10.28,9.02,6.89,1.89,1.26
2025-01-07 17:00:00,N011,0.0,7.15,4.84,8.46,3.46,2.31
2025-01-07 17:00:00,N012,0.0,13.82,10.97,9.28,4.28,2.85
2025-01-07 17:00:00,N013,0.0,10.48,9.22,6.89,1.89,1.26
2025-01-07 17:00:00,N014,0.0,8.3,6.41,7.83,2.83,1.89
2025-01-07 17:00:00,N015,0.0,8.35,6.43,7.88,2.88,1.92
2025-01-07 17:00:00,N016,0.0,9.01,7.43,7.37,2.37,1.58
2025-01-07 17:00:00,N017,0.0,10.13,9.19,6.41,1.41,0.94
2025-01-07 17:00:00,N018,0.0,13.33,12.55,6.17,1.17,0.78
2025-01-07 17:00:00,N019,0.0,9.68,8.34,7.01,2.01,1.34
2025-01-07 17:00:00,N020,0.0,9.51,7.42,8.13,3.13,2.09
2025-01-07 18:00:00,N001,0.0,10.3,9.31,6.48,1.48,0.99
2025-01-07 18:00:00,N002,0.0,11.42,8.64,9.17,4.17,2.78
2025-01-07 18:00:00,N003,0.0,10.3,9.76,5.81,0.81,0.54
2025-01-07 18:00:00,N004,0.0,9.66,7.88,7.67,2.67,1.78
2025-01-07 18:00:00,N005,0.0,6.02,5.53,5.73,0.73,0.49
2025-01-07 18:00:00,N006,0.0,10.66,7.38,9.92,4.92,3.28
2025-01-07 18:00:00,N007,0.0,11.17,8.11,9.59,4.59,3.06
2025-01-07 18:00:00,N008,0.0,12.57,10.81,7.64,2.64,1.76
2025-01-07 18:00:00,N009,0.0,14.39,11.4,9.49,4.49,2.99
2025-01-07 18:00:00,N010,0.0,11.91,8.49,10.13,5.13,3.42
2025-01-07 18:00:00,N011,0.0,11.31,8.06,9.88,4.88,3.25
2025-01-07 18:00:00,N012,0.0,10.51,9.58,6.4,1.4,0.93
2025-01-07 18:00:00,N013,0.0,11.14,9.75,7.08,2.08,1.39
2025-01-07 18:00:00,N014,0.0,10.77,8.13,8.96,3.96,2.64
2025-01-07 18:00:00,N015,0.0,10.5,9.58,6.38,1.38,0.92
2025-01-07 18:00:00,N016,0.0,5.12,3.59,7.29,2.29,1.53
2025-01-07 18:00:00,N017,0.0,7.27,6.69,5.87,0.87,0.58
2025-01-07 18:00:00,N018,0.0,8.14,6.89,6.88,1.88,1.25
2025-01-07 18:00:00,N019,0.0,10.19,8.23,7.94,2.94,1.96
2025-01-07 18:00:00,N020,0.0,12.49,10.9,7.39,2.39,1.59
2025-01-07 19:00:00,N001,0.0,8.82,8.27,5.83,0.83,0.55
2025-01-07 19:00:00,N002,0.0,7.49,6.57,6.38,1.38,0.92
2025-01-07 19:00:00,N003,0.0,8.33,7.65,6.02,1.02,0.68
2025-01-07 19:00:00,N004,0.0,11.79,11.01,6.17,1.17,0.78
2025-01-07 19:00:00,N005,0.0,10.47,9.74,6.09,1.09,0.73
2025-01-07 19:00:00,N006,0.0,12.33,10.01,8.48,3.48,2.32
2025-01-07 19:00:00,N007,0.0,14.1,9.37,12.1,7.1,4.73
2025-01-07 19:00:00,N008,0.0,6.59,5.16,7.15,2.15,1.43
2025-01-07 19:00:00,N009,0.0,7.88,5.7,8.27,3.27,2.18
2025-01-07 19:00:00,N010,0.0,10.52,7.15,10.05,5.05,3.37
2025-01-07 19:00:00,N011,0.0,9.87,6.95,9.38,4.38,2.92
2025-01-07 19:00:00,N012,0.0,10.19,8.98,6.81,1.81,1.21
2025-01-07 19:00:00,N013,0.0,10.57,7.78,9.19,4.19,2.79
2025-01-07 19:00:00,N014,0.0,11.89,11.13,6.14,1.14,0.76
2025-01-07 19:00:00,N015,0.0,11.66,8.62,9.56,4.56,3.04
2025-01-07 19:00:00,N016,0.0,8.19,5.5,9.04,4.04,2.69
2025-01-07 19:00:00,N017,0.0,8.73,5.85,9.32,4.32,2.88
2025-01-07 19:00:00,N018,0.0,11.48,8.13,10.03,5.03,3.35
2025-01-07 19:00:00,N019,0.0,10.32,8.19,8.19,3.19,2.13
2025-01-07 19:00:00,N020,0.0,10.39,7.91,8.72,3.72,2.48
2025-01-07 20:00:00,N001,0.0,9.53,9.0,5.8,0.8,0.53
2025-01-07 20:00:00,N002,0.0,7.38,6.1,6.92,1.92,1.28
2025-01-07 20:00:00,N003,0.0,11.33,7.76,10.35,5.35,3.57
2025-01-07 20:00:00,N004,0.0,14.42,10.62,10.7,5.7,3.8
2025-01-07 20:00:00,N005,0.0,8.23,5.95,8.42,3.42,2.28
2025-01-07 20:00:00,N006,0.0,8.75,6.29,8.69,3.69,2.46
2025-01-07 20:00:00,N007,0.0,12.01,9.23,9.17,4.17,2.78
2025-01-07 20:00:00,N008,0.0,10.05,7.91,8.21,3.21,2.14
2025-01-07 20:00:00,N009,0.0,10.92,9.89,6.54,1.54,1.03
2025-01-07 20:00:00,N010,0.0,7.79,6.49,6.95,1.95,1.3
2025-01-07 20:00:00,N011,0.0,7.58,6.03,7.33,2.33,1.55
2025-01-07 20:00:00,N012,0.0,8.87,6.28,8.88,3.88,2.59
2025-01-07 20:00:00,N013,0.0,10.96,8.86,8.15,3.15,2.1
2025-01-07 20:00:00,N014,0.0,8.85,7.29,7.34,2.34,1.56
2025-01-07 20:00:00,N015,0.0,9.36,7.79,7.35,2.35,1.57
2025-01-07 20:00:00,N016,0.0,9.94,8.4,7.31,2.31,1.54
2025-01-07 20:00:00,N017,0.0,10.83,9.48,7.03,2.03,1.35
2025-01-07 20:00:00,N018,0.0,8.03,6.93,6.65,1.65,1.1
2025-01-07 20:00:00,N019,0.0,9.77,7.02,9.12,4.12,2.75
2025-01-07 20:00:00,N020,0.0,8.89,7.46,7.15,2.15,1.43
2025-01-07 21:00:00,N001,0.0,6.44,5.34,6.65,1.65,1.1
2025-01-07 21:00:00,N002,0.0,12.13,10.43,7.55,2.55,1.7
2025-01-07 21:00:00,N003,0.0,7.26,4.73,8.79,3.79,2.53
2025-01-07 21:00:00,N004,0.0,9.39,8.21,6.77,1.77,1.18
2025-01-07 21:00:00,N005,0.0,8.8,7.05,7.62,2.62,1.75
2025-01-07 21:00:00,N006,0.0,11.19,9.65,7.31,2.31,1.54
2025-01-07 21:00:00,N007,0.0,9.14,5.97,9.75,4.75,3.17
2025-01-07 21:00:00,N008,0.0,10.46,7.88,8.87,3.87,2.58
2025-01-07 21:00:00,N009,0.0,8.73,6.02,9.06,4.06,2.71
2025-01-07 21:00:00,N010,0.0,12.26,9.22,9.56,4.56,3.04
2025-01-07 21:00:00,N011,0.0,6.51,4.42,8.13,3.13,2.09
2025-01-07 21:00:00,N012,0.0,7.89,7.11,6.17,1.17,0.78
2025-01-07 21:00:00,N013,0.0,8.24,6.83,7.11,2.11,1.41
2025-01-07 21:00:00,N014,0.0,7.11,6.24,6.3,1.3,0.87
2025-01-07 21:00:00,N015,0.0,11.28,9.7,7.37,2.37,1.58
2025-01-07 21:00:00,N016,0.0,13.4,10.44,9.44,4.44,2.96
2025-01-07 21:00:00,N017,0.0,8.63,5.94,9.04,4.04,2.69
2025-01-07 21:00:00,N018,0.0,9.98,8.0,7.97,2.97,1.98
2025-01-07 21:00:00,N019,0.0,10.16,6.97,9.79,4.79,3.19
2025-01-07 21:00:00,N020,0.0,12.36,8.98,10.07,5.07,3.38
2025-01-07 22:00:00,N001,0.0,11.05,10.13,6.38,1.38,0.92
2025-01-07 22:00:00,N002,0.0,10.02,7.94,8.12,3.12,2.08
2025-01-07 22:00:00,N003,0.0,9.81,7.23,8.87,3.87,2.58
2025-01-07 22:00:00,N004,0.0,12.33,11.18,6.72,1.72,1.15
2025-01-07 22:00:00,N005,0.0,11.86,7.9,10.94,5.94,3.96
2025-01-07 22:00:00,N006,0.0,10.42,7.95,8.71,3.71,2.47
2025-01-07 22:00:00,N007,0.0,12.46,10.18,8.42,3.42,2.28
2025-01-07 22:00:00,N008,0.0,11.05,7.63,10.13,5.13,3.42
2025-01-07 22:00:00,N009,0.0,10.82,8.14,9.02,4.02,2.68
2025-01-07 22:00:00,N010,0.0,12.43,9.97,8.69,3.69,2.46
2025-01-07 22:00:00,N011,0.0,5.49,4.59,6.35,1.35,0.9
2025-01-07 22:00:00,N012,0.0,10.86,7.97,9.33,4.33,2.89
2025-01-07 22:00:00,N013,0.0,9.47,7.7,7.66,2.66,1.77
2025-01-07 22:00:00,N014,0.0,11.11,10.33,6.17,1.17,0.78
2025-01-07 22:00:00,N015,0.0,8.6,7.14,7.19,2.19,1.46
2025-01-07 22:00:00,N016,0.0,9.58,8.22,7.04,2.04,1.36
2025-01-07 22:00:00,N017,0.0,9.81,6.61,9.8,4.8,3.2
2025-01-07 22:00:00,N018,0.0,9.6,6.5,9.65,4.65,3.1
2025-01-07 22:00:00,N019,0.0,9.13,6.35,9.17,4.17,2.78
2025-01-07 22:00:00,N020,0.0,12.1,8.65,10.18,5.18,3.45
2025-01-07 23:00:00,N001,0.0,9.23,7.63,7.4,2.4,1.6
2025-01-07 23:00:00,N002,0.0,8.48,7.18,6.95,1.95,1.3
2025-01-07 23:00:00,N003,0.0,7.16,5.54,7.43,2.43,1.62
2025-01-07 23:00:00,N004,0.0,13.5,9.71,10.69,5.69,3.79
2025-01-07 23:00:00,N005,0.0,10.44,7.03,10.12,5.12,3.41
2025-01-07 23:00:00,N006,0.0,9.67,7.72,7.92,2.92,1.95
2025-01-07 23:00:00,N007,0.0,7.01,5.81,6.8,1.8,1.2
2025-01-07 23:00:00,N008,0.0,11.45,7.53,10.88,5.88,3.92
2025-01-07 23:00:00,N009,0.0,8.42,6.53,7.83,2.83,1.89
2025-01-07 23:00:00,N010,0.0,11.39,10.39,6.5,1.5,1.0
2025-01-07 23:00:00,N011,0.0,9.32,8.23,6.64,1.64,1.09
2025-01-07 23:00:00,N012,0.0,11.92,8.43,10.24,5.24,3.49
2025-01-07 23:00:00,N013,0.0,13.03,9.72,9.96,4.96,3.31
2025-01-07 23:00:00,N014,0.0,12.29,10.5,7.69,2.69,1.79
2025-01-07 23:00:00,N015,0.0,11.02,7.43,10.38,5.38,3.59
2025-01-07 23:00:00,N016,0.0,8.77,7.96,6.22,1.22,0.81
2025-01-07 23:00:00,N017,0.0,13.23,11.98,6.88,1.88,1.25
2025-01-07 23:00:00,N018,0.0,8.46,6.83,7.44,2.44,1.63
2025-01-07 23:00:00,N019,0.0,5.59,3.91,7.52,2.52,1.68
2025-01-07 23:00:00,N020,0.0,9.56,7.87,7.54,2.54,1.69
2025-01-08 00:00:00,N001,0.0,7.82,7.3,5.78,0.78,0.52
2025-01-08 00:00:00,N002,0.0,11.12,9.46,7.49,2.49,1.66
2025-01-08 00:00:00,N003,0.0,9.29,8.09,6.8,1.8,1.2
2025-01-08 00:00:00,N004,0.0,13.3,10.92,8.57,3.57,2.38
2025-01-08 00:00:00,N005,0.0,11.59,8.77,9.23,4.23,2.82
2025-01-08 00:00:00,N006,0.0,13.33,9.52,10.71,5.71,3.81
2025-01-08 00:00:00,N007,0.0,10.77,8.99,7.67,2.67,1.78
2025-01-08 00:00:00,N008,0.0,11.6,9.21,8.58,3.58,2.39
2025-01-08 00:00:00,N009,0.0,9.32,8.01,6.97,1.97,1.31
2025-01-08 00:00:00,N010,0.0,11.8,9.67,8.19,3.19,2.13
2025-01-08 00:00:00,N011,0.0,7.75,5.77,7.97,2.97,1.98
2025-01-08 00:00:00,N012,0.0,10.21,9.54,6.01,1.01,0.67
2025-01-08 00:00:00,N013,0.0,11.74,8.89,9.28,4.28,2.85
2025-01-08 00:00:00,N014,0.0,10.65,9.08,7.35,2.35,1.57
2025-01-08 00:00:00,N015,0.0,11.02,10.31,6.06,1.06,0.71
2025-01-08 00:00:00,N016,0.0,10.4,6.89,10.26,5.26,3.51
2025-01-08 00:00:00,N017,0.0,9.93,8.14,7.69,2.69,1.79
2025-01-08 00:00:00,N018,0.0,11.81,9.34,8.71,3.71,2.47
2025-01-08 00:00:00,N019,0.0,13.18,12.3,6.32,1.32,0.88
2025-01-08 00:00:00,N020,0.0,8.82,6.41,8.62,3.62,2.41
2025-01-08 01:00:00,N001,0.0,13.49,11.65,7.76,2.76,1.84
2025-01-08 01:00:00,N002,0.0,11.33,9.79,7.31,2.31,1.54
2025-01-08 01:00:00,N003,0.0,9.78,6.85,9.4,4.4,2.93
2025-01-08 01:00:00,N004,0.0,9.09,6.27,9.23,4.23,2.82
2025-01-08 01:00:00,N005,0.0,12.22,9.21,9.51,4.51,3.01
2025-01-08 01:00:00,N006,0.0,11.13,10.36,6.16,1.16,0.77
2025-01-08 01:00:00,N007,0.0,11.05,7.48,10.35,5.35,3.57
2025-01-08 01:00:00,N008,0.0,8.4,7.51,6.33,1.33,0.89
2025-01-08 01:00:00,N009,0.0,9.72,7.87,7.78,2.78,1.85
2025-01-08 01:00:00,N010,0.0,9.25,8.54,6.06,1.06,0.71
2025-01-08 01:00:00,N011,0.0,9.1,7.36,7.61,2.61,1.74
2025-01-08 01:00:00,N012,0.0,9.74,7.13,8.92,3.92,2.61
2025-01-08 01:00:00,N013,0.0,10.41,7.8,8.92,3.92,2.61
2025-01-08 01:00:00,N014,0.0,9.52,7.95,7.35,2.35,1.57
2025-01-08 01:00:00,N015,0.0,8.5,6.95,7.33,2.33,1.55
2025-01-08 01:00:00,N016,0.0,13.04,11.01,8.04,3.04,2.03
2025-01-08 01:00:00,N017,0.0,9.8,7.29,8.76,3.76,2.51
2025-01-08 01:00:00,N018,0.0,9.46,8.49,6.46,1.46,0.97
2025-01-08 01:00:00,N019,0.0,11.24,8.53,9.06,4.06,2.71
2025-01-08 01:00:00,N020,0.0,9.25,6.3,9.43,4.43,2.95
2025-01-08 02:00:00,N001,0.0,10.33,8.75,7.37,2.37,1.58
2025-01-08 02:00:00,N002,0.0,12.92,9.21,10.56,5.56,3.71
2025-01-08 02:00:00,N003,0.0,9.87,9.01,6.29,1.29,0.86
2025-01-08 02:00:00,N004,0.0,9.09,7.35,7.61,2.61,1.74
2025-01-08 02:00:00,N005,0.0,9.25,6.58,9.0,4.0,2.67
2025-01-08 02:00:00,N006,0.0,13.14,11.04,8.15,3.15,2.1
2025-01-08 02:00:00,N007,0.0,9.31,8.43,6.32,1.32,0.88
2025-01-08 02:00:00,N008,0.0,12.28,9.04,9.86,4.86,3.24
2025-01-08 02:00:00,N009,0.0,12.37,8.64,10.59,5.59,3.73
2025-01-08 02:00:00,N010,0.0,7.67,7.06,5.92,0.92,0.61
2025-01-08 02:00:00,N011,0.0,11.36,9.67,7.54,2.54,1.69
2025-01-08 02:00:00,N012,0.0,8.58,6.47,8.17,3.17,2.11
2025-01-08 02:00:00,N013,0.0,10.13,7.85,8.42,3.42,2.28
2025-01-08 02:00:00,N014,0.0,9.45,7.02,8.65,3.65,2.43
2025-01-08 02:00:00,N015,0.0,12.51,9.35,9.74,4.74,3.16
2025-01-08 02:00:00,N016,0.0,12.38,10.88,7.25,2.25,1.5
2025-01-08 02:00:00,N017,0.0,10.8,7.7,9.65,4.65,3.1
2025-01-08 02:00:00,N018,0.0,5.97,4.03,7.91,2.91,1.94
2025-01-08 02:00:00,N019,0.0,10.97,9.41,7.34,2.34,1.56
2025-01-08 02:00:00,N020,0.0,11.53,9.41,8.18,3.18,2.12
2025-01-08 03:00:00,N001,0.0,10.63,7.01,10.43,5.43,3.62
2025-01-08 03:00:00,N002,0.0,10.13,9.34,6.19,1.19,0.79
2025-01-08 03:00:00,N003,0.0,10.76,10.19,5.85,0.85,0.57
2025-01-08 03:00:00,N004,0.0,12.69,10.79,7.85,2.85,1.9
2025-01-08 03:00:00,N005,0.0,11.77,8.19,10.37,5.37,3.58
2025-01-08 03:00:00,N006,0.0,7.27,6.08,6.78,1.78,1.19
2025-01-08 03:00:00,N007,0.0,9.23,6.91,8.48,3.48,2.32
2025-01-08 03:00:00,N008,0.0,8.79,8.2,5.89,0.89,0.59
2025-01-08 03:00:00,N009,0.0,8.91,7.81,6.65,1.65,1.1
2025-01-08 03:00:00,N010,0.0,7.3,6.75,5.83,0.83,0.55
2025-01-08 03:00:00,N011,0.0,8.59,6.57,8.03,3.03,2.02
2025-01-08 03:00:00,N012,0.0,11.44,9.87,7.35,2.35,1.57
2025-01-08 03:00:00,N013,0.0,9.31,6.75,8.84,3.84,2.56
2025-01-08 03:00:00,N014,0.0,10.24,8.71,7.29,2.29,1.53
2025-01-08 03:00:00,N015,0.0,6.67,5.14,7.29,2.29,1.53
2025-01-08 03:00:00,N016,0.0,6.0,5.55,5.68,0.68,0.45
2025-01-08 03:00:00,N017,0.0,6.79,6.33,5.69,0.69,0.46
2025-01-08 03:00:00,N018,0.0,6.37,4.98,7.08,2.08,1.39
2025-01-08 03:00:00,N019,0.0,10.94,9.17,7.66,2.66,1.77
2025-01-08 03:00:00,N020,0.0,12.54,10.07,8.71,3.71,2.47
2025-01-08 04:00:00,N001,0.0,12.12,8.89,9.84,4.84,3.23
2025-01-08 04:00:00,N002,0.0,10.16,9.27,6.33,1.33,0.89
2025-01-08 04:00:00,N003,0.0,9.45,8.33,6.68,1.68,1.12
2025-01-08 04:00:00,N004,0.0,7.55,5.7,7.78,2.78,1.85
2025-01-08 04:00:00,N005,0.0,11.96,10.35,7.42,2.42,1.61
2025-01-08 04:00:00,N006,0.0,9.23,8.5,6.09,1.09,0.73
2025-01-08 04:00:00,N007,0.0,10.68,8.15,8.79,3.79,2.53
2025-01-08 04:00:00,N008,0.0,9.74,7.13,8.92,3.92,2.61
2025-01-08 04:00:00,N009,0.0,8.13,6.35,7.67,2.67,1.78
2025-01-08 04:00:00,N010,0.0,7.85,7.21,5.96,0.96,0.64
2025-01-08 04:00:00,N011,0.0,7.88,5.75,8.19,3.19,2.13
2025-01-08 04:00:00,N012,0.0,11.25,7.62,10.45,5.45,3.63
2025-01-08 04:00:00,N013,0.0,8.05,5.96,8.13,3.13,2.09
2025-01-08 04:00:00,N014,0.0,10.32,8.58,7.61,2.61,1.74
2025-01-08 04:00:00,N015,0.0,11.13,8.05,9.62,4.62,3.08
2025-01-08 04:00:00,N016,0.0,11.37,7.42,10.93,5.93,3.95
2025-01-08 04:00:00,N017,0.0,9.55,7.19,8.54,3.54,2.36
2025-01-08 04:00:00,N018,0.0,10.56,9.1,7.19,2.19,1.46
2025-01-08 04:00:00,N019,0.0,6.57,5.71,6.29,1.29,0.86
2025-01-08 04:00:00,N020,0.0,11.65,7.61,11.06,6.06,4.04
2025-01-08 05:00:00,N001,0.0,7.82,5.59,8.34,3.34,2.23
2025-01-08 05:00:00,N002,0.0,9.75,6.92,9.25,4.25,2.83
2025-01-08 05:00:00,N003,0.0,7.99,5.32,9.0,4.0,2.67
2025-01-08 05:00:00,N004,0.0,10.25,7.1,9.72,4.72,3.15
2025-01-08 05:00:00,N005,0.0,9.27,7.44,7.75,2.75,1.83
2025-01-08 05:00:00,N006,0.0,10.35,9.68,6.01,1.01,0.67
2025-01-08 05:00:00,N007,0.0,8.02,7.49,5.8,0.8,0.53
2025-01-08 05:00:00,N008,0.0,14.48,11.93,8.82,3.82,2.55
2025-01-08 05:00:00,N009,0.0,9.71,6.65,9.59,4.59,3.06
2025-01-08 05:00:00,N010,0.0,10.69,7.04,10.47,5.47,3.65
2025-01-08 05:00:00,N011,0.0,9.6,8.34,6.89,1.89,1.26
2025-01-08 05:00:00,N012,0.0,10.37,8.5,7.81,2.81,1.87
2025-01-08 05:00:00,N013,0.0,8.12,6.26,7.79,2.79,1.86
2025-01-08 05:00:00,N014,0.0,8.91,6.25,8.99,3.99,2.66
2025-01-08 05:00:00,N015,0.0,11.91,11.14,6.16,1.16,0.77
2025-01-08 05:00:00,N016,0.0,9.4,6.52,9.32,4.32,2.88
2025-01-08 05:00:00,N017,0.0,10.51,6.85,10.49,5.49,3.66
2025-01-08 05:00:00,N018,0.0,9.54,7.91,7.44,2.44,1.63
2025-01-08 05:00:00,N019,0.0,9.27,8.59,6.02,1.02,0.68
2025-01-08 05:00:00,N020,0.0,10.59,8.76,7.75,2.75,1.83
2025-01-08 06:00:00,N001,0.0,9.22,7.02,8.3,3.3,2.2
2025-01-08 06:00:00,N002,0.0,12.96,11.26,7.55,2.55,1.7
2025-01-08 06:00:00,N003,0.0,10.61,9.83,6.17,1.17,0.78
2025-01-08 06:00:00,N004,0.0,9.9,7.15,9.12,4.12,2.75
2025-01-08 06:00:00,N005,0.0,9.39,7.37,8.03,3.03,2.02
2025-01-08 06:00:00,N006,0.0,12.74,10.07,9.0,4.0,2.67
2025-01-08 06:00:00,N007,0.0,8.64,7.57,6.6,1.6,1.07
2025-01-08 06:00:00,N008,0.0,8.77,7.51,6.89,1.89,1.26
2025-01-08 06:00:00,N009,0.0,9.69,8.68,6.52,1.52,1.01
2025-01-08 06:00:00,N010,0.0,6.37,4.92,7.17,2.17,1.45
2025-01-08 06:00:00,N011,0.0,12.33,8.95,10.07,5.07,3.38
2025-01-08 06:00:00,N012,0.0,13.18,11.29,7.83,2.83,1.89
2025-01-08 06:00:00,N013,0.0,11.0,8.64,8.54,3.54,2.36
2025-01-08 06:00:00,N014,0.0,6.12,4.75,7.06,2.06,1.37
2025-01-08 06:00:00,N015,0.0,10.61,8.75,7.79,2.79,1.86
2025-01-08 06:00:00,N016,0.0,12.3,9.47,9.25,4.25,2.83
2025-01-08 06:00:00,N017,0.0,9.57,6.5,9.6,4.6,3.07
2025-01-08 06:00:00,N018,0.0,8.05,5.97,8.12,3.12,2.08
2025-01-08 06:00:00,N019,0.0,9.61,7.78,7.75,2.75,1.83
2025-01-08 06:00:00,N020,0.0,11.33,8.25,9.62,4.62,3.08
2025-01-08 07:00:00,N001,0.0,10.09,7.66,8.65,3.65,2.43
2025-01-08 07:00:00,N002,0.0,11.39,9.71,7.52,2.52,1.68
2025-01-08 07:00:00,N003,0.0,9.98,8.37,7.42,2.42,1.61
2025-01-08 07:00:00,N004,0.0,9.52,7.51,8.01,3.01,2.01
2025-01-08 07:00:00,N005,0.0,10.07,9.36,6.06,1.06,0.71
2025-01-08 07:00:00,N006,0.0,12.69,11.24,7.17,2.17,1.45
2025-01-08 07:00:00,N007,0.0,10.81,8.47,8.51,3.51,2.34
2025-01-08 07:00:00,N008,0.0,6.35,5.71,5.96,0.96,0.64
2025-01-08 07:00:00,N009,0.0,9.61,8.73,6.32,1.32,0.88
2025-01-08 07:00:00,N010,0.0,11.79,9.86,7.9,2.9,1.93
2025-01-08 07:00:00,N011,0.0,9.86,6.71,9.72,4.72,3.15
2025-01-08 07:00:00,N012,0.0,9.33,6.92,8.62,3.62,2.41
2025-01-08 07:00:00,N013,0.0,9.63,7.23,8.6,3.6,2.4
2025-01-08 07:00:00,N014,0.0,9.77,6.44,10.0,5.0,3.33
2025-01-08 07:00:00,N015,0.0,10.8,9.8,6.5,1.5,1.0
2025-01-08 07:00:00,N016,0.0,8.42,6.02,8.6,3.6,2.4
2025-01-08 07:00:00,N017,0.0,8.21,7.12,6.64,1.64,1.09
2025-01-08 07:00:00,N018,0.0,11.15,10.02,6.69,1.69,1.13
2025-01-08 07:00:00,N019,0.0,6.8,5.6,6.8,1.8,1.2
2025-01-08 07:00:00,N020,0.0,12.98,10.01,9.46,4.46,2.97
2025-01-08 08:00:00,N001,0.0,7.87,6.25,7.43,2.43,1.62
2025-01-08 08:00:00,N002,0.0,6.63,4.89,7.61,2.61,1.74
2025-01-08 08:00:00,N003,0.0,12.75,10.38,8.56,3.56,2.37
2025-01-08 08:00:00,N004,0.0,9.19,7.07,8.18,3.18,2.12
2025-01-08 08:00:00,N005,0.0,11.39,8.57,9.23,4.23,2.82
2025-01-08 08:00:00,N006,0.0,9.3,8.39,6.36,1.36,0.91
2025-01-08 08:00:00,N007,0.0,7.47,6.2,6.91,1.91,1.27
2025-01-08 08:00:00,N008,0.0,7.54,5.76,7.67,2.67,1.78
2025-01-08 08:00:00,N009,0.0,11.47,7.94,10.29,5.29,3.53
2025-01-08 08:00:00,N010,0.0,12.76,11.57,6.78,1.78,1.19
2025-01-08 08:00:00,N011,0.0,13.06,11.77,6.94,1.94,1.29
2025-01-08 08:00:00,N012,0.0,10.84,9.29,7.33,2.33,1.55
2025-01-08 08:00:00,N013,0.0,12.12,9.72,8.6,3.6,2.4
2025-01-08 08:00:00,N014,0.0,9.35,8.06,6.94,1.94,1.29
2025-01-08 08:00:00,N015,0.0,9.83,7.64,8.29,3.29,2.19
2025-01-08 08:00:00,N016,0.0,12.75,11.9,6.27,1.27,0.85
2025-01-08 08:00:00,N017,0.0,11.21,9.72,7.23,2.23,1.49
2025-01-08 08:00:00,N018,0.0,10.13,8.65,7.22,2.22,1.48
2025-01-08 08:00:00,N019,0.0,12.44,11.15,6.94,1.94,1.29
2025-01-08 08:00:00,N020,0.0,14.03,12.69,7.01,2.01,1.34
2025-01-08 09:00:00,N001,0.0,6.95,5.42,7.29,2.29,1.53
2025-01-08 09:00:00,N002,0.0,8.94,6.52,8.63,3.63,2.42
2025-01-08 09:00:00,N003,0.0,10.0,8.76,6.86,1.86,1.24
2025-01-08 09:00:00,N004,0.0,9.65,7.56,8.13,3.13,2.09
2025-01-08 09:00:00,N005,0.0,9.5,6.61,9.33,4.33,2.89
2025-01-08 09:00:00,N006,0.0,9.04,8.36,6.02,1.02,0.68
2025-01-08 09:00:00,N007,0.0,11.99,8.7,9.94,4.94,3.29
2025-01-08 09:00:00,N008,0.0,11.15,9.64,7.27,2.27,1.51
2025-01-08 09:00:00,N009,0.0,12.8,8.49,11.46,6.46,4.31
2025-01-08 09:00:00,N010,0.0,12.38,10.57,7.71,2.71,1.81
2025-01-08 09:00:00,N011,0.0,11.88,8.77,9.67,4.67,3.11
2025-01-08 09:00:00,N012,0.0,9.87,8.78,6.64,1.64,1.09
2025-01-08 09:00:00,N013,0.0,7.8,6.61,6.78,1.78,1.19
2025-01-08 09:00:00,N014,0.0,10.09,9.09,6.5,1.5,1.0
2025-01-08 09:00:00,N015,0.0,12.52,8.77,10.62,5.62,3.75
2025-01-08 09:00:00,N016,0.0,8.93,6.84,8.13,3.13,2.09
2025-01-08 09:00:00,N017,0.0,9.57,9.0,5.85,0.85,0.57
2025-01-08 09:00:00,N018,0.0,10.67,9.45,6.83,1.83,1.22
2025-01-08 09:00:00,N019,0.0,9.66,6.68,9.47,4.47,2.98
2025-01-08 09:00:00,N020,0.0,9.87,7.23,8.96,3.96,2.64
2025-01-08 10:00:00,N001,0.0,9.82,7.62,8.3,3.3,2.2
2025-01-08 10:00:00,N002,0.0,13.22,12.21,6.52,1.52,1.01
2025-01-08 10:00:00,N003,0.0,11.24,8.59,8.97,3.97,2.65
2025-01-08 10:00:00,N004,0.0,10.69,8.95,7.61,2.61,1.74
2025-01-08 10:00:00,N005,0.0,5.03,4.51,5.78,0.78,0.52
2025-01-08 10:00:00,N006,0.0,9.08,7.88,6.8,1.8,1.2
2025-01-08 10:00:00,N007,0.0,9.02,6.95,8.1,3.1,2.07
2025-01-08 10:00:00,N008,0.0,9.43,8.43,6.5,1.5,1.0
2025-01-08 10:00:00,N009,0.0,12.11,8.51,10.4,5.4,3.6
2025-01-08 10:00:00,N010,0.0,6.31,5.25,6.59,1.59,1.06
2025-01-08 10:00:00,N011,0.0,7.1,6.74,5.54,0.54,0.36
2025-01-08 10:00:00,N012,0.0,8.15,7.24,6.36,1.36,0.91
2025-01-08 10:00:00,N013,0.0,8.77,7.89,6.32,1.32,0.88
2025-01-08 10:00:00,N014,0.0,12.4,8.14,11.39,6.39,4.26
2025-01-08 10:00:00,N015,0.0,8.2,7.56,5.96,0.96,0.64
2025-01-08 10:00:00,N016,0.0,9.17,6.57,8.9,3.9,2.6
2025-01-08 10:00:00,N017,0.0,11.88,8.5,10.07,5.07,3.38
2025-01-08 10:00:00,N018,0.0,6.94,5.0,7.91,2.91,1.94
2025-01-08 10:00:00,N019,0.0,6.46,5.1,7.04,2.04,1.36
2025-01-08 10:00:00,N020,0.0,10.04,8.72,6.98,1.98,1.32
2025-01-08 11:00:00,N001,0.0,12.35,10.14,8.31,3.31,2.21
2025-01-08 11:00:00,N002,0.0,7.38,6.85,5.8,0.8,0.53
2025-01-08 11:00:00,N003,0.0,8.32,7.72,5.9,0.9,0.6
2025-01-08 11:00:00,N004,0.0,7.57,5.12,8.68,3.68,2.45
2025-01-08 11:00:00,N005,0.0,9.97,7.51,8.69,3.69,2.46
2025-01-08 11:00:00,N006,0.0,7.79,6.55,6.86,1.86,1.24
2025-01-08 11:00:00,N007,0.0,12.66,8.68,10.97,5.97,3.98
2025-01-08 11:00:00,N008,0.0,6.65,5.14,7.27,2.27,1.51
2025-01-08 11:00:00,N009,0.0,9.13,7.84,6.94,1.94,1.29
2025-01-08 11:00:00,N010,0.0,7.37,5.48,7.83,2.83,1.89
2025-01-08 11:00:00,N011,0.0,15.54,12.01,10.29,5.29,3.53
2025-01-08 11:00:00,N012,0.0,9.5,8.3,6.8,1.8,1.2
2025-01-08 11:00:00,N013,0.0,8.13,6.44,7.54,2.54,1.69
2025-01-08 11:00:00,N014,0.0,11.35,9.79,7.34,2.34,1.56
2025-01-08 11:00:00,N015,0.0,12.99,9.58,10.12,5.12,3.41
2025-01-08 11:00:00,N016,0.0,12.56,9.81,9.12,4.12,2.75
2025-01-08 11:00:00,N017,0.0,9.15,6.06,9.63,4.63,3.09
2025-01-08 11:00:00,N018,0.0,10.8,7.39,10.12,5.12,3.41
2025-01-08 11:00:00,N019,0.0,12.29,8.78,10.26,5.26,3.51
2025-01-08 11:00:00,N020,0.0,10.21,8.19,8.03,3.03,2.02
2025-01-08 12:00:00,N001,0.0,10.86,8.72,8.21,3.21,2.14
2025-01-08 12:00:00,N002,0.0,10.78,7.37,10.12,5.12,3.41
2025-01-08 12:00:00,N003,0.0,6.87,5.77,6.65,1.65,1.1
2025-01-08 12:00:00,N004,0.0,10.81,7.2,10.42,5.42,3.61
2025-01-08 12:00:00,N005,0.0,8.48,6.29,8.29,3.29,2.19
2025-01-08 12:00:00,N006,0.0,8.58,6.98,7.4,2.4,1.6
2025-01-08 12:00:00,N007,0.0,10.84,8.87,7.96,2.96,1.97
2025-01-08 12:00:00,N008,0.0,11.69,10.15,7.31,2.31,1.54
2025-01-08 12:00:00,N009,0.0,11.66,9.6,8.09,3.09,2.06
2025-01-08 12:00:00,N010,0.0,10.75,9.06,7.54,2.54,1.69
2025-01-08 12:00:00,N011,0.0,12.16,9.64,8.78,3.78,2.52
2025-01-08 12:00:00,N012,0.0,9.83,7.55,8.42,3.42,2.28
2025-01-08 12:00:00,N013,0.0,9.07,8.6,5.7,0.7,0.47
2025-01-08 12:00:00,N014,0.0,7.8,5.34,8.69,3.69,2.46
2025-01-08 12:00:00,N015,0.0,9.1,7.32,7.67,2.67,1.78
2025-01-08 12:00:00,N016,0.0,9.19,6.58,8.92,3.92,2.61
2025-01-08 12:00:00,N017,0.0,8.41,7.12,6.94,1.94,1.29
2025-01-08 12:00:00,N018,0.0,12.15,10.78,7.06,2.06,1.37
2025-01-08 12:00:00,N019,0.0,8.85,8.24,5.92,0.92,0.61
2025-01-08 12:00:00,N020,0.0,11.74,7.78,10.94,5.94,3.96
2025-01-08 13:00:00,N001,0.0,12.78,11.83,6.42,1.42,0.95
2025-01-08 13:00:00,N002,0.0,9.58,6.51,9.6,4.6,3.07
2025-01-08 13:00:00,N003,0.0,12.79,8.98,10.71,5.71,3.81
2025-01-08 13:00:00,N004,0.0,10.89,9.02,7.81,2.81,1.87
2025-01-08 13:00:00,N005,0.0,10.66,7.13,10.29,5.29,3.53
2025-01-08 13:00:00,N006,0.0,11.5,10.28,6.83,1.83,1.22
2025-01-08 13:00:00,N007,0.0,11.22,9.84,7.07,2.07,1.38
2025-01-08 13:00:00,N008,0.0,9.34,6.41,9.4,4.4,2.93
2025-01-08 13:00:00,N009,0.0,5.68,4.98,6.05,1.05,0.7
2025-01-08 13:00:00,N010,0.0,10.97,7.18,10.69,5.69,3.79
2025-01-08 13:00:00,N011,0.0,9.21,6.04,9.75,4.75,3.17
2025-01-08 13:00:00,N012,0.0,10.62,8.91,7.56,2.56,1.71
2025-01-08 13:00:00,N013,0.0,9.94,8.32,7.43,2.43,1.62
2025-01-08 13:00:00,N014,0.0,10.28,9.57,6.06,1.06,0.71
2025-01-08 13:00:00,N015,0.0,9.35,8.48,6.3,1.3,0.87
2025-01-08 13:00:00,N016,0.0,12.67,9.06,10.42,5.42,3.61
2025-01-08 13:00:00,N017,0.0,8.82,6.52,8.45,3.45,2.3
2025-01-08 13:00:00,N018,0.0,10.66,8.2,8.69,3.69,2.46
2025-01-08 13:00:00,N019,0.0,9.2,7.36,7.76,2.76,1.84
2025-01-08 13:00:00,N020,0.0,10.31,7.62,9.04,4.04,2.69
2025-01-08 14:00:00,N001,0.0,8.55,8.06,5.73,0.73,0.49
2025-01-08 14:00:00,N002,0.0,10.73,8.32,8.62,3.62,2.41
2025-01-08 14:00:00,N003,0.0,12.05,9.56,8.74,3.74,2.49
2025-01-08 14:00:00,N004,0.0,11.62,7.59,11.04,6.04,4.03
2025-01-08 14:00:00,N005,0.0,10.34,9.57,6.16,1.16,0.77
2025-01-08 14:00:00,N006,0.0,11.4,10.79,5.92,0.92,0.61
2025-01-08 14:00:00,N007,0.0,11.27,8.11,9.74,4.74,3.16
2025-01-08 14:00:00,N008,0.0,9.05,8.54,5.77,0.77,0.51
2025-01-08 14:00:00,N009,0.0,11.43,7.5,10.9,5.9,3.93
2025-01-08 14:00:00,N010,0.0,9.21,6.65,8.84,3.84,2.56
2025-01-08 14:00:00,N011,0.0,11.25,7.86,10.08,5.08,3.39
2025-01-08 14:00:00,N012,0.0,13.61,9.6,11.01,6.01,4.01
2025-01-08 14:00:00,N013,0.0,9.22,7.33,7.83,2.83,1.89
2025-01-08 14:00:00,N014,0.0,12.71,8.75,10.94,5.94,3.96
2025-01-08 14:00:00,N015,0.0,11.12,9.98,6.71,1.71,1.14
2025-01-08 14:00:00,N016,0.0,9.19,6.72,8.71,3.71,2.47
2025-01-08 14:00:00,N017,0.0,13.47,9.29,11.27,6.27,4.18
2025-01-08 14:00:00,N018,0.0,10.77,9.24,7.29,2.29,1.53
2025-01-08 14:00:00,N019,0.0,10.58,9.91,6.01,1.01,0.67
2025-01-08 14:00:00,N020,0.0,10.56,9.76,6.2,1.2,0.8
2025-01-08 15:00:00,N001,0.0,8.04,6.32,7.58,2.58,1.72
2025-01-08 15:00:00,N002,0.0,8.78,5.97,9.21,4.21,2.81
2025-01-08 15:00:00,N003,0.0,11.73,8.75,9.47,4.47,2.98
2025-01-08 15:00:00,N004,0.0,8.34,6.98,7.04,2.04,1.36
2025-01-08 15:00:00,N005,0.0,10.23,9.46,6.16,1.16,0.77
2025-01-08 15:00:00,N006,0.0,9.78,7.16,8.93,3.93,2.62
2025-01-08 15:00:00,N007,0.0,8.06,6.66,7.1,2.1,1.4
2025-01-08 15:00:00,N008,0.0,10.16,7.14,9.53,4.53,3.02
2025-01-08 15:00:00,N009,0.0,9.24,6.88,8.54,3.54,2.36
2025-01-08 15:00:00,N010,0.0,11.48,7.74,10.61,5.61,3.74
2025-01-08 15:00:00,N011,0.0,11.56,10.73,6.24,1.24,0.83
2025-01-08 15:00:00,N012,0.0,8.54,7.78,6.14,1.14,0.76
2025-01-08 15:00:00,N013,0.0,10.76,8.06,9.05,4.05,2.7
2025-01-08 15:00:00,N014,0.0,9.92,8.97,6.42,1.42,0.95
2025-01-08 15:00:00,N015,0.0,11.07,9.97,6.65,1.65,1.1
2025-01-08 15:00:00,N016,0.0,7.5,5.03,8.71,3.71,2.47
2025-01-08 15:00:00,N017,0.0,12.87,12.13,6.11,1.11,0.74
2025-01-08 15:00:00,N018,0.0,6.28,4.2,8.12,3.12,2.08
2025-01-08 15:00:00,N019,0.0,10.82,8.04,9.17,4.17,2.78
2025-01-08 15:00:00,N020,0.0,13.15,9.88,9.91,4.91,3.27
2025-01-08 16:00:00,N001,0.0,10.54,8.57,7.96,2.96,1.97
2025-01-08 16:00:00,N002,0.0,13.18,11.93,6.88,1.88,1.25
2025-01-08 16:00:00,N003,0.0,7.18,5.44,7.61,2.61,1.74
2025-01-08 16:00:00,N004,0.0,10.55,8.29,8.39,3.39,2.26
2025-01-08 16:00:00,N005,0.0,9.04,8.54,5.75,0.75,0.5
2025-01-08 16:00:00,N006,0.0,10.54,7.36,9.77,4.77,3.18
2025-01-08 16:00:00,N007,0.0,8.15,7.15,6.5,1.5,1.0
2025-01-08 16:00:00,N008,0.0,7.58,6.09,7.23,2.23,1.49
2025-01-08 16:00:00,N009,0.0,9.46,7.75,7.56,2.56,1.71
2025-01-08 16:00:00,N010,0.0,12.65,11.23,7.13,2.13,1.42
2025-01-08 16:00:00,N011,0.0,13.7,10.67,9.54,4.54,3.03
2025-01-08 16:00:00,N012,0.0,11.98,11.3,6.02,1.02,0.68
2025-01-08 16:00:00,N013,0.0,9.19,7.12,8.1,3.1,2.07
2025-01-08 16:00:00,N014,0.0,11.66,10.93,6.09,1.09,0.73
2025-01-08 16:00:00,N015,0.0,11.96,9.74,8.33,3.33,2.22
2025-01-08 16:00:00,N016,0.0,9.5,8.35,6.72,1.72,1.15
2025-01-08 16:00:00,N017,0.0,13.7,9.77,10.9,5.9,3.93
2025-01-08 16:00:00,N018,0.0,12.38,9.12,9.89,4.89,3.26
2025-01-08 16:00:00,N019,0.0,12.06,9.83,8.34,3.34,2.23
2025-01-08 16:00:00,N020,0.0,13.96,10.1,10.79,5.79,3.86
2025-01-08 17:00:00,N001,0.0,7.62,6.95,6.01,1.01,0.67
2025-01-08 17:00:00,N002,0.0,10.88,9.22,7.49,2.49,1.66
2025-01-08 17:00:00,N003,0.0,6.95,6.18,6.16,1.16,0.77
2025-01-08 17:00:00,N004,0.0,8.81,7.97,6.26,1.26,0.84
2025-01-08 17:00:00,N005,0.0,8.4,5.93,8.71,3.71,2.47
2025-01-08 17:00:00,N006,0.0,12.04,10.44,7.4,2.4,1.6
2025-01-08 17:00:00,N007,0.0,11.57,7.79,10.67,5.67,3.78
2025-01-08 17:00:00,N008,0.0,8.86,7.89,6.46,1.46,0.97
2025-01-08 17:00:00,N009,0.0,11.34,8.92,8.63,3.63,2.42
2025-01-08 17:00:00,N010,0.0,11.49,10.83,5.99,0.99,0.66
2025-01-08 17:00:00,N011,0.0,11.11,10.52,5.89,0.89,0.59
2025-01-08 17:00:00,N012,0.0,9.55,7.54,8.01,3.01,2.01
2025-01-08 17:00:00,N013,0.0,7.06,4.83,8.34,3.34,2.23
2025-01-08 17:00:00,N014,0.0,11.47,8.65,9.23,4.23,2.82
2025-01-08 17:00:00,N015,0.0,11.14,10.09,6.58,1.58,1.05
2025-01-08 17:00:00,N016,0.0,12.78,11.99,6.19,1.19,0.79
2025-01-08 17:00:00,N017,0.0,8.03,6.78,6.88,1.88,1.25
2025-01-08 17:00:00,N018,0.0,11.03,7.22,10.71,5.71,3.81
2025-01-08 17:00:00,N019,0.0,9.25,7.37,7.82,2.82,1.88
2025-01-08 17:00:00,N020,0.0,8.88,7.57,6.97,1.97,1.31
2025-01-08 18:00:00,N001,0.0,6.78,4.56,8.33,3.33,2.22
2025-01-08 18:00:00,N002,0.0,11.51,8.01,10.25,5.25,3.5
2025-01-08 18:00:00,N003,0.0,12.93,9.3,10.45,5.45,3.63
2025-01-08 18:00:00,N004,0.0,7.18,5.99,6.78,1.78,1.19
2025-01-08 18:00:00,N005,0.0,10.82,8.21,8.92,3.92,2.61
2025-01-08 18:00:00,N006,0.0,11.16,10.2,6.44,1.44,0.96
2025-01-08 18:00:00,N007,0.0,12.5,10.4,8.15,3.15,2.1
2025-01-08 18:00:00,N008,0.0,12.27,8.36,10.87,5.87,3.91
2025-01-08 18:00:00,N009,0.0,11.14,8.62,8.78,3.78,2.52
2025-01-08 18:00:00,N010,0.0,9.35,8.08,6.91,1.91,1.27
2025-01-08 18:00:00,N011,0.0,11.71,9.14,8.85,3.85,2.57
2025-01-08 18:00:00,N012,0.0,13.05,9.4,10.47,5.47,3.65
2025-01-08 18:00:00,N013,0.0,10.26,8.05,8.31,3.31,2.21
2025-01-08 18:00:00,N014,0.0,11.27,7.87,10.1,5.1,3.4
2025-01-08 18:00:00,N015,0.0,12.03,10.68,7.03,2.03,1.35
2025-01-08 18:00:00,N016,0.0,7.66,6.73,6.4,1.4,0.93
2025-01-08 18:00:00,N017,0.0,10.36,7.46,9.35,4.35,2.9
2025-01-08 18:00:00,N018,0.0,11.78,9.46,8.48,3.48,2.32
2025-01-08 18:00:00,N019,0.0,8.27,7.07,6.8,1.8,1.2
2025-01-08 18:00:00,N020,0.0,14.08,10.54,10.31,5.31,3.54
2025-01-08 19:00:00,N001,0.0,9.86,7.85,8.01,3.01,2.01
2025-01-08 19:00:00,N002,0.0,7.19,4.85,8.51,3.51,2.34
2025-01-08 19:00:00,N003,0.0,6.6,6.22,5.57,0.57,0.38
2025-01-08 19:00:00,N004,0.0,10.75,7.67,9.62,4.62,3.08
2025-01-08 19:00:00,N005,0.0,11.0,10.11,6.33,1.33,0.89
2025-01-08 19:00:00,N006,0.0,9.94,9.42,5.78,0.78,0.52
2025-01-08 19:00:00,N007,0.0,12.25,9.93,8.48,3.48,2.32
2025-01-08 19:00:00,N008,0.0,11.35,9.41,7.91,2.91,1.94
2025-01-08 19:00:00,N009,0.0,11.21,10.06,6.72,1.72,1.15
2025-01-08 19:00:00,N010,0.0,6.32,4.89,7.15,2.15,1.43
2025-01-08 19:00:00,N011,0.0,9.31,7.09,8.33,3.33,2.22
2025-01-08 19:00:00,N012,0.0,10.45,7.93,8.78,3.78,2.52
2025-01-08 19:00:00,N013,0.0,8.15,5.49,8.99,3.99,2.66
2025-01-08 19:00:00,N014,0.0,10.54,9.09,7.17,2.17,1.45
2025-01-08 19:00:00,N015,0.0,7.95,6.6,7.03,2.03,1.35
2025-01-08 19:00:00,N016,0.0,6.8,5.21,7.39,2.39,1.59
2025-01-08 19:00:00,N017,0.0,10.57,8.2,8.56,3.56,2.37
2025-01-08 19:00:00,N018,0.0,9.99,8.79,6.8,1.8,1.2
2025-01-08 19:00:00,N019,0.0,8.44,5.51,9.4,4.4,2.93
2025-01-08 19:00:00,N020,0.0,11.98,9.26,9.08,4.08,2.72
2025-01-08 20:00:00,N001,0.0,9.96,9.14,6.23,1.23,0.82
2025-01-08 20:00:00,N002,0.0,10.59,8.79,7.7,2.7,1.8
2025-01-08 20:00:00,N003,0.0,9.54,7.89,7.47,2.47,1.65
2025-01-08 20:00:00,N004,0.0,8.41,7.05,7.04,2.04,1.36
2025-01-08 20:00:00,N005,0.0,9.51,8.92,5.89,0.89,0.59
2025-01-08 20:00:00,N006,0.0,10.89,9.43,7.19,2.19,1.46
2025-01-08 20:00:00,N007,0.0,13.12,9.76,10.04,5.04,3.36
2025-01-08 20:00:00,N008,0.0,11.99,8.57,10.13,5.13,3.42
2025-01-08 20:00:00,N009,0.0,7.43,6.99,5.66,0.66,0.44
2025-01-08 20:00:00,N010,0.0,9.34,8.79,5.83,0.83,0.55
2025-01-08 20:00:00,N011,0.0,10.52,9.33,6.78,1.78,1.19
2025-01-08 20:00:00,N012,0.0,7.87,5.38,8.74,3.74,2.49
2025-01-08 20:00:00,N013,0.0,10.21,9.57,5.96,0.96,0.64
2025-01-08 20:00:00,N014,0.0,10.05,6.85,9.8,4.8,3.2
2025-01-08 20:00:00,N015,0.0,10.0,6.95,9.57,4.57,3.05
2025-01-08 20:00:00,N016,0.0,7.25,5.42,7.75,2.75,1.83
2025-01-08 20:00:00,N017,0.0,12.54,11.21,7.0,2.0,1.33
2025-01-08 20:00:00,N018,0.0,7.51,6.66,6.27,1.27,0.85
2025-01-08 20:00:00,N019,0.0,11.85,8.87,9.47,4.47,2.98
2025-01-08 20:00:00,N020,0.0,10.81,7.71,9.65,4.65,3.1
2025-01-08 21:00:00,N001,0.0,11.14,8.79,8.53,3.53,2.35
2025-01-08 21:00:00,N002,0.0,11.3,8.49,9.21,4.21,2.81
2025-01-08 21:00:00,N003,0.0,9.03,6.28,9.12,4.12,2.75
2025-01-08 21:00:00,N004,0.0,10.29,7.79,8.75,3.75,2.5
2025-01-08 21:00:00,N005,0.0,11.55,8.88,9.0,4.0,2.67
2025-01-08 21:00:00,N006,0.0,9.01,6.63,8.57,3.57,2.38
2025-01-08 21:00:00,N007,0.0,10.4,8.99,7.11,2.11,1.41
2025-01-08 21:00:00,N008,0.0,10.65,9.8,6.27,1.27,0.85
2025-01-08 21:00:00,N009,0.0,11.41,9.09,8.48,3.48,2.32
2025-01-08 21:00:00,N010,0.0,6.45,4.59,7.79,2.79,1.86
2025-01-08 21:00:00,N011,0.0,9.4,6.85,8.82,3.82,2.55
2025-01-08 21:00:00,N012,0.0,13.17,12.28,6.33,1.33,0.89
2025-01-08 21:00:00,N013,0.0,11.67,8.85,9.23,4.23,2.82
2025-01-08 21:00:00,N014,0.0,10.74,7.48,9.89,4.89,3.26
2025-01-08 21:00:00,N015,0.0,6.9,5.58,6.98,1.98,1.32
2025-01-08 21:00:00,N016,0.0,10.41,7.61,9.2,4.2,2.8
2025-01-08 21:00:00,N017,0.0,11.65,10.97,6.02,1.02,0.68
2025-01-08 21:00:00,N018,0.0,10.67,7.26,10.12,5.12,3.41
2025-01-08 21:00:00,N019,0.0,10.36,7.87,8.74,3.74,2.49
2025-01-08 21:00:00,N020,0.0,8.09,6.31,7.67,2.67,1.78
2025-01-08 22:00:00,N001,0.0,9.77,8.79,6.47,1.47,0.98
2025-01-08 22:00:00,N002,0.0,7.63,6.32,6.97,1.97,1.31
2025-01-08 22:00:00,N003,0.0,11.65,7.74,10.87,5.87,3.91
2025-01-08 22:00:00,N004,0.0,7.38,6.04,7.01,2.01,1.34
2025-01-08 22:00:00,N005,0.0,5.86,4.24,7.43,2.43,1.62
2025-01-08 22:00:00,N006,0.0,9.59,8.0,7.39,2.39,1.59
2025-01-08 22:00:00,N007,0.0,9.73,6.34,10.08,5.08,3.39
2025-01-08 22:00:00,N008,0.0,10.41,9.88,5.8,0.8,0.53
2025-01-08 22:00:00,N009,0.0,7.82,6.92,6.35,1.35,0.9
2025-01-08 22:00:00,N010,0.0,12.22,10.94,6.92,1.92,1.28
2025-01-08 22:00:00,N011,0.0,8.39,6.63,7.64,2.64,1.76
2025-01-08 22:00:00,N012,0.0,9.08,6.69,8.58,3.58,2.39
2025-01-08 22:00:00,N013,0.0,11.05,9.76,6.94,1.94,1.29
2025-01-08 22:00:00,N014,0.0,8.69,6.29,8.6,3.6,2.4
2025-01-08 22:00:00,N015,0.0,9.09,7.56,7.29,2.29,1.53
2025-01-08 22:00:00,N016,0.0,9.29,7.93,7.04,2.04,1.36
2025-01-08 22:00:00,N017,0.0,8.0,6.04,7.94,2.94,1.96
2025-01-08 22:00:00,N018,0.0,7.56,5.76,7.7,2.7,1.8
2025-01-08 22:00:00,N019,0.0,9.14,8.28,6.29,1.29,0.86
2025-01-08 22:00:00,N020,0.0,9.52,6.37,9.72,4.72,3.15
2025-01-08 23:00:00,N001,0.0,8.34,5.58,9.14,4.14,2.76
2025-01-08 23:00:00,N002,0.0,11.37,10.1,6.91,1.91,1.27
2025-01-08 23:00:00,N003,0.0,8.86,6.12,9.11,4.11,2.74
2025-01-08 23:00:00,N004,0.0,11.18,10.59,5.89,0.89,0.59
2025-01-08 23:00:00,N005,0.0,11.11,10.02,6.64,1.64,1.09
2025-01-08 23:00:00,N006,0.0,14.11,9.24,12.3,7.3,4.87
2025-01-08 23:00:00,N007,0.0,11.06,10.45,5.92,0.92,0.61
2025-01-08 23:00:00,N008,0.0,7.85,7.36,5.73,0.73,0.49
2025-01-08 23:00:00,N009,0.0,10.76,10.19,5.85,0.85,0.57
2025-01-08 23:00:00,N010,0.0,9.38,7.55,7.75,2.75,1.83
2025-01-08 23:00:00,N011,0.0,9.36,8.85,5.77,0.77,0.51
2025-01-08 23:00:00,N012,0.0,12.78,10.62,8.24,3.24,2.16
2025-01-08 23:00:00,N013,0.0,7.78,6.44,7.01,2.01,1.34
2025-01-08 23:00:00,N014,0.0,13.43,8.73,12.05,7.05,4.7
2025-01-08 23:00:00,N015,0.0,7.6,6.43,6.75,1.75,1.17
2025-01-08 23:00:00,N016,0.0,10.9,8.11,9.19,4.19,2.79
2025-01-08 23:00:00,N017,0.0,10.51,9.11,7.1,2.1,1.4
2025-01-08 23:00:00,N018,0.0,7.76,5.25,8.76,3.76,2.51
2025-01-08 23:00:00,N019,0.0,9.73,6.96,9.16,4.16,2.77
2025-01-08 23:00:00,N020,0.0,8.44,5.74,9.05,4.05,2.7
2025-01-09 00:00:00,N001,0.0,13.23,12.02,6.81,1.81,1.21
2025-01-09 00:00:00,N002,0.0,11.89,8.21,10.52,5.52,3.68
2025-01-09 00:00:00,N003,0.0,11.94,9.66,8.42,3.42,2.28
2025-01-09 00:00:00,N004,0.0,7.48,6.29,6.78,1.78,1.19
2025-01-09 00:00:00,N005,0.0,10.44,7.56,9.32,4.32,2.88
2025-01-09 00:00:00,N006,0.0,11.94,10.99,6.42,1.42,0.95
2025-01-09 00:00:00,N007,0.0,12.63,8.44,11.29,6.29,4.19
2025-01-09 00:00:00,N008,0.0,8.92,6.15,9.16,4.16,2.77
2025-01-09 00:00:00,N009,0.0,6.56,5.33,6.84,1.84,1.23
2025-01-09 00:00:00,N010,0.0,12.09,8.23,10.79,5.79,3.86
2025-01-09 00:00:00,N011,0.0,11.38,8.3,9.62,4.62,3.08
2025-01-09 00:00:00,N012,0.0,11.1,9.76,7.01,2.01,1.34
2025-01-09 00:00:00,N013,0.0,10.12,8.52,7.4,2.4,1.6
2025-01-09 00:00:00,N014,0.0,10.25,7.97,8.42,3.42,2.28
2025-01-09 00:00:00,N015,0.0,8.87,7.25,7.43,2.43,1.62
2025-01-09 00:00:00,N016,0.0,13.6,10.78,9.23,4.23,2.82
2025-01-09 00:00:00,N017,0.0,5.31,4.17,6.71,1.71,1.14
2025-01-09 00:00:00,N018,0.0,8.77,8.06,6.06,1.06,0.71
2025-01-09 00:00:00,N019,0.0,8.22,6.94,6.92,1.92,1.28
2025-01-09 00:00:00,N020,0.0,8.08,5.58,8.75,3.75,2.5
2025-01-09 01:00:00,N001,0.0,10.78,9.79,6.48,1.48,0.99
2025-01-09 01:00:00,N002,0.0,7.93,5.63,8.45,3.45,2.3
2025-01-09 01:00:00,N003,0.0,7.86,7.27,5.89,0.89,0.59
2025-01-09 01:00:00,N004,0.0,8.43,7.35,6.62,1.62,1.08
2025-01-09 01:00:00,N005,0.0,9.03,7.33,7.55,2.55,1.7
2025-01-09 01:00:00,N006,0.0,9.98,7.13,9.28,4.28,2.85
2025-01-09 01:00:00,N007,0.0,11.69,10.22,7.21,2.21,1.47
2025-01-09 01:00:00,N008,0.0,11.21,9.57,7.46,2.46,1.64
2025-01-09 01:00:00,N009,0.0,7.97,5.67,8.45,3.45,2.3
2025-01-09 01:00:00,N010,0.0,6.48,5.99,5.73,0.73,0.49
2025-01-09 01:00:00,N011,0.0,7.61,5.99,7.43,2.43,1.62
2025-01-09 01:00:00,N012,0.0,9.21,6.63,8.87,3.87,2.58
2025-01-09 01:00:00,N013,0.0,12.87,10.69,8.27,3.27,2.18
2025-01-09 01:00:00,N014,0.0,10.38,8.79,7.39,2.39,1.59
2025-01-09 01:00:00,N015,0.0,6.0,5.27,6.09,1.09,0.73
2025-01-09 01:00:00,N016,0.0,8.59,5.85,9.11,4.11,2.74
2025-01-09 01:00:00,N017,0.0,8.81,7.72,6.64,1.64,1.09
2025-01-09 01:00:00,N018,0.0,10.22,8.98,6.86,1.86,1.24
2025-01-09 01:00:00,N019,0.0,8.3,7.26,6.56,1.56,1.04
2025-01-09 01:00:00,N020,0.0,11.64,8.3,10.01,5.01,3.34
2025-01-09 02:00:00,N001,0.0,11.65,8.18,10.21,5.21,3.47
2025-01-09 02:00:00,N002,0.0,10.08,7.84,8.36,3.36,2.24
2025-01-09 02:00:00,N003,0.0,13.09,11.71,7.07,2.07,1.38
2025-01-09 02:00:00,N004,0.0,11.21,9.35,7.79,2.79,1.86
2025-01-09 02:00:00,N005,0.0,10.49,7.25,9.86,4.86,3.24
2025-01-09 02:00:00,N006,0.0,9.49,6.91,8.87,3.87,2.58
2025-01-09 02:00:00,N007,0.0,11.65,10.64,6.52,1.52,1.01
2025-01-09 02:00:00,N008,0.0,11.89,10.57,6.98,1.98,1.32
2025-01-09 02:00:00,N009,0.0,6.05,4.24,7.71,2.71,1.81
2025-01-09 02:00:00,N010,0.0,9.01,7.34,7.5,2.5,1.67
2025-01-09 02:00:00,N011,0.0,10.25,6.84,10.12,5.12,3.41
2025-01-09 02:00:00,N012,0.0,9.57,6.46,9.67,4.67,3.11
2025-01-09 02:00:00,N013,0.0,10.9,9.79,6.67,1.67,1.11
2025-01-09 02:00:00,N014,0.0,10.42,7.73,9.04,4.04,2.69
2025-01-09 02:00:00,N015,0.0,8.66,6.08,8.87,3.87,2.58
2025-01-09 02:00:00,N016,0.0,7.81,6.17,7.46,2.46,1.64
2025-01-09 02:00:00,N017,0.0,10.96,9.58,7.07,2.07,1.38
2025-01-09 02:00:00,N018,0.0,7.12,5.87,6.88,1.88,1.25
2025-01-09 02:00:00,N019,0.0,7.27,5.27,8.0,3.0,2.0
2025-01-09 02:00:00,N020,0.0,9.9,8.66,6.86,1.86,1.24
2025-01-09 03:00:00,N001,0.0,9.12,6.3,9.23,4.23,2.82
2025-01-09 03:00:00,N002,0.0,7.77,5.18,8.88,3.88,2.59
2025-01-09 03:00:00,N003,0.0,11.98,10.93,6.58,1.58,1.05
2025-01-09 03:00:00,N004,0.0,10.92,8.16,9.14,4.14,2.76
2025-01-09 03:00:00,N005,0.0,10.72,8.94,7.67,2.67,1.78
2025-01-09 03:00:00,N006,0.0,7.92,6.44,7.22,2.22,1.48
2025-01-09 03:00:00,N007,0.0,11.2,8.49,9.06,4.06,2.71
2025-01-09 03:00:00,N008,0.0,10.35,8.63,7.58,2.58,1.72
2025-01-09 03:00:00,N009,0.0,9.12,7.08,8.06,3.06,2.04
2025-01-09 03:00:00,N010,0.0,7.72,7.16,5.84,0.84,0.56
2025-01-09 03:00:00,N011,0.0,9.77,8.98,6.19,1.19,0.79
2025-01-09 03:00:00,N012,0.0,13.2,9.57,10.45,5.45,3.63
2025-01-09 03:00:00,N013,0.0,12.81,12.11,6.05,1.05,0.7
2025-01-09 03:00:00,N014,0.0,10.4,7.88,8.78,3.78,2.52
2025-01-09 03:00:00,N015,0.0,8.28,7.76,5.78,0.78,0.52
2025-01-09 03:00:00,N016,0.0,8.91,8.34,5.85,0.85,0.57
2025-01-09 03:00:00,N017,0.0,9.85,7.69,8.24,3.24,2.16
2025-01-09 03:00:00,N018,0.0,12.63,8.43,11.3,6.3,4.2
2025-01-09 03:00:00,N019,0.0,9.44,8.47,6.46,1.46,0.97
2025-01-09 03:00:00,N020,0.0,10.25,7.66,8.88,3.88,2.59
2025-01-09 04:00:00,N001,0.0,15.01,12.42,8.88,3.88,2.59
2025-01-09 04:00:00,N002,0.0,9.03,6.02,9.51,4.51,3.01
2025-01-09 04:00:00,N003,0.0,10.95,8.93,8.03,3.03,2.02
2025-01-09 04:00:00,N004,0.0,5.0,4.17,6.24,1.24,0.83
2025-01-09 04:00:00,N005,0.0,8.29,5.82,8.71,3.71,2.47
2025-01-09 04:00:00,N006,0.0,9.45,7.33,8.18,3.18,2.12
2025-01-09 04:00:00,N007,0.0,12.04,9.27,9.16,4.16,2.77
2025-01-09 04:00:00,N008,0.0,7.41,5.42,7.98,2.98,1.99
2025-01-09 04:00:00,N009,0.0,10.45,7.26,9.79,4.79,3.19
2025-01-09 04:00:00,N010,0.0,12.24,8.98,9.89,4.89,3.26
2025-01-09 04:00:00,N011,0.0,10.07,7.79,8.42,3.42,2.28
2025-01-09 04:00:00,N012,0.0,8.29,6.7,7.39,2.39,1.59
2025-01-09 04:00:00,N013,0.0,7.81,6.54,6.91,1.91,1.27
2025-01-09 04:00:00,N014,0.0,8.75,6.26,8.74,3.74,2.49
2025-01-09 04:00:00,N015,0.0,10.57,8.14,8.65,3.65,2.43
2025-01-09 04:00:00,N016,0.0,9.8,8.66,6.71,1.71,1.14
2025-01-09 04:00:00,N017,0.0,7.94,6.75,6.78,1.78,1.19
2025-01-09 04:00:00,N018,0.0,8.97,8.2,6.16,1.16,0.77
2025-01-09 04:00:00,N019,0.0,8.68,6.77,7.86,2.86,1.91
2025-01-09 04:00:00,N020,0.0,9.6,8.16,7.16,2.16,1.44
2025-01-09 05:00:00,N001,0.0,7.16,6.38,6.17,1.17,0.78
2025-01-09 05:00:00,N002,0.0,10.45,8.32,8.19,3.19,2.13
2025-01-09 05:00:00,N003,0.0,7.45,6.59,6.29,1.29,0.86
2025-01-09 05:00:00,N004,0.0,7.83,6.31,7.28,2.28,1.52
2025-01-09 05:00:00,N005,0.0,8.33,7.6,6.09,1.09,0.73
2025-01-09 05:00:00,N006,0.0,9.47,6.19,9.92,4.92,3.28
2025-01-09 05:00:00,N007,0.0,9.33,8.44,6.33,1.33,0.89
2025-01-09 05:00:00,N008,0.0,11.13,9.23,7.85,2.85,1.9
2025-01-09 05:00:00,N009,0.0,12.58,11.54,6.56,1.56,1.04
2025-01-09 05:00:00,N010,0.0,10.61,9.98,5.95,0.95,0.63
2025-01-09 05:00:00,N011,0.0,10.0,8.34,7.49,2.49,1.66
2025-01-09 05:00:00,N012,0.0,12.39,9.94,8.68,3.68,2.45
2025-01-09 05:00:00,N013,0.0,9.38,8.74,5.96,0.96,0.64
2025-01-09 05:00:00,N014,0.0,10.81,8.19,8.93,3.93,2.62
2025-01-09 05:00:00,N015,0.0,11.79,10.5,6.94,1.94,1.29
2025-01-09 05:00:00,N016,0.0,5.0,4.48,5.78,0.78,0.52
2025-01-09 05:00:00,N017,0.0,5.88,5.09,6.19,1.19,0.79
2025-01-09 05:00:00,N018,0.0,10.86,7.24,10.43,5.43,3.62
2025-01-09 05:00:00,N019,0.0,8.93,7.61,6.98,1.98,1.32
2025-01-09 05:00:00,N020,0.0,8.36,7.33,6.54,1.54,1.03
2025-01-09 06:00:00,N001,0.0,8.21,5.87,8.51,3.51,2.34
2025-01-09 06:00:00,N002,0.0,7.79,5.26,8.79,3.79,2.53
2025-01-09 06:00:00,N003,0.0,12.32,9.09,9.84,4.84,3.23
2025-01-09 06:00:00,N004,0.0,9.63,8.3,7.0,2.0,1.33
2025-01-09 06:00:00,N005,0.0,9.04,6.52,8.78,3.78,2.52
2025-01-09 06:00:00,N006,0.0,11.03,9.59,7.16,2.16,1.44
2025-01-09 06:00:00,N007,0.0,7.34,6.81,5.8,0.8,0.53
2025-01-09 06:00:00,N008,0.0,11.26,8.41,9.28,4.28,2.85
2025-01-09 06:00:00,N009,0.0,11.06,8.89,8.25,3.25,2.17
2025-01-09 06:00:00,N010,0.0,8.46,7.84,5.93,0.93,0.62
2025-01-09 06:00:00,N011,0.0,11.37,7.41,10.94,5.94,3.96
2025-01-09 06:00:00,N012,0.0,9.48,6.23,9.88,4.88,3.25
2025-01-09 06:00:00,N013,0.0,10.08,6.89,9.79,4.79,3.19
2025-01-09 06:00:00,N014,0.0,11.79,10.99,6.2,1.2,0.8
2025-01-09 06:00:00,N015,0.0,11.53,7.64,10.83,5.83,3.89
2025-01-09 06:00:00,N016,0.0,10.8,7.08,10.58,5.58,3.72
2025-01-09 06:00:00,N017,0.0,9.7,8.31,7.08,2.08,1.39
2025-01-09 06:00:00,N018,0.0,11.01,10.35,5.99,0.99,0.66
2025-01-09 06:00:00,N019,0.0,9.27,7.8,7.21,2.21,1.47
2025-01-09 06:00:00,N020,0.0,9.22,6.49,9.09,4.09,2.73
2025-01-09 07:00:00,N001,0.0,10.24,8.32,7.88,2.88,1.92
2025-01-09 07:00:00,N002,0.0,10.78,10.17,5.92,0.92,0.61
2025-01-09 07:00:00,N003,0.0,12.08,10.3,7.67,2.67,1.78
2025-01-09 07:00:00,N004,0.0,10.47,6.82,10.47,5.47,3.65
2025-01-09 07:00:00,N005,0.0,8.83,6.69,8.21,3.21,2.14
2025-01-09 07:00:00,N006,0.0,8.5,5.78,9.08,4.08,2.72
2025-01-09 07:00:00,N007,0.0,10.21,8.0,8.31,3.31,2.21
2025-01-09 07:00:00,N008,0.0,9.46,8.5,6.44,1.44,0.96
2025-01-09 07:00:00,N009,0.0,13.81,12.46,7.03,2.03,1.35
2025-01-09 07:00:00,N010,0.0,8.05,6.79,6.89,1.89,1.26
2025-01-09 07:00:00,N011,0.0,10.48,8.44,8.06,3.06,2.04
2025-01-09 07:00:00,N012,0.0,7.45,5.75,7.55,2.55,1.7
2025-01-09 07:00:00,N013,0.0,10.2,6.73,10.21,5.21,3.47
2025-01-09 07:00:00,N014,0.0,8.96,6.57,8.58,3.58,2.39
2025-01-09 07:00:00,N015,0.0,8.69,8.19,5.75,0.75,0.5
2025-01-09 07:00:00,N016,0.0,11.83,9.82,8.01,3.01,2.01
2025-01-09 07:00:00,N017,0.0,12.27,10.46,7.71,2.71,1.81
2025-01-09 07:00:00,N018,0.0,14.12,12.83,6.94,1.94,1.29
2025-01-09 07:00:00,N019,0.0,10.36,8.68,7.52,2.52,1.68
2025-01-09 07:00:00,N020,0.0,7.37,6.24,6.69,1.69,1.13
2025-01-09 08:00:00,N001,0.0,8.45,7.27,6.77,1.77,1.18
2025-01-09 08:00:00,N002,0.0,8.93,5.82,9.67,4.67,3.11
2025-01-09 08:00:00,N003,0.0,10.4,8.01,8.58,3.58,2.39
2025-01-09 08:00:00,N004,0.0,9.87,7.47,8.6,3.6,2.4
2025-01-09 08:00:00,N005,0.0,9.1,6.74,8.54,3.54,2.36
2025-01-09 08:00:00,N006,0.0,6.0,5.29,6.06,1.06,0.71
2025-01-09 08:00:00,N007,0.0,11.78,10.87,6.36,1.36,0.91
2025-01-09 08:00:00,N008,0.0,12.8,8.99,10.71,5.71,3.81
2025-01-09 08:00:00,N009,0.0,10.28,8.03,8.38,3.38,2.25
2025-01-09 08:00:00,N010,0.0,6.95,5.61,7.01,2.01,1.34
2025-01-09 08:00:00,N011,0.0,11.0,7.83,9.75,4.75,3.17
2025-01-09 08:00:00,N012,0.0,6.02,3.99,8.04,3.04,2.03
2025-01-09 08:00:00,N013,0.0,10.17,6.68,10.24,5.24,3.49
2025-01-09 08:00:00,N014,0.0,8.54,7.0,7.31,2.31,1.54
2025-01-09 08:00:00,N015,0.0,8.11,5.72,8.58,3.58,2.39
2025-01-09 08:00:00,N016,0.0,11.29,8.73,8.84,3.84,2.56
2025-01-09 08:00:00,N017,0.0,8.45,7.33,6.68,1.68,1.12
2025-01-09 08:00:00,N018,0.0,9.55,7.96,7.39,2.39,1.59
2025-01-09 08:00:00,N019,0.0,11.92,7.91,11.01,6.01,4.01
2025-01-09 08:00:00,N020,0.0,11.58,8.75,9.25,4.25,2.83
2025-01-09 09:00:00,N001,0.0,9.66,6.69,9.46,4.46,2.97
2025-01-09 09:00:00,N002,0.0,9.71,8.04,7.5,2.5,1.67
2025-01-09 09:00:00,N003,0.0,8.16,5.43,9.09,4.09,2.73
2025-01-09 09:00:00,N004,0.0,10.2,7.21,9.49,4.49,2.99
2025-01-09 09:00:00,N005,0.0,13.62,10.63,9.49,4.49,2.99
2025-01-09 09:00:00,N006,0.0,11.16,10.07,6.64,1.64,1.09
2025-01-09 09:00:00,N007,0.0,11.43,8.87,8.84,3.84,2.56
2025-01-09 09:00:00,N008,0.0,8.28,6.55,7.59,2.59,1.73
2025-01-09 09:00:00,N009,0.0,9.87,8.93,6.41,1.41,0.94
2025-01-09 09:00:00,N010,0.0,9.84,9.16,6.02,1.02,0.68
2025-01-09 09:00:00,N011,0.0,9.16,7.52,7.46,2.46,1.64
2025-01-09 09:00:00,N012,0.0,12.09,10.94,6.72,1.72,1.15
2025-01-09 09:00:00,N013,0.0,10.01,7.06,9.43,4.43,2.95
2025-01-09 09:00:00,N014,0.0,10.36,8.32,8.06,3.06,2.04
2025-01-09 09:00:00,N015,0.0,12.54,11.6,6.41,1.41,0.94
2025-01-09 09:00:00,N016,0.0,10.43,9.41,6.53,1.53,1.02
2025-01-09 09:00:00,N017,0.0,10.03,7.03,9.5,4.5,3.0
2025-01-09 09:00:00,N018,0.0,9.97,9.25,6.08,1.08,0.72
2025-01-09 09:00:00,N019,0.0,9.92,8.43,7.23,2.23,1.49
2025-01-09 09:00:00,N020,0.0,9.0,6.82,8.27,3.27,2.18
2025-01-09 10:00:00,N001,0.0,10.63,9.77,6.29,1.29,0.86
2025-01-09 10:00:00,N002,0.0,9.9,7.13,9.16,4.16,2.77
2025-01-09 10:00:00,N003,0.0,13.23,9.67,10.34,5.34,3.56
2025-01-09 10:00:00,N004,0.0,8.68,6.77,7.86,2.86,1.91
2025-01-09 10:00:00,N005,0.0,10.97,9.41,7.34,2.34,1.56
2025-01-09 10:00:00,N006,0.0,10.39,9.75,5.96,0.96,0.64
2025-01-09 10:00:00,N007,0.0,9.32,8.02,6.95,1.95,1.3
2025-01-09 10:00:00,N008,0.0,9.55,8.14,7.11,2.11,1.41
2025-01-09 10:00:00,N009,0.0,8.02,6.38,7.46,2.46,1.64
2025-01-09 10:00:00,N010,0.0,9.02,7.06,7.94,2.94,1.96
2025-01-09 10:00:00,N011,0.0,7.47,5.45,8.03,3.03,2.02
2025-01-09 10:00:00,N012,0.0,8.02,6.05,7.96,2.96,1.97
2025-01-09 10:00:00,N013,0.0,8.36,7.23,6.69,1.69,1.13
2025-01-09 10:00:00,N014,0.0,12.32,11.55,6.16,1.16,0.77
2025-01-09 10:00:00,N015,0.0,9.01,7.48,7.29,2.29,1.53
2025-01-09 10:00:00,N016,0.0,8.09,6.03,8.09,3.09,2.06
2025-01-09 10:00:00,N017,0.0,13.8,12.51,6.94,1.94,1.29
2025-01-09 10:00:00,N018,0.0,10.79,7.22,10.35,5.35,3.57
2025-01-09 10:00:00,N019,0.0,7.32,6.86,5.69,0.69,0.46
2025-01-09 10:00:00,N020,0.0,11.22,8.65,8.85,3.85,2.57
2025-01-09 11:00:00,N001,0.0,8.03,5.49,8.81,3.81,2.54
2025-01-09 11:00:00,N002,0.0,8.45,5.5,9.43,4.43,2.95
2025-01-09 11:00:00,N003,0.0,7.82,6.79,6.54,1.54,1.03
2025-01-09 11:00:00,N004,0.0,8.63,5.85,9.17,4.17,2.78
2025-01-09 11:00:00,N005,0.0,7.03,6.33,6.05,1.05,0.7
2025-01-09 11:00:00,N006,0.0,10.17,8.54,7.44,2.44,1.63
2025-01-09 11:00:00,N007,0.0,11.56,9.29,8.41,3.41,2.27
2025-01-09 11:00:00,N008,0.0,10.15,8.0,8.22,3.22,2.15
2025-01-09 11:00:00,N009,0.0,10.98,7.48,10.25,5.25,3.5
2025-01-09 11:00:00,N010,0.0,7.74,6.14,7.4,2.4,1.6
2025-01-09 11:00:00,N011,0.0,10.33,7.77,8.84,3.84,2.56
2025-01-09 11:00:00,N012,0.0,11.93,9.36,8.85,3.85,2.57
2025-01-09 11:00:00,N013,0.0,9.18,6.78,8.6,3.6,2.4
2025-01-09 11:00:00,N014,0.0,10.29,9.65,5.96,0.96,0.64
2025-01-09 11:00:00,N015,0.0,8.87,8.06,6.22,1.22,0.81
2025-01-09 11:00:00,N016,0.0,8.11,7.08,6.54,1.54,1.03
2025-01-09 11:00:00,N017,0.0,9.13,6.91,8.33,3.33,2.22
2025-01-09 11:00:00,N018,0.0,11.63,7.71,10.88,5.88,3.92
2025-01-09 11:00:00,N019,0.0,12.19,9.52,9.0,4.0,2.67
2025-01-09 11:00:00,N020,0.0,7.66,5.43,8.34,3.34,2.23
2025-01-09 12:00:00,N001,0.0,10.14,7.38,9.14,4.14,2.76
2025-01-09 12:00:00,N002,0.0,5.0,4.22,6.17,1.17,0.78
2025-01-09 12:00:00,N003,0.0,9.23,7.06,8.25,3.25,2.17
2025-01-09 12:00:00,N004,0.0,11.43,8.71,9.08,4.08,2.72
2025-01-09 12:00:00,N005,0.0,12.02,10.86,6.74,1.74,1.16
2025-01-09 12:00:00,N006,0.0,6.97,5.53,7.16,2.16,1.44
2025-01-09 12:00:00,N007,0.0,9.12,7.62,7.25,2.25,1.5
2025-01-09 12:00:00,N008,0.0,11.22,9.2,8.03,3.03,2.02
2025-01-09 12:00:00,N009,0.0,12.58,8.78,10.7,5.7,3.8
2025-01-09 12:00:00,N010,0.0,11.31,8.82,8.74,3.74,2.49
2025-01-09 12:00:00,N011,0.0,6.3,4.44,7.79,2.79,1.86
2025-01-09 12:00:00,N012,0.0,8.96,6.29,9.0,4.0,2.67
2025-01-09 12:00:00,N013,0.0,9.63,8.83,6.2,1.2,0.8
2025-01-09 12:00:00,N014,0.0,9.04,6.35,9.04,4.04,2.69
2025-01-09 12:00:00,N015,0.0,7.82,5.1,9.08,4.08,2.72
2025-01-09 12:00:00,N016,0.0,15.6,13.22,8.57,3.57,2.38
2025-01-09 12:00:00,N017,0.0,9.03,6.8,8.34,3.34,2.23
2025-01-09 12:00:00,N018,0.0,5.56,5.09,5.7,0.7,0.47
2025-01-09 12:00:00,N019,0.0,10.8,7.72,9.62,4.62,3.08
2025-01-09 12:00:00,N020,0.0,9.26,6.41,9.28,4.28,2.85
2025-01-09 13:00:00,N001,0.0,9.84,9.23,5.92,0.92,0.61
2025-01-09 13:00:00,N002,0.0,11.67,10.23,7.16,2.16,1.44
2025-01-09 13:00:00,N003,0.0,11.0,9.78,6.83,1.83,1.22
2025-01-09 13:00:00,N004,0.0,11.77,10.38,7.08,2.08,1.39
2025-01-09 13:00:00,N005,0.0,8.29,7.71,5.87,0.87,0.58
2025-01-09 13:00:00,N006,0.0,7.63,6.15,7.22,2.22,1.48
2025-01-09 13:00:00,N007,0.0,10.92,9.65,6.91,1.91,1.27
2025-01-09 13:00:00,N008,0.0,9.78,7.64,8.21,3.21,2.14
2025-01-09 13:00:00,N009,0.0,12.77,11.19,7.37,2.37,1.58
2025-01-09 13:00:00,N010,0.0,8.64,7.92,6.08,1.08,0.72
2025-01-09 13:00:00,N011,0.0,12.56,8.87,10.54,5.54,3.69
2025-01-09 13:00:00,N012,0.0,6.22,5.16,6.59,1.59,1.06
2025-01-09 13:00:00,N013,0.0,12.4,8.48,10.88,5.88,3.92
2025-01-09 13:00:00,N014,0.0,9.43,6.92,8.76,3.76,2.51
2025-01-09 13:00:00,N015,0.0,12.6,10.39,8.31,3.31,2.21
2025-01-09 13:00:00,N016,0.0,8.57,7.74,6.24,1.24,0.83
2025-01-09 13:00:00,N017,0.0,9.34,7.74,7.4,2.4,1.6
2025-01-09 13:00:00,N018,0.0,6.94,5.21,7.59,2.59,1.73
2025-01-09 13:00:00,N019,0.0,9.08,7.77,6.97,1.97,1.31
2025-01-09 13:00:00,N020,0.0,9.94,9.04,6.35,1.35,0.9
2025-01-09 14:00:00,N001,0.0,8.42,7.98,5.66,0.66,0.44
2025-01-09 14:00:00,N002,0.0,10.45,8.93,7.28,2.28,1.52
2025-01-09 14:00:00,N003,0.0,9.27,6.49,9.17,4.17,2.78
2025-01-09 14:00:00,N004,0.0,6.95,5.45,7.25,2.25,1.5
2025-01-09 14:00:00,N005,0.0,8.3,5.63,9.0,4.0,2.67
2025-01-09 14:00:00,N006,0.0,12.91,11.14,7.66,2.66,1.77
2025-01-09 14:00:00,N007,0.0,11.35,7.57,10.67,5.67,3.78
2025-01-09 14:00:00,N008,0.0,7.64,7.1,5.81,0.81,0.54
2025-01-09 14:00:00,N009,0.0,12.81,10.6,8.31,3.31,2.21
2025-01-09 14:00:00,N010,0.0,10.49,9.79,6.05,1.05,0.7
2025-01-09 14:00:00,N011,0.0,11.7,9.53,8.25,3.25,2.17
2025-01-09 14:00:00,N012,0.0,11.83,10.98,6.27,1.27,0.85
2025-01-09 14:00:00,N013,0.0,8.25,5.96,8.44,3.44,2.29
2025-01-09 14:00:00,N014,0.0,8.16,7.4,6.14,1.14,0.76
2025-01-09 14:00:00,N015,0.0,12.21,8.97,9.86,4.86,3.24
2025-01-09 14:00:00,N016,0.0,10.36,6.99,10.05,5.05,3.37
2025-01-09 14:00:00,N017,0.0,9.64,7.14,8.75,3.75,2.5
2025-01-09 14:00:00,N018,0.0,11.56,8.39,9.75,4.75,3.17
2025-01-09 14:00:00,N019,0.0,12.42,9.21,9.81,4.81,3.21
2025-01-09 14:00:00,N020,0.0,8.99,8.2,6.19,1.19,0.79
2025-01-09 15:00:00,N001,0.0,11.37,9.28,8.13,3.13,2.09
2025-01-09 15:00:00,N002,0.0,7.85,5.34,8.76,3.76,2.51
2025-01-09 15:00:00,N003,0.0,11.04,7.89,9.72,4.72,3.15
2025-01-09 15:00:00,N004,0.0,5.83,4.49,7.01,2.01,1.34
2025-01-09 15:00:00,N005,0.0,11.18,8.99,8.29,3.29,2.19
2025-01-09 15:00:00,N006,0.0,8.59,6.5,8.13,3.13,2.09
2025-01-09 15:00:00,N007,0.0,12.35,9.62,9.09,4.09,2.73
2025-01-09 15:00:00,N008,0.0,14.23,11.2,9.54,4.54,3.03
2025-01-09 15:00:00,N009,0.0,10.09,8.92,6.75,1.75,1.17
2025-01-09 15:00:00,N010,0.0,11.5,9.14,8.54,3.54,2.36
2025-01-09 15:00:00,N011,0.0,10.05,6.93,9.68,4.68,3.12
2025-01-09 15:00:00,N012,0.0,10.14,8.92,6.83,1.83,1.22
2025-01-09 15:00:00,N013,0.0,9.13,8.34,6.19,1.19,0.79
2025-01-09 15:00:00,N014,0.0,7.04,5.44,7.4,2.4,1.6
2025-01-09 15:00:00,N015,0.0,6.86,6.39,5.7,0.7,0.47
2025-01-09 15:00:00,N016,0.0,10.67,7.57,9.65,4.65,3.1
2025-01-09 15:00:00,N017,0.0,8.03,5.58,8.68,3.68,2.45
2025-01-09 15:00:00,N018,0.0,5.0,4.28,6.08,1.08,0.72
2025-01-09 15:00:00,N019,0.0,9.18,8.41,6.16,1.16,0.77
2025-01-09 15:00:00,N020,0.0,7.09,4.89,8.3,3.3,2.2
2025-01-09 16:00:00,N001,0.0,13.36,10.39,9.46,4.46,2.97
2025-01-09 16:00:00,N002,0.0,9.85,6.5,10.03,5.03,3.35
2025-01-09 16:00:00,N003,0.0,6.21,5.16,6.58,1.58,1.05
2025-01-09 16:00:00,N004,0.0,9.68,7.48,8.3,3.3,2.2
2025-01-09 16:00:00,N005,0.0,8.84,8.39,5.68,0.68,0.45
2025-01-09 16:00:00,N006,0.0,9.99,6.85,9.71,4.71,3.14
2025-01-09 16:00:00,N007,0.0,10.82,9.79,6.54,1.54,1.03
2025-01-09 16:00:00,N008,0.0,8.19,6.43,7.64,2.64,1.76
2025-01-09 16:00:00,N009,0.0,13.11,10.39,9.08,4.08,2.72
2025-01-09 16:00:00,N010,0.0,11.87,9.7,8.25,3.25,2.17
2025-01-09 16:00:00,N011,0.0,12.47,10.51,7.94,2.94,1.96
2025-01-09 16:00:00,N012,0.0,13.16,11.25,7.86,2.86,1.91
2025-01-09 16:00:00,N013,0.0,6.86,5.61,6.88,1.88,1.25
2025-01-09 16:00:00,N014,0.0,9.39,8.84,5.83,0.83,0.55
2025-01-09 16:00:00,N015,0.0,7.51,5.04,8.71,3.71,2.47
2025-01-09 16:00:00,N016,0.0,6.74,4.89,7.78,2.78,1.85
2025-01-09 16:00:00,N017,0.0,13.16,12.01,6.72,1.72,1.15
2025-01-09 16:00:00,N018,0.0,11.83,8.7,9.7,4.7,3.13
2025-01-09 16:00:00,N019,0.0,9.48,7.75,7.59,2.59,1.73
2025-01-09 16:00:00,N020,0.0,9.01,8.26,6.12,1.12,0.75
2025-01-09 17:00:00,N001,0.0,6.19,5.6,5.89,0.89,0.59
2025-01-09 17:00:00,N002,0.0,9.03,7.26,7.66,2.66,1.77
2025-01-09 17:00:00,N003,0.0,8.86,8.37,5.73,0.73,0.49
2025-01-09 17:00:00,N004,0.0,11.03,9.8,6.84,1.84,1.23
2025-01-09 17:00:00,N005,0.0,8.85,6.2,8.97,3.97,2.65
2025-01-09 17:00:00,N006,0.0,9.98,6.74,9.86,4.86,3.24
2025-01-09 17:00:00,N007,0.0,9.8,6.75,9.57,4.57,3.05
2025-01-09 17:00:00,N008,0.0,10.43,9.01,7.13,2.13,1.42
2025-01-09 17:00:00,N009,0.0,9.99,6.82,9.75,4.75,3.17
2025-01-09 17:00:00,N010,0.0,13.41,9.71,10.55,5.55,3.7
2025-01-09 17:00:00,N011,0.0,7.77,5.34,8.65,3.65,2.43
2025-01-09 17:00:00,N012,0.0,9.44,6.74,9.05,4.05,2.7
2025-01-09 17:00:00,N013,0.0,12.87,8.69,11.27,6.27,4.18
2025-01-09 17:00:00,N014,0.0,10.57,9.24,7.0,2.0,1.33
2025-01-09 17:00:00,N015,0.0,8.62,8.07,5.83,0.83,0.55
2025-01-09 17:00:00,N016,0.0,8.63,7.7,6.4,1.4,0.93
2025-01-09 17:00:00,N017,0.0,8.9,6.63,8.41,3.41,2.27
2025-01-09 17:00:00,N018,0.0,8.81,7.81,6.5,1.5,1.0
2025-01-09 17:00:00,N019,0.0,8.34,7.49,6.27,1.27,0.85
2025-01-09 17:00:00,N020,0.0,11.18,10.19,6.48,1.48,0.99
2025-01-09 18:00:00,N001,0.0,9.24,7.82,7.13,2.13,1.42
2025-01-09 18:00:00,N002,0.0,9.59,7.15,8.66,3.66,2.44
2025-01-09 18:00:00,N003,0.0,8.27,6.06,8.31,3.31,2.21
2025-01-09 18:00:00,N004,0.0,11.39,8.2,9.79,4.79,3.19
2025-01-09 18:00:00,N005,0.0,10.64,9.53,6.67,1.67,1.11
2025-01-09 18:00:00,N006,0.0,7.37,5.82,7.33,2.33,1.55
2025-01-09 18:00:00,N007,0.0,9.98,9.41,5.85,0.85,0.57
2025-01-09 18:00:00,N008,0.0,9.34,7.44,7.85,2.85,1.9
2025-01-09 18:00:00,N009,0.0,10.36,7.33,9.54,4.54,3.03
2025-01-09 18:00:00,N010,0.0,8.41,7.52,6.33,1.33,0.89
2025-01-09 18:00:00,N011,0.0,11.38,10.6,6.17,1.17,0.78
2025-01-09 18:00:00,N012,0.0,11.22,9.21,8.01,3.01,2.01
2025-01-09 18:00:00,N013,0.0,11.33,7.41,10.88,5.88,3.92
2025-01-09 18:00:00,N014,0.0,11.97,8.79,9.77,4.77,3.18
2025-01-09 18:00:00,N015,0.0,8.3,5.61,9.04,4.04,2.69
2025-01-09 18:00:00,N016,0.0,8.54,7.33,6.81,1.81,1.21
2025-01-09 18:00:00,N017,0.0,8.32,7.31,6.52,1.52,1.01
2025-01-09 18:00:00,N018,0.0,8.31,7.53,6.17,1.17,0.78
2025-01-09 18:00:00,N019,0.0,10.17,9.08,6.64,1.64,1.09
2025-01-09 18:00:00,N020,0.0,10.95,7.16,10.69,5.69,3.79
2025-01-09 19:00:00,N001,0.0,9.94,6.84,9.65,4.65,3.1
2025-01-09 19:00:00,N002,0.0,11.05,8.08,9.46,4.46,2.97
2025-01-09 19:00:00,N003,0.0,8.65,5.65,9.5,4.5,3.0
2025-01-09 19:00:00,N004,0.0,9.25,6.5,9.12,4.12,2.75
2025-01-09 19:00:00,N005,0.0,6.97,5.55,7.13,2.13,1.42
2025-01-09 19:00:00,N006,0.0,11.1,7.62,10.22,5.22,3.48
2025-01-09 19:00:00,N007,0.0,8.91,6.85,8.09,3.09,2.06
2025-01-09 19:00:00,N008,0.0,8.61,6.22,8.58,3.58,2.39
2025-01-09 19:00:00,N009,0.0,8.4,6.64,7.64,2.64,1.76
2025-01-09 19:00:00,N010,0.0,9.96,6.88,9.62,4.62,3.08
2025-01-09 19:00:00,N011,0.0,13.25,11.92,7.0,2.0,1.33
2025-01-09 19:00:00,N012,0.0,7.28,6.34,6.41,1.41,0.94
2025-01-09 19:00:00,N013,0.0,10.07,7.03,9.56,4.56,3.04
2025-01-09 19:00:00,N014,0.0,7.83,5.4,8.65,3.65,2.43
2025-01-09 19:00:00,N015,0.0,9.19,6.38,9.21,4.21,2.81
2025-01-09 19:00:00,N016,0.0,13.7,11.3,8.6,3.6,2.4
2025-01-09 19:00:00,N017,0.0,11.37,10.38,6.48,1.48,0.99
2025-01-09 19:00:00,N018,0.0,9.2,7.11,8.13,3.13,2.09
2025-01-09 19:00:00,N019,0.0,7.77,7.11,5.99,0.99,0.66
2025-01-09 19:00:00,N020,0.0,7.9,6.72,6.77,1.77,1.18
2025-01-09 20:00:00,N001,0.0,8.71,6.86,7.78,2.78,1.85
2025-01-09 20:00:00,N002,0.0,11.59,8.61,9.47,4.47,2.98
2025-01-09 20:00:00,N003,0.0,11.69,7.83,10.79,5.79,3.86
2025-01-09 20:00:00,N004,0.0,10.63,8.01,8.93,3.93,2.62
2025-01-09 20:00:00,N005,0.0,10.7,8.45,8.38,3.38,2.25
2025-01-09 20:00:00,N006,0.0,10.27,6.99,9.92,4.92,3.28
2025-01-09 20:00:00,N007,0.0,10.58,6.92,10.49,5.49,3.66
2025-01-09 20:00:00,N008,0.0,9.66,8.26,7.1,2.1,1.4
2025-01-09 20:00:00,N009,0.0,11.22,10.43,6.19,1.19,0.79
2025-01-09 20:00:00,N010,0.0,10.95,9.41,7.31,2.31,1.54
2025-01-09 20:00:00,N011,0.0,8.06,5.54,8.78,3.78,2.52
2025-01-09 20:00:00,N012,0.0,10.5,9.39,6.67,1.67,1.11
2025-01-09 20:00:00,N013,0.0,12.18,9.29,9.33,4.33,2.89
2025-01-09 20:00:00,N014,0.0,10.76,7.11,10.47,5.47,3.65
2025-01-09 20:00:00,N015,0.0,9.19,6.36,9.25,4.25,2.83
2025-01-09 20:00:00,N016,0.0,11.07,10.14,6.4,1.4,0.93
2025-01-09 20:00:00,N017,0.0,13.33,11.61,7.58,2.58,1.72
2025-01-09 20:00:00,N018,0.0,9.64,7.56,8.12,3.12,2.08
2025-01-09 20:00:00,N019,0.0,8.81,6.22,8.88,3.88,2.59
2025-01-09 20:00:00,N020,0.0,9.15,6.05,9.65,4.65,3.1
2025-01-09 21:00:00,N001,0.0,10.65,9.78,6.3,1.3,0.87
2025-01-09 21:00:00,N002,0.0,12.36,11.67,6.03,1.03,0.69
2025-01-09 21:00:00,N003,0.0,7.64,6.72,6.38,1.38,0.92
2025-01-09 21:00:00,N004,0.0,10.87,9.88,6.48,1.48,0.99
2025-01-09 21:00:00,N005,0.0,9.07,6.47,8.9,3.9,2.6
2025-01-09 21:00:00,N006,0.0,8.53,7.89,5.96,0.96,0.64
2025-01-09 21:00:00,N007,0.0,9.73,8.95,6.17,1.17,0.78
2025-01-09 21:00:00,N008,0.0,8.45,7.4,6.58,1.58,1.05
2025-01-09 21:00:00,N009,0.0,9.65,7.29,8.54,3.54,2.36
2025-01-09 21:00:00,N010,0.0,8.51,7.01,7.25,2.25,1.5
2025-01-09 21:00:00,N011,0.0,11.53,10.71,6.23,1.23,0.82
2025-01-09 21:00:00,N012,0.0,11.84,9.54,8.45,3.45,2.3
2025-01-09 21:00:00,N013,0.0,10.43,9.58,6.27,1.27,0.85
2025-01-09 21:00:00,N014,0.0,7.17,5.08,8.13,3.13,2.09
2025-01-09 21:00:00,N015,0.0,6.66,4.73,7.9,2.9,1.93
2025-01-09 21:00:00,N016,0.0,11.98,10.82,6.74,1.74,1.16
2025-01-09 21:00:00,N017,0.0,8.24,6.29,7.92,2.92,1.95
2025-01-09 21:00:00,N018,0.0,8.03,5.9,8.19,3.19,2.13
2025-01-09 21:00:00,N019,0.0,10.33,7.83,8.75,3.75,2.5
2025-01-09 21:00:00,N020,0.0,8.51,6.61,7.85,2.85,1.9
2025-01-09 22:00:00,N001,0.0,9.99,8.74,6.88,1.88,1.25
2025-01-09 22:00:00,N002,0.0,11.72,7.93,10.69,5.69,3.79
2025-01-09 22:00:00,N003,0.0,9.63,8.91,6.08,1.08,0.72
2025-01-09 22:00:00,N004,0.0,14.34,11.89,8.68,3.68,2.45
2025-01-09 22:00:00,N005,0.0,10.77,9.95,6.23,1.23,0.82
2025-01-09 22:00:00,N006,0.0,10.0,8.82,6.77,1.77,1.18
2025-01-09 22:00:00,N007,0.0,8.32,5.46,9.29,4.29,2.86
2025-01-09 22:00:00,N008,0.0,8.65,6.01,8.96,3.96,2.64
2025-01-09 22:00:00,N009,0.0,8.86,6.34,8.78,3.78,2.52
2025-01-09 22:00:00,N010,0.0,11.63,8.77,9.29,4.29,2.86
2025-01-09 22:00:00,N011,0.0,12.54,9.07,10.21,5.21,3.47
2025-01-09 22:00:00,N012,0.0,9.35,8.23,6.68,1.68,1.12
2025-01-09 22:00:00,N013,0.0,8.6,5.94,8.99,3.99,2.66
2025-01-09 22:00:00,N014,0.0,6.76,4.7,8.09,3.09,2.06
2025-01-09 22:00:00,N015,0.0,8.69,6.53,8.24,3.24,2.16
2025-01-09 22:00:00,N016,0.0,10.39,7.35,9.56,4.56,3.04
2025-01-09 22:00:00,N017,0.0,7.65,6.32,7.0,2.0,1.33
2025-01-09 22:00:00,N018,0.0,13.12,11.86,6.89,1.89,1.26
2025-01-09 22:00:00,N019,0.0,12.65,11.96,6.03,1.03,0.69
2025-01-09 22:00:00,N020,0.0,9.93,9.33,5.9,0.9,0.6
2025-01-09 23:00:00,N001,0.0,5.0,4.57,5.65,0.65,0.43
2025-01-09 23:00:00,N002,0.0,13.21,9.87,10.01,5.01,3.34
2025-01-09 23:00:00,N003,0.0,8.81,6.2,8.92,3.92,2.61
2025-01-09 23:00:00,N004,0.0,11.23,10.44,6.19,1.19,0.79
2025-01-09 23:00:00,N005,0.0,10.74,7.37,10.05,5.05,3.37
2025-01-09 23:00:00,N006,0.0,8.02,6.57,7.17,2.17,1.45
2025-01-09 23:00:00,N007,0.0,11.04,7.89,9.72,4.72,3.15
2025-01-09 23:00:00,N008,0.0,8.91,7.01,7.85,2.85,1.9
2025-01-09 23:00:00,N009,0.0,8.3,6.74,7.34,2.34,1.56
2025-01-09 23:00:00,N010,0.0,11.93,9.15,9.17,4.17,2.78
2025-01-09 23:00:00,N011,0.0,10.88,9.42,7.19,2.19,1.46
2025-01-09 23:00:00,N012,0.0,9.85,9.28,5.85,0.85,0.57
2025-01-09 23:00:00,N013,0.0,11.31,9.85,7.19,2.19,1.46
2025-01-09 23:00:00,N014,0.0,10.63,7.88,9.12,4.12,2.75
2025-01-09 23:00:00,N015,0.0,8.6,6.23,8.56,3.56,2.37
2025-01-09 23:00:00,N016,0.0,11.95,8.16,10.69,5.69,3.79
2025-01-09 23:00:00,N017,0.0,10.73,8.72,8.01,3.01,2.01
2025-01-09 23:00:00,N018,0.0,12.33,9.21,9.68,4.68,3.12
2025-01-09 23:00:00,N019,0.0,8.92,5.88,9.56,4.56,3.04
2025-01-09 23:00:00,N020,0.0,9.63,7.33,8.45,3.45,2.3
2025-01-10 00:00:00,N001,0.0,7.35,6.39,6.44,1.44,0.96
2025-01-10 00:00:00,N002,0.0,12.69,8.68,11.01,6.01,4.01
2025-01-10 00:00:00,N003,0.0,7.45,5.77,7.52,2.52,1.68
2025-01-10 00:00:00,N004,0.0,11.82,9.34,8.72,3.72,2.48
2025-01-10 00:00:00,N005,0.0,7.92,5.29,8.94,3.94,2.63
2025-01-10 00:00:00,N006,0.0,12.23,10.03,8.3,3.3,2.2
2025-01-10 00:00:00,N007,0.0,12.65,10.0,8.97,3.97,2.65
2025-01-10 00:00:00,N008,0.0,8.06,6.78,6.92,1.92,1.28
2025-01-10 00:00:00,N009,0.0,7.46,5.2,8.39,3.39,2.26
2025-01-10 00:00:00,N010,0.0,11.93,10.88,6.58,1.58,1.05
2025-01-10 00:00:00,N011,0.0,7.63,6.87,6.14,1.14,0.76
2025-01-10 00:00:00,N012,0.0,9.35,7.78,7.35,2.35,1.57
2025-01-10 00:00:00,N013,0.0,9.28,7.35,7.9,2.9,1.93
2025-01-10 00:00:00,N014,0.0,10.36,9.44,6.38,1.38,0.92
2025-01-10 00:00:00,N015,0.0,9.07,5.98,9.63,4.63,3.09
2025-01-10 00:00:00,N016,0.0,7.92,7.09,6.24,1.24,0.83
2025-01-10 00:00:00,N017,0.0,11.65,8.47,9.77,4.77,3.18
2025-01-10 00:00:00,N018,0.0,6.55,4.88,7.5,2.5,1.67
2025-01-10 00:00:00,N019,0.0,9.31,7.26,8.07,3.07,2.05
2025-01-10 00:00:00,N020,0.0,11.7,11.01,6.03,1.03,0.69
2025-01-10 01:00:00,N001,0.0,11.81,7.89,10.88,5.88,3.92
2025-01-10 01:00:00,N002,0.0,7.1,6.35,6.12,1.12,0.75
2025-01-10 01:00:00,N003,0.0,10.9,8.93,7.96,2.96,1.97
2025-01-10 01:00:00,N004,0.0,8.82,8.08,6.11,1.11,0.74
2025-01-10 01:00:00,N005,0.0,11.35,9.57,7.67,2.67,1.78
2025-01-10 01:00:00,N006,0.0,11.16,10.15,6.52,1.52,1.01
2025-01-10 01:00:00,N007,0.0,11.28,7.74,10.31,5.31,3.54
2025-01-10 01:00:00,N008,0.0,9.23,6.43,9.2,4.2,2.8
2025-01-10 01:00:00,N009,0.0,9.85,9.32,5.8,0.8,0.53
2025-01-10 01:00:00,N010,0.0,6.68,5.38,6.95,1.95,1.3
2025-01-10 01:00:00,N011,0.0,15.43,10.07,13.04,8.04,5.36
2025-01-10 01:00:00,N012,0.0,13.0,8.83,11.25,6.25,4.17
2025-01-10 01:00:00,N013,0.0,10.61,9.74,6.3,1.3,0.87
2025-01-10 01:00:00,N014,0.0,8.82,8.32,5.75,0.75,0.5
2025-01-10 01:00:00,N015,0.0,9.81,6.89,9.38,4.38,2.92
2025-01-10 01:00:00,N016,0.0,10.36,9.5,6.29,1.29,0.86
2025-01-10 01:00:00,N017,0.0,9.57,6.5,9.6,4.6,3.07
2025-01-10 01:00:00,N018,0.0,12.28,10.76,7.28,2.28,1.52
2025-01-10 01:00:00,N019,0.0,12.59,11.64,6.42,1.42,0.95
2025-01-10 01:00:00,N020,0.0,9.84,9.2,5.96,0.96,0.64
2025-01-10 02:00:00,N001,0.0,12.47,11.21,6.89,1.89,1.26
2025-01-10 02:00:00,N002,0.0,9.48,6.76,9.08,4.08,2.72
2025-01-10 02:00:00,N003,0.0,9.39,7.29,8.15,3.15,2.1
2025-01-10 02:00:00,N004,0.0,11.24,8.51,9.09,4.09,2.73
2025-01-10 02:00:00,N005,0.0,8.89,7.08,7.71,2.71,1.81
2025-01-10 02:00:00,N006,0.0,8.85,7.26,7.39,2.39,1.59
2025-01-10 02:00:00,N007,0.0,10.56,8.98,7.37,2.37,1.58
2025-01-10 02:00:00,N008,0.0,11.62,9.96,7.49,2.49,1.66
2025-01-10 02:00:00,N009,0.0,8.56,5.6,9.44,4.44,2.96
2025-01-10 02:00:00,N010,0.0,11.57,7.75,10.73,5.73,3.82
2025-01-10 02:00:00,N011,0.0,11.42,7.44,10.97,5.97,3.98
2025-01-10 02:00:00,N012,0.0,11.55,9.95,7.4,2.4,1.6
2025-01-10 02:00:00,N013,0.0,10.85,7.64,9.81,4.81,3.21
2025-01-10 02:00:00,N014,0.0,8.04,6.8,6.86,1.86,1.24
2025-01-10 02:00:00,N015,0.0,9.38,6.77,8.92,3.92,2.61
2025-01-10 02:00:00,N016,0.0,9.31,7.16,8.22,3.22,2.15
2025-01-10 02:00:00,N017,0.0,8.43,7.3,6.69,1.69,1.13
2025-01-10 02:00:00,N018,0.0,13.9,9.24,11.99,6.99,4.66
2025-01-10 02:00:00,N019,0.0,12.35,11.31,6.56,1.56,1.04
2025-01-10 02:00:00,N020,0.0,13.67,10.41,9.89,4.89,3.26
2025-01-10 03:00:00,N001,0.0,8.39,5.79,8.9,3.9,2.6
2025-01-10 03:00:00,N002,0.0,9.06,6.54,8.78,3.78,2.52
2025-01-10 03:00:00,N003,0.0,10.44,8.22,8.33,3.33,2.22
2025-01-10 03:00:00,N004,0.0,10.07,7.1,9.46,4.46,2.97
2025-01-10 03:00:00,N005,0.0,9.51,7.22,8.44,3.44,2.29
2025-01-10 03:00:00,N006,0.0,7.74,6.09,7.47,2.47,1.65
2025-01-10 03:00:00,N007,0.0,8.3,6.46,7.76,2.76,1.84
2025-01-10 03:00:00,N008,0.0,7.38,5.53,7.78,2.78,1.85
2025-01-10 03:00:00,N009,0.0,11.81,9.32,8.74,3.74,2.49
2025-01-10 03:00:00,N010,0.0,10.81,9.52,6.94,1.94,1.29
2025-01-10 03:00:00,N011,0.0,10.76,8.68,8.12,3.12,2.08
2025-01-10 03:00:00,N012,0.0,11.38,10.21,6.75,1.75,1.17
2025-01-10 03:00:00,N013,0.0,10.92,7.21,10.56,5.56,3.71
2025-01-10 03:00:00,N014,0.0,11.83,9.77,8.09,3.09,2.06
2025-01-10 03:00:00,N015,0.0,8.41,7.58,6.24,1.24,0.83
2025-01-10 03:00:00,N016,0.0,9.08,7.66,7.13,2.13,1.42
2025-01-10 03:00:00,N017,0.0,7.15,6.44,6.06,1.06,0.71
2025-01-10 03:00:00,N018,0.0,8.05,6.76,6.94,1.94,1.29
2025-01-10 03:00:00,N019,0.0,16.76,11.05,13.56,8.56,5.71
2025-01-10 03:00:00,N020,0.0,11.03,7.34,10.54,5.54,3.69
2025-01-10 04:00:00,N001,0.0,9.84,8.73,6.67,1.67,1.11
2025-01-10 04:00:00,N002,0.0,8.97,5.91,9.59,4.59,3.06
2025-01-10 04:00:00,N003,0.0,10.22,7.99,8.34,3.34,2.23
2025-01-10 04:00:00,N004,0.0,9.09,8.09,6.5,1.5,1.0
2025-01-10 04:00:00,N005,0.0,7.32,6.14,6.77,1.77,1.18
2025-01-10 04:00:00,N006,0.0,11.08,9.27,7.71,2.71,1.81
2025-01-10 04:00:00,N007,0.0,10.11,6.87,9.86,4.86,3.24
2025-01-10 04:00:00,N008,0.0,11.26,9.92,7.01,2.01,1.34
2025-01-10 04:00:00,N009,0.0,8.28,7.61,6.01,1.01,0.67
2025-01-10 04:00:00,N010,0.0,10.19,9.25,6.41,1.41,0.94
2025-01-10 04:00:00,N011,0.0,9.55,7.47,8.12,3.12,2.08
2025-01-10 04:00:00,N012,0.0,11.3,8.5,9.2,4.2,2.8
2025-01-10 04:00:00,N013,0.0,8.47,7.62,6.27,1.27,0.85
2025-01-10 04:00:00,N014,0.0,6.41,4.94,7.21,2.21,1.47
2025-01-10 04:00:00,N015,0.0,9.98,9.35,5.95,0.95,0.63
2025-01-10 04:00:00,N016,0.0,11.95,8.38,10.35,5.35,3.57
2025-01-10 04:00:00,N017,0.0,10.96,8.35,8.92,3.92,2.61
2025-01-10 04:00:00,N018,0.0,9.95,6.81,9.71,4.71,3.14
2025-01-10 04:00:00,N019,0.0,11.7,10.32,7.07,2.07,1.38
2025-01-10 04:00:00,N020,0.0,11.51,7.62,10.83,5.83,3.89
2025-01-10 05:00:00,N001,0.0,11.21,8.01,9.8,4.8,3.2
2025-01-10 05:00:00,N002,0.0,9.44,8.95,5.73,0.73,0.49
2025-01-10 05:00:00,N003,0.0,11.05,10.41,5.96,0.96,0.64
2025-01-10 05:00:00,N004,0.0,5.22,3.73,7.23,2.23,1.49
2025-01-10 05:00:00,N005,0.0,10.24,7.92,8.48,3.48,2.32
2025-01-10 05:00:00,N006,0.0,8.39,6.47,7.88,2.88,1.92
2025-01-10 05:00:00,N007,0.0,8.72,7.62,6.65,1.65,1.1
2025-01-10 05:00:00,N008,0.0,7.84,5.27,8.85,3.85,2.57
2025-01-10 05:00:00,N009,0.0,8.46,6.63,7.75,2.75,1.83
2025-01-10 05:00:00,N010,0.0,13.04,10.24,9.2,4.2,2.8
2025-01-10 05:00:00,N011,0.0,10.8,8.72,8.12,3.12,2.08
2025-01-10 05:00:00,N012,0.0,10.5,8.3,8.3,3.3,2.2
2025-01-10 05:00:00,N013,0.0,9.4,7.89,7.27,2.27,1.51
2025-01-10 05:00:00,N014,0.0,11.68,10.25,7.15,2.15,1.43
2025-01-10 05:00:00,N015,0.0,9.54,6.69,9.28,4.28,2.85
2025-01-10 05:00:00,N016,0.0,9.32,7.38,7.91,2.91,1.94
2025-01-10 05:00:00,N017,0.0,9.84,9.18,5.99,0.99,0.66
2025-01-10 05:00:00,N018,0.0,11.13,7.93,9.8,4.8,3.2
2025-01-10 05:00:00,N019,0.0,5.64,4.28,7.04,2.04,1.36
2025-01-10 05:00:00,N020,0.0,9.89,7.77,8.18,3.18,2.12
2025-01-10 06:00:00,N001,0.0,10.74,8.55,8.29,3.29,2.19
2025-01-10 06:00:00,N002,0.0,10.04,6.98,9.59,4.59,3.06
2025-01-10 06:00:00,N003,0.0,7.23,5.41,7.73,2.73,1.82
2025-01-10 06:00:00,N004,0.0,11.19,9.28,7.86,2.86,1.91
2025-01-10 06:00:00,N005,0.0,8.84,6.68,8.24,3.24,2.16
2025-01-10 06:00:00,N006,0.0,8.29,6.88,7.11,2.11,1.41
2025-01-10 06:00:00,N007,0.0,13.83,9.51,11.48,6.48,4.32
2025-01-10 06:00:00,N008,0.0,11.66,10.56,6.65,1.65,1.1
2025-01-10 06:00:00,N009,0.0,8.85,7.17,7.52,2.52,1.68
2025-01-10 06:00:00,N010,0.0,6.98,4.62,8.54,3.54,2.36
2025-01-10 06:00:00,N011,0.0,9.51,8.54,6.46,1.46,0.97
2025-01-10 06:00:00,N012,0.0,10.25,7.12,9.7,4.7,3.13
2025-01-10 06:00:00,N013,0.0,9.07,8.46,5.92,0.92,0.61
2025-01-10 06:00:00,N014,0.0,12.85,11.64,6.81,1.81,1.21
2025-01-10 06:00:00,N015,0.0,7.44,6.0,7.16,2.16,1.44
2025-01-10 06:00:00,N016,0.0,7.55,5.41,8.21,3.21,2.14
2025-01-10 06:00:00,N017,0.0,8.81,6.83,7.97,2.97,1.98
2025-01-10 06:00:00,N018,0.0,9.95,7.53,8.63,3.63,2.42
2025-01-10 06:00:00,N019,0.0,8.37,7.94,5.65,0.65,0.43
2025-01-10 06:00:00,N020,0.0,10.36,8.46,7.85,2.85,1.9
2025-01-10 07:00:00,N001,0.0,12.53,11.86,6.01,1.01,0.67
2025-01-10 07:00:00,N002,0.0,9.88,9.36,5.78,0.78,0.52
2025-01-10 07:00:00,N003,0.0,9.05,6.62,8.65,3.65,2.43
2025-01-10 07:00:00,N004,0.0,8.67,7.85,6.23,1.23,0.82
2025-01-10 07:00:00,N005,0.0,11.18,9.64,7.31,2.31,1.54
2025-01-10 07:00:00,N006,0.0,12.52,11.3,6.83,1.83,1.22
2025-01-10 07:00:00,N007,0.0,12.37,11.33,6.56,1.56,1.04
2025-01-10 07:00:00,N008,0.0,12.12,9.26,9.29,4.29,2.86
2025-01-10 07:00:00,N009,0.0,9.92,7.48,8.66,3.66,2.44
2025-01-10 07:00:00,N010,0.0,13.07,11.98,6.64,1.64,1.09
2025-01-10 07:00:00,N011,0.0,12.63,9.26,10.05,5.05,3.37
2025-01-10 07:00:00,N012,0.0,5.0,3.43,7.35,2.35,1.57
2025-01-10 07:00:00,N013,0.0,10.58,9.08,7.25,2.25,1.5
2025-01-10 07:00:00,N014,0.0,10.79,7.61,9.77,4.77,3.18
2025-01-10 07:00:00,N015,0.0,8.74,7.36,7.07,2.07,1.38
2025-01-10 07:00:00,N016,0.0,6.86,6.04,6.23,1.23,0.82
2025-01-10 07:00:00,N017,0.0,11.25,8.44,9.21,4.21,2.81
2025-01-10 07:00:00,N018,0.0,12.74,10.63,8.17,3.17,2.11
2025-01-10 07:00:00,N019,0.0,10.37,8.43,7.91,2.91,1.94
2025-01-10 07:00:00,N020,0.0,12.59,10.82,7.66,2.66,1.77
2025-01-10 08:00:00,N001,0.2,15.35,13.13,8.41,3.41,2.22
2025-01-10 08:00:00,N002,0.2,12.66,11.97,6.11,1.11,0.69
2025-01-10 08:00:00,N003,0.2,13.7,11.11,8.96,3.96,2.59
2025-01-10 08:00:00,N004,0.2,13.86,11.25,9.0,4.0,2.61
2025-01-10 08:00:00,N005,0.2,13.18,10.11,9.68,4.68,3.07
2025-01-10 08:00:00,N006,0.2,10.55,9.63,6.46,1.46,0.92
2025-01-10 08:00:00,N007,0.2,13.21,8.73,11.8,6.8,4.48
2025-01-10 08:00:00,N008,0.2,12.34,10.85,7.31,2.31,1.49
2025-01-10 08:00:00,N009,0.2,14.83,9.74,12.71,7.71,5.09
2025-01-10 08:00:00,N010,0.2,12.33,8.42,10.95,5.95,3.91
2025-01-10 08:00:00,N011,0.2,11.77,10.34,7.23,2.23,1.43
2025-01-10 08:00:00,N012,0.2,13.78,10.49,10.02,5.02,3.29
2025-01-10 08:00:00,N013,0.2,11.97,10.14,7.83,2.83,1.83
2025-01-10 08:00:00,N014,0.2,13.77,10.2,10.43,5.43,3.57
2025-01-10 08:00:00,N015,0.2,12.22,10.3,7.96,2.96,1.92
2025-01-10 08:00:00,N016,0.2,10.9,7.12,10.75,5.75,3.78
2025-01-10 08:00:00,N017,0.2,17.51,14.04,10.29,5.29,3.47
2025-01-10 08:00:00,N018,0.2,15.43,12.21,9.91,4.91,3.22
2025-01-10 08:00:00,N019,0.2,11.66,8.65,9.59,4.59,3.01
2025-01-10 08:00:00,N020,0.2,12.6,8.7,10.93,5.93,3.9
2025-01-10 09:00:00,N001,0.4,14.59,9.9,12.2,7.2,4.69
2025-01-10 09:00:00,N002,0.4,13.52,9.81,10.72,5.72,3.71
2025-01-10 09:00:00,N003,0.4,17.01,15.81,6.96,1.96,1.2
2025-01-10 09:00:00,N004,0.4,20.88,14.36,14.94,9.94,6.52
2025-01-10 09:00:00,N005,0.4,16.64,10.91,13.76,8.76,5.73
2025-01-10 09:00:00,N006,0.4,13.85,12.69,6.9,1.9,1.16
2025-01-10 09:00:00,N007,0.4,14.98,12.4,9.03,4.03,2.58
2025-01-10 09:00:00,N008,0.4,17.49,13.61,10.98,5.98,3.88
2025-01-10 09:00:00,N009,0.4,15.35,12.51,9.42,4.42,2.84
2025-01-10 09:00:00,N010,0.4,13.74,13.02,6.24,1.24,0.72
2025-01-10 09:00:00,N011,0.4,14.2,11.52,9.18,4.18,2.68
2025-01-10 09:00:00,N012,0.4,14.43,12.72,7.73,2.73,1.71
2025-01-10 09:00:00,N013,0.4,20.53,13.5,15.71,10.71,7.03
2025-01-10 09:00:00,N014,0.4,16.42,15.03,7.25,2.25,1.39
2025-01-10 09:00:00,N015,0.4,15.58,11.78,10.86,5.86,3.8
2025-01-10 09:00:00,N016,0.4,15.18,14.34,6.42,1.42,0.84
2025-01-10 09:00:00,N017,0.4,18.7,16.3,8.76,3.76,2.4
2025-01-10 09:00:00,N018,0.4,9.75,6.39,10.2,5.2,3.36
2025-01-10 09:00:00,N019,0.4,17.97,16.84,6.85,1.85,1.13
2025-01-10 09:00:00,N020,0.4,15.55,12.81,9.27,4.27,2.74
2025-01-10 10:00:00,N001,0.1,14.4,11.68,9.12,4.12,2.72
2025-01-10 10:00:00,N002,0.1,10.82,10.04,6.21,1.21,0.78
2025-01-10 10:00:00,N003,0.1,7.17,6.11,6.63,1.63,1.06
2025-01-10 10:00:00,N004,0.1,10.04,9.05,6.52,1.52,0.99
2025-01-10 10:00:00,N005,0.1,9.66,8.4,6.93,1.93,1.26
2025-01-10 10:00:00,N006,0.1,10.24,9.14,6.69,1.69,1.1
2025-01-10 10:00:00,N007,0.1,11.62,10.44,6.81,1.81,1.18
2025-01-10 10:00:00,N008,0.1,9.91,9.33,5.91,0.91,0.58
2025-01-10 10:00:00,N009,0.1,11.22,8.1,9.72,4.72,3.12
2025-01-10 10:00:00,N010,0.1,8.05,6.3,7.67,2.67,1.75
2025-01-10 10:00:00,N011,0.1,7.3,5.89,7.15,2.15,1.41
2025-01-10 10:00:00,N012,0.1,9.82,6.39,10.19,5.19,3.43
2025-01-10 10:00:00,N013,0.1,9.21,6.35,9.33,4.33,2.86
2025-01-10 10:00:00,N014,0.1,9.5,8.15,7.07,2.07,1.35
2025-01-10 10:00:00,N015,0.1,13.79,11.11,9.06,4.06,2.68
2025-01-10 10:00:00,N016,0.1,12.43,9.67,9.18,4.18,2.76
2025-01-10 10:00:00,N017,0.1,10.28,9.03,6.92,1.92,1.25
2025-01-10 10:00:00,N018,0.1,14.94,11.23,10.6,5.6,3.71
2025-01-10 10:00:00,N019,0.1,10.16,8.37,7.73,2.73,1.79
2025-01-10 10:00:00,N020,0.1,8.95,7.93,6.57,1.57,1.02
2025-01-10 11:00:00,N001,0.0,6.68,5.8,6.32,1.32,0.88
2025-01-10 11:00:00,N002,0.0,13.1,9.29,10.71,5.71,3.81
2025-01-10 11:00:00,N003,0.0,12.25,10.47,7.67,2.67,1.78
2025-01-10 11:00:00,N004,0.0,9.8,8.85,6.42,1.42,0.95
2025-01-10 11:00:00,N005,0.0,11.17,9.57,7.4,2.4,1.6
2025-01-10 11:00:00,N006,0.0,6.66,4.41,8.38,3.38,2.25
2025-01-10 11:00:00,N007,0.0,8.31,6.45,7.79,2.79,1.86
2025-01-10 11:00:00,N008,0.0,13.49,10.45,9.56,4.56,3.04
2025-01-10 11:00:00,N009,0.0,12.87,10.71,8.24,3.24,2.16
2025-01-10 11:00:00,N010,0.0,8.61,8.0,5.92,0.92,0.61
2025-01-10 11:00:00,N011,0.0,9.0,7.11,7.83,2.83,1.89
2025-01-10 11:00:00,N012,0.0,11.06,10.14,6.38,1.38,0.92
2025-01-10 11:00:00,N013,0.0,8.45,7.83,5.93,0.93,0.62
2025-01-10 11:00:00,N014,0.0,9.77,7.72,8.07,3.07,2.05
2025-01-10 11:00:00,N015,0.0,7.55,5.87,7.52,2.52,1.68
2025-01-10 11:00:00,N016,0.0,10.27,7.17,9.65,4.65,3.1
2025-01-10 11:00:00,N017,0.0,11.75,9.42,8.5,3.5,2.33
2025-01-10 11:00:00,N018,0.0,11.22,7.53,10.54,5.54,3.69
2025-01-10 11:00:00,N019,0.0,10.6,8.81,7.69,2.69,1.79
2025-01-10 11:00:00,N020,0.0,6.69,4.59,8.15,3.15,2.1
2025-01-10 12:00:00,N001,0.0,8.8,7.07,7.59,2.59,1.73
2025-01-10 12:00:00,N002,0.0,12.47,11.5,6.46,1.46,0.97
2025-01-10 12:00:00,N003,0.0,10.14,7.4,9.11,4.11,2.74
2025-01-10 12:00:00,N004,0.0,11.64,9.17,8.71,3.71,2.47
2025-01-10 12:00:00,N005,0.0,9.62,7.7,7.88,2.88,1.92
2025-01-10 12:00:00,N006,0.0,7.92,5.95,7.96,2.96,1.97
2025-01-10 12:00:00,N007,0.0,11.16,9.8,7.04,2.04,1.36
2025-01-10 12:00:00,N008,0.0,10.93,7.76,9.75,4.75,3.17
2025-01-10 12:00:00,N009,0.0,9.3,8.83,5.7,0.7,0.47
2025-01-10 12:00:00,N010,0.0,8.32,6.51,7.71,2.71,1.81
2025-01-10 12:00:00,N011,0.0,6.33,4.4,7.9,2.9,1.93
2025-01-10 12:00:00,N012,0.0,9.12,6.84,8.42,3.42,2.28
2025-01-10 12:00:00,N013,0.0,13.21,11.9,6.97,1.97,1.31
2025-01-10 12:00:00,N014,0.0,11.36,8.71,8.97,3.97,2.65
2025-01-10 12:00:00,N015,0.0,13.15,8.96,11.29,6.29,4.19
2025-01-10 12:00:00,N016,0.0,10.04,8.86,6.77,1.77,1.18
2025-01-10 12:00:00,N017,0.0,6.27,5.21,6.59,1.59,1.06
2025-01-10 12:00:00,N018,0.0,8.48,6.77,7.56,2.56,1.71
2025-01-10 12:00:00,N019,0.0,8.97,7.33,7.46,2.46,1.64
2025-01-10 12:00:00,N020,0.0,9.11,6.48,8.94,3.94,2.63
2025-01-10 13:00:00,N001,0.1,13.57,10.22,10.07,5.07,3.35
2025-01-10 13:00:00,N002,0.1,13.16,10.03,9.74,4.74,3.13
2025-01-10 13:00:00,N003,0.1,10.85,9.56,6.98,1.98,1.29
2025-01-10 13:00:00,N004,0.1,14.56,13.2,7.08,2.08,1.36
2025-01-10 13:00:00,N005,0.1,11.66,8.97,9.08,4.08,2.69
2025-01-10 13:00:00,N006,0.1,12.74,10.77,8.0,3.0,1.97
2025-01-10 13:00:00,N007,0.1,9.18,8.02,6.78,1.78,1.16
2025-01-10 13:00:00,N008,0.1,13.06,8.82,11.4,6.4,4.24
2025-01-10 13:00:00,N009,0.1,10.32,8.46,7.83,2.83,1.86
2025-01-10 13:00:00,N010,0.1,10.19,7.24,9.47,4.47,2.95
2025-01-10 13:00:00,N011,0.1,11.38,10.29,6.68,1.68,1.09
2025-01-10 13:00:00,N012,0.1,12.11,10.44,7.54,2.54,1.67
2025-01-10 13:00:00,N013,0.1,12.62,11.35,6.95,1.95,1.27
2025-01-10 13:00:00,N014,0.1,9.47,8.35,6.72,1.72,1.12
2025-01-10 13:00:00,N015,0.1,13.49,10.25,9.9,4.9,3.24
2025-01-10 13:00:00,N016,0.1,8.8,8.22,5.91,0.91,0.58
2025-01-10 13:00:00,N017,0.1,13.88,10.99,9.38,4.38,2.89
2025-01-10 13:00:00,N018,0.1,12.29,9.52,9.2,4.2,2.77
2025-01-10 13:00:00,N019,0.1,10.64,8.96,7.56,2.56,1.68
2025-01-10 13:00:00,N020,0.1,11.48,9.47,8.05,3.05,2.01
2025-01-10 14:00:00,N001,0.2,12.49,9.98,8.84,3.84,2.51
2025-01-10 14:00:00,N002,0.2,10.58,9.34,6.94,1.94,1.24
2025-01-10 14:00:00,N003,0.2,16.19,13.78,8.7,3.7,2.41
2025-01-10 14:00:00,N004,0.2,12.45,9.73,9.16,4.16,2.72
2025-01-10 14:00:00,N005,0.2,12.45,10.68,7.74,2.74,1.77
2025-01-10 14:00:00,N006,0.2,12.23,10.22,8.09,3.09,2.01
2025-01-10 14:00:00,N007,0.2,12.18,9.83,8.61,3.61,2.35
2025-01-10 14:00:00,N008,0.2,13.0,9.79,9.89,4.89,3.21
2025-01-10 14:00:00,N009,0.2,12.48,9.87,9.0,4.0,2.61
2025-01-10 14:00:00,N010,0.2,11.41,7.82,10.46,5.46,3.59
2025-01-10 14:00:00,N011,0.2,12.07,8.34,10.67,5.67,3.73
2025-01-10 14:00:00,N012,0.2,12.35,9.3,9.65,4.65,3.05
2025-01-10 14:00:00,N013,0.2,14.11,10.87,9.94,4.94,3.24
2025-01-10 14:00:00,N014,0.2,10.35,8.25,8.23,3.23,2.1
2025-01-10 14:00:00,N015,0.2,13.93,9.17,12.22,7.22,4.76
2025-01-10 14:00:00,N016,0.2,9.22,6.15,9.68,4.68,3.07
2025-01-10 14:00:00,N017,0.2,13.35,12.21,6.79,1.79,1.14
2025-01-10 14:00:00,N018,0.2,10.21,7.92,8.52,3.52,2.29
2025-01-10 14:00:00,N019,0.2,10.63,9.28,7.11,2.11,1.35
2025-01-10 14:00:00,N020,0.2,13.36,8.72,12.04,7.04,4.64
2025-01-10 15:00:00,N001,0.0,11.15,10.24,6.36,1.36,0.91
2025-01-10 15:00:00,N002,0.0,9.01,7.47,7.31,2.31,1.54
2025-01-10 15:00:00,N003,0.0,9.01,7.5,7.27,2.27,1.51
2025-01-10 15:00:00,N004,0.0,10.15,7.43,9.08,4.08,2.72
2025-01-10 15:00:00,N005,0.0,9.02,6.79,8.34,3.34,2.23
2025-01-10 15:00:00,N006,0.0,14.35,13.57,6.17,1.17,0.78
2025-01-10 15:00:00,N007,0.0,9.25,6.77,8.72,3.72,2.48
2025-01-10 15:00:00,N008,0.0,10.52,9.42,6.65,1.65,1.1
2025-01-10 15:00:00,N009,0.0,8.72,8.28,5.66,0.66,0.44
2025-01-10 15:00:00,N010,0.0,13.32,11.7,7.43,2.43,1.62
2025-01-10 15:00:00,N011,0.0,11.57,8.25,9.98,4.98,3.32
2025-01-10 15:00:00,N012,0.0,10.92,9.33,7.39,2.39,1.59
2025-01-10 15:00:00,N013,0.0,11.15,8.36,9.19,4.19,2.79
2025-01-10 15:00:00,N014,0.0,7.1,5.74,7.04,2.04,1.36
2025-01-10 15:00:00,N015,0.0,9.2,6.42,9.17,4.17,2.78
2025-01-10 15:00:00,N016,0.0,5.0,3.54,7.19,2.19,1.46
2025-01-10 15:00:00,N017,0.0,12.77,8.72,11.07,6.07,4.05
2025-01-10 15:00:00,N018,0.0,10.79,8.0,9.19,4.19,2.79
2025-01-10 15:00:00,N019,0.0,10.04,7.4,8.96,3.96,2.64
2025-01-10 15:00:00,N020,0.0,10.08,6.79,9.94,4.94,3.29
2025-01-10 16:00:00,N001,0.0,10.16,8.66,7.25,2.25,1.5
2025-01-10 16:00:00,N002,0.0,13.09,10.51,8.87,3.87,2.58
2025-01-10 16:00:00,N003,0.0,10.53,7.08,10.18,5.18,3.45
2025-01-10 16:00:00,N004,0.0,7.1,5.13,7.96,2.96,1.97
2025-01-10 16:00:00,N005,0.0,8.67,8.01,5.99,0.99,0.66
2025-01-10 16:00:00,N006,0.0,7.25,5.89,7.04,2.04,1.36
2025-01-10 16:00:00,N007,0.0,10.71,7.58,9.7,4.7,3.13
2025-01-10 16:00:00,N008,0.0,14.47,11.15,9.98,4.98,3.32
2025-01-10 16:00:00,N009,0.0,11.29,7.64,10.47,5.47,3.65
2025-01-10 16:00:00,N010,0.0,11.44,9.27,8.25,3.25,2.17
2025-01-10 16:00:00,N011,0.0,15.09,10.25,12.26,7.26,4.84
2025-01-10 16:00:00,N012,0.0,13.42,10.36,9.59,4.59,3.06
2025-01-10 16:00:00,N013,0.0,9.19,8.43,6.14,1.14,0.76
2025-01-10 16:00:00,N014,0.0,8.11,6.78,7.0,2.0,1.33
2025-01-10 16:00:00,N015,0.0,9.85,7.76,8.13,3.13,2.09
2025-01-10 16:00:00,N016,0.0,11.68,9.62,8.09,3.09,2.06
2025-01-10 16:00:00,N017,0.0,9.34,7.59,7.62,2.62,1.75
2025-01-10 16:00:00,N018,0.0,9.92,9.29,5.95,0.95,0.63
2025-01-10 16:00:00,N019,0.0,9.26,6.74,8.78,3.78,2.52
2025-01-10 16:00:00,N020,0.0,9.18,6.71,8.71,3.71,2.47
2025-01-10 17:00:00,N001,0.0,10.04,8.81,6.84,1.84,1.23
2025-01-10 17:00:00,N002,0.0,8.96,8.31,5.98,0.98,0.65
2025-01-10 17:00:00,N003,0.0,8.81,7.42,7.08,2.08,1.39
2025-01-10 17:00:00,N004,0.0,11.06,9.95,6.67,1.67,1.11
2025-01-10 17:00:00,N005,0.0,7.74,5.72,8.03,3.03,2.02
2025-01-10 17:00:00,N006,0.0,14.9,12.44,8.69,3.69,2.46
2025-01-10 17:00:00,N007,0.0,9.75,8.12,7.44,2.44,1.63
2025-01-10 17:00:00,N008,0.0,9.84,8.62,6.83,1.83,1.22
2025-01-10 17:00:00,N009,0.0,9.48,8.01,7.21,2.21,1.47
2025-01-10 17:00:00,N010,0.0,5.33,5.01,5.48,0.48,0.32
2025-01-10 17:00:00,N011,0.0,9.8,8.55,6.88,1.88,1.25
2025-01-10 17:00:00,N012,0.0,11.62,10.66,6.44,1.44,0.96
2025-01-10 17:00:00,N013,0.0,12.04,10.32,7.58,2.58,1.72
2025-01-10 17:00:00,N014,0.0,9.07,8.03,6.56,1.56,1.04
2025-01-10 17:00:00,N015,0.0,9.66,7.42,8.36,3.36,2.24
2025-01-10 17:00:00,N016,0.0,10.48,8.32,8.24,3.24,2.16
2025-01-10 17:00:00,N017,0.0,8.85,5.95,9.35,4.35,2.9
2025-01-10 17:00:00,N018,0.0,7.35,6.83,5.78,0.78,0.52
2025-01-10 17:00:00,N019,0.0,10.69,7.7,9.49,4.49,2.99
2025-01-10 17:00:00,N020,0.0,9.33,7.71,7.43,2.43,1.62
2025-01-10 18:00:00,N001,0.0,11.41,10.47,6.41,1.41,0.94
2025-01-10 18:00:00,N002,0.0,11.62,9.48,8.21,3.21,2.14
2025-01-10 18:00:00,N003,0.0,7.91,6.3,7.42,2.42,1.61
2025-01-10 18:00:00,N004,0.0,10.91,10.16,6.12,1.12,0.75
2025-01-10 18:00:00,N005,0.0,13.35,12.02,7.0,2.0,1.33
2025-01-10 18:00:00,N006,0.0,11.45,8.36,9.63,4.63,3.09
2025-01-10 18:00:00,N007,0.0,8.39,6.44,7.92,2.92,1.95
2025-01-10 18:00:00,N008,0.0,9.88,6.43,10.18,5.18,3.45
2025-01-10 18:00:00,N009,0.0,11.58,9.49,8.13,3.13,2.09
2025-01-10 18:00:00,N010,0.0,11.04,9.24,7.7,2.7,1.8
2025-01-10 18:00:00,N011,0.0,9.99,9.25,6.11,1.11,0.74
2025-01-10 18:00:00,N012,0.0,9.38,8.25,6.69,1.69,1.13
2025-01-10 18:00:00,N013,0.0,11.42,8.52,9.35,4.35,2.9
2025-01-10 18:00:00,N014,0.0,10.32,6.86,10.19,5.19,3.46
2025-01-10 18:00:00,N015,0.0,9.7,7.47,8.34,3.34,2.23
2025-01-10 18:00:00,N016,0.0,12.22,10.23,7.98,2.98,1.99
2025-01-10 18:00:00,N017,0.0,9.72,8.23,7.23,2.23,1.49
2025-01-10 18:00:00,N018,0.0,14.04,12.16,7.82,2.82,1.88
2025-01-10 18:00:00,N019,0.0,9.09,6.79,8.45,3.45,2.3
2025-01-10 18:00:00,N020,0.0,11.01,9.94,6.6,1.6,1.07
2025-01-10 19:00:00,N001,0.0,10.34,7.5,9.26,4.26,2.84
2025-01-10 19:00:00,N002,0.0,10.96,10.08,6.32,1.32,0.88
2025-01-10 19:00:00,N003,0.0,10.57,9.43,6.71,1.71,1.14
2025-01-10 19:00:00,N004,0.0,9.39,7.31,8.12,3.12,2.08
2025-01-10 19:00:00,N005,0.0,12.35,10.56,7.69,2.69,1.79
2025-01-10 19:00:00,N006,0.0,8.95,6.23,9.08,4.08,2.72
2025-01-10 19:00:00,N007,0.0,9.23,6.69,8.81,3.81,2.54
2025-01-10 19:00:00,N008,0.0,10.87,7.99,9.32,4.32,2.88
2025-01-10 19:00:00,N009,0.0,7.69,6.28,7.11,2.11,1.41
2025-01-10 19:00:00,N010,0.0,7.78,5.77,8.01,3.01,2.01
2025-01-10 19:00:00,N011,0.0,12.15,9.36,9.19,4.19,2.79
2025-01-10 19:00:00,N012,0.0,11.63,8.8,9.25,4.25,2.83
2025-01-10 19:00:00,N013,0.0,12.36,10.66,7.55,2.55,1.7
2025-01-10 19:00:00,N014,0.0,7.75,6.35,7.1,2.1,1.4
2025-01-10 19:00:00,N015,0.0,8.68,6.39,8.44,3.44,2.29
2025-01-10 19:00:00,N016,0.0,10.34,9.76,5.87,0.87,0.58
2025-01-10 19:00:00,N017,0.0,13.12,8.77,11.52,6.52,4.35
2025-01-10 19:00:00,N018,0.0,11.32,7.48,10.76,5.76,3.84
2025-01-10 19:00:00,N019,0.0,9.85,8.17,7.52,2.52,1.68
2025-01-10 19:00:00,N020,0.0,10.16,7.64,8.78,3.78,2.52
2025-01-10 20:00:00,N001,0.0,6.14,4.65,7.23,2.23,1.49
2025-01-10 20:00:00,N002,0.0,9.34,6.74,8.9,3.9,2.6
2025-01-10 20:00:00,N003,0.0,10.0,7.93,8.1,3.1,2.07
2025-01-10 20:00:00,N004,0.0,10.61,6.97,10.46,5.46,3.64
2025-01-10 20:00:00,N005,0.0,11.03,9.87,6.74,1.74,1.16
2025-01-10 20:00:00,N006,0.0,13.84,10.22,10.43,5.43,3.62
2025-01-10 20:00:00,N007,0.0,10.91,9.15,7.64,2.64,1.76
2025-01-10 20:00:00,N008,0.0,12.15,10.95,6.8,1.8,1.2
2025-01-10 20:00:00,N009,0.0,8.68,5.86,9.23,4.23,2.82
2025-01-10 20:00:00,N010,0.0,10.35,8.42,7.9,2.9,1.93
2025-01-10 20:00:00,N011,0.0,7.38,6.4,6.47,1.47,0.98
2025-01-10 20:00:00,N012,0.0,10.96,9.8,6.74,1.74,1.16
2025-01-10 20:00:00,N013,0.0,12.6,8.91,10.54,5.54,3.69
2025-01-10 20:00:00,N014,0.0,7.83,6.05,7.67,2.67,1.78
2025-01-10 20:00:00,N015,0.0,12.44,8.18,11.39,6.39,4.26
2025-01-10 20:00:00,N016,0.0,9.13,8.28,6.27,1.27,0.85
2025-01-10 20:00:00,N017,0.0,10.1,9.41,6.03,1.03,0.69
2025-01-10 20:00:00,N018,0.0,10.25,9.26,6.48,1.48,0.99
2025-01-10 20:00:00,N019,0.0,8.79,6.2,8.88,3.88,2.59
2025-01-10 20:00:00,N020,0.0,12.67,11.19,7.22,2.22,1.48
2025-01-10 21:00:00,N001,0.0,10.62,7.18,10.16,5.16,3.44
2025-01-10 21:00:00,N002,0.0,11.09,8.45,8.96,3.96,2.64
2025-01-10 21:00:00,N003,0.0,14.6,13.82,6.17,1.17,0.78
2025-01-10 21:00:00,N004,0.0,8.47,7.66,6.22,1.22,0.81
2025-01-10 21:00:00,N005,0.0,7.83,6.76,6.6,1.6,1.07
2025-01-10 21:00:00,N006,0.0,10.21,8.21,8.0,3.0,2.0
2025-01-10 21:00:00,N007,0.0,10.5,7.12,10.07,5.07,3.38
2025-01-10 21:00:00,N008,0.0,8.67,7.98,6.03,1.03,0.69
2025-01-10 21:00:00,N009,0.0,11.85,9.82,8.04,3.04,2.03
2025-01-10 21:00:00,N010,0.0,7.41,5.48,7.9,2.9,1.93
2025-01-10 21:00:00,N011,0.0,11.63,8.41,9.83,4.83,3.22
2025-01-10 21:00:00,N012,0.0,12.35,11.02,7.0,2.0,1.33
2025-01-10 21:00:00,N013,0.0,6.11,4.09,8.03,3.03,2.02
2025-01-10 21:00:00,N014,0.0,9.82,8.75,6.6,1.6,1.07
2025-01-10 21:00:00,N015,0.0,6.99,4.99,8.0,3.0,2.0
2025-01-10 21:00:00,N016,0.0,10.29,7.41,9.32,4.32,2.88
2025-01-10 21:00:00,N017,0.0,5.96,4.68,6.92,1.92,1.28
2025-01-10 21:00:00,N018,0.0,10.34,8.49,7.78,2.78,1.85
2025-01-10 21:00:00,N019,0.0,9.57,7.87,7.55,2.55,1.7
2025-01-10 21:00:00,N020,0.0,10.54,8.94,7.4,2.4,1.6
2025-01-10 22:00:00,N001,0.0,11.31,8.7,8.92,3.92,2.61
2025-01-10 22:00:00,N002,0.0,11.54,9.41,8.19,3.19,2.13
2025-01-10 22:00:00,N003,0.0,9.34,7.18,8.24,3.24,2.16
2025-01-10 22:00:00,N004,0.0,8.77,5.78,9.49,4.49,2.99
2025-01-10 22:00:00,N005,0.0,12.25,10.39,7.79,2.79,1.86
2025-01-10 22:00:00,N006,0.0,13.2,9.73,10.21,5.21,3.47
2025-01-10 22:00:00,N007,0.0,8.44,7.93,5.77,0.77,0.51
2025-01-10 22:00:00,N008,0.0,11.29,10.05,6.86,1.86,1.24
2025-01-10 22:00:00,N009,0.0,8.32,7.12,6.8,1.8,1.2
2025-01-10 22:00:00,N010,0.0,8.64,7.05,7.39,2.39,1.59
2025-01-10 22:00:00,N011,0.0,13.27,10.03,9.86,4.86,3.24
2025-01-10 22:00:00,N012,0.0,10.88,8.08,9.2,4.2,2.8
2025-01-10 22:00:00,N013,0.0,13.65,10.66,9.49,4.49,2.99
2025-01-10 22:00:00,N014,0.0,10.83,9.78,6.58,1.58,1.05
2025-01-10 22:00:00,N015,0.0,11.25,8.41,9.26,4.26,2.84
2025-01-10 22:00:00,N016,0.0,11.65,10.63,6.53,1.53,1.02
2025-01-10 22:00:00,N017,0.0,7.61,6.49,6.68,1.68,1.12
2025-01-10 22:00:00,N018,0.0,5.14,3.38,7.64,2.64,1.76
2025-01-10 22:00:00,N019,0.0,8.23,7.21,6.53,1.53,1.02
2025-01-10 22:00:00,N020,0.0,10.29,8.01,8.42,3.42,2.28
2025-01-10 23:00:00,N001,0.0,9.39,8.75,5.96,0.96,0.64
2025-01-10 23:00:00,N002,0.0,11.14,9.98,6.74,1.74,1.16
2025-01-10 23:00:00,N003,0.0,9.23,6.66,8.85,3.85,2.57
2025-01-10 23:00:00,N004,0.0,9.34,6.74,8.9,3.9,2.6
2025-01-10 23:00:00,N005,0.0,8.16,7.71,5.68,0.68,0.45
2025-01-10 23:00:00,N006,0.0,11.7,8.93,9.16,4.16,2.77
2025-01-10 23:00:00,N007,0.0,8.7,6.64,8.09,3.09,2.06
2025-01-10 23:00:00,N008,0.0,9.34,8.36,6.47,1.47,0.98
2025-01-10 23:00:00,N009,0.0,9.01,6.01,9.5,4.5,3.0
2025-01-10 23:00:00,N010,0.0,10.09,8.63,7.19,2.19,1.46
2025-01-10 23:00:00,N011,0.0,11.04,9.87,6.75,1.75,1.17
2025-01-10 23:00:00,N012,0.0,9.01,7.44,7.35,2.35,1.57
2025-01-10 23:00:00,N013,0.0,9.5,6.2,9.95,4.95,3.3
2025-01-10 23:00:00,N014,0.0,11.17,9.81,7.04,2.04,1.36
2025-01-10 23:00:00,N015,0.0,11.48,7.87,10.42,5.42,3.61
2025-01-10 23:00:00,N016,0.0,11.34,10.45,6.33,1.33,0.89
2025-01-10 23:00:00,N017,0.0,11.08,7.48,10.4,5.4,3.6
2025-01-10 23:00:00,N018,0.0,8.09,6.52,7.35,2.35,1.57
2025-01-10 23:00:00,N019,0.0,10.91,8.72,8.29,3.29,2.19
2025-01-10 23:00:00,N020,0.0,11.55,7.92,10.45,5.45,3.63
2025-01-11 00:00:00,N001,0.0,9.21,7.18,8.04,3.04,2.03
2025-01-11 00:00:00,N002,0.0,9.85,6.53,9.98,4.98,3.32
2025-01-11 00:00:00,N003,0.0,12.46,11.62,6.26,1.26,0.84
2025-01-11 00:00:00,N004,0.0,14.4,13.05,7.03,2.03,1.35
2025-01-11 00:00:00,N005,0.0,12.67,8.51,11.24,6.24,4.16
2025-01-11 00:00:00,N006,0.0,8.45,5.67,9.17,4.17,2.78
2025-01-11 00:00:00,N007,0.0,13.57,9.7,10.8,5.8,3.87
2025-01-11 00:00:00,N008,0.0,9.67,8.56,6.67,1.67,1.11
2025-01-11 00:00:00,N009,0.0,9.6,7.29,8.46,3.46,2.31
2025-01-11 00:00:00,N010,0.0,11.37,9.95,7.13,2.13,1.42
2025-01-11 00:00:00,N011,0.0,8.33,7.2,6.69,1.69,1.13
2025-01-11 00:00:00,N012,0.0,6.27,5.33,6.41,1.41,0.94
2025-01-11 00:00:00,N013,0.0,13.02,8.7,11.48,6.48,4.32
2025-01-11 00:00:00,N014,0.0,9.69,6.41,9.92,4.92,3.28
2025-01-11 00:00:00,N015,0.0,12.57,9.62,9.43,4.43,2.95
2025-01-11 00:00:00,N016,0.0,9.66,8.7,6.44,1.44,0.96
2025-01-11 00:00:00,N017,0.0,7.56,4.95,8.92,3.92,2.61
2025-01-11 00:00:00,N018,0.0,11.73,8.65,9.62,4.62,3.08
2025-01-11 00:00:00,N019,0.0,8.57,6.04,8.79,3.79,2.53
2025-01-11 00:00:00,N020,0.0,10.17,8.49,7.52,2.52,1.68
2025-01-11 01:00:00,N001,0.0,6.78,4.6,8.27,3.27,2.18
2025-01-11 01:00:00,N002,0.0,10.66,9.8,6.29,1.29,0.86
2025-01-11 01:00:00,N003,0.0,10.46,9.93,5.8,0.8,0.53
2025-01-11 01:00:00,N004,0.0,11.35,9.7,7.47,2.47,1.65
2025-01-11 01:00:00,N005,0.0,8.74,6.83,7.86,2.86,1.91
2025-01-11 01:00:00,N006,0.0,7.12,5.34,7.67,2.67,1.78
2025-01-11 01:00:00,N007,0.0,10.64,8.38,8.39,3.39,2.26
2025-01-11 01:00:00,N008,0.0,9.78,8.74,6.56,1.56,1.04
2025-01-11 01:00:00,N009,0.0,9.15,8.36,6.19,1.19,0.79
2025-01-11 01:00:00,N010,0.0,8.99,6.17,9.23,4.23,2.82
2025-01-11 01:00:00,N011,0.0,6.41,5.03,7.07,2.07,1.38
2025-01-11 01:00:00,N012,0.0,9.9,6.77,9.7,4.7,3.13
2025-01-11 01:00:00,N013,0.0,10.52,7.58,9.41,4.41,2.94
2025-01-11 01:00:00,N014,0.0,9.42,6.27,9.72,4.72,3.15
2025-01-11 01:00:00,N015,0.0,13.05,11.14,7.86,2.86,1.91
2025-01-11 01:00:00,N016,0.0,11.54,10.74,6.2,1.2,0.8
2025-01-11 01:00:00,N017,0.0,10.7,7.83,9.3,4.3,2.87
2025-01-11 01:00:00,N018,0.0,12.75,10.43,8.48,3.48,2.32
2025-01-11 01:00:00,N019,0.0,9.53,7.05,8.72,3.72,2.48
2025-01-11 01:00:00,N020,0.0,9.73,6.7,9.54,4.54,3.03
2025-01-11 02:00:00,N001,0.0,10.59,8.46,8.19,3.19,2.13
2025-01-11 02:00:00,N002,0.0,12.71,11.66,6.58,1.58,1.05
2025-01-11 02:00:00,N003,0.0,11.4,8.66,9.11,4.11,2.74
2025-01-11 02:00:00,N004,0.0,10.25,8.47,7.67,2.67,1.78
2025-01-11 02:00:00,N005,0.0,11.84,9.27,8.85,3.85,2.57
2025-01-11 02:00:00,N006,0.0,11.49,9.75,7.61,2.61,1.74
2025-01-11 02:00:00,N007,0.0,8.48,6.68,7.7,2.7,1.8
2025-01-11 02:00:00,N008,0.0,8.04,6.42,7.43,2.43,1.62
2025-01-11 02:00:00,N009,0.0,6.95,4.68,8.41,3.41,2.27
2025-01-11 02:00:00,N010,0.0,11.1,10.3,6.2,1.2,0.8
2025-01-11 02:00:00,N011,0.0,9.29,6.14,9.72,4.72,3.15
2025-01-11 02:00:00,N012,0.0,11.68,9.47,8.31,3.31,2.21
2025-01-11 02:00:00,N013,0.0,11.78,7.69,11.13,6.13,4.09
2025-01-11 02:00:00,N014,0.0,9.82,7.04,9.17,4.17,2.78
2025-01-11 02:00:00,N015,0.0,10.01,7.05,9.44,4.44,2.96
2025-01-11 02:00:00,N016,0.0,8.95,6.37,8.87,3.87,2.58
2025-01-11 02:00:00,N017,0.0,7.86,7.31,5.83,0.83,0.55
2025-01-11 02:00:00,N018,0.0,12.67,10.14,8.79,3.79,2.53
2025-01-11 02:00:00,N019,0.0,10.54,8.11,8.65,3.65,2.43
2025-01-11 02:00:00,N020,0.0,12.18,11.17,6.52,1.52,1.01
2025-01-11 03:00:00,N001,0.0,7.76,5.56,8.3,3.3,2.2
2025-01-11 03:00:00,N002,0.0,8.53,5.88,8.97,3.97,2.65
2025-01-11 03:00:00,N003,0.0,8.7,7.63,6.6,1.6,1.07
2025-01-11 03:00:00,N004,0.0,8.48,5.78,9.05,4.05,2.7
2025-01-11 03:00:00,N005,0.0,9.37,7.71,7.49,2.49,1.66
2025-01-11 03:00:00,N006,0.0,12.32,10.89,7.15,2.15,1.43
2025-01-11 03:00:00,N007,0.0,9.13,8.34,6.19,1.19,0.79
2025-01-11 03:00:00,N008,0.0,7.01,6.37,5.96,0.96,0.64
2025-01-11 03:00:00,N009,0.0,7.76,5.8,7.94,2.94,1.96
2025-01-11 03:00:00,N010,0.0,7.1,4.67,8.65,3.65,2.43
2025-01-11 03:00:00,N011,0.0,9.17,6.44,9.09,4.09,2.73
2025-01-11 03:00:00,N012,0.0,9.83,8.98,6.27,1.27,0.85
2025-01-11 03:00:00,N013,0.0,6.66,4.61,8.07,3.07,2.05
2025-01-11 03:00:00,N014,0.0,9.05,7.37,7.52,2.52,1.68
2025-01-11 03:00:00,N015,0.0,11.52,10.16,7.04,2.04,1.36
2025-01-11 03:00:00,N016,0.0,7.78,5.33,8.68,3.68,2.45
2025-01-11 03:00:00,N017,0.0,7.51,6.71,6.2,1.2,0.8
2025-01-11 03:00:00,N018,0.0,7.72,6.14,7.37,2.37,1.58
2025-01-11 03:00:00,N019,0.0,8.6,7.63,6.46,1.46,0.97
2025-01-11 03:00:00,N020,0.0,10.12,7.38,9.11,4.11,2.74
2025-01-11 04:00:00,N001,0.0,7.67,6.11,7.34,2.34,1.56
2025-01-11 04:00:00,N002,0.0,12.81,11.09,7.58,2.58,1.72
2025-01-11 04:00:00,N003,0.0,10.04,9.1,6.41,1.41,0.94
2025-01-11 04:00:00,N004,0.0,11.51,10.36,6.72,1.72,1.15
2025-01-11 04:00:00,N005,0.0,9.27,8.45,6.23,1.23,0.82
2025-01-11 04:00:00,N006,0.0,9.31,7.85,7.19,2.19,1.46
2025-01-11 04:00:00,N007,0.0,5.9,4.4,7.25,2.25,1.5
2025-01-11 04:00:00,N008,0.0,10.62,8.6,8.03,3.03,2.02
2025-01-11 04:00:00,N009,0.0,6.94,5.7,6.86,1.86,1.24
2025-01-11 04:00:00,N010,0.0,13.11,8.55,11.84,6.84,4.56
2025-01-11 04:00:00,N011,0.0,13.35,12.3,6.58,1.58,1.05
2025-01-11 04:00:00,N012,0.0,11.12,7.23,10.83,5.83,3.89
2025-01-11 04:00:00,N013,0.0,9.03,6.47,8.84,3.84,2.56
2025-01-11 04:00:00,N014,0.0,9.94,6.64,9.95,4.95,3.3
2025-01-11 04:00:00,N015,0.0,5.33,4.0,7.0,2.0,1.33
2025-01-11 04:00:00,N016,0.0,10.86,10.28,5.87,0.87,0.58
2025-01-11 04:00:00,N017,0.0,10.44,9.27,6.75,1.75,1.17
2025-01-11 04:00:00,N018,0.0,7.13,6.71,5.63,0.63,0.42
2025-01-11 04:00:00,N019,0.0,13.86,10.84,9.53,4.53,3.02
2025-01-11 04:00:00,N020,0.0,9.79,7.85,7.91,2.91,1.94
2025-01-11 05:00:00,N001,0.0,12.07,11.02,6.58,1.58,1.05
2025-01-11 05:00:00,N002,0.0,11.71,8.35,10.04,5.04,3.36
2025-01-11 05:00:00,N003,0.0,9.53,7.76,7.66,2.66,1.77
2025-01-11 05:00:00,N004,0.0,12.1,10.8,6.95,1.95,1.3
2025-01-11 05:00:00,N005,0.0,6.41,5.89,5.78,0.78,0.52
2025-01-11 05:00:00,N006,0.0,12.77,11.61,6.74,1.74,1.16
2025-01-11 05:00:00,N007,0.0,12.72,8.85,10.8,5.8,3.87
2025-01-11 05:00:00,N008,0.0,7.27,6.39,6.32,1.32,0.88
2025-01-11 05:00:00,N009,0.0,10.32,9.05,6.91,1.91,1.27
2025-01-11 05:00:00,N010,0.0,13.23,11.62,7.42,2.42,1.61
2025-01-11 05:00:00,N011,0.0,9.2,6.33,9.3,4.3,2.87
2025-01-11 05:00:00,N012,0.0,9.89,7.26,8.94,3.94,2.63
2025-01-11 05:00:00,N013,0.0,10.27,7.3,9.46,4.46,2.97
2025-01-11 05:00:00,N014,0.0,9.35,6.25,9.65,4.65,3.1
2025-01-11 05:00:00,N015,0.0,11.0,10.04,6.44,1.44,0.96
2025-01-11 05:00:00,N016,0.0,6.76,4.75,8.01,3.01,2.01
2025-01-11 05:00:00,N017,0.0,9.38,6.29,9.63,4.63,3.09
2025-01-11 05:00:00,N018,0.0,9.66,7.0,8.99,3.99,2.66
2025-01-11 05:00:00,N019,0.0,11.3,10.3,6.5,1.5,1.0
2025-01-11 05:00:00,N020,0.0,10.99,10.26,6.09,1.09,0.73
2025-01-11 06:00:00,N001,0.0,11.38,8.74,8.96,3.96,2.64
2025-01-11 06:00:00,N002,0.0,6.85,6.47,5.57,0.57,0.38
2025-01-11 06:00:00,N003,0.0,5.08,4.6,5.72,0.72,0.48
2025-01-11 06:00:00,N004,0.0,9.72,6.45,9.91,4.91,3.27
2025-01-11 06:00:00,N005,0.0,9.29,6.95,8.51,3.51,2.34
2025-01-11 06:00:00,N006,0.0,10.06,8.95,6.67,1.67,1.11
2025-01-11 06:00:00,N007,0.0,7.23,6.86,5.55,0.55,0.37
2025-01-11 06:00:00,N008,0.0,8.95,8.19,6.14,1.14,0.76
2025-01-11 06:00:00,N009,0.0,9.63,6.94,9.04,4.04,2.69
2025-01-11 06:00:00,N010,0.0,11.01,9.4,7.42,2.42,1.61
2025-01-11 06:00:00,N011,0.0,8.76,7.08,7.52,2.52,1.68
2025-01-11 06:00:00,N012,0.0,7.33,5.6,7.59,2.59,1.73
2025-01-11 06:00:00,N013,0.0,9.75,9.06,6.03,1.03,0.69
2025-01-11 06:00:00,N014,0.0,11.73,7.82,10.87,5.87,3.91
2025-01-11 06:00:00,N015,0.0,9.77,8.23,7.31,2.31,1.54
2025-01-11 06:00:00,N016,0.0,7.11,4.86,8.38,3.38,2.25
2025-01-11 06:00:00,N017,0.0,7.28,6.84,5.66,0.66,0.44
2025-01-11 06:00:00,N018,0.0,9.57,6.52,9.57,4.57,3.05
2025-01-11 06:00:00,N019,0.0,11.38,10.43,6.42,1.42,0.95
2025-01-11 06:00:00,N020,0.0,11.99,9.8,8.29,3.29,2.19
2025-01-11 07:00:00,N001,0.0,6.48,5.07,7.11,2.11,1.41
2025-01-11 07:00:00,N002,0.0,11.14,7.47,10.5,5.5,3.67
2025-01-11 07:00:00,N003,0.0,8.46,7.03,7.15,2.15,1.43
2025-01-11 07:00:00,N004,0.0,8.74,6.7,8.06,3.06,2.04
2025-01-11 07:00:00,N005,0.0,12.39,11.73,5.99,0.99,0.66
2025-01-11 07:00:00,N006,0.0,9.44,7.98,7.19,2.19,1.46
2025-01-11 07:00:00,N007,0.0,10.29,9.6,6.03,1.03,0.69
2025-01-11 07:00:00,N008,0.0,9.14,6.71,8.65,3.65,2.43
2025-01-11 07:00:00,N009,0.0,7.13,4.97,8.24,3.24,2.16
2025-01-11 07:00:00,N010,0.0,14.38,13.27,6.67,1.67,1.11
2025-01-11 07:00:00,N011,0.0,6.52,5.58,6.41,1.41,0.94
2025-01-11 07:00:00,N012,0.0,9.2,8.49,6.06,1.06,0.71
2025-01-11 07:00:00,N013,0.0,12.32,8.18,11.21,6.21,4.14
2025-01-11 07:00:00,N014,0.0,12.72,10.66,8.09,3.09,2.06
2025-01-11 07:00:00,N015,0.0,10.03,6.69,10.01,5.01,3.34
2025-01-11 07:00:00,N016,0.0,10.38,9.13,6.88,1.88,1.25
2025-01-11 07:00:00,N017,0.0,11.4,10.75,5.98,0.98,0.65
2025-01-11 07:00:00,N018,0.0,11.45,7.7,10.62,5.62,3.75
2025-01-11 07:00:00,N019,0.0,9.69,7.28,8.62,3.62,2.41
2025-01-11 07:00:00,N020,0.0,10.64,7.24,10.1,5.1,3.4
2025-01-11 08:00:00,N001,0.0,5.0,4.22,6.17,1.17,0.78
2025-01-11 08:00:00,N002,0.0,9.83,8.5,7.0,2.0,1.33
2025-01-11 08:00:00,N003,0.0,9.26,7.46,7.7,2.7,1.8
2025-01-11 08:00:00,N004,0.0,11.89,11.1,6.19,1.19,0.79
2025-01-11 08:00:00,N005,0.0,8.05,6.57,7.22,2.22,1.48
2025-01-11 08:00:00,N006,0.0,11.95,11.11,6.26,1.26,0.84
2025-01-11 08:00:00,N007,0.0,13.37,11.11,8.39,3.39,2.26
2025-01-11 08:00:00,N008,0.0,9.32,6.62,9.05,4.05,2.7
2025-01-11 08:00:00,N009,0.0,5.49,4.68,6.22,1.22,0.81
2025-01-11 08:00:00,N010,0.0,13.21,8.77,11.66,6.66,4.44
2025-01-11 08:00:00,N011,0.0,8.08,5.82,8.39,3.39,2.26
2025-01-11 08:00:00,N012,0.0,6.49,6.16,5.49,0.49,0.33
2025-01-11 08:00:00,N013,0.0,9.22,7.98,6.86,1.86,1.24
2025-01-11 08:00:00,N014,0.0,10.45,9.26,6.78,1.78,1.19
2025-01-11 08:00:00,N015,0.0,10.34,9.15,6.78,1.78,1.19
2025-01-11 08:00:00,N016,0.0,11.45,9.44,8.01,3.01,2.01
2025-01-11 08:00:00,N017,0.0,7.74,6.74,6.5,1.5,1.0
2025-01-11 08:00:00,N018,0.0,12.53,10.51,8.03,3.03,2.02
2025-01-11 08:00:00,N019,0.0,8.91,7.21,7.55,2.55,1.7
2025-01-11 08:00:00,N020,0.0,10.96,9.21,7.62,2.62,1.75
2025-01-11 09:00:00,N001,0.0,11.88,9.37,8.76,3.76,2.51
2025-01-11 09:00:00,N002,0.0,8.66,7.31,7.03,2.03,1.35
2025-01-11 09:00:00,N003,0.0,7.97,7.2,6.16,1.16,0.77
2025-01-11 09:00:00,N004,0.0,8.8,6.58,8.33,3.33,2.22
2025-01-11 09:00:00,N005,0.0,10.56,8.94,7.43,2.43,1.62
2025-01-11 09:00:00,N006,0.0,9.64,8.09,7.33,2.33,1.55
2025-01-11 09:00:00,N007,0.0,6.85,5.67,6.77,1.77,1.18
2025-01-11 09:00:00,N008,0.0,7.76,5.39,8.56,3.56,2.37
2025-01-11 09:00:00,N009,0.0,7.66,7.08,5.87,0.87,0.58
2025-01-11 09:00:00,N010,0.0,6.38,4.61,7.66,2.66,1.77
2025-01-11 09:00:00,N011,0.0,10.02,8.7,6.98,1.98,1.32
2025-01-11 09:00:00,N012,0.0,7.2,5.96,6.86,1.86,1.24
2025-01-11 09:00:00,N013,0.0,9.62,6.27,10.03,5.03,3.35
2025-01-11 09:00:00,N014,0.0,10.58,9.85,6.09,1.09,0.73
2025-01-11 09:00:00,N015,0.0,10.99,10.2,6.19,1.19,0.79
2025-01-11 09:00:00,N016,0.0,7.74,7.28,5.69,0.69,0.46
2025-01-11 09:00:00,N017,0.0,7.45,5.7,7.62,2.62,1.75
2025-01-11 09:00:00,N018,0.0,7.36,6.4,6.44,1.44,0.96
2025-01-11 09:00:00,N019,0.0,11.66,9.41,8.38,3.38,2.25
2025-01-11 09:00:00,N020,0.0,11.69,7.65,11.06,6.06,4.04
2025-01-11 10:00:00,N001,0.0,7.95,6.97,6.47,1.47,0.98
2025-01-11 10:00:00,N002,0.0,10.34,9.7,5.96,0.96,0.64
2025-01-11 10:00:00,N003,0.0,10.74,8.86,7.82,2.82,1.88
2025-01-11 10:00:00,N004,0.0,10.02,9.05,6.46,1.46,0.97
2025-01-11 10:00:00,N005,0.0,7.34,5.6,7.61,2.61,1.74
2025-01-11 10:00:00,N006,0.0,8.46,6.49,7.96,2.96,1.97
2025-01-11 10:00:00,N007,0.0,7.5,5.0,8.75,3.75,2.5
2025-01-11 10:00:00,N008,0.0,11.57,10.15,7.13,2.13,1.42
2025-01-11 10:00:00,N009,0.0,6.74,4.79,7.92,2.92,1.95
2025-01-11 10:00:00,N010,0.0,6.46,5.13,7.0,2.0,1.33
2025-01-11 10:00:00,N011,0.0,11.3,9.38,7.88,2.88,1.92
2025-01-11 10:00:00,N012,0.0,10.08,8.11,7.96,2.96,1.97
2025-01-11 10:00:00,N013,0.0,9.44,8.04,7.1,2.1,1.4
2025-01-11 10:00:00,N014,0.0,10.71,7.02,10.54,5.54,3.69
2025-01-11 10:00:00,N015,0.0,8.34,5.85,8.74,3.74,2.49
2025-01-11 10:00:00,N016,0.0,7.83,6.22,7.42,2.42,1.61
2025-01-11 10:00:00,N017,0.0,10.89,10.19,6.05,1.05,0.7
2025-01-11 10:00:00,N018,0.0,9.92,8.82,6.65,1.65,1.1
2025-01-11 10:00:00,N019,0.0,7.04,6.47,5.85,0.85,0.57
2025-01-11 10:00:00,N020,0.0,5.54,3.93,7.42,2.42,1.61
2025-01-11 11:00:00,N001,0.0,11.89,10.05,7.76,2.76,1.84
2025-01-11 11:00:00,N002,0.0,9.98,8.82,6.74,1.74,1.16
2025-01-11 11:00:00,N003,0.0,5.96,4.97,6.48,1.48,0.99
2025-01-11 11:00:00,N004,0.0,12.65,9.53,9.68,4.68,3.12
2025-01-11 11:00:00,N005,0.0,7.63,6.6,6.54,1.54,1.03
2025-01-11 11:00:00,N006,0.0,11.66,9.97,7.54,2.54,1.69
2025-01-11 11:00:00,N007,0.0,11.31,9.38,7.9,2.9,1.93
2025-01-11 11:00:00,N008,0.0,6.95,6.01,6.41,1.41,0.94
2025-01-11 11:00:00,N009,0.0,8.76,7.43,7.0,2.0,1.33
2025-01-11 11:00:00,N010,0.0,11.58,9.97,7.42,2.42,1.61
2025-01-11 11:00:00,N011,0.0,8.12,5.9,8.33,3.33,2.22
2025-01-11 11:00:00,N012,0.0,13.2,11.32,7.82,2.82,1.88
2025-01-11 11:00:00,N013,0.0,10.53,8.14,8.58,3.58,2.39
2025-01-11 11:00:00,N014,0.0,10.48,7.31,9.75,4.75,3.17
2025-01-11 11:00:00,N015,0.0,12.29,10.47,7.73,2.73,1.82
2025-01-11 11:00:00,N016,0.0,11.58,10.44,6.71,1.71,1.14
2025-01-11 11:00:00,N017,0.0,11.05,7.41,10.46,5.46,3.64
2025-01-11 11:00:00,N018,0.0,8.24,5.77,8.71,3.71,2.47
2025-01-11 11:00:00,N019,0.0,8.19,6.72,7.21,2.21,1.47
2025-01-11 11:00:00,N020,0.0,11.58,8.84,9.11,4.11,2.74
2025-01-11 12:00:00,N001,0.0,9.07,6.79,8.42,3.42,2.28
2025-01-11 12:00:00,N002,0.0,10.91,8.87,8.06,3.06,2.04
2025-01-11 12:00:00,N003,0.0,12.47,9.72,9.12,4.12,2.75
2025-01-11 12:00:00,N004,0.0,8.91,7.52,7.08,2.08,1.39
2025-01-11 12:00:00,N005,0.0,10.02,7.42,8.9,3.9,2.6
2025-01-11 12:00:00,N006,0.0,11.05,7.73,9.98,4.98,3.32
2025-01-11 12:00:00,N007,0.0,6.78,5.29,7.23,2.23,1.49
2025-01-11 12:00:00,N008,0.0,8.16,5.6,8.84,3.84,2.56
2025-01-11 12:00:00,N009,0.0,11.3,9.77,7.29,2.29,1.53
2025-01-11 12:00:00,N010,0.0,9.31,7.24,8.1,3.1,2.07
2025-01-11 12:00:00,N011,0.0,8.68,6.56,8.18,3.18,2.12
2025-01-11 12:00:00,N012,0.0,7.38,5.05,8.5,3.5,2.33
2025-01-11 12:00:00,N013,0.0,9.68,7.72,7.94,2.94,1.96
2025-01-11 12:00:00,N014,0.0,12.03,9.79,8.36,3.36,2.24
2025-01-11 12:00:00,N015,0.0,11.61,7.94,10.5,5.5,3.67
2025-01-11 12:00:00,N016,0.0,9.93,8.8,6.69,1.69,1.13
2025-01-11 12:00:00,N017,0.0,10.33,8.67,7.49,2.49,1.66
2025-01-11 12:00:00,N018,0.0,12.47,10.65,7.73,2.73,1.82
2025-01-11 12:00:00,N019,0.0,11.4,7.96,10.16,5.16,3.44
2025-01-11 12:00:00,N020,0.0,12.68,10.76,7.88,2.88,1.92
2025-01-11 13:00:00,N001,0.0,7.32,6.54,6.17,1.17,0.78
2025-01-11 13:00:00,N002,0.0,13.06,10.25,9.21,4.21,2.81
2025-01-11 13:00:00,N003,0.0,10.56,8.5,8.09,3.09,2.06
2025-01-11 13:00:00,N004,0.0,13.16,8.77,11.58,6.58,4.39
2025-01-11 13:00:00,N005,0.0,8.2,6.27,7.9,2.9,1.93
2025-01-11 13:00:00,N006,0.0,9.96,9.35,5.92,0.92,0.61
2025-01-11 13:00:00,N007,0.0,9.69,7.85,7.76,2.76,1.84
2025-01-11 13:00:00,N008,0.0,10.83,9.08,7.62,2.62,1.75
2025-01-11 13:00:00,N009,0.0,10.13,9.35,6.17,1.17,0.78
2025-01-11 13:00:00,N010,0.0,13.36,11.12,8.36,3.36,2.24
2025-01-11 13:00:00,N011,0.0,8.01,7.0,6.52,1.52,1.01
2025-01-11 13:00:00,N012,0.0,8.9,8.41,5.73,0.73,0.49
2025-01-11 13:00:00,N013,0.0,11.4,9.14,8.39,3.39,2.26
2025-01-11 13:00:00,N014,0.0,10.92,8.88,8.06,3.06,2.04
2025-01-11 13:00:00,N015,0.0,12.04,10.89,6.72,1.72,1.15
2025-01-11 13:00:00,N016,0.0,11.07,8.1,9.46,4.46,2.97
2025-01-11 13:00:00,N017,0.0,9.75,8.69,6.59,1.59,1.06
2025-01-11 13:00:00,N018,0.0,9.16,7.15,8.01,3.01,2.01
2025-01-11 13:00:00,N019,0.0,9.1,7.63,7.21,2.21,1.47
2025-01-11 13:00:00,N020,0.0,10.31,9.1,6.81,1.81,1.21
2025-01-11 14:00:00,N001,0.0,13.12,12.32,6.2,1.2,0.8
2025-01-11 14:00:00,N002,0.0,8.64,7.05,7.39,2.39,1.59
2025-01-11 14:00:00,N003,0.0,10.22,8.26,7.94,2.94,1.96
2025-01-11 14:00:00,N004,0.0,7.15,4.75,8.6,3.6,2.4
2025-01-11 14:00:00,N005,0.0,6.3,4.71,7.39,2.39,1.59
2025-01-11 14:00:00,N006,0.0,11.64,10.88,6.14,1.14,0.76
2025-01-11 14:00:00,N007,0.0,12.54,11.55,6.48,1.48,0.99
2025-01-11 14:00:00,N008,0.0,10.66,8.76,7.85,2.85,1.9
2025-01-11 14:00:00,N009,0.0,13.49,9.87,10.43,5.43,3.62
2025-01-11 14:00:00,N010,0.0,9.88,8.22,7.49,2.49,1.66
2025-01-11 14:00:00,N011,0.0,8.16,6.56,7.4,2.4,1.6
2025-01-11 14:00:00,N012,0.0,9.95,6.69,9.89,4.89,3.26
2025-01-11 14:00:00,N013,0.0,12.11,8.92,9.79,4.79,3.19
2025-01-11 14:00:00,N014,0.0,9.01,7.19,7.73,2.73,1.82
2025-01-11 14:00:00,N015,0.0,10.88,8.24,8.96,3.96,2.64
2025-01-11 14:00:00,N016,0.0,10.0,7.48,8.78,3.78,2.52
2025-01-11 14:00:00,N017,0.0,11.22,9.01,8.31,3.31,2.21
2025-01-11 14:00:00,N018,0.0,9.71,6.33,10.07,5.07,3.38
2025-01-11 14:00:00,N019,0.0,8.8,7.42,7.07,2.07,1.38
2025-01-11 14:00:00,N020,0.0,10.86,7.57,9.94,4.94,3.29
2025-01-11 15:00:00,N001,0.0,11.58,8.74,9.26,4.26,2.84
2025-01-11 15:00:00,N002,0.0,10.5,7.8,9.05,4.05,2.7
2025-01-11 15:00:00,N003,0.0,7.47,5.62,7.78,2.78,1.85
2025-01-11 15:00:00,N004,0.0,13.77,10.58,9.79,4.79,3.19
2025-01-11 15:00:00,N005,0.0,10.37,9.49,6.32,1.32,0.88
2025-01-11 15:00:00,N006,0.0,11.26,8.14,9.68,4.68,3.12
2025-01-11 15:00:00,N007,0.0,11.3,9.01,8.44,3.44,2.29
2025-01-11 15:00:00,N008,0.0,6.59,4.91,7.52,2.52,1.68
2025-01-11 15:00:00,N009,0.0,8.83,7.5,7.0,2.0,1.33
2025-01-11 15:00:00,N010,0.0,11.02,8.76,8.39,3.39,2.26
2025-01-11 15:00:00,N011,0.0,8.82,5.88,9.41,4.41,2.94
2025-01-11 15:00:00,N012,0.0,10.47,8.62,7.78,2.78,1.85
2025-01-11 15:00:00,N013,0.0,9.43,8.88,5.83,0.83,0.55
2025-01-11 15:00:00,N014,0.0,10.32,8.2,8.18,3.18,2.12
2025-01-11 15:00:00,N015,0.0,8.32,7.69,5.95,0.95,0.63
2025-01-11 15:00:00,N016,0.0,12.36,11.47,6.33,1.33,0.89
2025-01-11 15:00:00,N017,0.0,8.27,6.47,7.7,2.7,1.8
2025-01-11 15:00:00,N018,0.0,8.46,6.45,8.01,3.01,2.01
2025-01-11 15:00:00,N019,0.0,12.69,11.35,7.01,2.01,1.34
2025-01-11 15:00:00,N020,0.0,11.24,7.47,10.66,5.66,3.77
2025-01-11 16:00:00,N001,0.0,10.33,6.88,10.18,5.18,3.45
2025-01-11 16:00:00,N002,0.0,12.92,10.87,8.07,3.07,2.05
2025-01-11 16:00:00,N003,0.0,16.19,13.13,9.59,4.59,3.06
2025-01-11 16:00:00,N004,0.0,10.06,9.27,6.19,1.19,0.79
2025-01-11 16:00:00,N005,0.0,10.26,7.01,9.88,4.88,3.25
2025-01-11 16:00:00,N006,0.0,6.99,4.93,8.09,3.09,2.06
2025-01-11 16:00:00,N007,0.0,10.89,8.62,8.41,3.41,2.27
2025-01-11 16:00:00,N008,0.0,12.44,10.45,7.98,2.98,1.99
2025-01-11 16:00:00,N009,0.0,11.8,9.46,8.51,3.51,2.34
2025-01-11 16:00:00,N010,0.0,9.67,8.96,6.06,1.06,0.71
2025-01-11 16:00:00,N011,0.0,10.23,7.31,9.38,4.38,2.92
2025-01-11 16:00:00,N012,0.0,7.38,5.33,8.07,3.07,2.05
2025-01-11 16:00:00,N013,0.0,10.76,9.88,6.32,1.32,0.88
2025-01-11 16:00:00,N014,0.0,13.07,11.34,7.59,2.59,1.73
2025-01-11 16:00:00,N015,0.0,5.67,5.23,5.66,0.66,0.44
2025-01-11 16:00:00,N016,0.0,11.84,8.81,9.54,4.54,3.03
2025-01-11 16:00:00,N017,0.0,7.67,6.13,7.31,2.31,1.54
2025-01-11 16:00:00,N018,0.0,5.97,4.93,6.56,1.56,1.04
2025-01-11 16:00:00,N019,0.0,12.59,11.79,6.2,1.2,0.8
2025-01-11 16:00:00,N020,0.0,6.86,4.55,8.46,3.46,2.31
2025-01-11 17:00:00,N001,0.0,8.18,5.73,8.68,3.68,2.45
2025-01-11 17:00:00,N002,0.0,9.16,8.43,6.09,1.09,0.73
2025-01-11 17:00:00,N003,0.0,13.71,12.17,7.31,2.31,1.54
2025-01-11 17:00:00,N004,0.0,10.76,10.12,5.96,0.96,0.64
2025-01-11 17:00:00,N005,0.0,11.23,7.54,10.54,5.54,3.69
2025-01-11 17:00:00,N006,0.0,9.83,8.41,7.13,2.13,1.42
2025-01-11 17:00:00,N007,0.0,9.52,6.22,9.95,4.95,3.3
2025-01-11 17:00:00,N008,0.0,11.54,7.72,10.73,5.73,3.82
2025-01-11 17:00:00,N009,0.0,12.68,10.25,8.65,3.65,2.43
2025-01-11 17:00:00,N010,0.0,10.18,6.99,9.79,4.79,3.19
2025-01-11 17:00:00,N011,0.0,8.34,5.5,9.26,4.26,2.84
2025-01-11 17:00:00,N012,0.0,10.04,8.18,7.79,2.79,1.86
2025-01-11 17:00:00,N013,0.0,9.2,8.29,6.36,1.36,0.91
2025-01-11 17:00:00,N014,0.0,10.15,7.0,9.72,4.72,3.15
2025-01-11 17:00:00,N015,0.0,13.42,12.17,6.88,1.88,1.25
2025-01-11 17:00:00,N016,0.0,11.83,10.71,6.68,1.68,1.12
2025-01-11 17:00:00,N017,0.0,11.1,9.47,7.44,2.44,1.63
2025-01-11 17:00:00,N018,0.0,11.45,9.72,7.59,2.59,1.73
2025-01-11 17:00:00,N019,0.0,7.84,5.14,9.05,4.05,2.7
2025-01-11 17:00:00,N020,0.0,7.0,6.56,5.66,0.66,0.44
2025-01-11 18:00:00,N001,0.0,8.91,6.63,8.42,3.42,2.28
2025-01-11 18:00:00,N002,0.0,11.65,9.08,8.85,3.85,2.57
2025-01-11 18:00:00,N003,0.0,12.99,9.6,10.08,5.08,3.39
2025-01-11 18:00:00,N004,0.0,7.28,6.19,6.64,1.64,1.09
2025-01-11 18:00:00,N005,0.0,11.36,10.29,6.6,1.6,1.07
2025-01-11 18:00:00,N006,0.0,10.58,8.85,7.59,2.59,1.73
2025-01-11 18:00:00,N007,0.0,9.72,7.06,8.99,3.99,2.66
2025-01-11 18:00:00,N008,0.0,8.29,7.41,6.32,1.32,0.88
2025-01-11 18:00:00,N009,0.0,11.13,8.66,8.71,3.71,2.47
2025-01-11 18:00:00,N010,0.0,13.03,10.66,8.56,3.56,2.37
2025-01-11 18:00:00,N011,0.0,8.34,6.73,7.42,2.42,1.61
2025-01-11 18:00:00,N012,0.0,8.49,7.63,6.29,1.29,0.86
2025-01-11 18:00:00,N013,0.0,12.01,9.11,9.35,4.35,2.9
2025-01-11 18:00:00,N014,0.0,12.53,11.39,6.71,1.71,1.14
2025-01-11 18:00:00,N015,0.0,8.44,6.39,8.07,3.07,2.05
2025-01-11 18:00:00,N016,0.0,9.02,8.48,5.81,0.81,0.54
2025-01-11 18:00:00,N017,0.0,8.88,5.87,9.51,4.51,3.01
2025-01-11 18:00:00,N018,0.0,9.65,8.2,7.17,2.17,1.45
2025-01-11 18:00:00,N019,0.0,9.97,7.47,8.75,3.75,2.5
2025-01-11 18:00:00,N020,0.0,8.84,7.93,6.36,1.36,0.91
2025-01-11 19:00:00,N001,0.0,8.06,7.0,6.59,1.59,1.06
2025-01-11 19:00:00,N002,0.0,10.93,10.14,6.19,1.19,0.79
2025-01-11 19:00:00,N003,0.0,8.96,7.96,6.5,1.5,1.0
2025-01-11 19:00:00,N004,0.0,8.51,6.34,8.25,3.25,2.17
2025-01-11 19:00:00,N005,0.0,9.65,7.02,8.94,3.94,2.63
2025-01-11 19:00:00,N006,0.0,7.51,6.04,7.21,2.21,1.47
2025-01-11 19:00:00,N007,0.0,9.3,6.38,9.38,4.38,2.92
2025-01-11 19:00:00,N008,0.0,5.49,5.12,5.55,0.55,0.37
2025-01-11 19:00:00,N009,0.0,9.55,6.45,9.65,4.65,3.1
2025-01-11 19:00:00,N010,0.0,8.75,8.24,5.77,0.77,0.51
2025-01-11 19:00:00,N011,0.0,9.95,7.07,9.32,4.32,2.88
2025-01-11 19:00:00,N012,0.0,10.83,10.0,6.24,1.24,0.83
2025-01-11 19:00:00,N013,0.0,12.76,10.83,7.9,2.9,1.93
2025-01-11 19:00:00,N014,0.0,11.12,9.51,7.42,2.42,1.61
2025-01-11 19:00:00,N015,0.0,6.84,5.42,7.13,2.13,1.42
2025-01-11 19:00:00,N016,0.0,10.41,9.27,6.71,1.71,1.14
2025-01-11 19:00:00,N017,0.0,10.75,9.08,7.5,2.5,1.67
2025-01-11 19:00:00,N018,0.0,10.34,9.52,6.23,1.23,0.82
2025-01-11 19:00:00,N019,0.0,10.56,7.99,8.85,3.85,2.57
2025-01-11 19:00:00,N020,0.0,8.55,7.74,6.22,1.22,0.81
2025-01-11 20:00:00,N001,0.0,7.9,7.43,5.7,0.7,0.47
2025-01-11 20:00:00,N002,0.0,8.04,6.36,7.52,2.52,1.68
2025-01-11 20:00:00,N003,0.0,8.23,6.13,8.15,3.15,2.1
2025-01-11 20:00:00,N004,0.0,10.21,8.66,7.33,2.33,1.55
2025-01-11 20:00:00,N005,0.0,8.51,7.26,6.88,1.88,1.25
2025-01-11 20:00:00,N006,0.0,10.84,8.51,8.5,3.5,2.33
2025-01-11 20:00:00,N007,0.0,5.92,5.12,6.2,1.2,0.8
2025-01-11 20:00:00,N008,0.0,7.89,7.01,6.32,1.32,0.88
2025-01-11 20:00:00,N009,0.0,8.18,7.69,5.73,0.73,0.49
2025-01-11 20:00:00,N010,0.0,10.52,7.13,10.08,5.08,3.39
2025-01-11 20:00:00,N011,0.0,12.05,8.91,9.71,4.71,3.14
2025-01-11 20:00:00,N012,0.0,11.82,7.76,11.09,6.09,4.06
2025-01-11 20:00:00,N013,0.0,8.68,7.73,6.42,1.42,0.95
2025-01-11 20:00:00,N014,0.0,12.08,9.03,9.57,4.57,3.05
2025-01-11 20:00:00,N015,0.0,5.0,4.52,5.72,0.72,0.48
2025-01-11 20:00:00,N016,0.0,11.67,10.5,6.75,1.75,1.17
2025-01-11 20:00:00,N017,0.0,10.12,8.17,7.92,2.92,1.95
2025-01-11 20:00:00,N018,0.0,10.68,9.24,7.16,2.16,1.44
2025-01-11 20:00:00,N019,0.0,10.29,9.51,6.17,1.17,0.78
2025-01-11 20:00:00,N020,0.0,8.37,5.78,8.88,3.88,2.59
2025-01-11 21:00:00,N001,0.0,8.3,5.47,9.25,4.25,2.83
2025-01-11 21:00:00,N002,0.0,10.3,6.96,10.01,5.01,3.34
2025-01-11 21:00:00,N003,0.0,11.5,7.74,10.64,5.64,3.76
2025-01-11 21:00:00,N004,0.0,9.89,8.43,7.19,2.19,1.46
2025-01-11 21:00:00,N005,0.0,10.52,9.86,5.99,0.99,0.66
2025-01-11 21:00:00,N006,0.0,12.64,11.44,6.8,1.8,1.2
2025-01-11 21:00:00,N007,0.0,11.51,8.59,9.38,4.38,2.92
2025-01-11 21:00:00,N008,0.0,5.95,4.29,7.49,2.49,1.66
2025-01-11 21:00:00,N009,0.0,9.3,8.6,6.05,1.05,0.7
2025-01-11 21:00:00,N010,0.0,8.01,6.75,6.89,1.89,1.26
2025-01-11 21:00:00,N011,0.0,12.88,9.36,10.28,5.28,3.52
2025-01-11 21:00:00,N012,0.0,10.7,10.04,5.99,0.99,0.66
2025-01-11 21:00:00,N013,0.0,10.53,7.79,9.11,4.11,2.74
2025-01-11 21:00:00,N014,0.0,8.81,8.19,5.93,0.93,0.62
2025-01-11 21:00:00,N015,0.0,8.35,5.52,9.25,4.25,2.83
2025-01-11 21:00:00,N016,0.0,11.52,10.42,6.65,1.65,1.1
2025-01-11 21:00:00,N017,0.0,7.14,6.25,6.33,1.33,0.89
2025-01-11 21:00:00,N018,0.0,12.57,11.61,6.44,1.44,0.96
2025-01-11 21:00:00,N019,0.0,11.53,9.68,7.78,2.78,1.85
2025-01-11 21:00:00,N020,0.0,11.08,10.2,6.32,1.32,0.88
2025-01-11 22:00:00,N001,0.0,7.75,5.71,8.06,3.06,2.04
2025-01-11 22:00:00,N002,0.0,13.34,9.77,10.35,5.35,3.57
2025-01-11 22:00:00,N003,0.0,10.3,9.17,6.69,1.69,1.13
2025-01-11 22:00:00,N004,0.0,6.97,5.73,6.86,1.86,1.24
2025-01-11 22:00:00,N005,0.0,9.13,8.15,6.47,1.47,0.98
2025-01-11 22:00:00,N006,0.0,8.25,5.91,8.51,3.51,2.34
2025-01-11 22:00:00,N007,0.0,7.24,6.77,5.7,0.7,0.47
2025-01-11 22:00:00,N008,0.0,11.25,9.67,7.37,2.37,1.58
2025-01-11 22:00:00,N009,0.0,11.28,10.58,6.05,1.05,0.7
2025-01-11 22:00:00,N010,0.0,11.74,9.87,7.81,2.81,1.87
2025-01-11 22:00:00,N011,0.0,10.88,7.84,9.56,4.56,3.04
2025-01-11 22:00:00,N012,0.0,11.81,8.2,10.42,5.42,3.61
2025-01-11 22:00:00,N013,0.0,5.0,4.17,6.24,1.24,0.83
2025-01-11 22:00:00,N014,0.0,10.8,8.1,9.05,4.05,2.7
2025-01-11 22:00:00,N015,0.0,10.78,7.96,9.23,4.23,2.82
2025-01-11 22:00:00,N016,0.0,12.25,10.29,7.94,2.94,1.96
2025-01-11 22:00:00,N017,0.0,11.58,10.9,6.02,1.02,0.68
2025-01-11 22:00:00,N018,0.0,10.34,9.74,5.9,0.9,0.6
2025-01-11 22:00:00,N019,0.0,8.95,6.46,8.74,3.74,2.49
2025-01-11 22:00:00,N020,0.0,11.52,8.14,10.07,5.07,3.38
2025-01-11 23:00:00,N001,0.0,6.46,5.81,5.98,0.98,0.65
2025-01-11 23:00:00,N002,0.0,8.59,7.24,7.03,2.03,1.35
2025-01-11 23:00:00,N003,0.0,6.23,4.45,7.67,2.67,1.78
2025-01-11 23:00:00,N004,0.0,9.25,8.76,5.73,0.73,0.49
2025-01-11 23:00:00,N005,0.0,11.2,8.82,8.57,3.57,2.38
2025-01-11 23:00:00,N006,0.0,8.28,6.39,7.83,2.83,1.89
2025-01-11 23:00:00,N007,0.0,10.16,9.01,6.72,1.72,1.15
2025-01-11 23:00:00,N008,0.0,8.1,7.02,6.62,1.62,1.08
2025-01-11 23:00:00,N009,0.0,6.32,5.1,6.83,1.83,1.22
2025-01-11 23:00:00,N010,0.0,7.47,5.9,7.35,2.35,1.57
2025-01-11 23:00:00,N011,0.0,11.44,7.93,10.26,5.26,3.51
2025-01-11 23:00:00,N012,0.0,11.04,7.44,10.4,5.4,3.6
2025-01-11 23:00:00,N013,0.0,8.16,7.41,6.12,1.12,0.75
2025-01-11 23:00:00,N014,0.0,13.03,9.86,9.75,4.75,3.17
2025-01-11 23:00:00,N015,0.0,10.08,8.36,7.58,2.58,1.72
2025-01-11 23:00:00,N016,0.0,9.02,6.23,9.19,4.19,2.79
2025-01-11 23:00:00,N017,0.0,12.73,8.62,11.17,6.17,4.11
2025-01-11 23:00:00,N018,0.0,10.63,8.86,7.66,2.66,1.77
2025-01-11 23:00:00,N019,0.0,11.82,10.04,7.67,2.67,1.78
2025-01-11 23:00:00,N020,0.0,11.59,8.94,8.97,3.97,2.65
2025-01-12 00:00:00,N001,0.0,10.14,7.28,9.29,4.29,2.86
2025-01-12 00:00:00,N002,0.0,8.36,6.95,7.11,2.11,1.41
2025-01-12 00:00:00,N003,0.0,10.72,8.04,9.02,4.02,2.68
2025-01-12 00:00:00,N004,0.0,7.56,6.69,6.3,1.3,0.87
2025-01-12 00:00:00,N005,0.0,11.2,8.59,8.92,3.92,2.61
2025-01-12 00:00:00,N006,0.0,11.48,8.79,9.04,4.04,2.69
2025-01-12 00:00:00,N007,0.0,10.88,8.46,8.63,3.63,2.42
2025-01-12 00:00:00,N008,0.0,6.42,5.82,5.9,0.9,0.6
2025-01-12 00:00:00,N009,0.0,5.54,4.28,6.89,1.89,1.26
2025-01-12 00:00:00,N010,0.0,10.75,9.39,7.04,2.04,1.36
2025-01-12 00:00:00,N011,0.0,9.41,7.13,8.42,3.42,2.28
2025-01-12 00:00:00,N012,0.0,9.2,8.17,6.54,1.54,1.03
2025-01-12 00:00:00,N013,0.0,10.04,7.23,9.21,4.21,2.81
2025-01-12 00:00:00,N014,0.0,5.91,4.81,6.65,1.65,1.1
2025-01-12 00:00:00,N015,0.0,12.69,11.61,6.62,1.62,1.08
2025-01-12 00:00:00,N016,0.0,9.54,7.94,7.4,2.4,1.6
2025-01-12 00:00:00,N017,0.0,10.34,9.06,6.92,1.92,1.28
2025-01-12 00:00:00,N018,0.0,10.4,8.47,7.9,2.9,1.93
2025-01-12 00:00:00,N019,0.0,10.92,8.02,9.35,4.35,2.9
2025-01-12 00:00:00,N020,0.0,8.97,7.43,7.31,2.31,1.54
2025-01-12 01:00:00,N001,0.2,12.91,11.2,7.65,2.65,1.71
2025-01-12 01:00:00,N002,0.2,15.91,13.25,9.07,4.07,2.66
2025-01-12 01:00:00,N003,0.2,12.41,8.08,11.58,6.58,4.33
2025-01-12 01:00:00,N004,0.2,14.57,9.6,12.54,7.54,4.97
2025-01-12 01:00:00,N005,0.2,15.66,11.45,11.39,6.39,4.21
2025-01-12 01:00:00,N006,0.2,12.88,9.41,10.29,5.29,3.47
2025-01-12 01:00:00,N007,0.2,14.23,13.11,6.76,1.76,1.12
2025-01-12 01:00:00,N008,0.2,15.78,14.94,6.34,1.34,0.84
2025-01-12 01:00:00,N009,0.2,14.66,10.66,11.08,6.08,4.0
2025-01-12 01:00:00,N010,0.2,15.02,12.73,8.52,3.52,2.29
2025-01-12 01:00:00,N011,0.2,16.44,11.25,12.87,7.87,5.19
2025-01-12 01:00:00,N012,0.2,11.74,10.17,7.44,2.44,1.57
2025-01-12 01:00:00,N013,0.2,10.92,8.39,8.88,3.88,2.53
2025-01-12 01:00:00,N014,0.2,13.71,9.85,10.87,5.87,3.86
2025-01-12 01:00:00,N015,0.2,13.88,9.96,10.96,5.96,3.92
2025-01-12 01:00:00,N016,0.2,15.14,10.71,11.72,6.72,4.43
2025-01-12 01:00:00,N017,0.2,10.49,7.84,9.05,4.05,2.65
2025-01-12 01:00:00,N018,0.2,14.1,12.05,8.15,3.15,2.05
2025-01-12 01:00:00,N019,0.2,14.44,11.47,9.54,4.54,2.97
2025-01-12 01:00:00,N020,0.2,11.67,8.43,9.94,4.94,3.24
2025-01-12 02:00:00,N001,0.1,13.31,10.65,9.03,4.03,2.66
2025-01-12 02:00:00,N002,0.1,13.06,11.51,7.37,2.37,1.55
2025-01-12 02:00:00,N003,0.1,10.51,7.57,9.45,4.45,2.94
2025-01-12 02:00:00,N004,0.1,16.04,14.59,7.21,2.21,1.45
2025-01-12 02:00:00,N005,0.1,11.98,11.32,6.03,1.03,0.66
2025-01-12 02:00:00,N006,0.1,12.17,10.24,7.94,2.94,1.93
2025-01-12 02:00:00,N007,0.1,13.46,11.83,7.48,2.48,1.63
2025-01-12 02:00:00,N008,0.1,13.06,11.12,7.95,2.95,1.94
2025-01-12 02:00:00,N009,0.1,11.23,8.89,8.55,3.55,2.34
2025-01-12 02:00:00,N010,0.1,7.68,5.8,7.86,2.86,1.88
2025-01-12 02:00:00,N011,0.1,10.47,9.69,6.21,1.21,0.78
2025-01-12 02:00:00,N012,0.1,10.23,7.87,8.58,3.58,2.36
2025-01-12 02:00:00,N013,0.1,15.86,11.16,12.09,7.09,4.7
2025-01-12 02:00:00,N014,0.1,12.63,11.91,6.12,1.12,0.72
2025-01-12 02:00:00,N015,0.1,11.01,7.24,10.7,5.7,3.77
2025-01-12 02:00:00,N016,0.1,11.31,8.3,9.55,4.55,3.01
2025-01-12 02:00:00,N017,0.1,10.58,8.41,8.29,3.29,2.17
2025-01-12 02:00:00,N018,0.1,11.6,9.65,7.96,2.96,1.95
2025-01-12 02:00:00,N019,0.1,12.86,11.04,7.77,2.77,1.82
2025-01-12 02:00:00,N020,0.1,11.22,7.79,10.19,5.19,3.43
2025-01-12 03:00:00,N001,0.0,9.28,7.46,7.73,2.73,1.82
2025-01-12 03:00:00,N002,0.0,9.5,7.38,8.18,3.18,2.12
2025-01-12 03:00:00,N003,0.0,8.15,6.59,7.34,2.34,1.56
2025-01-12 03:00:00,N004,0.0,10.19,7.82,8.56,3.56,2.37
2025-01-12 03:00:00,N005,0.0,9.67,6.95,9.08,4.08,2.72
2025-01-12 03:00:00,N006,0.0,8.73,5.85,9.32,4.32,2.88
2025-01-12 03:00:00,N007,0.0,14.62,9.59,12.54,7.54,5.03
2025-01-12 03:00:00,N008,0.0,8.51,6.47,8.06,3.06,2.04
2025-01-12 03:00:00,N009,0.0,8.63,6.62,8.01,3.01,2.01
2025-01-12 03:00:00,N010,0.0,12.2,8.01,11.29,6.29,4.19
2025-01-12 03:00:00,N011,0.0,11.64,8.07,10.35,5.35,3.57
2025-01-12 03:00:00,N012,0.0,9.41,8.64,6.16,1.16,0.77
2025-01-12 03:00:00,N013,0.0,8.4,6.22,8.27,3.27,2.18
2025-01-12 03:00:00,N014,0.0,10.91,8.81,8.15,3.15,2.1
2025-01-12 03:00:00,N015,0.0,10.22,8.5,7.58,2.58,1.72
2025-01-12 03:00:00,N016,0.0,6.53,6.07,5.69,0.69,0.46
2025-01-12 03:00:00,N017,0.0,8.39,5.65,9.11,4.11,2.74
2025-01-12 03:00:00,N018,0.0,8.16,6.97,6.78,1.78,1.19
2025-01-12 03:00:00,N019,0.0,13.89,12.58,6.97,1.97,1.31
2025-01-12 03:00:00,N020,0.0,10.11,7.79,8.48,3.48,2.32
2025-01-12 04:00:00,N001,0.0,10.17,9.48,6.03,1.03,0.69
2025-01-12 04:00:00,N002,0.0,8.42,6.84,7.37,2.37,1.58
2025-01-12 04:00:00,N003,0.0,9.92,8.22,7.55,2.55,1.7
2025-01-12 04:00:00,N004,0.0,11.51,10.38,6.69,1.69,1.13
2025-01-12 04:00:00,N005,0.0,10.46,9.64,6.23,1.23,0.82
2025-01-12 04:00:00,N006,0.0,7.36,5.91,7.17,2.17,1.45
2025-01-12 04:00:00,N007,0.0,7.58,6.99,5.89,0.89,0.59
2025-01-12 04:00:00,N008,0.0,13.27,12.19,6.62,1.62,1.08
2025-01-12 04:00:00,N009,0.0,9.7,8.57,6.69,1.69,1.13
2025-01-12 04:00:00,N010,0.0,10.96,10.39,5.85,0.85,0.57
2025-01-12 04:00:00,N011,0.0,13.56,10.82,9.11,4.11,2.74
2025-01-12 04:00:00,N012,0.0,9.26,7.54,7.58,2.58,1.72
2025-01-12 04:00:00,N013,0.0,8.18,7.12,6.59,1.59,1.06
2025-01-12 04:00:00,N014,0.0,9.59,6.96,8.94,3.94,2.63
2025-01-12 04:00:00,N015,0.0,8.02,7.52,5.75,0.75,0.5
2025-01-12 04:00:00,N016,0.0,9.17,7.66,7.27,2.27,1.51
2025-01-12 04:00:00,N017,0.0,8.29,6.89,7.1,2.1,1.4
2025-01-12 04:00:00,N018,0.0,10.22,9.4,6.23,1.23,0.82
2025-01-12 04:00:00,N019,0.0,11.33,10.73,5.9,0.9,0.6
2025-01-12 04:00:00,N020,0.0,11.35,7.75,10.4,5.4,3.6
2025-01-12 05:00:00,N001,0.3,17.18,11.46,13.7,8.7,5.72
2025-01-12 05:00:00,N002,0.3,13.85,12.04,7.83,2.83,1.81
2025-01-12 05:00:00,N003,0.3,9.63,8.37,7.01,2.01,1.26
2025-01-12 05:00:00,N004,0.3,14.3,10.43,10.92,5.92,3.87
2025-01-12 05:00:00,N005,0.3,15.79,13.3,8.86,3.86,2.49
2025-01-12 05:00:00,N006,0.3,18.21,16.18,8.17,3.17,2.03
2025-01-12 05:00:00,N007,0.3,13.1,11.3,7.82,2.82,1.8
2025-01-12 05:00:00,N008,0.3,13.34,9.14,11.42,6.42,4.2
2025-01-12 05:00:00,N009,0.3,15.19,12.87,8.6,3.6,2.32
2025-01-12 05:00:00,N010,0.3,15.4,12.35,9.69,4.69,3.05
2025-01-12 05:00:00,N011,0.3,14.16,11.22,9.53,4.53,2.94
2025-01-12 05:00:00,N012,0.3,13.81,10.82,9.61,4.61,2.99
2025-01-12 05:00:00,N013,0.3,14.0,10.65,10.15,5.15,3.35
2025-01-12 05:00:00,N014,0.3,13.4,10.2,9.92,4.92,3.2
2025-01-12 05:00:00,N015,0.3,17.51,11.95,13.46,8.46,5.56
2025-01-12 05:00:00,N016,0.3,10.36,8.62,7.73,2.73,1.74
2025-01-12 05:00:00,N017,0.3,8.44,6.89,7.45,2.45,1.55
2025-01-12 05:00:00,N018,0.3,11.37,10.37,6.62,1.62,1.0
2025-01-12 05:00:00,N019,0.3,14.22,11.97,8.5,3.5,2.25
2025-01-12 05:00:00,N020,0.3,17.63,13.88,10.75,5.75,3.75
2025-01-12 06:00:00,N001,0.3,16.9,13.63,10.03,5.03,3.27
2025-01-12 06:00:00,N002,0.3,14.17,9.66,11.88,6.88,4.51
2025-01-12 06:00:00,N003,0.3,14.68,13.92,6.26,1.26,0.76
2025-01-12 06:00:00,N004,0.3,13.46,9.71,10.75,5.75,3.75
2025-01-12 06:00:00,N005,0.3,16.68,14.39,8.56,3.56,2.29
2025-01-12 06:00:00,N006,0.3,14.75,13.65,6.77,1.77,1.1
2025-01-12 06:00:00,N007,0.3,8.35,7.91,5.78,0.78,0.44
2025-01-12 06:00:00,N008,0.3,13.21,9.09,11.3,6.3,4.12
2025-01-12 06:00:00,N009,0.3,20.83,17.1,10.71,5.71,3.73
2025-01-12 06:00:00,N010,0.3,15.65,13.51,8.33,3.33,2.14
2025-01-12 06:00:00,N011,0.3,13.0,10.67,8.62,3.62,2.33
2025-01-12 06:00:00,N012,0.3,14.96,10.11,12.39,7.39,4.85
2025-01-12 06:00:00,N013,0.3,11.4,10.05,7.15,2.15,1.35
2025-01-12 06:00:00,N014,0.3,15.91,10.91,12.62,7.62,5.0
2025-01-12 06:00:00,N015,0.3,15.09,13.67,7.25,2.25,1.42
2025-01-12 06:00:00,N016,0.3,14.42,12.72,7.67,2.67,1.7
2025-01-12 06:00:00,N017,0.3,12.29,9.32,9.58,4.58,2.97
2025-01-12 06:00:00,N018,0.3,12.24,10.16,8.24,3.24,2.08
2025-01-12 06:00:00,N019,0.3,14.78,13.49,7.06,2.06,1.29
2025-01-12 06:00:00,N020,0.3,13.6,9.3,11.57,6.57,4.3
2025-01-12 07:00:00,N001,0.2,15.47,14.57,6.43,1.43,0.9
2025-01-12 07:00:00,N002,0.2,11.7,7.66,11.14,6.14,4.04
2025-01-12 07:00:00,N003,0.2,13.69,11.1,8.96,3.96,2.59
2025-01-12 07:00:00,N004,0.2,11.53,8.71,9.31,4.31,2.82
2025-01-12 07:00:00,N005,0.2,10.26,8.54,7.66,2.66,1.72
2025-01-12 07:00:00,N006,0.2,10.5,7.79,9.14,4.14,2.71
2025-01-12 07:00:00,N007,0.2,13.67,12.7,6.54,1.54,0.97
2025-01-12 07:00:00,N008,0.2,12.07,8.37,10.63,5.63,3.7
2025-01-12 07:00:00,N009,0.2,17.31,14.36,9.51,4.51,2.95
2025-01-12 07:00:00,N010,0.2,14.46,11.48,9.55,4.55,2.98
2025-01-12 07:00:00,N011,0.2,11.22,8.81,8.7,3.7,2.41
2025-01-12 07:00:00,N012,0.2,16.64,12.33,11.54,6.54,4.31
2025-01-12 07:00:00,N013,0.2,12.16,10.99,6.83,1.83,1.17
2025-01-12 07:00:00,N014,0.2,12.71,8.44,11.48,6.48,4.27
2025-01-12 07:00:00,N015,0.2,12.2,9.01,9.87,4.87,3.19
2025-01-12 07:00:00,N016,0.2,11.01,8.53,8.8,3.8,2.48
2025-01-12 07:00:00,N017,0.2,12.15,10.13,8.11,3.11,2.02
2025-01-12 07:00:00,N018,0.2,11.29,7.89,10.18,5.18,3.4
2025-01-12 07:00:00,N019,0.2,15.08,12.5,8.95,3.95,2.58
2025-01-12 07:00:00,N020,0.2,13.84,10.29,10.4,5.4,3.55
2025-01-12 08:00:00,N001,0.3,16.71,15.02,7.66,2.66,1.69
2025-01-12 08:00:00,N002,0.3,13.49,9.52,11.08,6.08,3.97
2025-01-12 08:00:00,N003,0.3,16.85,13.82,9.67,4.67,3.03
2025-01-12 08:00:00,N004,0.3,12.71,8.33,11.69,6.69,4.38
2025-01-12 08:00:00,N005,0.3,12.69,10.65,8.18,3.18,2.04
2025-01-12 08:00:00,N006,0.3,12.34,9.05,10.06,5.06,3.29
2025-01-12 08:00:00,N007,0.3,14.1,12.23,7.93,2.93,1.87
2025-01-12 08:00:00,N008,0.3,16.15,10.62,13.41,8.41,5.53
2025-01-12 08:00:00,N009,0.3,18.56,16.36,8.42,3.42,2.2
2025-01-12 08:00:00,N010,0.3,12.25,11.43,6.35,1.35,0.82
2025-01-12 08:00:00,N011,0.3,12.52,9.86,9.11,4.11,2.66
2025-01-12 08:00:00,N012,0.3,12.77,11.01,7.76,2.76,1.76
2025-01-12 08:00:00,N013,0.3,12.28,8.58,10.67,5.67,3.7
2025-01-12 08:00:00,N014,0.3,12.43,9.08,10.15,5.15,3.35
2025-01-12 08:00:00,N015,0.3,12.36,10.36,8.12,3.12,2.0
2025-01-12 08:00:00,N016,0.3,14.8,10.64,11.36,6.36,4.16
2025-01-12 08:00:00,N017,0.3,13.14,10.24,9.47,4.47,2.9
2025-01-12 08:00:00,N018,0.3,15.6,13.48,8.3,3.3,2.12
2025-01-12 08:00:00,N019,0.3,13.08,11.07,8.13,3.13,2.01
2025-01-12 08:00:00,N020,0.3,13.23,9.33,10.97,5.97,3.9
2025-01-12 09:00:00,N001,0.1,11.39,8.2,9.83,4.83,3.19
2025-01-12 09:00:00,N002,0.1,10.88,8.47,8.66,3.66,2.41
2025-01-12 09:00:00,N003,0.1,12.79,8.35,11.7,6.7,4.44
2025-01-12 09:00:00,N004,0.1,13.26,9.98,9.96,4.96,3.28
2025-01-12 09:00:00,N005,0.1,7.1,6.41,6.07,1.07,0.69
2025-01-12 09:00:00,N006,0.1,10.58,10.03,5.87,0.87,0.55
2025-01-12 09:00:00,N007,0.1,9.95,9.44,5.81,0.81,0.51
2025-01-12 09:00:00,N008,0.1,15.98,13.75,8.38,3.38,2.23
2025-01-12 09:00:00,N009,0.1,13.7,9.59,11.21,6.21,4.11
2025-01-12 09:00:00,N010,0.1,6.97,4.85,8.22,3.22,2.12
2025-01-12 09:00:00,N011,0.1,10.95,8.45,8.79,3.79,2.5
2025-01-12 09:00:00,N012,0.1,10.44,9.78,6.03,1.03,0.66
2025-01-12 09:00:00,N013,0.1,12.51,9.12,10.12,5.12,3.39
2025-01-12 09:00:00,N014,0.1,14.62,11.34,9.96,4.96,3.28
2025-01-12 09:00:00,N015,0.1,13.22,11.19,8.08,3.08,2.03
2025-01-12 09:00:00,N016,0.1,10.2,8.26,7.95,2.95,1.94
2025-01-12 09:00:00,N017,0.1,11.99,10.56,7.19,2.19,1.43
2025-01-12 09:00:00,N018,0.1,7.46,6.4,6.63,1.63,1.06
2025-01-12 09:00:00,N019,0.1,11.74,10.02,7.62,2.62,1.72
2025-01-12 09:00:00,N020,0.1,12.55,11.44,6.71,1.71,1.11
2025-01-12 10:00:00,N001,0.0,5.22,3.99,6.84,1.84,1.23
2025-01-12 10:00:00,N002,0.0,10.69,7.02,10.5,5.5,3.67
2025-01-12 10:00:00,N003,0.0,11.53,8.98,8.82,3.82,2.55
2025-01-12 10:00:00,N004,0.0,9.91,7.82,8.13,3.13,2.09
2025-01-12 10:00:00,N005,0.0,11.45,8.17,9.92,4.92,3.28
2025-01-12 10:00:00,N006,0.0,10.38,9.27,6.67,1.67,1.11
2025-01-12 10:00:00,N007,0.0,11.15,10.39,6.14,1.14,0.76
2025-01-12 10:00:00,N008,0.0,9.3,7.88,7.13,2.13,1.42
2025-01-12 10:00:00,N009,0.0,12.49,8.3,11.29,6.29,4.19
2025-01-12 10:00:00,N010,0.0,8.83,8.0,6.24,1.24,0.83
2025-01-12 10:00:00,N011,0.0,10.22,7.04,9.77,4.77,3.18
2025-01-12 10:00:00,N012,0.0,13.27,11.76,7.27,2.27,1.51
2025-01-12 10:00:00,N013,0.0,9.1,8.31,6.19,1.19,0.79
2025-01-12 10:00:00,N014,0.0,14.17,10.79,10.07,5.07,3.38
2025-01-12 10:00:00,N015,0.0,12.43,9.22,9.81,4.81,3.21
2025-01-12 10:00:00,N016,0.0,13.8,11.35,8.68,3.68,2.45
2025-01-12 10:00:00,N017,0.0,6.79,5.5,6.94,1.94,1.29
2025-01-12 10:00:00,N018,0.0,9.02,6.86,8.24,3.24,2.16
2025-01-12 10:00:00,N019,0.0,10.62,9.89,6.09,1.09,0.73
2025-01-12 10:00:00,N020,0.0,10.94,10.27,6.01,1.01,0.67
2025-01-12 11:00:00,N001,0.0,6.09,5.41,6.02,1.02,0.68
2025-01-12 11:00:00,N002,0.0,8.16,6.29,7.81,2.81,1.87
2025-01-12 11:00:00,N003,0.0,7.74,6.52,6.83,1.83,1.22
2025-01-12 11:00:00,N004,0.0,9.55,8.31,6.86,1.86,1.24
2025-01-12 11:00:00,N005,0.0,7.2,5.08,8.18,3.18,2.12
2025-01-12 11:00:00,N006,0.0,10.36,9.22,6.71,1.71,1.14
2025-01-12 11:00:00,N007,0.0,7.66,5.41,8.38,3.38,2.25
2025-01-12 11:00:00,N008,0.0,9.75,7.74,8.01,3.01,2.01
2025-01-12 11:00:00,N009,0.0,12.33,8.14,11.29,6.29,4.19
2025-01-12 11:00:00,N010,0.0,9.69,8.83,6.29,1.29,0.86
2025-01-12 11:00:00,N011,0.0,10.07,8.42,7.47,2.47,1.65
2025-01-12 11:00:00,N012,0.0,9.28,8.05,6.84,1.84,1.23
2025-01-12 11:00:00,N013,0.0,11.85,9.13,9.08,4.08,2.72
2025-01-12 11:00:00,N014,0.0,11.1,9.6,7.25,2.25,1.5
2025-01-12 11:00:00,N015,0.0,9.26,8.6,5.99,0.99,0.66
2025-01-12 11:00:00,N016,0.0,11.22,7.9,9.98,4.98,3.32
2025-01-12 11:00:00,N017,0.0,11.1,10.13,6.46,1.46,0.97
2025-01-12 11:00:00,N018,0.0,11.45,10.5,6.42,1.42,0.95
2025-01-12 11:00:00,N019,0.0,9.07,6.63,8.66,3.66,2.44
2025-01-12 11:00:00,N020,0.0,9.64,9.03,5.92,0.92,0.61
2025-01-12 12:00:00,N001,0.0,11.38,10.03,7.03,2.03,1.35
2025-01-12 12:00:00,N002,0.0,10.68,9.22,7.19,2.19,1.46
2025-01-12 12:00:00,N003,0.0,14.69,10.66,11.04,6.04,4.03
2025-01-12 12:00:00,N004,0.0,10.29,9.62,6.01,1.01,0.67
2025-01-12 12:00:00,N005,0.0,13.73,11.65,8.12,3.12,2.08
2025-01-12 12:00:00,N006,0.0,9.35,8.55,6.2,1.2,0.8
2025-01-12 12:00:00,N007,0.0,8.6,7.33,6.91,1.91,1.27
2025-01-12 12:00:00,N008,0.0,9.84,6.8,9.56,4.56,3.04
2025-01-12 12:00:00,N009,0.0,10.67,9.2,7.21,2.21,1.47
2025-01-12 12:00:00,N010,0.0,9.24,7.86,7.07,2.07,1.38
2025-01-12 12:00:00,N011,0.0,9.64,7.55,8.13,3.13,2.09
2025-01-12 12:00:00,N012,0.0,11.9,10.92,6.47,1.47,0.98
2025-01-12 12:00:00,N013,0.0,13.02,11.07,7.92,2.92,1.95
2025-01-12 12:00:00,N014,0.0,11.02,10.14,6.32,1.32,0.88
2025-01-12 12:00:00,N015,0.0,6.83,5.83,6.5,1.5,1.0
2025-01-12 12:00:00,N016,0.0,12.85,10.16,9.04,4.04,2.69
2025-01-12 12:00:00,N017,0.0,11.19,8.79,8.6,3.6,2.4
2025-01-12 12:00:00,N018,0.0,10.52,7.59,9.4,4.4,2.93
2025-01-12 12:00:00,N019,0.0,8.3,6.82,7.22,2.22,1.48
2025-01-12 12:00:00,N020,0.0,9.44,7.14,8.45,3.45,2.3
2025-01-12 13:00:00,N001,0.0,13.37,12.5,6.3,1.3,0.87
2025-01-12 13:00:00,N002,0.0,14.82,9.7,12.68,7.68,5.12
2025-01-12 13:00:00,N003,0.0,10.29,6.82,10.21,5.21,3.47
2025-01-12 13:00:00,N004,0.0,8.49,7.1,7.08,2.08,1.39
2025-01-12 13:00:00,N005,0.0,9.33,6.51,9.23,4.23,2.82
2025-01-12 13:00:00,N006,0.0,8.61,5.82,9.19,4.19,2.79
2025-01-12 13:00:00,N007,0.0,10.05,6.82,9.84,4.84,3.23
2025-01-12 13:00:00,N008,0.0,8.76,8.1,5.99,0.99,0.66
2025-01-12 13:00:00,N009,0.0,11.65,10.97,6.02,1.02,0.68
2025-01-12 13:00:00,N010,0.0,11.17,9.3,7.81,2.81,1.87
2025-01-12 13:00:00,N011,0.0,7.76,7.36,5.6,0.6,0.4
2025-01-12 13:00:00,N012,0.0,9.05,7.85,6.8,1.8,1.2
2025-01-12 13:00:00,N013,0.0,5.0,4.01,6.48,1.48,0.99
2025-01-12 13:00:00,N014,0.0,9.59,8.39,6.8,1.8,1.2
2025-01-12 13:00:00,N015,0.0,10.66,7.92,9.11,4.11,2.74
2025-01-12 13:00:00,N016,0.0,9.55,7.08,8.71,3.71,2.47
2025-01-12 13:00:00,N017,0.0,9.7,7.26,8.66,3.66,2.44
2025-01-12 13:00:00,N018,0.0,8.96,7.6,7.04,2.04,1.36
2025-01-12 13:00:00,N019,0.0,10.98,7.69,9.94,4.94,3.29
2025-01-12 13:00:00,N020,0.0,10.58,8.25,8.5,3.5,2.33
2025-01-12 14:00:00,N001,0.0,12.11,10.53,7.37,2.37,1.58
2025-01-12 14:00:00,N002,0.0,8.61,7.62,6.48,1.48,0.99
2025-01-12 14:00:00,N003,0.0,8.77,7.2,7.35,2.35,1.57
2025-01-12 14:00:00,N004,0.0,13.72,10.12,10.4,5.4,3.6
2025-01-12 14:00:00,N005,0.0,10.95,7.39,10.34,5.34,3.56
2025-01-12 14:00:00,N006,0.0,10.44,9.65,6.19,1.19,0.79
2025-01-12 14:00:00,N007,0.0,8.42,6.31,8.17,3.17,2.11
2025-01-12 14:00:00,N008,0.0,7.12,4.86,8.39,3.39,2.26
2025-01-12 14:00:00,N009,0.0,8.77,7.69,6.62,1.62,1.08
2025-01-12 14:00:00,N010,0.0,9.32,8.61,6.06,1.06,0.71
2025-01-12 14:00:00,N011,0.0,12.9,9.32,10.37,5.37,3.58
2025-01-12 14:00:00,N012,0.0,7.76,6.35,7.11,2.11,1.41
2025-01-12 14:00:00,N013,0.0,11.5,9.02,8.72,3.72,2.48
2025-01-12 14:00:00,N014,0.0,11.57,9.68,7.83,2.83,1.89
2025-01-12 14:00:00,N015,0.0,9.79,8.48,6.97,1.97,1.31
2025-01-12 14:00:00,N016,0.0,9.46,8.38,6.62,1.62,1.08
2025-01-12 14:00:00,N017,0.0,8.3,6.82,7.22,2.22,1.48
2025-01-12 14:00:00,N018,0.0,8.83,6.6,8.34,3.34,2.23
2025-01-12 14:00:00,N019,0.0,8.91,7.67,6.86,1.86,1.24
2025-01-12 14:00:00,N020,0.0,10.28,8.75,7.29,2.29,1.53
2025-01-12 15:00:00,N001,0.1,11.94,9.5,8.7,3.7,2.44
2025-01-12 15:00:00,N002,0.1,11.91,10.51,7.14,2.14,1.4
2025-01-12 15:00:00,N003,0.1,10.07,8.33,7.65,2.65,1.74
2025-01-12 15:00:00,N004,0.1,12.83,9.57,9.93,4.93,3.26
2025-01-12 15:00:00,N005,0.1,12.04,8.43,10.46,5.46,3.61
2025-01-12 15:00:00,N006,0.1,10.29,7.66,8.98,3.98,2.63
2025-01-12 15:00:00,N007,0.1,7.94,5.39,8.86,3.86,2.55
2025-01-12 15:00:00,N008,0.1,13.7,11.62,8.16,3.16,2.08
2025-01-12 15:00:00,N009,0.1,11.69,8.34,10.07,5.07,3.35
2025-01-12 15:00:00,N010,0.1,9.62,6.45,9.79,4.79,3.17
2025-01-12 15:00:00,N011,0.1,10.56,7.18,10.11,5.11,3.38
2025-01-12 15:00:00,N012,0.1,15.43,11.45,11.01,6.01,3.98
2025-01-12 15:00:00,N013,0.1,9.89,7.32,8.89,3.89,2.57
2025-01-12 15:00:00,N014,0.1,13.51,12.59,6.42,1.42,0.92
2025-01-12 15:00:00,N015,0.1,14.31,11.51,9.24,4.24,2.8
2025-01-12 15:00:00,N016,0.1,11.91,10.04,7.85,2.85,1.87
2025-01-12 15:00:00,N017,0.1,10.86,9.61,6.92,1.92,1.25
2025-01-12 15:00:00,N018,0.1,9.15,7.79,7.08,2.08,1.36
2025-01-12 15:00:00,N019,0.1,10.59,9.17,7.17,2.17,1.42
2025-01-12 15:00:00,N020,0.1,9.53,6.95,8.91,3.91,2.58
2025-01-12 16:00:00,N001,0.0,9.9,8.07,7.75,2.75,1.83
2025-01-12 16:00:00,N002,0.0,8.25,7.77,5.72,0.72,0.48
2025-01-12 16:00:00,N003,0.0,9.66,7.59,8.1,3.1,2.07
2025-01-12 16:00:00,N004,0.0,10.3,8.12,8.27,3.27,2.18
2025-01-12 16:00:00,N005,0.0,10.94,10.25,6.03,1.03,0.69
2025-01-12 16:00:00,N006,0.0,11.98,10.47,7.27,2.27,1.51
2025-01-12 16:00:00,N007,0.0,7.73,7.04,6.03,1.03,0.69
2025-01-12 16:00:00,N008,0.0,10.99,9.3,7.54,2.54,1.69
2025-01-12 16:00:00,N009,0.0,13.55,9.98,10.35,5.35,3.57
2025-01-12 16:00:00,N010,0.0,10.06,9.13,6.4,1.4,0.93
2025-01-12 16:00:00,N011,0.0,7.05,6.27,6.17,1.17,0.78
2025-01-12 16:00:00,N012,0.0,9.67,9.18,5.73,0.73,0.49
2025-01-12 16:00:00,N013,0.0,8.29,7.11,6.77,1.77,1.18
2025-01-12 16:00:00,N014,0.0,10.98,7.92,9.59,4.59,3.06
2025-01-12 16:00:00,N015,0.0,8.28,5.81,8.71,3.71,2.47
2025-01-12 16:00:00,N016,0.0,7.84,6.69,6.72,1.72,1.15
2025-01-12 16:00:00,N017,0.0,10.01,7.8,8.31,3.31,2.21
2025-01-12 16:00:00,N018,0.0,13.05,12.24,6.22,1.22,0.81
2025-01-12 16:00:00,N019,0.0,8.58,6.98,7.4,2.4,1.6
2025-01-12 16:00:00,N020,0.0,11.3,8.93,8.56,3.56,2.37
2025-01-12 17:00:00,N001,0.0,11.17,10.12,6.58,1.58,1.05
2025-01-12 17:00:00,N002,0.0,11.35,10.03,6.98,1.98,1.32
2025-01-12 17:00:00,N003,0.0,11.08,10.28,6.2,1.2,0.8
2025-01-12 17:00:00,N004,0.0,9.36,7.85,7.27,2.27,1.51
2025-01-12 17:00:00,N005,0.0,10.03,6.9,9.7,4.7,3.13
2025-01-12 17:00:00,N006,0.0,7.66,6.43,6.84,1.84,1.23
2025-01-12 17:00:00,N007,0.0,8.42,5.9,8.78,3.78,2.52
2025-01-12 17:00:00,N008,0.0,9.44,7.04,8.6,3.6,2.4
2025-01-12 17:00:00,N009,0.0,11.9,10.27,7.44,2.44,1.63
2025-01-12 17:00:00,N010,0.0,9.07,8.47,5.9,0.9,0.6
2025-01-12 17:00:00,N011,0.0,10.64,8.99,7.47,2.47,1.65
2025-01-12 17:00:00,N012,0.0,12.37,8.85,10.28,5.28,3.52
2025-01-12 17:00:00,N013,0.0,10.08,8.86,6.83,1.83,1.22
2025-01-12 17:00:00,N014,0.0,11.11,7.27,10.76,5.76,3.84
2025-01-12 17:00:00,N015,0.0,11.8,11.06,6.11,1.11,0.74
2025-01-12 17:00:00,N016,0.0,11.83,9.31,8.78,3.78,2.52
2025-01-12 17:00:00,N017,0.0,10.49,7.93,8.84,3.84,2.56
2025-01-12 17:00:00,N018,0.0,8.16,5.33,9.25,4.25,2.83
2025-01-12 17:00:00,N019,0.0,10.65,8.81,7.76,2.76,1.84
2025-01-12 17:00:00,N020,0.0,12.72,8.46,11.39,6.39,4.26
2025-01-12 18:00:00,N001,0.0,12.37,11.63,6.11,1.11,0.74
2025-01-12 18:00:00,N002,0.0,6.91,6.53,5.57,0.57,0.38
2025-01-12 18:00:00,N003,0.0,11.13,10.45,6.02,1.02,0.68
2025-01-12 18:00:00,N004,0.0,9.03,6.1,9.4,4.4,2.93
2025-01-12 18:00:00,N005,0.0,13.3,10.22,9.62,4.62,3.08
2025-01-12 18:00:00,N006,0.0,11.72,8.93,9.19,4.19,2.79
2025-01-12 18:00:00,N007,0.0,8.09,7.08,6.52,1.52,1.01
2025-01-12 18:00:00,N008,0.0,9.35,8.23,6.68,1.68,1.12
2025-01-12 18:00:00,N009,0.0,12.64,11.17,7.21,2.21,1.47
2025-01-12 18:00:00,N010,0.0,6.77,4.71,8.09,3.09,2.06
2025-01-12 18:00:00,N011,0.0,8.55,6.69,7.79,2.79,1.86
2025-01-12 18:00:00,N012,0.0,10.88,8.54,8.51,3.51,2.34
2025-01-12 18:00:00,N013,0.0,10.41,6.96,10.18,5.18,3.45
2025-01-12 18:00:00,N014,0.0,7.63,5.38,8.38,3.38,2.25
2025-01-12 18:00:00,N015,0.0,11.36,9.09,8.41,3.41,2.27
2025-01-12 18:00:00,N016,0.0,7.68,6.85,6.24,1.24,0.83
2025-01-12 18:00:00,N017,0.0,8.03,7.17,6.29,1.29,0.86
2025-01-12 18:00:00,N018,0.0,10.63,7.26,10.05,5.05,3.37
2025-01-12 18:00:00,N019,0.0,7.33,6.62,6.06,1.06,0.71
2025-01-12 18:00:00,N020,0.0,8.68,6.77,7.86,2.86,1.91
2025-01-12 19:00:00,N001,0.1,11.74,8.55,9.83,4.83,3.19
2025-01-12 19:00:00,N002,0.1,13.14,10.81,8.54,3.54,2.33
2025-01-12 19:00:00,N003,0.1,12.08,9.53,8.86,3.86,2.55
2025-01-12 19:00:00,N004,0.1,12.43,9.22,9.85,4.85,3.21
2025-01-12 19:00:00,N005,0.1,10.91,7.58,10.04,5.04,3.33
2025-01-12 19:00:00,N006,0.1,14.44,12.19,8.42,3.42,2.25
2025-01-12 19:00:00,N007,0.1,13.42,9.19,11.39,6.39,4.23
2025-01-12 19:00:00,N008,0.1,11.51,7.93,10.41,5.41,3.58
2025-01-12 19:00:00,N009,0.1,9.34,7.21,8.23,3.23,2.13
2025-01-12 19:00:00,N010,0.1,14.37,12.66,7.6,2.6,1.71
2025-01-12 19:00:00,N011,0.1,15.08,11.66,10.17,5.17,3.42
2025-01-12 19:00:00,N012,0.1,15.88,12.52,10.08,5.08,3.36
2025-01-12 19:00:00,N013,0.1,10.54,8.1,8.7,3.7,2.44
2025-01-12 19:00:00,N014,0.1,13.69,10.31,10.11,5.11,3.38
2025-01-12 19:00:00,N015,0.1,11.0,10.3,6.09,1.09,0.7
2025-01-12 19:00:00,N016,0.1,10.36,9.54,6.27,1.27,0.82
2025-01-12 19:00:00,N017,0.1,10.09,8.59,7.29,2.29,1.5
2025-01-12 19:00:00,N018,0.1,10.25,7.34,9.41,4.41,2.91
2025-01-12 19:00:00,N019,0.1,7.45,5.98,7.25,2.25,1.47
2025-01-12 19:00:00,N020,0.1,10.38,9.53,6.31,1.31,0.85
2025-01-12 20:00:00,N001,0.0,12.06,11.32,6.11,1.11,0.74
2025-01-12 20:00:00,N002,0.0,8.16,6.81,7.03,2.03,1.35
2025-01-12 20:00:00,N003,0.0,12.49,9.76,9.09,4.09,2.73
2025-01-12 20:00:00,N004,0.0,7.69,5.11,8.87,3.87,2.58
2025-01-12 20:00:00,N005,0.0,5.0,4.74,5.39,0.39,0.26
2025-01-12 20:00:00,N006,0.0,14.22,11.76,8.69,3.69,2.46
2025-01-12 20:00:00,N007,0.0,10.91,9.2,7.56,2.56,1.71
2025-01-12 20:00:00,N008,0.0,10.38,7.91,8.71,3.71,2.47
2025-01-12 20:00:00,N009,0.0,11.66,9.35,8.46,3.46,2.31
2025-01-12 20:00:00,N010,0.0,11.6,8.69,9.37,4.37,2.91
2025-01-12 20:00:00,N011,0.0,10.84,9.33,7.27,2.27,1.51
2025-01-12 20:00:00,N012,0.0,8.65,6.81,7.76,2.76,1.84
2025-01-12 20:00:00,N013,0.0,9.19,7.9,6.94,1.94,1.29
2025-01-12 20:00:00,N014,0.0,8.4,7.55,6.27,1.27,0.85
2025-01-12 20:00:00,N015,0.0,8.61,7.32,6.94,1.94,1.29
2025-01-12 20:00:00,N016,0.0,11.15,7.88,9.91,4.91,3.27
2025-01-12 20:00:00,N017,0.0,9.07,8.06,6.52,1.52,1.01
2025-01-12 20:00:00,N018,0.0,8.79,8.15,5.96,0.96,0.64
2025-01-12 20:00:00,N019,0.0,7.86,6.4,7.19,2.19,1.46
2025-01-12 20:00:00,N020,0.0,11.93,10.05,7.82,2.82,1.88
2025-01-12 21:00:00,N001,0.0,12.19,8.55,10.46,5.46,3.64
2025-01-12 21:00:00,N002,0.0,7.11,5.75,7.04,2.04,1.36
2025-01-12 21:00:00,N003,0.0,6.96,5.79,6.75,1.75,1.17
2025-01-12 21:00:00,N004,0.0,13.3,12.29,6.52,1.52,1.01
2025-01-12 21:00:00,N005,0.0,7.43,6.22,6.81,1.81,1.21
2025-01-12 21:00:00,N006,0.0,8.87,7.06,7.71,2.71,1.81
2025-01-12 21:00:00,N007,0.0,9.57,8.31,6.89,1.89,1.26
2025-01-12 21:00:00,N008,0.0,9.42,6.98,8.66,3.66,2.44
2025-01-12 21:00:00,N009,0.0,11.75,9.58,8.25,3.25,2.17
2025-01-12 21:00:00,N010,0.0,11.98,9.52,8.69,3.69,2.46
2025-01-12 21:00:00,N011,0.0,10.75,9.58,6.75,1.75,1.17
2025-01-12 21:00:00,N012,0.0,10.74,8.21,8.79,3.79,2.53
2025-01-12 21:00:00,N013,0.0,9.92,7.96,7.94,2.94,1.96
2025-01-12 21:00:00,N014,0.0,12.56,10.77,7.69,2.69,1.79
2025-01-12 21:00:00,N015,0.0,7.57,6.68,6.33,1.33,0.89
2025-01-12 21:00:00,N016,0.0,8.33,6.97,7.04,2.04,1.36
2025-01-12 21:00:00,N017,0.0,10.97,10.29,6.02,1.02,0.68
2025-01-12 21:00:00,N018,0.0,11.26,10.51,6.12,1.12,0.75
2025-01-12 21:00:00,N019,0.0,11.39,9.25,8.21,3.21,2.14
2025-01-12 21:00:00,N020,0.0,5.16,4.9,5.39,0.39,0.26
2025-01-12 22:00:00,N001,0.2,15.17,12.16,9.59,4.59,3.01
2025-01-12 22:00:00,N002,0.2,12.55,11.72,6.32,1.32,0.83
2025-01-12 22:00:00,N003,0.2,14.87,12.88,8.06,3.06,1.99
2025-01-12 22:00:00,N004,0.2,14.09,9.55,11.89,6.89,4.54
2025-01-12 22:00:00,N005,0.2,11.45,8.67,9.25,4.25,2.78
2025-01-12 22:00:00,N006,0.2,13.71,11.82,7.92,2.92,1.89
2025-01-12 22:00:00,N007,0.2,13.17,10.13,9.64,4.64,3.04
2025-01-12 22:00:00,N008,0.2,16.81,12.59,11.41,6.41,4.22
2025-01-12 22:00:00,N009,0.2,14.59,13.19,7.18,2.18,1.4
2025-01-12 22:00:00,N010,0.2,11.11,9.56,7.41,2.41,1.55
2025-01-12 22:00:00,N011,0.2,12.59,11.27,7.06,2.06,1.32
2025-01-12 22:00:00,N012,0.2,11.86,9.35,8.84,3.84,2.51
2025-01-12 22:00:00,N013,0.2,13.93,12.44,7.31,2.31,1.49
2025-01-12 22:00:00,N014,0.2,14.61,12.62,8.06,3.06,1.99
2025-01-12 22:00:00,N015,0.2,12.14,11.25,6.42,1.42,0.89
2025-01-12 22:00:00,N016,0.2,12.89,11.47,7.21,2.21,1.42
2025-01-12 22:00:00,N017,0.2,12.88,11.7,6.85,1.85,1.18
2025-01-12 22:00:00,N018,0.2,9.81,9.11,6.13,1.13,0.7
2025-01-12 22:00:00,N019,0.2,14.84,10.88,11.02,6.02,3.96
2025-01-12 22:00:00,N020,0.2,12.84,9.84,9.58,4.58,3.0
2025-01-12 23:00:00,N001,0.3,10.12,9.6,5.9,0.9,0.52
2025-01-12 23:00:00,N002,0.3,14.34,13.19,6.84,1.84,1.15
2025-01-12 23:00:00,N003,0.3,15.29,12.48,9.33,4.33,2.81
2025-01-12 23:00:00,N004,0.3,12.94,8.93,11.13,6.13,4.01
2025-01-12 23:00:00,N005,0.3,12.84,9.41,10.27,5.27,3.43
2025-01-12 23:00:00,N006,0.3,15.63,13.25,8.69,3.69,2.38
2025-01-12 23:00:00,N007,0.3,10.54,9.34,6.92,1.92,1.2
2025-01-12 23:00:00,N008,0.3,12.73,9.57,9.86,4.86,3.16
2025-01-12 23:00:00,N009,0.3,15.91,14.09,7.85,2.85,1.82
2025-01-12 23:00:00,N010,0.3,15.22,12.5,9.2,4.2,2.72
2025-01-12 23:00:00,N011,0.3,16.46,14.55,7.98,2.98,1.91
2025-01-12 23:00:00,N012,0.3,12.58,11.28,7.07,2.07,1.3
2025-01-12 23:00:00,N013,0.3,11.49,10.03,7.31,2.31,1.46
2025-01-12 23:00:00,N014,0.3,14.02,11.85,8.38,3.38,2.17
2025-01-12 23:00:00,N015,0.3,14.2,12.54,7.61,2.61,1.66
2025-01-12 23:00:00,N016,0.3,14.71,13.83,6.44,1.44,0.88
2025-01-12 23:00:00,N017,0.3,14.66,13.44,6.95,1.95,1.22
2025-01-12 23:00:00,N018,0.3,12.34,11.64,6.17,1.17,0.7
2025-01-12 23:00:00,N019,0.3,16.83,13.07,10.76,5.76,3.76
2025-01-12 23:00:00,N020,0.3,14.35,12.85,7.37,2.37,1.5
2025-01-13 00:00:00,N001,0.1,12.29,8.25,11.1,6.1,4.04
2025-01-13 00:00:00,N002,0.1,11.65,7.87,10.71,5.71,3.78
2025-01-13 00:00:00,N003,0.1,10.25,6.99,9.93,4.93,3.26
2025-01-13 00:00:00,N004,0.1,10.68,7.83,9.32,4.32,2.85
2025-01-13 00:00:00,N005,0.1,13.26,11.08,8.31,3.31,2.18
2025-01-13 00:00:00,N006,0.1,11.16,10.03,6.73,1.73,1.13
2025-01-13 00:00:00,N007,0.1,12.07,9.78,8.48,3.48,2.29
2025-01-13 00:00:00,N008,0.1,13.15,12.02,6.73,1.73,1.13
2025-01-13 00:00:00,N009,0.1,13.21,10.16,9.61,4.61,3.05
2025-01-13 00:00:00,N010,0.1,11.6,8.41,9.83,4.83,3.19
2025-01-13 00:00:00,N011,0.1,11.75,10.7,6.62,1.62,1.05
2025-01-13 00:00:00,N012,0.1,13.41,11.25,8.28,3.28,2.16
2025-01-13 00:00:00,N013,0.1,11.12,9.84,6.96,1.96,1.28
2025-01-13 00:00:00,N014,0.1,9.19,8.66,5.84,0.84,0.53
2025-01-13 00:00:00,N015,0.1,10.04,8.27,7.7,2.7,1.77
2025-01-13 00:00:00,N016,0.1,7.83,5.44,8.62,3.62,2.39
2025-01-13 00:00:00,N017,0.1,9.92,8.81,6.71,1.71,1.11
2025-01-13 00:00:00,N018,0.1,12.6,9.84,9.18,4.18,2.76
2025-01-13 00:00:00,N019,0.1,10.32,9.52,6.24,1.24,0.8
2025-01-13 00:00:00,N020,0.1,11.95,11.32,5.99,0.99,0.63
2025-01-13 01:00:00,N001,0.2,11.84,9.15,9.12,4.12,2.69
2025-01-13 01:00:00,N002,0.2,12.35,9.26,9.71,4.71,3.09
2025-01-13 01:00:00,N003,0.2,13.86,12.06,7.78,2.78,1.8
2025-01-13 01:00:00,N004,0.2,14.43,9.78,12.06,7.06,4.65
2025-01-13 01:00:00,N005,0.2,12.12,9.85,8.49,3.49,2.27
2025-01-13 01:00:00,N006,0.2,9.05,7.69,7.12,2.12,1.36
2025-01-13 01:00:00,N007,0.2,14.83,11.76,9.68,4.68,3.07
2025-01-13 01:00:00,N008,0.2,16.56,13.2,10.12,5.12,3.36
2025-01-13 01:00:00,N009,0.2,12.76,9.97,9.27,4.27,2.79
2025-01-13 01:00:00,N010,0.2,14.48,12.8,7.6,2.6,1.68
2025-01-13 01:00:00,N011,0.2,9.52,7.8,7.66,2.66,1.72
2025-01-13 01:00:00,N012,0.2,13.02,10.98,8.14,3.14,2.04
2025-01-13 01:00:00,N013,0.2,12.67,11.33,7.09,2.09,1.34
2025-01-13 01:00:00,N014,0.2,16.72,15.86,6.37,1.37,0.86
2025-01-13 01:00:00,N015,0.2,11.34,7.53,10.79,5.79,3.81
2025-01-13 01:00:00,N016,0.2,12.69,9.6,9.71,4.71,3.09
2025-01-13 01:00:00,N017,0.2,12.76,10.66,8.23,3.23,2.1
2025-01-13 01:00:00,N018,0.2,16.27,15.07,6.88,1.88,1.2
2025-01-13 01:00:00,N019,0.2,16.58,14.56,8.11,3.11,2.02
2025-01-13 01:00:00,N020,0.2,12.83,11.82,6.6,1.6,1.01
2025-01-13 02:00:00,N001,0.1,11.31,7.67,10.5,5.5,3.64
2025-01-13 02:00:00,N002,0.1,10.42,9.72,6.09,1.09,0.7
2025-01-13 02:00:00,N003,0.1,11.99,10.38,7.46,2.46,1.61
2025-01-13 02:00:00,N004,0.1,11.34,9.07,8.45,3.45,2.27
2025-01-13 02:00:00,N005,0.1,12.04,11.08,6.48,1.48,0.96
2025-01-13 02:00:00,N006,0.1,12.71,11.37,7.05,2.05,1.34
2025-01-13 02:00:00,N007,0.1,13.53,9.37,11.28,6.28,4.16
2025-01-13 02:00:00,N008,0.1,10.75,7.6,9.76,4.76,3.15
2025-01-13 02:00:00,N009,0.1,9.03,6.44,8.92,3.92,2.59
2025-01-13 02:00:00,N010,0.1,10.78,8.56,8.37,3.37,2.22
2025-01-13 02:00:00,N011,0.1,8.11,6.98,6.73,1.73,1.13
2025-01-13 02:00:00,N012,0.1,11.44,10.46,6.51,1.51,0.98
2025-01-13 02:00:00,N013,0.1,14.12,9.18,12.45,7.45,4.94
2025-01-13 02:00:00,N014,0.1,13.25,11.88,7.1,2.1,1.37
2025-01-13 02:00:00,N015,0.1,10.81,9.14,7.54,2.54,1.67
2025-01-13 02:00:00,N016,0.1,9.6,6.64,9.48,4.48,2.96
2025-01-13 02:00:00,N017,0.1,9.65,6.32,10.04,5.04,3.33
2025-01-13 02:00:00,N018,0.1,11.11,8.98,8.23,3.23,2.13
2025-01-13 02:00:00,N019,0.1,9.93,8.85,6.66,1.66,1.08
2025-01-13 02:00:00,N020,0.1,9.73,6.92,9.25,4.25,2.81
2025-01-13 03:00:00,N001,0.1,10.76,9.2,7.38,2.38,1.56
2025-01-13 03:00:00,N002,0.1,14.53,10.07,11.73,6.73,4.46
2025-01-13 03:00:00,N003,0.1,13.06,8.79,11.44,6.44,4.27
2025-01-13 03:00:00,N004,0.1,13.31,9.8,10.3,5.3,3.51
2025-01-13 03:00:00,N005,0.1,9.44,8.67,6.2,1.2,0.77
2025-01-13 03:00:00,N006,0.1,11.0,10.23,6.2,1.2,0.77
2025-01-13 03:00:00,N007,0.1,14.04,11.73,8.5,3.5,2.31
2025-01-13 03:00:00,N008,0.1,9.14,5.95,9.83,4.83,3.19
2025-01-13 03:00:00,N009,0.1,11.61,8.71,9.39,4.39,2.9
2025-01-13 03:00:00,N010,0.1,12.9,9.94,9.48,4.48,2.96
2025-01-13 03:00:00,N011,0.1,12.53,8.24,11.48,6.48,4.29
2025-01-13 03:00:00,N012,0.1,14.91,11.17,10.65,5.65,3.74
2025-01-13 03:00:00,N013,0.1,11.51,7.95,10.38,5.38,3.56
2025-01-13 03:00:00,N014,0.1,8.75,6.76,8.02,3.02,1.99
2025-01-13 03:00:00,N015,0.1,8.03,5.23,9.24,4.24,2.8
2025-01-13 03:00:00,N016,0.1,9.73,9.08,6.02,1.02,0.65
2025-01-13 03:00:00,N017,0.1,11.81,7.92,10.88,5.88,3.89
2025-01-13 03:00:00,N018,0.1,11.41,10.55,6.33,1.33,0.86
2025-01-13 03:00:00,N019,0.1,13.5,10.59,9.41,4.41,2.91
2025-01-13 03:00:00,N020,0.1,12.21,8.63,10.41,5.41,3.58
2025-01-13 04:00:00,N001,0.1,9.5,7.45,8.11,3.11,2.05
2025-01-13 04:00:00,N002,0.1,10.97,8.67,8.49,3.49,2.3
2025-01-13 04:00:00,N003,0.1,15.24,10.4,12.3,7.3,4.84
2025-01-13 04:00:00,N004,0.1,9.55,8.65,6.39,1.39,0.9
2025-01-13 04:00:00,N005,0.1,14.59,13.11,7.26,2.26,1.48
2025-01-13 04:00:00,N006,0.1,11.5,9.67,7.79,2.79,1.83
2025-01-13 04:00:00,N007,0.1,12.75,11.34,7.15,2.15,1.41
2025-01-13 04:00:00,N008,0.1,12.97,9.3,10.54,5.54,3.67
2025-01-13 04:00:00,N009,0.1,8.23,6.85,7.11,2.11,1.38
2025-01-13 04:00:00,N010,0.1,12.47,10.56,7.9,2.9,1.91
2025-01-13 04:00:00,N011,0.1,8.03,5.91,8.22,3.22,2.12
2025-01-13 04:00:00,N012,0.1,13.5,8.89,11.96,6.96,4.61
2025-01-13 04:00:00,N013,0.1,11.49,8.79,9.09,4.09,2.7
2025-01-13 04:00:00,N014,0.1,11.7,8.94,9.18,4.18,2.76
2025-01-13 04:00:00,N015,0.1,10.31,7.26,9.61,4.61,3.05
2025-01-13 04:00:00,N016,0.1,7.11,6.42,6.07,1.07,0.69
2025-01-13 04:00:00,N017,0.1,12.11,9.49,8.97,3.97,2.62
2025-01-13 04:00:00,N018,0.1,13.78,10.18,10.44,5.44,3.6
2025-01-13 04:00:00,N019,0.1,12.79,10.72,8.14,3.14,2.07
2025-01-13 04:00:00,N020,0.1,8.85,7.39,7.23,2.23,1.46
2025-01-13 05:00:00,N001,0.1,12.62,8.92,10.59,5.59,3.7
2025-01-13 05:00:00,N002,0.1,15.14,13.88,6.93,1.93,1.26
2025-01-13 05:00:00,N003,0.1,15.06,11.0,11.13,6.13,4.06
2025-01-13 05:00:00,N004,0.1,11.8,8.61,9.83,4.83,3.19
2025-01-13 05:00:00,N005,0.1,9.55,6.88,9.04,4.04,2.67
2025-01-13 05:00:00,N006,0.1,10.16,7.99,8.29,3.29,2.17
2025-01-13 05:00:00,N007,0.1,9.36,8.29,6.65,1.65,1.07
2025-01-13 05:00:00,N008,0.1,11.71,8.96,9.17,4.17,2.75
2025-01-13 05:00:00,N009,0.1,12.32,9.69,8.98,3.98,2.63
2025-01-13 05:00:00,N010,0.1,11.95,9.1,9.32,4.32,2.85
2025-01-13 05:00:00,N011,0.1,10.09,8.2,7.88,2.88,1.89
2025-01-13 05:00:00,N012,0.1,11.49,8.41,9.66,4.66,3.08
2025-01-13 05:00:00,N013,0.1,12.03,10.26,7.7,2.7,1.77
2025-01-13 05:00:00,N014,0.1,14.01,13.25,6.18,1.18,0.76
2025-01-13 05:00:00,N015,0.1,7.97,7.52,5.72,0.72,0.45
2025-01-13 05:00:00,N016,0.1,12.04,9.0,9.6,4.6,3.04
2025-01-13 05:00:00,N017,0.1,8.88,6.67,8.35,3.35,2.21
2025-01-13 05:00:00,N018,0.1,11.74,7.78,10.98,5.98,3.96
2025-01-13 05:00:00,N019,0.1,14.44,13.66,6.21,1.21,0.78
2025-01-13 05:00:00,N020,0.1,10.6,9.91,6.07,1.07,0.69
2025-01-13 06:00:00,N001,0.1,8.84,6.09,9.17,4.17,2.75
2025-01-13 06:00:00,N002,0.1,12.89,9.76,9.74,4.74,3.13
2025-01-13 06:00:00,N003,0.1,9.3,8.81,5.78,0.78,0.49
2025-01-13 06:00:00,N004,0.1,12.2,11.45,6.17,1.17,0.75
2025-01-13 06:00:00,N005,0.1,9.74,7.78,7.98,2.98,1.96
2025-01-13 06:00:00,N006,0.1,10.4,9.05,7.07,2.07,1.35
2025-01-13 06:00:00,N007,0.1,9.17,7.51,7.53,2.53,1.66
2025-01-13 06:00:00,N008,0.1,10.43,8.29,8.25,3.25,2.14
2025-01-13 06:00:00,N009,0.1,9.15,8.5,6.02,1.02,0.65
2025-01-13 06:00:00,N010,0.1,11.58,7.59,11.03,6.03,3.99
2025-01-13 06:00:00,N011,0.1,15.83,15.02,6.26,1.26,0.81
2025-01-13 06:00:00,N012,0.1,12.68,8.48,11.34,6.34,4.2
2025-01-13 06:00:00,N013,0.1,11.67,9.01,9.03,4.03,2.66
2025-01-13 06:00:00,N014,0.1,12.43,9.81,8.97,3.97,2.62
2025-01-13 06:00:00,N015,0.1,10.64,7.04,10.44,5.44,3.6
2025-01-13 06:00:00,N016,0.1,9.49,6.52,9.5,4.5,2.97
2025-01-13 06:00:00,N017,0.1,10.86,9.93,6.44,1.44,0.93
2025-01-13 06:00:00,N018,0.1,10.9,9.54,7.08,2.08,1.36
2025-01-13 06:00:00,N019,0.1,13.81,13.08,6.14,1.14,0.73
2025-01-13 06:00:00,N020,0.1,12.81,9.23,10.41,5.41,3.58
2025-01-13 07:00:00,N001,0.2,10.72,8.77,8.0,3.0,1.95
2025-01-13 07:00:00,N002,0.2,8.48,6.55,7.98,2.98,1.93
2025-01-13 07:00:00,N003,0.2,13.77,11.58,8.37,3.37,2.19
2025-01-13 07:00:00,N004,0.2,12.67,11.16,7.35,2.35,1.51
2025-01-13 07:00:00,N005,0.2,10.26,8.92,7.09,2.09,1.34
2025-01-13 07:00:00,N006,0.2,14.17,13.45,6.16,1.16,0.72
2025-01-13 07:00:00,N007,0.2,13.83,9.62,11.39,6.39,4.21
2025-01-13 07:00:00,N008,0.2,13.75,11.33,8.71,3.71,2.42
2025-01-13 07:00:00,N009,0.2,14.71,12.74,8.04,3.04,1.97
2025-01-13 07:00:00,N010,0.2,11.9,8.66,9.94,4.94,3.24
2025-01-13 07:00:00,N011,0.2,13.57,9.47,11.23,6.23,4.1
2025-01-13 07:00:00,N012,0.2,16.18,13.41,9.24,4.24,2.77
2025-01-13 07:00:00,N013,0.2,13.2,9.92,10.0,5.0,3.28
2025-01-13 07:00:00,N014,0.2,15.41,14.51,6.43,1.43,0.9
2025-01-13 07:00:00,N015,0.2,13.93,9.16,12.23,7.23,4.77
2025-01-13 07:00:00,N016,0.2,12.79,11.94,6.35,1.35,0.85
2025-01-13 07:00:00,N017,0.2,12.9,9.49,10.2,5.2,3.41
2025-01-13 07:00:00,N018,0.2,12.23,11.1,6.77,1.77,1.13
2025-01-13 07:00:00,N019,0.2,14.55,13.7,6.35,1.35,0.85
2025-01-13 07:00:00,N020,0.2,13.23,11.13,8.23,3.23,2.1
2025-01-13 08:00:00,N001,2.8,48.66,41.04,17.55,12.55,7.62
2025-01-13 08:00:00,N002,2.8,55.1,48.81,15.55,10.55,6.29
2025-01-13 08:00:00,N003,2.8,50.83,41.93,19.47,14.47,8.9
2025-01-13 08:00:00,N004,2.8,47.56,45.14,9.75,4.75,2.42
2025-01-13 08:00:00,N005,2.8,49.41,44.63,13.29,8.29,4.78
2025-01-13 08:00:00,N006,2.8,48.31,44.4,11.99,6.99,3.91
2025-01-13 08:00:00,N007,2.8,48.55,43.97,12.99,7.99,4.58
2025-01-13 08:00:00,N008,2.8,49.24,42.33,16.48,11.48,6.91
2025-01-13 08:00:00,N009,2.8,47.47,31.76,29.69,24.69,15.71
2025-01-13 08:00:00,N010,2.8,46.7,34.69,24.14,19.14,12.01
2025-01-13 08:00:00,N011,2.8,52.19,42.3,20.96,15.96,9.89
2025-01-13 08:00:00,N012,2.8,47.91,39.49,18.75,13.75,8.42
2025-01-13 08:00:00,N013,2.8,51.76,33.84,33.0,28.0,17.92
2025-01-13 08:00:00,N014,2.8,47.94,39.01,19.51,14.51,8.93
2025-01-13 08:00:00,N015,2.8,50.58,39.7,22.44,17.44,10.88
2025-01-13 08:00:00,N016,2.8,43.89,38.91,13.59,8.59,4.98
2025-01-13 08:00:00,N017,2.8,50.33,41.71,19.05,14.05,8.62
2025-01-13 08:00:00,N018,2.8,47.84,42.13,14.68,9.68,5.71
2025-01-13 08:00:00,N019,2.8,47.25,37.8,20.29,15.29,9.45
2025-01-13 08:00:00,N020,2.8,46.83,40.46,15.67,10.67,6.37
2025-01-13 09:00:00,N001,0.1,9.96,7.35,8.96,3.96,2.61
2025-01-13 09:00:00,N002,0.1,13.19,9.93,9.93,4.93,3.26
2025-01-13 09:00:00,N003,0.1,10.16,7.73,8.69,3.69,2.43
2025-01-13 09:00:00,N004,0.1,11.61,9.02,8.92,3.92,2.59
2025-01-13 09:00:00,N005,0.1,12.46,10.65,7.75,2.75,1.81
2025-01-13 09:00:00,N006,0.1,10.86,8.81,8.11,3.11,2.05
2025-01-13 09:00:00,N007,0.1,5.23,4.09,6.75,1.75,1.14
2025-01-13 09:00:00,N008,0.1,10.53,8.96,7.4,2.4,1.57
2025-01-13 09:00:00,N009,0.1,10.18,8.98,6.84,1.84,1.2
2025-01-13 09:00:00,N010,0.1,7.59,5.0,8.92,3.92,2.59
2025-01-13 09:00:00,N011,0.1,12.69,10.46,8.38,3.38,2.23
2025-01-13 09:00:00,N012,0.1,12.11,8.67,10.2,5.2,3.44
2025-01-13 09:00:00,N013,0.1,10.63,8.57,8.13,3.13,2.06
2025-01-13 09:00:00,N014,0.1,8.42,6.15,8.45,3.45,2.27
2025-01-13 09:00:00,N015,0.1,14.45,11.09,10.08,5.08,3.36
2025-01-13 09:00:00,N016,0.1,8.57,6.19,8.61,3.61,2.38
2025-01-13 09:00:00,N017,0.1,10.7,9.44,6.93,1.93,1.26
2025-01-13 09:00:00,N018,0.1,10.98,9.15,7.79,2.79,1.83
2025-01-13 09:00:00,N019,0.1,10.51,8.09,8.67,3.67,2.42
2025-01-13 09:00:00,N020,0.1,12.89,9.95,9.45,4.45,2.94
2025-01-13 10:00:00,N001,0.2,12.06,8.11,11.01,6.01,3.95
2025-01-13 10:00:00,N002,0.2,11.06,7.34,10.66,5.66,3.72
2025-01-13 10:00:00,N003,0.2,14.28,9.81,11.79,6.79,4.47
2025-01-13 10:00:00,N004,0.2,12.02,11.41,6.0,1.0,0.61
2025-01-13 10:00:00,N005,0.2,11.3,7.95,10.11,5.11,3.35
2025-01-13 10:00:00,N006,0.2,10.97,7.92,9.65,4.65,3.05
2025-01-13 10:00:00,N007,0.2,11.7,8.46,9.94,4.94,3.24
2025-01-13 10:00:00,N008,0.2,14.77,13.65,6.76,1.76,1.12
2025-01-13 10:00:00,N009,0.2,16.47,12.85,10.51,5.51,3.62
2025-01-13 10:00:00,N010,0.2,10.96,8.39,8.93,3.93,2.57
2025-01-13 10:00:00,N011,0.2,13.18,11.41,7.74,2.74,1.77
2025-01-13 10:00:00,N012,0.2,13.11,9.58,10.38,5.38,3.53
2025-01-13 10:00:00,N013,0.2,15.15,9.89,12.97,7.97,5.26
2025-01-13 10:00:00,N014,0.2,15.14,12.86,8.5,3.5,2.28
2025-01-13 10:00:00,N015,0.2,13.47,10.22,9.96,4.96,3.25
2025-01-13 10:00:00,N016,0.2,14.18,12.37,7.79,2.79,1.81
2025-01-13 10:00:00,N017,0.2,9.74,7.94,7.78,2.78,1.8
2025-01-13 10:00:00,N018,0.2,14.43,10.31,11.26,6.26,4.12
2025-01-13 10:00:00,N019,0.2,14.53,11.68,9.36,4.36,2.85
2025-01-13 10:00:00,N020,0.2,12.14,10.63,7.35,2.35,1.51
2025-01-13 11:00:00,N001,0.0,8.16,6.7,7.19,2.19,1.46
2025-01-13 11:00:00,N002,0.0,8.57,6.07,8.75,3.75,2.5
2025-01-13 11:00:00,N003,0.0,7.33,6.43,6.35,1.35,0.9
2025-01-13 11:00:00,N004,0.0,13.7,8.95,12.12,7.12,4.75
2025-01-13 11:00:00,N005,0.0,9.7,7.75,7.92,2.92,1.95
2025-01-13 11:00:00,N006,0.0,12.04,8.08,10.94,5.94,3.96
2025-01-13 11:00:00,N007,0.0,8.39,5.75,8.96,3.96,2.64
2025-01-13 11:00:00,N008,0.0,12.43,8.77,10.49,5.49,3.66
2025-01-13 11:00:00,N009,0.0,11.44,9.92,7.28,2.28,1.52
2025-01-13 11:00:00,N010,0.0,9.37,7.75,7.43,2.43,1.62
2025-01-13 11:00:00,N011,0.0,10.84,8.53,8.46,3.46,2.31
2025-01-13 11:00:00,N012,0.0,9.97,7.06,9.37,4.37,2.91
2025-01-13 11:00:00,N013,0.0,8.46,6.07,8.58,3.58,2.39
2025-01-13 11:00:00,N014,0.0,10.23,8.15,8.12,3.12,2.08
2025-01-13 11:00:00,N015,0.0,10.2,8.88,6.98,1.98,1.32
2025-01-13 11:00:00,N016,0.0,13.31,12.26,6.58,1.58,1.05
2025-01-13 11:00:00,N017,0.0,13.08,9.11,10.96,5.96,3.97
2025-01-13 11:00:00,N018,0.0,10.87,7.3,10.35,5.35,3.57
2025-01-13 11:00:00,N019,0.0,9.41,7.33,8.12,3.12,2.08
2025-01-13 11:00:00,N020,0.0,6.02,5.17,6.27,1.27,0.85
2025-01-13 12:00:00,N001,0.2,16.52,12.52,11.08,6.08,4.0
2025-01-13 12:00:00,N002,0.2,13.68,10.46,9.91,4.91,3.22
2025-01-13 12:00:00,N003,0.2,14.54,9.79,12.21,7.21,4.75
2025-01-13 12:00:00,N004,0.2,16.12,12.27,10.86,5.86,3.85
2025-01-13 12:00:00,N005,0.2,11.41,8.41,9.58,4.58,3.0
2025-01-13 12:00:00,N006,0.2,13.91,12.37,7.39,2.39,1.54
2025-01-13 12:00:00,N007,0.2,13.12,11.71,7.19,2.19,1.41
2025-01-13 12:00:00,N008,0.2,15.91,11.72,11.37,6.37,4.19
2025-01-13 12:00:00,N009,0.2,13.94,11.79,8.3,3.3,2.15
2025-01-13 12:00:00,N010,0.2,10.84,7.37,10.29,5.29,3.47
2025-01-13 12:00:00,N011,0.2,12.87,10.64,8.42,3.42,2.23
2025-01-13 12:00:00,N012,0.2,14.61,10.08,11.88,6.88,4.53
2025-01-13 12:00:00,N013,0.2,10.04,9.21,6.32,1.32,0.83
2025-01-13 12:00:00,N014,0.2,11.87,9.44,8.73,3.73,2.43
2025-01-13 12:00:00,N015,0.2,13.37,12.03,7.09,2.09,1.34
2025-01-13 12:00:00,N016,0.2,13.06,9.06,11.08,6.08,4.0
2025-01-13 12:00:00,N017,0.2,12.51,9.04,10.29,5.29,3.47
2025-01-13 12:00:00,N018,0.2,9.06,7.75,7.04,2.04,1.31
2025-01-13 12:00:00,N019,0.2,15.05,11.91,9.79,4.79,3.14
2025-01-13 12:00:00,N020,0.2,12.53,8.43,11.23,6.23,4.1
2025-01-13 13:00:00,N001,0.0,13.33,9.16,11.25,6.25,4.17
2025-01-13 13:00:00,N002,0.0,12.6,11.41,6.78,1.78,1.19
2025-01-13 13:00:00,N003,0.0,10.78,8.94,7.76,2.76,1.84
2025-01-13 13:00:00,N004,0.0,11.64,9.06,8.87,3.87,2.58
2025-01-13 13:00:00,N005,0.0,10.72,10.03,6.03,1.03,0.69
2025-01-13 13:00:00,N006,0.0,13.77,10.03,10.61,5.61,3.74
2025-01-13 13:00:00,N007,0.0,11.39,9.12,8.41,3.41,2.27
2025-01-13 13:00:00,N008,0.0,10.38,8.02,8.54,3.54,2.36
2025-01-13 13:00:00,N009,0.0,9.22,6.18,9.56,4.56,3.04
2025-01-13 13:00:00,N010,0.0,12.19,9.42,9.16,4.16,2.77
2025-01-13 13:00:00,N011,0.0,8.22,7.04,6.77,1.77,1.18
2025-01-13 13:00:00,N012,0.0,11.31,9.39,7.88,2.88,1.92
2025-01-13 13:00:00,N013,0.0,9.3,7.77,7.29,2.29,1.53
2025-01-13 13:00:00,N014,0.0,13.89,10.81,9.62,4.62,3.08
2025-01-13 13:00:00,N015,0.0,8.48,6.92,7.34,2.34,1.56
2025-01-13 13:00:00,N016,0.0,5.38,3.69,7.54,2.54,1.69
2025-01-13 13:00:00,N017,0.0,9.73,6.63,9.65,4.65,3.1
2025-01-13 13:00:00,N018,0.0,9.98,8.96,6.53,1.53,1.02
2025-01-13 13:00:00,N019,0.0,6.49,5.07,7.13,2.13,1.42
2025-01-13 13:00:00,N020,0.0,10.62,9.13,7.23,2.23,1.49
2025-01-13 14:00:00,N001,0.0,11.43,9.03,8.6,3.6,2.4
2025-01-13 14:00:00,N002,0.0,12.31,9.62,9.04,4.04,2.69
2025-01-13 14:00:00,N003,0.0,9.99,8.57,7.13,2.13,1.42
2025-01-13 14:00:00,N004,0.0,5.03,3.84,6.78,1.78,1.19
2025-01-13 14:00:00,N005,0.0,6.41,5.04,7.06,2.06,1.37
2025-01-13 14:00:00,N006,0.0,7.54,6.48,6.59,1.59,1.06
2025-01-13 14:00:00,N007,0.0,10.6,8.91,7.54,2.54,1.69
2025-01-13 14:00:00,N008,0.0,11.15,7.78,10.05,5.05,3.37
2025-01-13 14:00:00,N009,0.0,10.22,7.92,8.45,3.45,2.3
2025-01-13 14:00:00,N010,0.0,8.78,7.08,7.55,2.55,1.7
2025-01-13 14:00:00,N011,0.0,7.31,6.89,5.63,0.63,0.42
2025-01-13 14:00:00,N012,0.0,12.17,8.98,9.79,4.79,3.19
2025-01-13 14:00:00,N013,0.0,7.82,5.32,8.75,3.75,2.5
2025-01-13 14:00:00,N014,0.0,7.05,5.36,7.54,2.54,1.69
2025-01-13 14:00:00,N015,0.0,10.36,8.35,8.01,3.01,2.01
2025-01-13 14:00:00,N016,0.0,13.7,11.46,8.36,3.36,2.24
2025-01-13 14:00:00,N017,0.0,10.46,6.85,10.42,5.42,3.61
2025-01-13 14:00:00,N018,0.0,8.45,6.96,7.23,2.23,1.49
2025-01-13 14:00:00,N019,0.0,8.52,7.1,7.13,2.13,1.42
2025-01-13 14:00:00,N020,0.0,9.75,7.83,7.88,2.88,1.92
2025-01-13 15:00:00,N001,0.0,8.56,7.64,6.38,1.38,0.92
2025-01-13 15:00:00,N002,0.0,9.99,7.1,9.33,4.33,2.89
2025-01-13 15:00:00,N003,0.0,9.23,6.2,9.54,4.54,3.03
2025-01-13 15:00:00,N004,0.0,11.78,9.77,8.01,3.01,2.01
2025-01-13 15:00:00,N005,0.0,11.6,7.6,11.0,6.0,4.0
2025-01-13 15:00:00,N006,0.0,8.51,6.79,7.58,2.58,1.72
2025-01-13 15:00:00,N007,0.0,9.39,7.0,8.58,3.58,2.39
2025-01-13 15:00:00,N008,0.0,11.17,10.38,6.19,1.19,0.79
2025-01-13 15:00:00,N009,0.0,12.28,9.44,9.26,4.26,2.84
2025-01-13 15:00:00,N010,0.0,8.94,7.18,7.64,2.64,1.76
2025-01-13 15:00:00,N011,0.0,14.02,10.48,10.31,5.31,3.54
2025-01-13 15:00:00,N012,0.0,9.24,7.89,7.03,2.03,1.35
2025-01-13 15:00:00,N013,0.0,8.91,8.39,5.78,0.78,0.52
2025-01-13 15:00:00,N014,0.0,11.56,8.07,10.24,5.24,3.49
2025-01-13 15:00:00,N015,0.0,5.14,4.71,5.65,0.65,0.43
2025-01-13 15:00:00,N016,0.0,10.47,8.59,7.82,2.82,1.88
2025-01-13 15:00:00,N017,0.0,11.01,7.3,10.56,5.56,3.71
2025-01-13 15:00:00,N018,0.0,10.77,7.23,10.31,5.31,3.54
2025-01-13 15:00:00,N019,0.0,7.19,5.82,7.06,2.06,1.37
2025-01-13 15:00:00,N020,0.0,8.83,7.85,6.47,1.47,0.98
2025-01-13 16:00:00,N001,0.0,10.43,9.89,5.81,0.81,0.54
2025-01-13 16:00:00,N002,0.0,10.23,8.88,7.03,2.03,1.35
2025-01-13 16:00:00,N003,0.0,11.39,9.52,7.81,2.81,1.87
2025-01-13 16:00:00,N004,0.0,5.79,3.91,7.82,2.82,1.88
2025-01-13 16:00:00,N005,0.0,8.22,5.77,8.68,3.68,2.45
2025-01-13 16:00:00,N006,0.0,6.1,4.64,7.19,2.19,1.46
2025-01-13 16:00:00,N007,0.0,8.53,7.5,6.54,1.54,1.03
2025-01-13 16:00:00,N008,0.0,9.98,7.0,9.47,4.47,2.98
2025-01-13 16:00:00,N009,0.0,11.36,9.93,7.15,2.15,1.43
2025-01-13 16:00:00,N010,0.0,14.76,13.36,7.1,2.1,1.4
2025-01-13 16:00:00,N011,0.0,8.76,7.65,6.67,1.67,1.11
2025-01-13 16:00:00,N012,0.0,10.59,8.88,7.56,2.56,1.71
2025-01-13 16:00:00,N013,0.0,9.51,6.49,9.53,4.53,3.02
2025-01-13 16:00:00,N014,0.0,11.11,7.43,10.52,5.52,3.68
2025-01-13 16:00:00,N015,0.0,9.72,8.38,7.01,2.01,1.34
2025-01-13 16:00:00,N016,0.0,8.33,7.38,6.42,1.42,0.95
2025-01-13 16:00:00,N017,0.0,8.1,6.15,7.92,2.92,1.95
2025-01-13 16:00:00,N018,0.0,10.15,9.16,6.48,1.48,0.99
2025-01-13 16:00:00,N019,0.0,7.72,7.11,5.92,0.92,0.61
2025-01-13 16:00:00,N020,0.0,8.69,6.57,8.18,3.18,2.12
2025-01-13 17:00:00,N001,0.0,13.18,10.91,8.41,3.41,2.27
2025-01-13 17:00:00,N002,0.0,11.09,8.08,9.51,4.51,3.01
2025-01-13 17:00:00,N003,0.0,11.82,10.3,7.28,2.28,1.52
2025-01-13 17:00:00,N004,0.0,8.35,6.05,8.45,3.45,2.3
2025-01-13 17:00:00,N005,0.0,11.73,8.21,10.28,5.28,3.52
2025-01-13 17:00:00,N006,0.0,11.19,9.21,7.97,2.97,1.98
2025-01-13 17:00:00,N007,0.0,12.74,8.9,10.76,5.76,3.84
2025-01-13 17:00:00,N008,0.0,5.2,4.1,6.65,1.65,1.1
2025-01-13 17:00:00,N009,0.0,11.25,9.36,7.83,2.83,1.89
2025-01-13 17:00:00,N010,0.0,10.06,9.55,5.77,0.77,0.51
2025-01-13 17:00:00,N011,0.0,10.87,8.7,8.25,3.25,2.17
2025-01-13 17:00:00,N012,0.0,10.63,7.53,9.65,4.65,3.1
2025-01-13 17:00:00,N013,0.0,11.23,7.59,10.46,5.46,3.64
2025-01-13 17:00:00,N014,0.0,10.58,7.74,9.26,4.26,2.84
2025-01-13 17:00:00,N015,0.0,12.96,11.59,7.06,2.06,1.37
2025-01-13 17:00:00,N016,0.0,11.88,10.82,6.59,1.59,1.06
2025-01-13 17:00:00,N017,0.0,11.02,7.97,9.57,4.57,3.05
2025-01-13 17:00:00,N018,0.0,10.73,8.4,8.5,3.5,2.33
2025-01-13 17:00:00,N019,0.0,9.84,7.36,8.72,3.72,2.48
2025-01-13 17:00:00,N020,0.0,11.97,11.0,6.46,1.46,0.97
2025-01-13 18:00:00,N001,0.0,12.78,11.94,6.26,1.26,0.84
2025-01-13 18:00:00,N002,0.0,9.29,8.15,6.71,1.71,1.14
2025-01-13 18:00:00,N003,0.0,9.97,9.1,6.3,1.3,0.87
2025-01-13 18:00:00,N004,0.0,8.22,6.09,8.19,3.19,2.13
2025-01-13 18:00:00,N005,0.0,7.48,5.28,8.3,3.3,2.2
2025-01-13 18:00:00,N006,0.0,9.56,8.12,7.16,2.16,1.44
2025-01-13 18:00:00,N007,0.0,13.42,9.19,11.35,6.35,4.23
2025-01-13 18:00:00,N008,0.0,9.74,7.0,9.11,4.11,2.74
2025-01-13 18:00:00,N009,0.0,9.11,6.8,8.46,3.46,2.31
2025-01-13 18:00:00,N010,0.0,9.84,9.05,6.19,1.19,0.79
2025-01-13 18:00:00,N011,0.0,7.13,5.32,7.71,2.71,1.81
2025-01-13 18:00:00,N012,0.0,11.1,9.46,7.46,2.46,1.64
2025-01-13 18:00:00,N013,0.0,5.37,3.53,7.76,2.76,1.84
2025-01-13 18:00:00,N014,0.0,11.25,7.68,10.35,5.35,3.57
2025-01-13 18:00:00,N015,0.0,9.37,7.17,8.3,3.3,2.2
2025-01-13 18:00:00,N016,0.0,10.46,9.35,6.67,1.67,1.11
2025-01-13 18:00:00,N017,0.0,7.05,4.68,8.56,3.56,2.37
2025-01-13 18:00:00,N018,0.0,10.89,9.54,7.03,2.03,1.35
2025-01-13 18:00:00,N019,0.0,7.95,7.21,6.11,1.11,0.74
2025-01-13 18:00:00,N020,0.0,12.03,8.53,10.25,5.25,3.5
2025-01-13 19:00:00,N001,0.0,11.77,10.35,7.13,2.13,1.42
2025-01-13 19:00:00,N002,0.0,10.07,7.83,8.36,3.36,2.24
2025-01-13 19:00:00,N003,0.0,8.94,7.61,7.0,2.0,1.33
2025-01-13 19:00:00,N004,0.0,9.19,7.55,7.46,2.46,1.64
2025-01-13 19:00:00,N005,0.0,11.65,9.06,8.88,3.88,2.59
2025-01-13 19:00:00,N006,0.0,11.49,9.67,7.73,2.73,1.82
2025-01-13 19:00:00,N007,0.0,13.5,9.39,11.17,6.17,4.11
2025-01-13 19:00:00,N008,0.0,6.88,5.9,6.47,1.47,0.98
2025-01-13 19:00:00,N009,0.0,9.94,7.7,8.36,3.36,2.24
2025-01-13 19:00:00,N010,0.0,12.86,9.95,9.37,4.37,2.91
2025-01-13 19:00:00,N011,0.0,10.14,9.01,6.69,1.69,1.13
2025-01-13 19:00:00,N012,0.0,13.86,11.19,9.0,4.0,2.67
2025-01-13 19:00:00,N013,0.0,8.66,7.56,6.65,1.65,1.1
2025-01-13 19:00:00,N014,0.0,18.96,14.65,11.46,6.46,4.31
2025-01-13 19:00:00,N015,0.0,12.2,10.12,8.12,3.12,2.08
2025-01-13 19:00:00,N016,0.0,13.76,9.74,11.03,6.03,4.02
2025-01-13 19:00:00,N017,0.0,7.78,5.36,8.63,3.63,2.42
2025-01-13 19:00:00,N018,0.0,7.99,7.18,6.22,1.22,0.81
2025-01-13 19:00:00,N019,0.0,8.87,7.98,6.33,1.33,0.89
2025-01-13 19:00:00,N020,0.0,14.15,12.18,7.96,2.96,1.97
2025-01-13 20:00:00,N001,0.0,13.91,10.97,9.41,4.41,2.94
2025-01-13 20:00:00,N002,0.0,12.98,9.83,9.72,4.72,3.15
2025-01-13 20:00:00,N003,0.0,10.41,8.5,7.86,2.86,1.91
2025-01-13 20:00:00,N004,0.0,10.18,7.18,9.5,4.5,3.0
2025-01-13 20:00:00,N005,0.0,9.12,7.76,7.04,2.04,1.36
2025-01-13 20:00:00,N006,0.0,10.4,6.92,10.22,5.22,3.48
2025-01-13 20:00:00,N007,0.0,8.97,6.03,9.41,4.41,2.94
2025-01-13 20:00:00,N008,0.0,11.8,8.3,10.25,5.25,3.5
2025-01-13 20:00:00,N009,0.0,8.58,6.02,8.84,3.84,2.56
2025-01-13 20:00:00,N010,0.0,12.18,10.43,7.62,2.62,1.75
2025-01-13 20:00:00,N011,0.0,12.22,8.78,10.16,5.16,3.44
2025-01-13 20:00:00,N012,0.0,13.34,12.21,6.69,1.69,1.13
2025-01-13 20:00:00,N013,0.0,11.28,7.98,9.95,4.95,3.3
2025-01-13 20:00:00,N014,0.0,7.43,6.2,6.84,1.84,1.23
2025-01-13 20:00:00,N015,0.0,8.35,7.8,5.83,0.83,0.55
2025-01-13 20:00:00,N016,0.0,7.91,7.0,6.36,1.36,0.91
2025-01-13 20:00:00,N017,0.0,7.24,6.46,6.17,1.17,0.78
2025-01-13 20:00:00,N018,0.0,8.39,7.58,6.22,1.22,0.81
2025-01-13 20:00:00,N019,0.0,8.06,5.29,9.16,4.16,2.77
2025-01-13 20:00:00,N020,0.0,9.39,6.62,9.16,4.16,2.77
2025-01-13 21:00:00,N001,0.0,10.4,9.79,5.92,0.92,0.61
2025-01-13 21:00:00,N002,0.0,11.02,7.94,9.62,4.62,3.08
2025-01-13 21:00:00,N003,0.0,8.83,5.85,9.47,4.47,2.98
2025-01-13 21:00:00,N004,0.0,8.7,7.24,7.19,2.19,1.46
2025-01-13 21:00:00,N005,0.0,12.76,11.38,7.07,2.07,1.38
2025-01-13 21:00:00,N006,0.0,12.38,8.44,10.91,5.91,3.94
2025-01-13 21:00:00,N007,0.0,9.7,6.73,9.46,4.46,2.97
2025-01-13 21:00:00,N008,0.0,8.78,6.46,8.48,3.48,2.32
2025-01-13 21:00:00,N009,0.0,11.33,8.02,9.96,4.96,3.31
2025-01-13 21:00:00,N010,0.0,12.2,8.1,11.15,6.15,4.1
2025-01-13 21:00:00,N011,0.0,8.55,6.5,8.07,3.07,2.05
2025-01-13 21:00:00,N012,0.0,7.56,5.91,7.47,2.47,1.65
2025-01-13 21:00:00,N013,0.0,11.1,9.94,6.74,1.74,1.16
2025-01-13 21:00:00,N014,0.0,9.21,7.16,8.07,3.07,2.05
2025-01-13 21:00:00,N015,0.0,10.52,7.87,8.97,3.97,2.65
2025-01-13 21:00:00,N016,0.0,10.04,8.84,6.8,1.8,1.2
2025-01-13 21:00:00,N017,0.0,8.98,7.97,6.52,1.52,1.01
2025-01-13 21:00:00,N018,0.0,11.67,10.31,7.04,2.04,1.36
2025-01-13 21:00:00,N019,0.0,7.17,5.16,8.01,3.01,2.01
2025-01-13 21:00:00,N020,0.0,11.16,8.55,8.92,3.92,2.61
2025-01-13 22:00:00,N001,0.0,9.21,6.91,8.45,3.45,2.3
2025-01-13 22:00:00,N002,0.0,12.21,10.19,8.03,3.03,2.02
2025-01-13 22:00:00,N003,0.0,10.58,9.62,6.44,1.44,0.96
2025-01-13 22:00:00,N004,0.0,15.5,14.39,6.67,1.67,1.11
2025-01-13 22:00:00,N005,0.0,6.59,4.93,7.49,2.49,1.66
2025-01-13 22:00:00,N006,0.0,12.26,10.99,6.91,1.91,1.27
2025-01-13 22:00:00,N007,0.0,8.61,6.46,8.22,3.22,2.15
2025-01-13 22:00:00,N008,0.0,11.76,7.74,11.03,6.03,4.02
2025-01-13 22:00:00,N009,0.0,10.55,7.58,9.46,4.46,2.97
2025-01-13 22:00:00,N010,0.0,9.63,8.75,6.32,1.32,0.88
2025-01-13 22:00:00,N011,0.0,9.42,8.48,6.41,1.41,0.94
2025-01-13 22:00:00,N012,0.0,10.94,9.78,6.74,1.74,1.16
2025-01-13 22:00:00,N013,0.0,11.76,8.2,10.34,5.34,3.56
2025-01-13 22:00:00,N014,0.0,10.08,8.18,7.85,2.85,1.9
2025-01-13 22:00:00,N015,0.0,9.03,5.98,9.57,4.57,3.05
2025-01-13 22:00:00,N016,0.0,11.61,10.04,7.35,2.35,1.57
2025-01-13 22:00:00,N017,0.0,7.52,6.77,6.12,1.12,0.75
2025-01-13 22:00:00,N018,0.0,8.86,6.43,8.65,3.65,2.43
2025-01-13 22:00:00,N019,0.0,11.41,10.79,5.93,0.93,0.62
2025-01-13 22:00:00,N020,0.0,11.99,9.59,8.6,3.6,2.4
2025-01-13 23:00:00,N001,0.0,11.65,8.57,9.62,4.62,3.08
2025-01-13 23:00:00,N002,0.0,9.51,8.35,6.74,1.74,1.16
2025-01-13 23:00:00,N003,0.0,13.35,11.29,8.09,3.09,2.06
2025-01-13 23:00:00,N004,0.0,12.93,9.79,9.71,4.71,3.14
2025-01-13 23:00:00,N005,0.0,8.87,5.86,9.51,4.51,3.01
2025-01-13 23:00:00,N006,0.0,12.24,11.52,6.08,1.08,0.72
2025-01-13 23:00:00,N007,0.0,8.59,7.05,7.31,2.31,1.54
2025-01-13 23:00:00,N008,0.0,9.81,6.71,9.65,4.65,3.1
2025-01-13 23:00:00,N009,0.0,10.09,7.62,8.71,3.71,2.47
2025-01-13 23:00:00,N010,0.0,11.33,9.41,7.88,2.88,1.92
2025-01-13 23:00:00,N011,0.0,12.57,9.12,10.18,5.18,3.45
2025-01-13 23:00:00,N012,0.0,9.69,7.18,8.76,3.76,2.51
2025-01-13 23:00:00,N013,0.0,10.76,8.65,8.17,3.17,2.11
2025-01-13 23:00:00,N014,0.0,8.93,6.81,8.18,3.18,2.12
2025-01-13 23:00:00,N015,0.0,9.6,7.5,8.15,3.15,2.1
2025-01-13 23:00:00,N016,0.0,8.13,6.64,7.23,2.23,1.49
2025-01-13 23:00:00,N017,0.0,12.18,10.92,6.89,1.89,1.26
2025-01-13 23:00:00,N018,0.0,10.5,7.77,9.09,4.09,2.73
2025-01-13 23:00:00,N019,0.0,8.12,5.84,8.42,3.42,2.28
2025-01-13 23:00:00,N020,0.0,7.22,5.94,6.92,1.92,1.28
2025-01-14 00:00:00,N001,0.0,11.34,8.85,8.74,3.74,2.49
2025-01-14 00:00:00,N002,0.0,9.16,7.1,8.09,3.09,2.06
2025-01-14 00:00:00,N003,0.0,10.78,8.14,8.96,3.96,2.64
2025-01-14 00:00:00,N004,0.0,12.15,10.48,7.5,2.5,1.67
2025-01-14 00:00:00,N005,0.0,6.6,5.43,6.75,1.75,1.17
2025-01-14 00:00:00,N006,0.0,6.39,4.95,7.16,2.16,1.44
2025-01-14 00:00:00,N007,0.0,11.47,9.18,8.44,3.44,2.29
2025-01-14 00:00:00,N008,0.0,8.18,5.83,8.53,3.53,2.35
2025-01-14 00:00:00,N009,0.0,9.35,8.35,6.5,1.5,1.0
2025-01-14 00:00:00,N010,0.0,11.41,9.29,8.18,3.18,2.12
2025-01-14 00:00:00,N011,0.0,10.13,6.71,10.13,5.13,3.42
2025-01-14 00:00:00,N012,0.0,11.57,7.55,11.03,6.03,4.02
2025-01-14 00:00:00,N013,0.0,9.65,8.72,6.4,1.4,0.93
2025-01-14 00:00:00,N014,0.0,11.59,9.65,7.91,2.91,1.94
2025-01-14 00:00:00,N015,0.0,11.69,7.78,10.87,5.87,3.91
2025-01-14 00:00:00,N016,0.0,8.97,6.55,8.63,3.63,2.42
2025-01-14 00:00:00,N017,0.0,11.9,10.15,7.62,2.62,1.75
2025-01-14 00:00:00,N018,0.0,7.58,5.26,8.48,3.48,2.32
2025-01-14 00:00:00,N019,0.0,11.65,10.96,6.03,1.03,0.69
2025-01-14 00:00:00,N020,0.0,10.03,8.55,7.22,2.22,1.48
2025-01-14 01:00:00,N001,0.0,12.87,10.46,8.62,3.62,2.41
2025-01-14 01:00:00,N002,0.0,12.92,10.11,9.21,4.21,2.81
2025-01-14 01:00:00,N003,0.0,7.83,5.24,8.88,3.88,2.59
2025-01-14 01:00:00,N004,0.0,10.14,6.95,9.79,4.79,3.19
2025-01-14 01:00:00,N005,0.0,10.99,7.59,10.1,5.1,3.4
2025-01-14 01:00:00,N006,0.0,9.39,6.43,9.44,4.44,2.96
2025-01-14 01:00:00,N007,0.0,12.69,10.56,8.19,3.19,2.13
2025-01-14 01:00:00,N008,0.0,9.46,7.12,8.51,3.51,2.34
2025-01-14 01:00:00,N009,0.0,9.89,7.37,8.78,3.78,2.52
2025-01-14 01:00:00,N010,0.0,12.31,10.78,7.29,2.29,1.53
2025-01-14 01:00:00,N011,0.0,8.65,5.84,9.21,4.21,2.81
2025-01-14 01:00:00,N012,0.0,11.43,9.47,7.94,2.94,1.96
2025-01-14 01:00:00,N013,0.0,9.3,6.85,8.68,3.68,2.45
2025-01-14 01:00:00,N014,0.0,9.86,7.85,8.01,3.01,2.01
2025-01-14 01:00:00,N015,0.0,9.95,8.59,7.04,2.04,1.36
2025-01-14 01:00:00,N016,0.0,8.52,6.01,8.76,3.76,2.51
2025-01-14 01:00:00,N017,0.0,8.68,7.35,7.0,2.0,1.33
2025-01-14 01:00:00,N018,0.0,8.44,7.14,6.95,1.95,1.3
2025-01-14 01:00:00,N019,0.0,7.09,6.55,5.81,0.81,0.54
2025-01-14 01:00:00,N020,0.0,13.45,10.75,9.05,4.05,2.7
2025-01-14 02:00:00,N001,0.0,11.95,10.51,7.16,2.16,1.44
2025-01-14 02:00:00,N002,0.0,8.49,5.84,8.97,3.97,2.65
2025-01-14 02:00:00,N003,0.0,9.99,8.24,7.62,2.62,1.75
2025-01-14 02:00:00,N004,0.0,11.47,8.16,9.96,4.96,3.31
2025-01-14 02:00:00,N005,0.0,13.66,10.25,10.12,5.12,3.41
2025-01-14 02:00:00,N006,0.0,8.3,7.26,6.56,1.56,1.04
2025-01-14 02:00:00,N007,0.0,8.89,5.84,9.57,4.57,3.05
2025-01-14 02:00:00,N008,0.0,10.36,9.15,6.81,1.81,1.21
2025-01-14 02:00:00,N009,0.0,8.39,6.87,7.28,2.28,1.52
2025-01-14 02:00:00,N010,0.0,15.51,13.68,7.75,2.75,1.83
2025-01-14 02:00:00,N011,0.0,13.33,9.2,11.2,6.2,4.13
2025-01-14 02:00:00,N012,0.0,8.26,5.48,9.17,4.17,2.78
2025-01-14 02:00:00,N013,0.0,12.86,10.58,8.42,3.42,2.28
2025-01-14 02:00:00,N014,0.0,10.4,7.82,8.87,3.87,2.58
2025-01-14 02:00:00,N015,0.0,7.18,5.02,8.24,3.24,2.16
2025-01-14 02:00:00,N016,0.0,7.91,6.56,7.03,2.03,1.35
2025-01-14 02:00:00,N017,0.0,10.29,8.77,7.28,2.28,1.52
2025-01-14 02:00:00,N018,0.0,11.18,9.68,7.25,2.25,1.5
2025-01-14 02:00:00,N019,0.0,8.96,6.43,8.79,3.79,2.53
2025-01-14 02:00:00,N020,0.0,11.23,10.28,6.42,1.42,0.95
2025-01-14 03:00:00,N001,0.0,7.58,6.1,7.22,2.22,1.48
2025-01-14 03:00:00,N002,0.0,7.02,6.38,5.96,0.96,0.64
2025-01-14 03:00:00,N003,0.0,14.02,9.86,11.24,6.24,4.16
2025-01-14 03:00:00,N004,0.0,9.79,7.82,7.96,2.96,1.97
2025-01-14 03:00:00,N005,0.0,9.11,7.81,6.95,1.95,1.3
2025-01-14 03:00:00,N006,0.0,11.7,10.07,7.44,2.44,1.63
2025-01-14 03:00:00,N007,0.0,10.92,8.74,8.27,3.27,2.18
2025-01-14 03:00:00,N008,0.0,12.09,10.15,7.91,2.91,1.94
2025-01-14 03:00:00,N009,0.0,8.11,7.65,5.69,0.69,0.46
2025-01-14 03:00:00,N010,0.0,9.49,7.51,7.97,2.97,1.98
2025-01-14 03:00:00,N011,0.0,12.05,10.34,7.56,2.56,1.71
2025-01-14 03:00:00,N012,0.0,9.99,6.58,10.12,5.12,3.41
2025-01-14 03:00:00,N013,0.0,11.13,9.24,7.83,2.83,1.89
2025-01-14 03:00:00,N014,0.0,11.93,9.15,9.17,4.17,2.78
2025-01-14 03:00:00,N015,0.0,9.87,6.69,9.77,4.77,3.18
2025-01-14 03:00:00,N016,0.0,10.41,7.86,8.82,3.82,2.55
2025-01-14 03:00:00,N017,0.0,10.89,8.05,9.26,4.26,2.84
2025-01-14 03:00:00,N018,0.0,9.19,7.89,6.95,1.95,1.3
2025-01-14 03:00:00,N019,0.0,13.04,9.29,10.62,5.62,3.75
2025-01-14 03:00:00,N020,0.0,12.52,11.18,7.01,2.01,1.34
2025-01-14 04:00:00,N001,0.0,9.92,6.95,9.46,4.46,2.97
2025-01-14 04:00:00,N002,0.0,7.72,6.26,7.19,2.19,1.46
2025-01-14 04:00:00,N003,0.0,8.63,7.81,6.23,1.23,0.82
2025-01-14 04:00:00,N004,0.0,7.95,6.26,7.54,2.54,1.69
2025-01-14 04:00:00,N005,0.0,7.11,5.48,7.44,2.44,1.63
2025-01-14 04:00:00,N006,0.0,12.91,9.5,10.12,5.12,3.41
2025-01-14 04:00:00,N007,0.0,9.66,6.64,9.53,4.53,3.02
2025-01-14 04:00:00,N008,0.0,10.34,6.84,10.25,5.25,3.5
2025-01-14 04:00:00,N009,0.0,8.66,7.04,7.43,2.43,1.62
2025-01-14 04:00:00,N010,0.0,6.93,5.59,7.01,2.01,1.34
2025-01-14 04:00:00,N011,0.0,6.01,4.89,6.68,1.68,1.12
2025-01-14 04:00:00,N012,0.0,10.2,9.53,6.01,1.01,0.67
2025-01-14 04:00:00,N013,0.0,8.1,6.88,6.83,1.83,1.22
2025-01-14 04:00:00,N014,0.0,13.0,10.89,8.17,3.17,2.11
2025-01-14 04:00:00,N015,0.0,9.31,8.58,6.09,1.09,0.73
2025-01-14 04:00:00,N016,0.0,11.54,10.9,5.96,0.96,0.64
2025-01-14 04:00:00,N017,0.0,9.44,8.69,6.12,1.12,0.75
2025-01-14 04:00:00,N018,0.0,13.0,9.45,10.32,5.32,3.55
2025-01-14 04:00:00,N019,0.0,11.4,9.95,7.17,2.17,1.45
2025-01-14 04:00:00,N020,0.0,5.0,3.86,6.71,1.71,1.14
2025-01-14 05:00:00,N001,0.0,9.7,7.3,8.6,3.6,2.4
2025-01-14 05:00:00,N002,0.0,12.78,9.11,10.5,5.5,3.67
2025-01-14 05:00:00,N003,0.0,8.39,6.72,7.5,2.5,1.67
2025-01-14 05:00:00,N004,0.0,11.52,9.23,8.44,3.44,2.29
2025-01-14 05:00:00,N005,0.0,5.0,4.05,6.42,1.42,0.95
2025-01-14 05:00:00,N006,0.0,7.16,4.73,8.65,3.65,2.43
2025-01-14 05:00:00,N007,0.0,8.34,6.92,7.13,2.13,1.42
2025-01-14 05:00:00,N008,0.0,8.62,8.08,5.81,0.81,0.54
2025-01-14 05:00:00,N009,0.0,8.08,6.39,7.54,2.54,1.69
2025-01-14 05:00:00,N010,0.0,8.85,7.24,7.42,2.42,1.61
2025-01-14 05:00:00,N011,0.0,12.03,8.4,10.45,5.45,3.63
2025-01-14 05:00:00,N012,0.0,8.26,7.63,5.95,0.95,0.63
2025-01-14 05:00:00,N013,0.0,10.58,7.15,10.15,5.15,3.43
2025-01-14 05:00:00,N014,0.0,12.28,10.75,7.29,2.29,1.53
2025-01-14 05:00:00,N015,0.0,7.47,6.7,6.16,1.16,0.77
2025-01-14 05:00:00,N016,0.0,8.66,5.98,9.02,4.02,2.68
2025-01-14 05:00:00,N017,0.0,8.21,7.78,5.65,0.65,0.43
2025-01-14 05:00:00,N018,0.0,10.54,8.29,8.38,3.38,2.25
2025-01-14 05:00:00,N019,0.0,10.61,7.08,10.29,5.29,3.53
2025-01-14 05:00:00,N020,0.0,10.3,9.03,6.91,1.91,1.27
2025-01-14 06:00:00,N001,0.0,8.44,7.46,6.47,1.47,0.98
2025-01-14 06:00:00,N002,0.0,10.8,9.84,6.44,1.44,0.96
2025-01-14 06:00:00,N003,0.0,6.91,6.11,6.2,1.2,0.8
2025-01-14 06:00:00,N004,0.0,11.93,9.07,9.29,4.29,2.86
2025-01-14 06:00:00,N005,0.0,11.79,10.81,6.47,1.47,0.98
2025-01-14 06:00:00,N006,0.0,13.24,9.73,10.26,5.26,3.51
2025-01-14 06:00:00,N007,0.0,7.38,6.23,6.72,1.72,1.15
2025-01-14 06:00:00,N008,0.0,10.31,9.22,6.64,1.64,1.09
2025-01-14 06:00:00,N009,0.0,14.2,10.79,10.12,5.12,3.41
2025-01-14 06:00:00,N010,0.0,6.48,5.55,6.4,1.4,0.93
2025-01-14 06:00:00,N011,0.0,6.19,4.41,7.67,2.67,1.78
2025-01-14 06:00:00,N012,0.0,9.6,6.4,9.8,4.8,3.2
2025-01-14 06:00:00,N013,0.0,10.07,7.46,8.92,3.92,2.61
2025-01-14 06:00:00,N014,0.0,12.24,8.99,9.88,4.88,3.25
2025-01-14 06:00:00,N015,0.0,10.2,8.78,7.13,2.13,1.42
2025-01-14 06:00:00,N016,0.0,12.06,9.31,9.12,4.12,2.75
2025-01-14 06:00:00,N017,0.0,7.57,6.25,6.98,1.98,1.32
2025-01-14 06:00:00,N018,0.0,7.42,6.78,5.96,0.96,0.64
2025-01-14 06:00:00,N019,0.0,8.87,6.36,8.76,3.76,2.51
2025-01-14 06:00:00,N020,0.0,11.26,9.38,7.82,2.82,1.88
2025-01-14 07:00:00,N001,0.0,9.59,7.57,8.03,3.03,2.02
2025-01-14 07:00:00,N002,0.0,11.43,9.79,7.46,2.46,1.64
2025-01-14 07:00:00,N003,0.0,9.17,8.6,5.85,0.85,0.57
2025-01-14 07:00:00,N004,0.0,6.55,4.43,8.18,3.18,2.12
2025-01-14 07:00:00,N005,0.0,10.06,8.24,7.73,2.73,1.82
2025-01-14 07:00:00,N006,0.0,12.18,10.09,8.13,3.13,2.09
2025-01-14 07:00:00,N007,0.0,9.62,6.97,8.97,3.97,2.65
2025-01-14 07:00:00,N008,0.0,10.83,9.08,7.62,2.62,1.75
2025-01-14 07:00:00,N009,0.0,10.02,6.63,10.08,5.08,3.39
2025-01-14 07:00:00,N010,0.0,13.22,9.37,10.78,5.78,3.85
2025-01-14 07:00:00,N011,0.0,9.52,8.11,7.11,2.11,1.41
2025-01-14 07:00:00,N012,0.0,11.86,10.98,6.32,1.32,0.88
2025-01-14 07:00:00,N013,0.0,8.38,5.71,9.0,4.0,2.67
2025-01-14 07:00:00,N014,0.0,8.39,6.72,7.5,2.5,1.67
2025-01-14 07:00:00,N015,0.0,9.46,8.17,6.94,1.94,1.29
2025-01-14 07:00:00,N016,0.0,10.51,9.78,6.09,1.09,0.73
2025-01-14 07:00:00,N017,0.0,11.25,7.69,10.34,5.34,3.56
2025-01-14 07:00:00,N018,0.0,12.33,11.69,5.96,0.96,0.64
2025-01-14 07:00:00,N019,0.0,14.85,12.86,7.98,2.98,1.99
2025-01-14 07:00:00,N020,0.0,9.84,7.06,9.17,4.17,2.78
2025-01-14 08:00:00,N001,0.0,10.29,7.68,8.92,3.92,2.61
2025-01-14 08:00:00,N002,0.0,10.66,9.77,6.33,1.33,0.89
2025-01-14 08:00:00,N003,0.0,9.05,6.65,8.6,3.6,2.4
2025-01-14 08:00:00,N004,0.0,9.8,8.09,7.56,2.56,1.71
2025-01-14 08:00:00,N005,0.0,12.79,8.72,11.11,6.11,4.07
2025-01-14 08:00:00,N006,0.0,11.72,8.16,10.34,5.34,3.56
2025-01-14 08:00:00,N007,0.0,10.42,9.13,6.94,1.94,1.29
2025-01-14 08:00:00,N008,0.0,8.74,7.43,6.97,1.97,1.31
2025-01-14 08:00:00,N009,0.0,8.19,5.77,8.63,3.63,2.42
2025-01-14 08:00:00,N010,0.0,11.87,8.74,9.7,4.7,3.13
2025-01-14 08:00:00,N011,0.0,11.06,10.41,5.98,0.98,0.65
2025-01-14 08:00:00,N012,0.0,12.43,11.6,6.24,1.24,0.83
2025-01-14 08:00:00,N013,0.0,7.75,5.39,8.54,3.54,2.36
2025-01-14 08:00:00,N014,0.0,7.51,6.02,7.23,2.23,1.49
2025-01-14 08:00:00,N015,0.0,9.57,7.61,7.94,2.94,1.96
2025-01-14 08:00:00,N016,0.0,11.13,8.92,8.31,3.31,2.21
2025-01-14 08:00:00,N017,0.0,10.7,8.15,8.82,3.82,2.55
2025-01-14 08:00:00,N018,0.0,9.57,8.8,6.16,1.16,0.77
2025-01-14 08:00:00,N019,0.0,8.02,7.15,6.3,1.3,0.87
2025-01-14 08:00:00,N020,0.0,8.24,7.26,6.47,1.47,0.98
2025-01-14 09:00:00,N001,0.0,10.37,8.27,8.15,3.15,2.1
2025-01-14 09:00:00,N002,0.0,12.56,8.29,11.4,6.4,4.27
2025-01-14 09:00:00,N003,0.0,7.65,5.69,7.94,2.94,1.96
2025-01-14 09:00:00,N004,0.0,9.7,7.55,8.22,3.22,2.15
2025-01-14 09:00:00,N005,0.0,9.79,6.58,9.81,4.81,3.21
2025-01-14 09:00:00,N006,0.0,13.1,10.68,8.63,3.63,2.42
2025-01-14 09:00:00,N007,0.0,7.61,5.11,8.75,3.75,2.5
2025-01-14 09:00:00,N008,0.0,13.35,9.88,10.21,5.21,3.47
2025-01-14 09:00:00,N009,0.0,12.95,12.08,6.3,1.3,0.87
2025-01-14 09:00:00,N010,0.0,12.02,10.38,7.46,2.46,1.64
2025-01-14 09:00:00,N011,0.0,6.95,6.22,6.09,1.09,0.73
2025-01-14 09:00:00,N012,0.0,10.27,8.49,7.67,2.67,1.78
2025-01-14 09:00:00,N013,0.0,11.72,10.59,6.69,1.69,1.13
2025-01-14 09:00:00,N014,0.0,7.81,5.11,9.05,4.05,2.7
2025-01-14 09:00:00,N015,0.0,8.37,5.95,8.63,3.63,2.42
2025-01-14 09:00:00,N016,0.0,8.78,6.34,8.66,3.66,2.44
2025-01-14 09:00:00,N017,0.0,11.28,10.72,5.84,0.84,0.56
2025-01-14 09:00:00,N018,0.0,13.38,11.75,7.44,2.44,1.63
2025-01-14 09:00:00,N019,0.0,12.8,8.41,11.58,6.58,4.39
2025-01-14 09:00:00,N020,0.0,8.74,6.25,8.74,3.74,2.49
2025-01-14 10:00:00,N001,0.0,7.15,5.83,6.98,1.98,1.32
2025-01-14 10:00:00,N002,0.0,14.91,12.16,9.12,4.12,2.75
2025-01-14 10:00:00,N003,0.0,9.08,7.18,7.85,2.85,1.9
2025-01-14 10:00:00,N004,0.0,11.77,8.99,9.17,4.17,2.78
2025-01-14 10:00:00,N005,0.0,12.96,9.79,9.75,4.75,3.17
2025-01-14 10:00:00,N006,0.0,13.63,11.36,8.41,3.41,2.27
2025-01-14 10:00:00,N007,0.0,9.22,6.19,9.54,4.54,3.03
2025-01-14 10:00:00,N008,0.0,8.84,5.8,9.56,4.56,3.04
2025-01-14 10:00:00,N009,0.0,11.5,8.98,8.78,3.78,2.52
2025-01-14 10:00:00,N010,0.0,7.54,6.69,6.27,1.27,0.85
2025-01-14 10:00:00,N011,0.0,10.95,7.36,10.38,5.38,3.59
2025-01-14 10:00:00,N012,0.0,9.57,8.72,6.27,1.27,0.85
2025-01-14 10:00:00,N013,0.0,14.07,9.97,11.15,6.15,4.1
2025-01-14 10:00:00,N014,0.0,9.17,7.25,7.88,2.88,1.92
2025-01-14 10:00:00,N015,0.0,14.46,9.65,12.21,7.21,4.81
2025-01-14 10:00:00,N016,0.0,9.3,7.67,7.44,2.44,1.63
2025-01-14 10:00:00,N017,0.0,10.55,8.55,8.0,3.0,2.0
2025-01-14 10:00:00,N018,0.0,14.17,9.28,12.33,7.33,4.89
2025-01-14 10:00:00,N019,0.0,8.76,6.09,9.0,4.0,2.67
2025-01-14 10:00:00,N020,0.0,10.41,9.27,6.71,1.71,1.14
2025-01-14 11:00:00,N001,0.0,11.65,8.39,9.89,4.89,3.26
2025-01-14 11:00:00,N002,0.0,7.13,6.34,6.19,1.19,0.79
2025-01-14 11:00:00,N003,0.0,10.58,9.4,6.77,1.77,1.18
2025-01-14 11:00:00,N004,0.0,10.56,9.2,7.04,2.04,1.36
2025-01-14 11:00:00,N005,0.0,13.97,9.82,11.23,6.23,4.15
2025-01-14 11:00:00,N006,0.0,8.4,7.01,7.08,2.08,1.39
2025-01-14 11:00:00,N007,0.0,10.45,8.95,7.25,2.25,1.5
2025-01-14 11:00:00,N008,0.0,7.82,6.9,6.38,1.38,0.92
2025-01-14 11:00:00,N009,0.0,10.83,9.25,7.37,2.37,1.58
2025-01-14 11:00:00,N010,0.0,10.39,8.42,7.96,2.96,1.97
2025-01-14 11:00:00,N011,0.0,13.56,8.95,11.92,6.92,4.61
2025-01-14 11:00:00,N012,0.0,11.11,7.48,10.45,5.45,3.63
2025-01-14 11:00:00,N013,0.0,8.78,6.56,8.33,3.33,2.22
2025-01-14 11:00:00,N014,0.0,10.81,7.73,9.62,4.62,3.08
2025-01-14 11:00:00,N015,0.0,10.49,8.63,7.79,2.79,1.86
2025-01-14 11:00:00,N016,0.0,12.08,8.47,10.42,5.42,3.61
2025-01-14 11:00:00,N017,0.0,10.17,7.55,8.93,3.93,2.62
2025-01-14 11:00:00,N018,0.0,9.62,8.68,6.41,1.41,0.94
2025-01-14 11:00:00,N019,0.0,9.69,6.77,9.38,4.38,2.92
2025-01-14 11:00:00,N020,0.0,9.35,6.11,9.86,4.86,3.24
2025-01-14 12:00:00,N001,0.0,10.79,8.18,8.92,3.92,2.61
2025-01-14 12:00:00,N002,0.0,9.64,7.89,7.62,2.62,1.75
2025-01-14 12:00:00,N003,0.0,8.96,7.86,6.65,1.65,1.1
2025-01-14 12:00:00,N004,0.0,11.03,7.46,10.35,5.35,3.57
2025-01-14 12:00:00,N005,0.0,10.12,8.35,7.66,2.66,1.77
2025-01-14 12:00:00,N006,0.0,9.38,6.35,9.54,4.54,3.03
2025-01-14 12:00:00,N007,0.0,12.14,7.99,11.23,6.23,4.15
2025-01-14 12:00:00,N008,0.0,11.92,9.83,8.13,3.13,2.09
2025-01-14 12:00:00,N009,0.0,11.81,8.07,10.61,5.61,3.74
2025-01-14 12:00:00,N010,0.0,11.2,10.59,5.92,0.92,0.61
2025-01-14 12:00:00,N011,0.0,12.1,10.33,7.66,2.66,1.77
2025-01-14 12:00:00,N012,0.0,8.34,7.81,5.8,0.8,0.53
2025-01-14 12:00:00,N013,0.0,7.86,6.64,6.83,1.83,1.22
2025-01-14 12:00:00,N014,0.0,9.72,6.59,9.7,4.7,3.13
2025-01-14 12:00:00,N015,0.0,11.6,8.24,10.04,5.04,3.36
2025-01-14 12:00:00,N016,0.0,11.29,7.37,10.88,5.88,3.92
2025-01-14 12:00:00,N017,0.0,8.33,6.39,7.91,2.91,1.94
2025-01-14 12:00:00,N018,0.0,6.78,5.12,7.49,2.49,1.66
2025-01-14 12:00:00,N019,0.0,11.31,7.97,10.01,5.01,3.34
2025-01-14 12:00:00,N020,0.0,10.0,6.99,9.51,4.51,3.01
2025-01-14 13:00:00,N001,0.0,10.22,6.93,9.94,4.94,3.29
2025-01-14 13:00:00,N002,0.0,7.86,5.76,8.15,3.15,2.1
2025-01-14 13:00:00,N003,0.0,10.82,8.24,8.87,3.87,2.58
2025-01-14 13:00:00,N004,0.0,10.02,9.15,6.3,1.3,0.87
2025-01-14 13:00:00,N005,0.0,13.15,11.36,7.69,2.69,1.79
2025-01-14 13:00:00,N006,0.0,8.32,6.75,7.35,2.35,1.57
2025-01-14 13:00:00,N007,0.0,7.26,6.0,6.89,1.89,1.26
2025-01-14 13:00:00,N008,0.0,9.99,6.57,10.13,5.13,3.42
2025-01-14 13:00:00,N009,0.0,14.42,10.27,11.23,6.23,4.15
2025-01-14 13:00:00,N010,0.0,12.27,10.6,7.5,2.5,1.67
2025-01-14 13:00:00,N011,0.0,12.18,11.25,6.4,1.4,0.93
2025-01-14 13:00:00,N012,0.0,10.67,8.2,8.71,3.71,2.47
2025-01-14 13:00:00,N013,0.0,9.51,7.07,8.66,3.66,2.44
2025-01-14 13:00:00,N014,0.0,9.18,6.49,9.04,4.04,2.69
2025-01-14 13:00:00,N015,0.0,8.76,6.78,7.97,2.97,1.98
2025-01-14 13:00:00,N016,0.0,11.69,9.04,8.97,3.97,2.65
2025-01-14 13:00:00,N017,0.0,12.72,11.31,7.11,2.11,1.41
2025-01-14 13:00:00,N018,0.0,10.03,8.93,6.65,1.65,1.1
2025-01-14 13:00:00,N019,0.0,12.09,10.07,8.03,3.03,2.02
2025-01-14 13:00:00,N020,0.0,10.29,9.02,6.91,1.91,1.27
2025-01-14 14:00:00,N001,0.0,8.76,6.6,8.24,3.24,2.16
2025-01-14 14:00:00,N002,0.0,9.01,6.71,8.45,3.45,2.3
2025-01-14 14:00:00,N003,0.0,10.64,8.61,8.04,3.04,2.03
2025-01-14 14:00:00,N004,0.0,9.81,9.03,6.17,1.17,0.78
2025-01-14 14:00:00,N005,0.0,11.83,8.51,9.98,4.98,3.32
2025-01-14 14:00:00,N006,0.0,10.05,8.53,7.28,2.28,1.52
2025-01-14 14:00:00,N007,0.0,14.28,9.38,12.35,7.35,4.9
2025-01-14 14:00:00,N008,0.0,10.03,8.12,7.86,2.86,1.91
2025-01-14 14:00:00,N009,0.0,10.99,9.07,7.88,2.88,1.92
2025-01-14 14:00:00,N010,0.0,7.68,6.47,6.81,1.81,1.21
2025-01-14 14:00:00,N011,0.0,10.41,8.89,7.28,2.28,1.52
2025-01-14 14:00:00,N012,0.0,12.42,8.86,10.34,5.34,3.56
2025-01-14 14:00:00,N013,0.0,8.7,6.72,7.97,2.97,1.98
2025-01-14 14:00:00,N014,0.0,9.1,8.3,6.2,1.2,0.8
2025-01-14 14:00:00,N015,0.0,6.16,4.54,7.43,2.43,1.62
2025-01-14 14:00:00,N016,0.0,11.31,8.5,9.21,4.21,2.81
2025-01-14 14:00:00,N017,0.0,13.02,9.61,10.12,5.12,3.41
2025-01-14 14:00:00,N018,0.0,10.53,9.5,6.54,1.54,1.03
2025-01-14 14:00:00,N019,0.0,14.07,12.29,7.67,2.67,1.78
2025-01-14 14:00:00,N020,0.0,11.64,10.79,6.27,1.27,0.85
2025-01-14 15:00:00,N001,0.0,11.04,9.05,7.98,2.98,1.99
2025-01-14 15:00:00,N002,0.0,8.63,6.62,8.01,3.01,2.01
2025-01-14 15:00:00,N003,0.0,7.0,4.64,8.54,3.54,2.36
2025-01-14 15:00:00,N004,0.0,10.21,9.2,6.52,1.52,1.01
2025-01-14 15:00:00,N005,0.0,9.43,6.17,9.89,4.89,3.26
2025-01-14 15:00:00,N006,0.0,10.54,9.14,7.1,2.1,1.4
2025-01-14 15:00:00,N007,0.0,13.47,10.89,8.87,3.87,2.58
2025-01-14 15:00:00,N008,0.0,10.47,9.86,5.92,0.92,0.61
2025-01-14 15:00:00,N009,0.0,10.87,8.2,9.0,4.0,2.67
2025-01-14 15:00:00,N010,0.0,11.33,8.47,9.29,4.29,2.86
2025-01-14 15:00:00,N011,0.0,11.83,8.97,9.29,4.29,2.86
2025-01-14 15:00:00,N012,0.0,11.8,11.2,5.9,0.9,0.6
2025-01-14 15:00:00,N013,0.0,10.24,7.27,9.46,4.46,2.97
2025-01-14 15:00:00,N014,0.0,7.92,6.59,7.0,2.0,1.33
2025-01-14 15:00:00,N015,0.0,10.91,7.78,9.7,4.7,3.13
2025-01-14 15:00:00,N016,0.0,8.89,6.87,8.03,3.03,2.02
2025-01-14 15:00:00,N017,0.0,5.54,4.05,7.23,2.23,1.49
2025-01-14 15:00:00,N018,0.0,9.47,8.44,6.54,1.54,1.03
2025-01-14 15:00:00,N019,0.0,8.07,5.41,8.99,3.99,2.66
2025-01-14 15:00:00,N020,0.0,8.82,7.1,7.58,2.58,1.72
2025-01-14 16:00:00,N001,0.0,6.17,4.18,7.98,2.98,1.99
2025-01-14 16:00:00,N002,0.0,9.93,7.58,8.53,3.53,2.35
2025-01-14 16:00:00,N003,0.0,10.71,9.63,6.62,1.62,1.08
2025-01-14 16:00:00,N004,0.0,11.18,7.38,10.7,5.7,3.8
2025-01-14 16:00:00,N005,0.0,10.69,9.34,7.03,2.03,1.35
2025-01-14 16:00:00,N006,0.0,8.14,6.9,6.86,1.86,1.24
2025-01-14 16:00:00,N007,0.0,10.84,10.01,6.24,1.24,0.83
2025-01-14 16:00:00,N008,0.0,12.96,9.85,9.67,4.67,3.11
2025-01-14 16:00:00,N009,0.0,8.96,6.0,9.44,4.44,2.96
2025-01-14 16:00:00,N010,0.0,13.26,12.46,6.2,1.2,0.8
2025-01-14 16:00:00,N011,0.0,10.78,7.84,9.41,4.41,2.94
2025-01-14 16:00:00,N012,0.0,15.96,11.68,11.42,6.42,4.28
2025-01-14 16:00:00,N013,0.0,7.24,6.26,6.47,1.47,0.98
2025-01-14 16:00:00,N014,0.0,9.53,8.87,5.99,0.99,0.66
2025-01-14 16:00:00,N015,0.0,8.92,6.09,9.25,4.25,2.83
2025-01-14 16:00:00,N016,0.0,10.28,9.09,6.78,1.78,1.19
2025-01-14 16:00:00,N017,0.0,11.76,10.91,6.27,1.27,0.85
2025-01-14 16:00:00,N018,0.0,12.17,11.21,6.44,1.44,0.96
2025-01-14 16:00:00,N019,0.0,8.46,5.51,9.43,4.43,2.95
2025-01-14 16:00:00,N020,0.0,9.22,6.72,8.75,3.75,2.5
2025-01-14 17:00:00,N001,0.0,10.69,8.12,8.85,3.85,2.57
2025-01-14 17:00:00,N002,0.0,11.39,10.24,6.72,1.72,1.15
2025-01-14 17:00:00,N003,0.0,9.15,7.27,7.82,2.82,1.88
2025-01-14 17:00:00,N004,0.0,7.8,5.4,8.6,3.6,2.4
2025-01-14 17:00:00,N005,0.0,9.62,6.48,9.71,4.71,3.14
2025-01-14 17:00:00,N006,0.0,9.7,8.78,6.38,1.38,0.92
2025-01-14 17:00:00,N007,0.0,7.78,7.2,5.87,0.87,0.58
2025-01-14 17:00:00,N008,0.0,9.31,8.47,6.26,1.26,0.84
2025-01-14 17:00:00,N009,0.0,8.9,7.97,6.4,1.4,0.93
2025-01-14 17:00:00,N010,0.0,10.11,8.05,8.09,3.09,2.06
2025-01-14 17:00:00,N011,0.0,11.75,10.02,7.59,2.59,1.73
2025-01-14 17:00:00,N012,0.0,11.15,8.44,9.06,4.06,2.71
2025-01-14 17:00:00,N013,0.0,6.82,5.01,7.71,2.71,1.81
2025-01-14 17:00:00,N014,0.0,10.9,8.14,9.14,4.14,2.76
2025-01-14 17:00:00,N015,0.0,9.3,6.53,9.16,4.16,2.77
2025-01-14 17:00:00,N016,0.0,12.07,8.26,10.71,5.71,3.81
2025-01-14 17:00:00,N017,0.0,10.65,7.6,9.57,4.57,3.05
2025-01-14 17:00:00,N018,0.0,8.01,7.28,6.09,1.09,0.73
2025-01-14 17:00:00,N019,0.0,9.09,7.57,7.28,2.28,1.52
2025-01-14 17:00:00,N020,0.0,10.31,8.03,8.42,3.42,2.28
2025-01-14 18:00:00,N001,0.0,8.31,6.96,7.03,2.03,1.35
2025-01-14 18:00:00,N002,0.0,10.3,8.43,7.81,2.81,1.87
2025-01-14 18:00:00,N003,0.0,12.89,9.09,10.7,5.7,3.8
2025-01-14 18:00:00,N004,0.0,12.54,8.36,11.27,6.27,4.18
2025-01-14 18:00:00,N005,0.0,12.11,11.12,6.48,1.48,0.99
2025-01-14 18:00:00,N006,0.0,14.26,13.46,6.2,1.2,0.8
2025-01-14 18:00:00,N007,0.0,9.32,8.4,6.38,1.38,0.92
2025-01-14 18:00:00,N008,0.0,10.36,9.27,6.64,1.64,1.09
2025-01-14 18:00:00,N009,0.0,8.23,7.61,5.93,0.93,0.62
2025-01-14 18:00:00,N010,0.0,6.76,6.14,5.93,0.93,0.62
2025-01-14 18:00:00,N011,0.0,8.71,5.78,9.4,4.4,2.93
2025-01-14 18:00:00,N012,0.0,12.05,9.56,8.74,3.74,2.49
2025-01-14 18:00:00,N013,0.0,10.47,7.39,9.62,4.62,3.08
2025-01-14 18:00:00,N014,0.0,12.3,11.2,6.65,1.65,1.1
2025-01-14 18:00:00,N015,0.0,11.74,10.21,7.29,2.29,1.53
2025-01-14 18:00:00,N016,0.0,10.1,6.88,9.83,4.83,3.22
2025-01-14 18:00:00,N017,0.0,9.5,6.63,9.3,4.3,2.87
2025-01-14 18:00:00,N018,0.0,9.73,7.02,9.06,4.06,2.71
2025-01-14 18:00:00,N019,0.0,10.16,8.12,8.06,3.06,2.04
2025-01-14 18:00:00,N020,0.0,10.79,10.2,5.89,0.89,0.59
2025-01-14 19:00:00,N001,0.0,10.06,8.56,7.25,2.25,1.5
2025-01-14 19:00:00,N002,0.0,10.13,7.25,9.32,4.32,2.88
2025-01-14 19:00:00,N003,0.0,9.45,6.17,9.92,4.92,3.28
2025-01-14 19:00:00,N004,0.0,10.34,9.05,6.94,1.94,1.29
2025-01-14 19:00:00,N005,0.0,9.1,8.01,6.64,1.64,1.09
2025-01-14 19:00:00,N006,0.0,8.06,7.27,6.19,1.19,0.79
2025-01-14 19:00:00,N007,0.0,10.33,7.83,8.75,3.75,2.5
2025-01-14 19:00:00,N008,0.0,10.82,9.0,7.73,2.73,1.82
2025-01-14 19:00:00,N009,0.0,11.25,10.32,6.4,1.4,0.93
2025-01-14 19:00:00,N010,0.0,13.88,10.96,9.38,4.38,2.92
2025-01-14 19:00:00,N011,0.0,11.76,7.69,11.11,6.11,4.07
2025-01-14 19:00:00,N012,0.0,11.13,8.38,9.12,4.12,2.75
2025-01-14 19:00:00,N013,0.0,7.36,6.42,6.41,1.41,0.94
2025-01-14 19:00:00,N014,0.0,11.97,9.14,9.25,4.25,2.83
2025-01-14 19:00:00,N015,0.0,11.93,10.84,6.64,1.64,1.09
2025-01-14 19:00:00,N016,0.0,10.08,9.52,5.84,0.84,0.56
2025-01-14 19:00:00,N017,0.0,9.53,8.35,6.77,1.77,1.18
2025-01-14 19:00:00,N018,0.0,11.43,8.48,9.43,4.43,2.95
2025-01-14 19:00:00,N019,0.0,12.22,9.39,9.25,4.25,2.83
2025-01-14 19:00:00,N020,0.0,9.79,6.5,9.94,4.94,3.29
2025-01-14 20:00:00,N001,0.0,8.69,6.93,7.64,2.64,1.76
2025-01-14 20:00:00,N002,0.0,11.26,9.08,8.27,3.27,2.18
2025-01-14 20:00:00,N003,0.0,6.03,5.31,6.08,1.08,0.72
2025-01-14 20:00:00,N004,0.0,11.05,8.86,8.29,3.29,2.19
2025-01-14 20:00:00,N005,0.0,11.41,7.57,10.76,5.76,3.84
2025-01-14 20:00:00,N006,0.0,10.5,9.94,5.84,0.84,0.56
2025-01-14 20:00:00,N007,0.0,10.99,8.66,8.5,3.5,2.33
2025-01-14 20:00:00,N008,0.0,9.94,8.42,7.28,2.28,1.52
2025-01-14 20:00:00,N009,0.0,9.31,6.87,8.66,3.66,2.44
2025-01-14 20:00:00,N010,0.0,9.53,7.77,7.64,2.64,1.76
2025-01-14 20:00:00,N011,0.0,9.0,6.55,8.68,3.68,2.45
2025-01-14 20:00:00,N012,0.0,6.48,5.3,6.77,1.77,1.18
2025-01-14 20:00:00,N013,0.0,8.5,5.57,9.4,4.4,2.93
2025-01-14 20:00:00,N014,0.0,11.24,9.94,6.95,1.95,1.3
2025-01-14 20:00:00,N015,0.0,9.65,7.41,8.36,3.36,2.24
2025-01-14 20:00:00,N016,0.0,8.86,6.7,8.24,3.24,2.16
2025-01-14 20:00:00,N017,0.0,10.62,9.37,6.88,1.88,1.25
2025-01-14 20:00:00,N018,0.0,10.12,8.08,8.06,3.06,2.04
2025-01-14 20:00:00,N019,0.0,9.12,7.35,7.66,2.66,1.77
2025-01-14 20:00:00,N020,0.0,13.58,10.96,8.93,3.93,2.62
2025-01-14 21:00:00,N001,0.0,11.32,10.57,6.12,1.12,0.75
2025-01-14 21:00:00,N002,0.0,9.54,7.8,7.61,2.61,1.74
2025-01-14 21:00:00,N003,0.0,12.01,9.32,9.04,4.04,2.69
2025-01-14 21:00:00,N004,0.0,14.68,10.08,11.9,6.9,4.6
2025-01-14 21:00:00,N005,0.0,11.46,9.3,8.24,3.24,2.16
2025-01-14 21:00:00,N006,0.0,8.98,8.33,5.98,0.98,0.65
2025-01-14 21:00:00,N007,0.0,8.58,6.68,7.85,2.85,1.9
2025-01-14 21:00:00,N008,0.0,13.34,12.22,6.68,1.68,1.12
2025-01-14 21:00:00,N009,0.0,9.19,6.6,8.88,3.88,2.59
2025-01-14 21:00:00,N010,0.0,8.99,5.93,9.59,4.59,3.06
2025-01-14 21:00:00,N011,0.0,12.51,10.36,8.22,3.22,2.15
2025-01-14 21:00:00,N012,0.0,13.94,13.01,6.4,1.4,0.93
2025-01-14 21:00:00,N013,0.0,8.91,6.65,8.39,3.39,2.26
2025-01-14 21:00:00,N014,0.0,9.63,8.17,7.19,2.19,1.46
2025-01-14 21:00:00,N015,0.0,8.33,6.19,8.21,3.21,2.14
2025-01-14 21:00:00,N016,0.0,11.63,11.05,5.87,0.87,0.58
2025-01-14 21:00:00,N017,0.0,8.39,6.68,7.56,2.56,1.71
2025-01-14 21:00:00,N018,0.0,13.31,11.96,7.03,2.03,1.35
2025-01-14 21:00:00,N019,0.0,6.3,5.71,5.89,0.89,0.59
2025-01-14 21:00:00,N020,0.0,9.37,7.97,7.1,2.1,1.4
2025-01-14 22:00:00,N001,0.0,10.09,6.65,10.16,5.16,3.44
2025-01-14 22:00:00,N002,0.0,8.6,6.37,8.34,3.34,2.23
2025-01-14 22:00:00,N003,0.0,10.93,9.48,7.17,2.17,1.45
2025-01-14 22:00:00,N004,0.0,10.57,7.23,10.01,5.01,3.34
2025-01-14 22:00:00,N005,0.0,12.32,11.43,6.33,1.33,0.89
2025-01-14 22:00:00,N006,0.0,13.22,12.52,6.05,1.05,0.7
2025-01-14 22:00:00,N007,0.0,7.95,5.6,8.53,3.53,2.35
2025-01-14 22:00:00,N008,0.0,10.05,8.62,7.15,2.15,1.43
2025-01-14 22:00:00,N009,0.0,8.15,5.5,8.97,3.97,2.65
2025-01-14 22:00:00,N010,0.0,9.86,8.75,6.67,1.67,1.11
2025-01-14 22:00:00,N011,0.0,14.97,12.55,8.63,3.63,2.42
2025-01-14 22:00:00,N012,0.0,12.38,9.67,9.06,4.06,2.71
2025-01-14 22:00:00,N013,0.0,12.61,8.88,10.59,5.59,3.73
2025-01-14 22:00:00,N014,0.0,12.02,8.03,10.99,5.99,3.99
2025-01-14 22:00:00,N015,0.0,12.48,8.27,11.31,6.31,4.21
2025-01-14 22:00:00,N016,0.0,11.69,7.9,10.69,5.69,3.79
2025-01-14 22:00:00,N017,0.0,7.07,5.54,7.29,2.29,1.53
2025-01-14 22:00:00,N018,0.0,10.49,8.87,7.43,2.43,1.62
2025-01-14 22:00:00,N019,0.0,7.76,6.9,6.29,1.29,0.86
2025-01-14 22:00:00,N020,0.0,8.43,6.12,8.46,3.46,2.31
2025-01-14 23:00:00,N001,0.0,8.91,8.27,5.96,0.96,0.64
2025-01-14 23:00:00,N002,0.0,13.58,10.63,9.43,4.43,2.95
2025-01-14 23:00:00,N003,0.0,10.72,7.21,10.26,5.26,3.51
2025-01-14 23:00:00,N004,0.0,9.18,6.77,8.62,3.62,2.41
2025-01-14 23:00:00,N005,0.0,6.38,5.84,5.81,0.81,0.54
2025-01-14 23:00:00,N006,0.0,9.72,8.32,7.1,2.1,1.4
2025-01-14 23:00:00,N007,0.0,8.57,5.8,9.16,4.16,2.77
2025-01-14 23:00:00,N008,0.0,11.32,10.24,6.62,1.62,1.08
2025-01-14 23:00:00,N009,0.0,8.65,5.62,9.54,4.54,3.03
2025-01-14 23:00:00,N010,0.0,12.39,10.1,8.44,3.44,2.29
2025-01-14 23:00:00,N011,0.0,13.06,11.85,6.81,1.81,1.21
2025-01-14 23:00:00,N012,0.0,12.24,11.29,6.42,1.42,0.95
2025-01-14 23:00:00,N013,0.0,7.58,6.48,6.65,1.65,1.1
2025-01-14 23:00:00,N014,0.0,10.61,10.03,5.87,0.87,0.58
2025-01-14 23:00:00,N015,0.0,9.74,8.17,7.35,2.35,1.57
2025-01-14 23:00:00,N016,0.0,8.48,7.97,5.77,0.77,0.51
2025-01-14 23:00:00,N017,0.0,12.92,11.05,7.81,2.81,1.87
2025-01-14 23:00:00,N018,0.0,9.54,7.94,7.4,2.4,1.6
2025-01-14 23:00:00,N019,0.0,11.65,8.43,9.83,4.83,3.22
2025-01-14 23:00:00,N020,0.0,10.61,7.33,9.92,4.92,3.28
2025-01-15 00:00:00,N001,0.0,9.33,7.75,7.37,2.37,1.58
2025-01-15 00:00:00,N002,0.0,7.4,6.85,5.83,0.83,0.55
2025-01-15 00:00:00,N003,0.0,9.61,8.27,7.01,2.01,1.34
2025-01-15 00:00:00,N004,0.0,11.52,8.81,9.06,4.06,2.71
2025-01-15 00:00:00,N005,0.0,6.43,5.06,7.06,2.06,1.37
2025-01-15 00:00:00,N006,0.0,7.98,6.96,6.53,1.53,1.02
2025-01-15 00:00:00,N007,0.0,8.85,5.77,9.62,4.62,3.08
2025-01-15 00:00:00,N008,0.0,12.56,11.16,7.1,2.1,1.4
2025-01-15 00:00:00,N009,0.0,9.1,8.39,6.06,1.06,0.71
2025-01-15 00:00:00,N010,0.0,14.52,12.92,7.4,2.4,1.6
2025-01-15 00:00:00,N011,0.0,8.99,7.37,7.43,2.43,1.62
2025-01-15 00:00:00,N012,0.0,10.16,7.94,8.33,3.33,2.22
2025-01-15 00:00:00,N013,0.0,8.98,8.0,6.47,1.47,0.98
2025-01-15 00:00:00,N014,0.0,13.09,8.89,11.3,6.3,4.2
2025-01-15 00:00:00,N015,0.0,15.33,14.42,6.36,1.36,0.91
2025-01-15 00:00:00,N016,0.0,13.75,11.38,8.56,3.56,2.37
2025-01-15 00:00:00,N017,0.0,10.23,7.15,9.62,4.62,3.08
2025-01-15 00:00:00,N018,0.0,10.49,8.66,7.75,2.75,1.83
2025-01-15 00:00:00,N019,0.0,11.65,9.07,8.87,3.87,2.58
2025-01-15 00:00:00,N020,0.0,12.75,8.84,10.87,5.87,3.91
2025-01-15 01:00:00,N001,0.0,9.39,6.32,9.6,4.6,3.07
2025-01-15 01:00:00,N002,0.0,9.39,6.76,8.94,3.94,2.63
2025-01-15 01:00:00,N003,0.0,11.7,8.34,10.04,5.04,3.36
2025-01-15 01:00:00,N004,0.0,9.87,9.14,6.09,1.09,0.73
2025-01-15 01:00:00,N005,0.0,13.73,10.48,9.88,4.88,3.25
2025-01-15 01:00:00,N006,0.0,6.87,5.88,6.48,1.48,0.99
2025-01-15 01:00:00,N007,0.0,8.04,7.29,6.12,1.12,0.75
2025-01-15 01:00:00,N008,0.0,11.9,8.31,10.38,5.38,3.59
2025-01-15 01:00:00,N009,0.0,11.56,7.53,11.04,6.04,4.03
2025-01-15 01:00:00,N010,0.0,9.15,6.84,8.46,3.46,2.31
2025-01-15 01:00:00,N011,0.0,7.31,5.49,7.73,2.73,1.82
2025-01-15 01:00:00,N012,0.0,5.71,4.77,6.41,1.41,0.94
2025-01-15 01:00:00,N013,0.0,5.97,5.0,6.46,1.46,0.97
2025-01-15 01:00:00,N014,0.0,10.63,9.81,6.23,1.23,0.82
2025-01-15 01:00:00,N015,0.0,16.14,14.31,7.75,2.75,1.83
2025-01-15 01:00:00,N016,0.0,5.65,4.13,7.28,2.28,1.52
2025-01-15 01:00:00,N017,0.0,10.55,8.79,7.64,2.64,1.76
2025-01-15 01:00:00,N018,0.0,12.07,8.98,9.63,4.63,3.09
2025-01-15 01:00:00,N019,0.0,10.78,8.22,8.84,3.84,2.56
2025-01-15 01:00:00,N020,0.0,8.69,7.01,7.52,2.52,1.68
2025-01-15 02:00:00,N001,0.0,7.94,7.38,5.84,0.84,0.56
2025-01-15 02:00:00,N002,0.0,10.96,9.76,6.8,1.8,1.2
2025-01-15 02:00:00,N003,0.0,9.39,8.39,6.5,1.5,1.0
2025-01-15 02:00:00,N004,0.0,11.32,7.41,10.87,5.87,3.91
2025-01-15 02:00:00,N005,0.0,9.74,9.14,5.9,0.9,0.6
2025-01-15 02:00:00,N006,0.0,10.17,7.82,8.53,3.53,2.35
2025-01-15 02:00:00,N007,0.0,6.35,4.71,7.46,2.46,1.64
2025-01-15 02:00:00,N008,0.0,7.56,5.31,8.38,3.38,2.25
2025-01-15 02:00:00,N009,0.0,11.33,8.38,9.43,4.43,2.95
2025-01-15 02:00:00,N010,0.0,10.44,9.39,6.58,1.58,1.05
2025-01-15 02:00:00,N011,0.0,9.88,8.2,7.52,2.52,1.68
2025-01-15 02:00:00,N012,0.0,10.38,8.17,8.31,3.31,2.21
2025-01-15 02:00:00,N013,0.0,12.83,8.97,10.79,5.79,3.86
2025-01-15 02:00:00,N014,0.0,11.7,8.98,9.08,4.08,2.72
2025-01-15 02:00:00,N015,0.0,11.07,9.51,7.34,2.34,1.56
2025-01-15 02:00:00,N016,0.0,13.31,9.16,11.23,6.23,4.15
2025-01-15 02:00:00,N017,0.0,16.19,15.07,6.68,1.68,1.12
2025-01-15 02:00:00,N018,0.0,6.86,5.3,7.34,2.34,1.56
2025-01-15 02:00:00,N019,0.0,10.25,8.17,8.12,3.12,2.08
2025-01-15 02:00:00,N020,0.0,7.59,5.06,8.79,3.79,2.53
2025-01-15 03:00:00,N001,0.1,12.66,8.41,11.42,6.42,4.25
2025-01-15 03:00:00,N002,0.1,13.86,9.72,11.25,6.25,4.14
2025-01-15 03:00:00,N003,0.1,11.34,9.89,7.21,2.21,1.45
2025-01-15 03:00:00,N004,0.1,12.96,9.87,9.67,4.67,3.09
2025-01-15 03:00:00,N005,0.1,8.58,7.36,6.87,1.87,1.22
2025-01-15 03:00:00,N006,0.1,7.48,5.28,8.34,3.34,2.2
2025-01-15 03:00:00,N007,0.1,9.9,8.39,7.31,2.31,1.51
2025-01-15 03:00:00,N008,0.1,9.69,7.42,8.45,3.45,2.27
2025-01-15 03:00:00,N009,0.1,8.51,5.74,9.2,4.2,2.77
2025-01-15 03:00:00,N010,0.1,13.16,11.85,7.0,2.0,1.31
2025-01-15 03:00:00,N011,0.1,10.38,7.61,9.2,4.2,2.77
2025-01-15 03:00:00,N012,0.1,11.8,9.52,8.46,3.46,2.28
2025-01-15 03:00:00,N013,0.1,7.47,6.52,6.46,1.46,0.95
2025-01-15 03:00:00,N014,0.1,11.02,10.28,6.15,1.15,0.74
2025-01-15 03:00:00,N015,0.1,13.12,11.01,8.21,3.21,2.11
2025-01-15 03:00:00,N016,0.1,9.69,8.53,6.78,1.78,1.16
2025-01-15 03:00:00,N017,0.1,10.72,7.35,10.09,5.09,3.37
2025-01-15 03:00:00,N018,0.1,13.31,10.09,9.87,4.87,3.22
2025-01-15 03:00:00,N019,0.1,12.18,11.25,6.44,1.44,0.93
2025-01-15 03:00:00,N020,0.1,9.44,6.63,9.25,4.25,2.81
2025-01-15 04:00:00,N001,0.0,8.84,7.63,6.81,1.81,1.21
2025-01-15 04:00:00,N002,0.0,11.65,7.87,10.67,5.67,3.78
2025-01-15 04:00:00,N003,0.0,12.48,8.22,11.39,6.39,4.26
2025-01-15 04:00:00,N004,0.0,10.64,7.05,10.38,5.38,3.59
2025-01-15 04:00:00,N005,0.0,13.08,8.69,11.58,6.58,4.39
2025-01-15 04:00:00,N006,0.0,11.82,9.05,9.16,4.16,2.77
2025-01-15 04:00:00,N007,0.0,10.53,8.7,7.75,2.75,1.83
2025-01-15 04:00:00,N008,0.0,9.21,6.03,9.77,4.77,3.18
2025-01-15 04:00:00,N009,0.0,10.91,9.75,6.74,1.74,1.16
2025-01-15 04:00:00,N010,0.0,13.64,9.38,11.39,6.39,4.26
2025-01-15 04:00:00,N011,0.0,10.14,9.43,6.06,1.06,0.71
2025-01-15 04:00:00,N012,0.0,11.39,9.36,8.04,3.04,2.03
2025-01-15 04:00:00,N013,0.0,8.28,6.41,7.81,2.81,1.87
2025-01-15 04:00:00,N014,0.0,13.39,10.64,9.12,4.12,2.75
2025-01-15 04:00:00,N015,0.0,10.73,9.3,7.15,2.15,1.43
2025-01-15 04:00:00,N016,0.0,10.69,8.19,8.75,3.75,2.5
2025-01-15 04:00:00,N017,0.0,7.83,5.46,8.56,3.56,2.37
2025-01-15 04:00:00,N018,0.0,9.99,8.62,7.06,2.06,1.37
2025-01-15 04:00:00,N019,0.0,10.92,9.7,6.83,1.83,1.22
2025-01-15 04:00:00,N020,0.0,9.21,8.01,6.8,1.8,1.2
2025-01-15 05:00:00,N001,0.0,6.92,4.57,8.53,3.53,2.35
2025-01-15 05:00:00,N002,0.0,7.61,6.43,6.77,1.77,1.18
2025-01-15 05:00:00,N003,0.0,13.94,11.21,9.09,4.09,2.73
2025-01-15 05:00:00,N004,0.0,7.92,5.71,8.31,3.31,2.21
2025-01-15 05:00:00,N005,0.0,9.01,6.41,8.9,3.9,2.6
2025-01-15 05:00:00,N006,0.0,13.37,12.62,6.12,1.12,0.75
2025-01-15 05:00:00,N007,0.0,11.04,9.05,7.98,2.98,1.99
2025-01-15 05:00:00,N008,0.0,7.68,6.15,7.29,2.29,1.53
2025-01-15 05:00:00,N009,0.0,9.2,8.11,6.64,1.64,1.09
2025-01-15 05:00:00,N010,0.0,10.8,10.1,6.05,1.05,0.7
2025-01-15 05:00:00,N011,0.0,7.24,6.13,6.67,1.67,1.11
2025-01-15 05:00:00,N012,0.0,6.78,4.45,8.5,3.5,2.33
2025-01-15 05:00:00,N013,0.0,9.63,8.47,6.74,1.74,1.16
2025-01-15 05:00:00,N014,0.0,7.77,7.19,5.87,0.87,0.58
2025-01-15 05:00:00,N015,0.0,9.02,6.22,9.2,4.2,2.8
2025-01-15 05:00:00,N016,0.0,10.6,7.95,8.97,3.97,2.65
2025-01-15 05:00:00,N017,0.0,12.8,11.22,7.37,2.37,1.58
2025-01-15 05:00:00,N018,0.0,10.86,8.58,8.42,3.42,2.28
2025-01-15 05:00:00,N019,0.0,8.38,6.81,7.35,2.35,1.57
2025-01-15 05:00:00,N020,0.0,10.42,9.65,6.16,1.16,0.77
2025-01-15 06:00:00,N001,0.0,12.21,10.92,6.94,1.94,1.29
2025-01-15 06:00:00,N002,0.0,9.94,7.2,9.11,4.11,2.74
2025-01-15 06:00:00,N003,0.0,5.46,5.14,5.48,0.48,0.32
2025-01-15 06:00:00,N004,0.0,6.82,4.82,8.0,3.0,2.0
2025-01-15 06:00:00,N005,0.0,7.6,4.96,8.96,3.96,2.64
2025-01-15 06:00:00,N006,0.0,11.5,9.22,8.42,3.42,2.28
2025-01-15 06:00:00,N007,0.0,7.49,5.79,7.55,2.55,1.7
2025-01-15 06:00:00,N008,0.0,9.91,6.47,10.16,5.16,3.44
2025-01-15 06:00:00,N009,0.0,10.13,6.73,10.1,5.1,3.4
2025-01-15 06:00:00,N010,0.0,10.48,7.55,9.4,4.4,2.93
2025-01-15 06:00:00,N011,0.0,7.92,6.46,7.19,2.19,1.46
2025-01-15 06:00:00,N012,0.0,8.38,6.77,7.42,2.42,1.61
2025-01-15 06:00:00,N013,0.0,10.38,7.21,9.75,4.75,3.17
2025-01-15 06:00:00,N014,0.0,11.88,10.02,7.79,2.79,1.86
2025-01-15 06:00:00,N015,0.0,11.24,10.47,6.16,1.16,0.77
2025-01-15 06:00:00,N016,0.0,15.49,10.49,12.5,7.5,5.0
2025-01-15 06:00:00,N017,0.0,13.1,9.72,10.07,5.07,3.38
2025-01-15 06:00:00,N018,0.0,12.97,10.44,8.79,3.79,2.53
2025-01-15 06:00:00,N019,0.0,11.41,8.97,8.66,3.66,2.44
2025-01-15 06:00:00,N020,0.0,9.26,8.07,6.78,1.78,1.19
2025-01-15 07:00:00,N001,0.0,9.59,8.24,7.03,2.03,1.35
2025-01-15 07:00:00,N002,0.0,10.62,9.29,7.0,2.0,1.33
2025-01-15 07:00:00,N003,0.0,8.77,7.94,6.24,1.24,0.83
2025-01-15 07:00:00,N004,0.0,6.69,5.53,6.74,1.74,1.16
2025-01-15 07:00:00,N005,0.0,10.44,9.83,5.92,0.92,0.61
2025-01-15 07:00:00,N006,0.0,9.77,8.76,6.52,1.52,1.01
2025-01-15 07:00:00,N007,0.0,8.91,5.85,9.59,4.59,3.06
2025-01-15 07:00:00,N008,0.0,12.1,11.37,6.09,1.09,0.73
2025-01-15 07:00:00,N009,0.0,12.46,10.95,7.27,2.27,1.51
2025-01-15 07:00:00,N010,0.0,7.32,6.08,6.86,1.86,1.24
2025-01-15 07:00:00,N011,0.0,8.87,6.91,7.94,2.94,1.96
2025-01-15 07:00:00,N012,0.0,11.91,8.41,10.25,5.25,3.5
2025-01-15 07:00:00,N013,0.0,8.11,5.36,9.12,4.12,2.75
2025-01-15 07:00:00,N014,0.0,13.22,11.17,8.07,3.07,2.05
2025-01-15 07:00:00,N015,0.0,10.25,9.44,6.22,1.22,0.81
2025-01-15 07:00:00,N016,0.0,10.52,7.75,9.16,4.16,2.77
2025-01-15 07:00:00,N017,0.0,10.76,9.29,7.21,2.21,1.47
2025-01-15 07:00:00,N018,0.0,11.13,10.49,5.96,0.96,0.64
2025-01-15 07:00:00,N019,0.0,9.75,6.66,9.63,4.63,3.09
2025-01-15 07:00:00,N020,0.0,10.65,9.74,6.36,1.36,0.91
2025-01-15 08:00:00,N001,0.0,12.62,11.16,7.19,2.19,1.46
2025-01-15 08:00:00,N002,0.0,6.98,5.18,7.7,2.7,1.8
2025-01-15 08:00:00,N003,0.0,5.84,5.26,5.87,0.87,0.58
2025-01-15 08:00:00,N004,0.0,8.41,7.68,6.09,1.09,0.73
2025-01-15 08:00:00,N005,0.0,12.33,10.87,7.19,2.19,1.46
2025-01-15 08:00:00,N006,0.0,8.76,5.98,9.17,4.17,2.78
2025-01-15 08:00:00,N007,0.0,8.67,5.83,9.26,4.26,2.84
2025-01-15 08:00:00,N008,0.0,6.91,5.98,6.4,1.4,0.93
2025-01-15 08:00:00,N009,0.0,12.44,10.28,8.24,3.24,2.16
2025-01-15 08:00:00,N010,0.0,11.44,9.53,7.86,2.86,1.91
2025-01-15 08:00:00,N011,0.0,12.91,11.1,7.71,2.71,1.81
2025-01-15 08:00:00,N012,0.0,11.37,7.43,10.91,5.91,3.94
2025-01-15 08:00:00,N013,0.0,9.35,8.47,6.32,1.32,0.88
2025-01-15 08:00:00,N014,0.0,10.86,9.96,6.35,1.35,0.9
2025-01-15 08:00:00,N015,0.0,9.84,7.55,8.44,3.44,2.29
2025-01-15 08:00:00,N016,0.0,11.37,8.86,8.76,3.76,2.51
2025-01-15 08:00:00,N017,0.0,10.02,8.75,6.91,1.91,1.27
2025-01-15 08:00:00,N018,0.0,13.4,11.24,8.24,3.24,2.16
2025-01-15 08:00:00,N019,0.0,6.91,5.63,6.92,1.92,1.28
2025-01-15 08:00:00,N020,0.0,5.48,4.73,6.12,1.12,0.75
2025-01-15 09:00:00,N001,0.0,13.17,8.67,11.75,6.75,4.5
2025-01-15 09:00:00,N002,0.0,10.66,8.33,8.5,3.5,2.33
2025-01-15 09:00:00,N003,0.0,14.04,10.48,10.34,5.34,3.56
2025-01-15 09:00:00,N004,0.0,11.05,9.5,7.33,2.33,1.55
2025-01-15 09:00:00,N005,0.0,13.71,12.07,7.46,2.46,1.64
2025-01-15 09:00:00,N006,0.0,5.0,4.42,5.87,0.87,0.58
2025-01-15 09:00:00,N007,0.0,13.78,10.65,9.7,4.7,3.13
2025-01-15 09:00:00,N008,0.0,11.41,10.77,5.96,0.96,0.64
2025-01-15 09:00:00,N009,0.0,10.35,7.41,9.41,4.41,2.94
2025-01-15 09:00:00,N010,0.0,10.0,6.62,10.07,5.07,3.38
2025-01-15 09:00:00,N011,0.0,11.45,10.87,5.87,0.87,0.58
2025-01-15 09:00:00,N012,0.0,12.99,11.48,7.27,2.27,1.51
2025-01-15 09:00:00,N013,0.0,10.74,10.2,5.81,0.81,0.54
2025-01-15 09:00:00,N014,0.0,10.13,7.21,9.38,4.38,2.92
2025-01-15 09:00:00,N015,0.0,13.71,8.91,12.2,7.2,4.8
2025-01-15 09:00:00,N016,0.0,10.06,7.25,9.21,4.21,2.81
2025-01-15 09:00:00,N017,0.0,7.57,7.06,5.77,0.77,0.51
2025-01-15 09:00:00,N018,0.0,11.73,7.96,10.66,5.66,3.77
2025-01-15 09:00:00,N019,0.0,10.02,7.5,8.78,3.78,2.52
2025-01-15 09:00:00,N020,0.0,8.46,5.65,9.21,4.21,2.81
2025-01-15 10:00:00,N001,0.0,10.57,9.84,6.09,1.09,0.73
2025-01-15 10:00:00,N002,0.0,10.64,8.19,8.68,3.68,2.45
2025-01-15 10:00:00,N003,0.0,8.82,6.05,9.16,4.16,2.77
2025-01-15 10:00:00,N004,0.0,10.79,8.8,7.98,2.98,1.99
2025-01-15 10:00:00,N005,0.0,8.49,6.72,7.66,2.66,1.77
2025-01-15 10:00:00,N006,0.0,13.79,12.5,6.94,1.94,1.29
2025-01-15 10:00:00,N007,0.0,9.3,6.92,8.57,3.57,2.38
2025-01-15 10:00:00,N008,0.0,10.38,8.17,8.31,3.31,2.21
2025-01-15 10:00:00,N009,0.0,10.02,8.57,7.17,2.17,1.45
2025-01-15 10:00:00,N010,0.0,10.71,7.65,9.59,4.59,3.06
2025-01-15 10:00:00,N011,0.0,10.99,8.29,9.05,4.05,2.7
2025-01-15 10:00:00,N012,0.0,10.66,9.43,6.84,1.84,1.23
2025-01-15 10:00:00,N013,0.0,11.0,8.77,8.34,3.34,2.23
2025-01-15 10:00:00,N014,0.0,6.59,4.84,7.62,2.62,1.75
2025-01-15 10:00:00,N015,0.0,12.19,8.49,10.55,5.55,3.7
2025-01-15 10:00:00,N016,0.0,11.38,8.27,9.67,4.67,3.11
2025-01-15 10:00:00,N017,0.0,11.78,8.35,10.15,5.15,3.43
2025-01-15 10:00:00,N018,0.0,9.68,7.67,8.01,3.01,2.01
2025-01-15 10:00:00,N019,0.0,10.73,9.86,6.3,1.3,0.87
2025-01-15 10:00:00,N020,0.0,10.56,9.81,6.12,1.12,0.75
2025-01-15 11:00:00,N001,0.0,11.46,9.91,7.33,2.33,1.55
2025-01-15 11:00:00,N002,0.0,9.64,9.15,5.73,0.73,0.49
2025-01-15 11:00:00,N003,0.0,8.83,6.71,8.18,3.18,2.12
2025-01-15 11:00:00,N004,0.0,12.68,9.19,10.24,5.24,3.49
2025-01-15 11:00:00,N005,0.0,10.52,9.72,6.2,1.2,0.8
2025-01-15 11:00:00,N006,0.0,7.02,4.73,8.44,3.44,2.29
2025-01-15 11:00:00,N007,0.0,8.37,6.42,7.92,2.92,1.95
2025-01-15 11:00:00,N008,0.0,8.3,6.83,7.21,2.21,1.47
2025-01-15 11:00:00,N009,0.0,5.96,5.35,5.92,0.92,0.61
2025-01-15 11:00:00,N010,0.0,11.09,7.49,10.4,5.4,3.6
2025-01-15 11:00:00,N011,0.0,8.5,5.92,8.87,3.87,2.58
2025-01-15 11:00:00,N012,0.0,9.16,6.56,8.9,3.9,2.6
2025-01-15 11:00:00,N013,0.0,7.5,6.83,6.01,1.01,0.67
2025-01-15 11:00:00,N014,0.0,10.41,7.08,10.0,5.0,3.33
2025-01-15 11:00:00,N015,0.0,12.16,9.43,9.09,4.09,2.73
2025-01-15 11:00:00,N016,0.0,13.18,9.54,10.46,5.46,3.64
2025-01-15 11:00:00,N017,0.0,6.7,6.2,5.75,0.75,0.5
2025-01-15 11:00:00,N018,0.0,8.04,7.15,6.33,1.33,0.89
2025-01-15 11:00:00,N019,0.0,10.68,9.64,6.56,1.56,1.04
2025-01-15 11:00:00,N020,0.0,10.39,8.43,7.94,2.94,1.96
2025-01-15 12:00:00,N001,0.0,5.52,4.25,6.91,1.91,1.27
2025-01-15 12:00:00,N002,0.0,13.09,9.92,9.75,4.75,3.17
2025-01-15 12:00:00,N003,0.0,5.0,4.31,6.03,1.03,0.69
2025-01-15 12:00:00,N004,0.0,9.94,6.77,9.75,4.75,3.17
2025-01-15 12:00:00,N005,0.0,8.77,6.39,8.57,3.57,2.38
2025-01-15 12:00:00,N006,0.0,9.21,8.62,5.89,0.89,0.59
2025-01-15 12:00:00,N007,0.0,10.98,9.53,7.17,2.17,1.45
2025-01-15 12:00:00,N008,0.0,10.43,7.8,8.94,3.94,2.63
2025-01-15 12:00:00,N009,0.0,9.54,7.02,8.78,3.78,2.52
2025-01-15 12:00:00,N010,0.0,9.95,8.87,6.62,1.62,1.08
2025-01-15 12:00:00,N011,0.0,13.96,11.34,8.93,3.93,2.62
2025-01-15 12:00:00,N012,0.0,10.37,7.64,9.09,4.09,2.73
2025-01-15 12:00:00,N013,0.0,11.96,8.36,10.4,5.4,3.6
2025-01-15 12:00:00,N014,0.0,8.71,6.9,7.71,2.71,1.81
2025-01-15 12:00:00,N015,0.0,14.19,9.83,11.54,6.54,4.36
2025-01-15 12:00:00,N016,0.0,9.04,8.34,6.05,1.05,0.7
2025-01-15 12:00:00,N017,0.0,10.97,9.59,7.07,2.07,1.38
2025-01-15 12:00:00,N018,0.0,8.26,7.7,5.84,0.84,0.56
2025-01-15 12:00:00,N019,0.0,12.1,10.55,7.33,2.33,1.55
2025-01-15 12:00:00,N020,0.0,10.73,8.25,8.72,3.72,2.48
2025-01-15 13:00:00,N001,0.1,14.54,12.66,7.86,2.86,1.88
2025-01-15 13:00:00,N002,0.1,9.13,6.46,9.04,4.04,2.67
2025-01-15 13:00:00,N003,0.1,10.03,9.13,6.39,1.39,0.9
2025-01-15 13:00:00,N004,0.1,11.99,10.74,6.92,1.92,1.25
2025-01-15 13:00:00,N005,0.1,10.78,7.64,9.75,4.75,3.14
2025-01-15 13:00:00,N006,0.1,12.45,10.18,8.45,3.45,2.27
2025-01-15 13:00:00,N007,0.1,13.01,11.48,7.33,2.33,1.53
2025-01-15 13:00:00,N008,0.1,8.34,6.01,8.54,3.54,2.33
2025-01-15 13:00:00,N009,0.1,12.15,8.51,10.5,5.5,3.64
2025-01-15 13:00:00,N010,0.1,9.42,6.98,8.7,3.7,2.44
2025-01-15 13:00:00,N011,0.1,11.65,9.58,8.14,3.14,2.07
2025-01-15 13:00:00,N012,0.1,9.49,6.53,9.48,4.48,2.96
2025-01-15 13:00:00,N013,0.1,15.46,13.28,8.31,3.31,2.18
2025-01-15 13:00:00,N014,0.1,9.04,7.64,7.14,2.14,1.4
2025-01-15 13:00:00,N015,0.1,11.98,11.36,5.97,0.97,0.62
2025-01-15 13:00:00,N016,0.1,10.25,8.77,7.26,2.26,1.48
2025-01-15 13:00:00,N017,0.1,13.63,12.05,7.41,2.41,1.58
2025-01-15 13:00:00,N018,0.1,11.51,7.75,10.68,5.68,3.76
2025-01-15 13:00:00,N019,0.1,13.3,9.14,11.28,6.28,4.16
2025-01-15 13:00:00,N020,0.1,13.47,9.95,10.32,5.32,3.52
2025-01-15 14:00:00,N001,0.0,8.43,6.23,8.3,3.3,2.2
2025-01-15 14:00:00,N002,0.0,11.57,9.72,7.78,2.78,1.85
2025-01-15 14:00:00,N003,0.0,10.64,10.01,5.95,0.95,0.63
2025-01-15 14:00:00,N004,0.0,8.44,7.54,6.35,1.35,0.9
2025-01-15 14:00:00,N005,0.0,11.5,7.73,10.66,5.66,3.77
2025-01-15 14:00:00,N006,0.0,9.45,7.1,8.53,3.53,2.35
2025-01-15 14:00:00,N007,0.0,9.14,7.59,7.33,2.33,1.55
2025-01-15 14:00:00,N008,0.0,12.74,11.87,6.3,1.3,0.87
2025-01-15 14:00:00,N009,0.0,13.31,12.24,6.6,1.6,1.07
2025-01-15 14:00:00,N010,0.0,8.93,6.61,8.48,3.48,2.32
2025-01-15 14:00:00,N011,0.0,8.66,6.92,7.61,2.61,1.74
2025-01-15 14:00:00,N012,0.0,6.32,5.05,6.91,1.91,1.27
2025-01-15 14:00:00,N013,0.0,8.98,8.37,5.92,0.92,0.61
2025-01-15 14:00:00,N014,0.0,10.39,9.5,6.33,1.33,0.89
2025-01-15 14:00:00,N015,0.0,10.58,8.17,8.62,3.62,2.41
2025-01-15 14:00:00,N016,0.0,9.28,7.66,7.43,2.43,1.62
2025-01-15 14:00:00,N017,0.0,11.94,10.84,6.65,1.65,1.1
2025-01-15 14:00:00,N018,0.0,7.19,5.14,8.07,3.07,2.05
2025-01-15 14:00:00,N019,0.0,11.86,9.62,8.36,3.36,2.24
2025-01-15 14:00:00,N020,0.0,9.12,6.88,8.36,3.36,2.24
2025-01-15 15:00:00,N001,0.0,9.55,7.02,8.79,3.79,2.53
2025-01-15 15:00:00,N002,0.0,6.28,4.65,7.44,2.44,1.63
2025-01-15 15:00:00,N003,0.0,10.36,9.18,6.77,1.77,1.18
2025-01-15 15:00:00,N004,0.0,9.86,6.72,9.71,4.71,3.14
2025-01-15 15:00:00,N005,0.0,10.92,8.42,8.75,3.75,2.5
2025-01-15 15:00:00,N006,0.0,12.33,11.14,6.78,1.78,1.19
2025-01-15 15:00:00,N007,0.0,10.28,9.7,5.87,0.87,0.58
2025-01-15 15:00:00,N008,0.0,8.73,6.4,8.5,3.5,2.33
2025-01-15 15:00:00,N009,0.0,11.97,10.73,6.86,1.86,1.24
2025-01-15 15:00:00,N010,0.0,11.57,7.86,10.56,5.56,3.71
2025-01-15 15:00:00,N011,0.0,10.26,6.85,10.12,5.12,3.41
2025-01-15 15:00:00,N012,0.0,9.65,8.65,6.5,1.5,1.0
2025-01-15 15:00:00,N013,0.0,10.74,7.33,10.12,5.12,3.41
2025-01-15 15:00:00,N014,0.0,8.39,5.66,9.09,4.09,2.73
2025-01-15 15:00:00,N015,0.0,8.39,5.92,8.71,3.71,2.47
2025-01-15 15:00:00,N016,0.0,11.6,9.34,8.39,3.39,2.26
2025-01-15 15:00:00,N017,0.0,9.12,8.46,5.99,0.99,0.66
2025-01-15 15:00:00,N018,0.0,10.51,9.79,6.08,1.08,0.72
2025-01-15 15:00:00,N019,0.0,10.03,8.9,6.69,1.69,1.13
2025-01-15 15:00:00,N020,0.0,10.5,7.62,9.32,4.32,2.88
2025-01-15 16:00:00,N001,0.0,9.34,7.9,7.16,2.16,1.44
2025-01-15 16:00:00,N002,0.0,12.85,8.83,11.03,6.03,4.02
2025-01-15 16:00:00,N003,0.0,8.19,7.2,6.48,1.48,0.99
2025-01-15 16:00:00,N004,0.0,8.55,7.26,6.94,1.94,1.29
2025-01-15 16:00:00,N005,0.0,8.53,6.59,7.91,2.91,1.94
2025-01-15 16:00:00,N006,0.0,8.22,7.19,6.54,1.54,1.03
2025-01-15 16:00:00,N007,0.0,10.72,9.83,6.33,1.33,0.89
2025-01-15 16:00:00,N008,0.0,12.79,9.09,10.55,5.55,3.7
2025-01-15 16:00:00,N009,0.0,11.63,8.69,9.41,4.41,2.94
2025-01-15 16:00:00,N010,0.0,10.98,8.82,8.24,3.24,2.16
2025-01-15 16:00:00,N011,0.0,11.38,8.22,9.74,4.74,3.16
2025-01-15 16:00:00,N012,0.0,9.68,8.29,7.08,2.08,1.39
2025-01-15 16:00:00,N013,0.0,9.26,7.59,7.5,2.5,1.67
2025-01-15 16:00:00,N014,0.0,8.11,5.57,8.81,3.81,2.54
2025-01-15 16:00:00,N015,0.0,15.64,13.12,8.78,3.78,2.52
2025-01-15 16:00:00,N016,0.0,12.16,8.43,10.59,5.59,3.73
2025-01-15 16:00:00,N017,0.0,8.59,5.95,8.96,3.96,2.64
2025-01-15 16:00:00,N018,0.0,10.15,7.79,8.54,3.54,2.36
2025-01-15 16:00:00,N019,0.0,12.82,11.12,7.55,2.55,1.7
2025-01-15 16:00:00,N020,0.0,8.93,7.39,7.31,2.31,1.54
2025-01-15 17:00:00,N001,0.0,11.15,9.89,6.89,1.89,1.26
2025-01-15 17:00:00,N002,0.0,12.8,9.77,9.54,4.54,3.03
2025-01-15 17:00:00,N003,0.0,8.37,6.48,7.83,2.83,1.89
2025-01-15 17:00:00,N004,0.0,10.3,8.28,8.03,3.03,2.02
2025-01-15 17:00:00,N005,0.0,11.85,7.81,11.06,6.06,4.04
2025-01-15 17:00:00,N006,0.0,9.84,8.48,7.04,2.04,1.36
2025-01-15 17:00:00,N007,0.0,6.16,4.47,7.54,2.54,1.69
2025-01-15 17:00:00,N008,0.0,5.64,3.93,7.56,2.56,1.71
2025-01-15 17:00:00,N009,0.0,13.29,11.79,7.25,2.25,1.5
2025-01-15 17:00:00,N010,0.0,7.8,5.91,7.83,2.83,1.89
2025-01-15 17:00:00,N011,0.0,9.42,8.55,6.3,1.3,0.87
2025-01-15 17:00:00,N012,0.0,9.23,6.21,9.53,4.53,3.02
2025-01-15 17:00:00,N013,0.0,14.22,11.99,8.34,3.34,2.23
2025-01-15 17:00:00,N014,0.0,11.05,8.37,9.02,4.02,2.68
2025-01-15 17:00:00,N015,0.0,9.0,6.8,8.3,3.3,2.2
2025-01-15 17:00:00,N016,0.0,8.91,6.65,8.39,3.39,2.26
2025-01-15 17:00:00,N017,0.0,11.64,8.45,9.79,4.79,3.19
2025-01-15 17:00:00,N018,0.0,10.53,7.45,9.62,4.62,3.08
2025-01-15 17:00:00,N019,0.0,10.1,9.11,6.48,1.48,0.99
2025-01-15 17:00:00,N020,0.0,10.93,10.05,6.32,1.32,0.88
2025-01-15 18:00:00,N001,0.0,8.69,7.98,6.06,1.06,0.71
2025-01-15 18:00:00,N002,0.0,7.06,5.81,6.88,1.88,1.25
2025-01-15 18:00:00,N003,0.0,9.05,7.53,7.28,2.28,1.52
2025-01-15 18:00:00,N004,0.0,7.25,5.69,7.34,2.34,1.56
2025-01-15 18:00:00,N005,0.0,5.03,4.55,5.72,0.72,0.48
2025-01-15 18:00:00,N006,0.0,12.24,9.72,8.78,3.78,2.52
2025-01-15 18:00:00,N007,0.0,7.95,5.92,8.04,3.04,2.03
2025-01-15 18:00:00,N008,0.0,8.98,7.76,6.83,1.83,1.22
2025-01-15 18:00:00,N009,0.0,11.63,9.75,7.82,2.82,1.88
2025-01-15 18:00:00,N010,0.0,10.51,7.69,9.23,4.23,2.82
2025-01-15 18:00:00,N011,0.0,11.67,8.68,9.49,4.49,2.99
2025-01-15 18:00:00,N012,0.0,11.45,8.49,9.44,4.44,2.96
2025-01-15 18:00:00,N013,0.0,9.48,7.34,8.21,3.21,2.14
2025-01-15 18:00:00,N014,0.0,13.37,9.4,10.96,5.96,3.97
2025-01-15 18:00:00,N015,0.0,10.39,6.82,10.35,5.35,3.57
2025-01-15 18:00:00,N016,0.0,8.61,6.78,7.75,2.75,1.83
2025-01-15 18:00:00,N017,0.0,8.6,6.19,8.62,3.62,2.41
2025-01-15 18:00:00,N018,0.0,10.97,7.87,9.65,4.65,3.1
2025-01-15 18:00:00,N019,0.0,12.62,8.51,11.17,6.17,4.11
2025-01-15 18:00:00,N020,0.0,8.31,6.59,7.58,2.58,1.72
2025-01-15 19:00:00,N001,0.0,9.67,8.41,6.89,1.89,1.26
2025-01-15 19:00:00,N002,0.0,10.67,9.83,6.26,1.26,0.84
2025-01-15 19:00:00,N003,0.0,14.05,10.22,10.75,5.75,3.83
2025-01-15 19:00:00,N004,0.0,9.8,7.31,8.74,3.74,2.49
2025-01-15 19:00:00,N005,0.0,5.3,4.22,6.62,1.62,1.08
2025-01-15 19:00:00,N006,0.0,9.99,8.44,7.33,2.33,1.55
2025-01-15 19:00:00,N007,0.0,6.34,4.54,7.7,2.7,1.8
2025-01-15 19:00:00,N008,0.0,8.2,7.63,5.85,0.85,0.57
2025-01-15 19:00:00,N009,0.0,8.9,6.0,9.35,4.35,2.9
2025-01-15 19:00:00,N010,0.0,9.84,6.95,9.33,4.33,2.89
2025-01-15 19:00:00,N011,0.0,5.36,4.0,7.04,2.04,1.36
2025-01-15 19:00:00,N012,0.0,9.95,8.62,7.0,2.0,1.33
2025-01-15 19:00:00,N013,0.0,12.78,9.88,9.35,4.35,2.9
2025-01-15 19:00:00,N014,0.0,9.37,8.81,5.84,0.84,0.56
2025-01-15 19:00:00,N015,0.0,11.37,9.04,8.5,3.5,2.33
2025-01-15 19:00:00,N016,0.0,10.55,7.88,9.0,4.0,2.67
2025-01-15 19:00:00,N017,0.0,9.75,8.91,6.26,1.26,0.84
2025-01-15 19:00:00,N018,0.0,11.8,7.75,11.07,6.07,4.05
2025-01-15 19:00:00,N019,0.0,10.77,7.36,10.12,5.12,3.41
2025-01-15 19:00:00,N020,0.0,8.24,5.8,8.66,3.66,2.44
2025-01-15 20:00:00,N001,0.0,8.95,6.34,8.92,3.92,2.61
2025-01-15 20:00:00,N002,0.0,10.67,9.73,6.41,1.41,0.94
2025-01-15 20:00:00,N003,0.0,8.59,7.64,6.42,1.42,0.95
2025-01-15 20:00:00,N004,0.0,10.04,6.75,9.94,4.94,3.29
2025-01-15 20:00:00,N005,0.0,11.19,9.09,8.15,3.15,2.1
2025-01-15 20:00:00,N006,0.0,8.5,6.37,8.19,3.19,2.13
2025-01-15 20:00:00,N007,0.0,10.35,8.18,8.25,3.25,2.17
2025-01-15 20:00:00,N008,0.0,11.75,9.11,8.96,3.96,2.64
2025-01-15 20:00:00,N009,0.0,9.19,8.3,6.33,1.33,0.89
2025-01-15 20:00:00,N010,0.0,11.21,8.92,8.44,3.44,2.29
2025-01-15 20:00:00,N011,0.0,8.29,6.08,8.31,3.31,2.21
2025-01-15 20:00:00,N012,0.0,8.09,7.61,5.72,0.72,0.48
2025-01-15 20:00:00,N013,0.0,8.39,5.84,8.82,3.82,2.55
2025-01-15 20:00:00,N014,0.0,13.66,11.53,8.19,3.19,2.13
2025-01-15 20:00:00,N015,0.0,10.18,7.05,9.7,4.7,3.13
2025-01-15 20:00:00,N016,0.0,9.62,8.93,6.03,1.03,0.69
2025-01-15 20:00:00,N017,0.0,12.21,9.01,9.8,4.8,3.2
2025-01-15 20:00:00,N018,0.0,12.61,9.75,9.29,4.29,2.86
2025-01-15 20:00:00,N019,0.0,10.88,7.69,9.79,4.79,3.19
2025-01-15 20:00:00,N020,0.0,8.35,7.08,6.91,1.91,1.27
2025-01-15 21:00:00,N001,0.0,7.7,6.6,6.65,1.65,1.1
2025-01-15 21:00:00,N002,0.0,13.68,10.99,9.04,4.04,2.69
2025-01-15 21:00:00,N003,0.0,12.47,10.02,8.68,3.68,2.45
2025-01-15 21:00:00,N004,0.0,9.33,7.67,7.49,2.49,1.66
2025-01-15 21:00:00,N005,0.0,10.34,7.22,9.68,4.68,3.12
2025-01-15 21:00:00,N006,0.0,10.49,7.55,9.41,4.41,2.94
2025-01-15 21:00:00,N007,0.0,11.52,9.43,8.13,3.13,2.09
2025-01-15 21:00:00,N008,0.0,6.49,4.78,7.56,2.56,1.71
2025-01-15 21:00:00,N009,0.0,10.57,6.92,10.47,5.47,3.65
2025-01-15 21:00:00,N010,0.0,12.65,10.54,8.17,3.17,2.11
2025-01-15 21:00:00,N011,0.0,11.16,9.06,8.15,3.15,2.1
2025-01-15 21:00:00,N012,0.0,8.26,7.27,6.48,1.48,0.99
2025-01-15 21:00:00,N013,0.0,8.39,6.83,7.34,2.34,1.56
2025-01-15 21:00:00,N014,0.0,10.33,9.56,6.16,1.16,0.77
2025-01-15 21:00:00,N015,0.0,6.79,4.95,7.76,2.76,1.84
2025-01-15 21:00:00,N016,0.0,9.85,8.88,6.46,1.46,0.97
2025-01-15 21:00:00,N017,0.0,8.59,6.65,7.91,2.91,1.94
2025-01-15 21:00:00,N018,0.0,11.77,8.24,10.29,5.29,3.53
2025-01-15 21:00:00,N019,0.0,11.35,10.17,6.77,1.77,1.18
2025-01-15 21:00:00,N020,0.0,5.0,3.6,7.1,2.1,1.4
2025-01-15 22:00:00,N001,0.0,12.19,10.28,7.86,2.86,1.91
2025-01-15 22:00:00,N002,0.0,11.2,8.43,9.16,4.16,2.77
2025-01-15 22:00:00,N003,0.0,13.44,12.6,6.26,1.26,0.84
2025-01-15 22:00:00,N004,0.0,11.28,9.23,8.07,3.07,2.05
2025-01-15 22:00:00,N005,0.0,8.55,7.59,6.44,1.44,0.96
2025-01-15 22:00:00,N006,0.0,9.71,8.91,6.2,1.2,0.8
2025-01-15 22:00:00,N007,0.0,10.08,7.16,9.38,4.38,2.92
2025-01-15 22:00:00,N008,0.0,8.7,6.95,7.62,2.62,1.75
2025-01-15 22:00:00,N009,0.0,13.52,10.11,10.12,5.12,3.41
2025-01-15 22:00:00,N010,0.0,8.32,7.03,6.94,1.94,1.29
2025-01-15 22:00:00,N011,0.0,10.48,8.09,8.58,3.58,2.39
2025-01-15 22:00:00,N012,0.0,12.21,8.6,10.42,5.42,3.61
2025-01-15 22:00:00,N013,0.0,8.21,7.35,6.29,1.29,0.86
2025-01-15 22:00:00,N014,0.0,12.39,10.92,7.21,2.21,1.47
2025-01-15 22:00:00,N015,0.0,8.76,6.23,8.79,3.79,2.53
2025-01-15 22:00:00,N016,0.0,11.5,7.7,10.7,5.7,3.8
2025-01-15 22:00:00,N017,0.0,8.46,6.14,8.48,3.48,2.32
2025-01-15 22:00:00,N018,0.0,12.89,10.85,8.06,3.06,2.04
2025-01-15 22:00:00,N019,0.0,10.14,9.23,6.36,1.36,0.91
2025-01-15 22:00:00,N020,0.0,12.11,8.16,10.93,5.93,3.95
2025-01-15 23:00:00,N001,0.0,12.9,10.65,8.38,3.38,2.25
2025-01-15 23:00:00,N002,0.0,9.44,8.77,6.01,1.01,0.67
2025-01-15 23:00:00,N003,0.0,7.99,6.05,7.91,2.91,1.94
2025-01-15 23:00:00,N004,0.0,8.06,6.79,6.91,1.91,1.27
2025-01-15 23:00:00,N005,0.0,11.37,8.86,8.76,3.76,2.51
2025-01-15 23:00:00,N006,0.0,11.11,7.94,9.75,4.75,3.17
2025-01-15 23:00:00,N007,0.0,10.57,8.38,8.29,3.29,2.19
2025-01-15 23:00:00,N008,0.0,13.61,12.64,6.46,1.46,0.97
2025-01-15 23:00:00,N009,0.0,11.75,8.36,10.08,5.08,3.39
2025-01-15 23:00:00,N010,0.0,11.47,9.84,7.44,2.44,1.63
2025-01-15 23:00:00,N011,0.0,5.98,4.55,7.15,2.15,1.43
2025-01-15 23:00:00,N012,0.0,11.86,8.46,10.1,5.1,3.4
2025-01-15 23:00:00,N013,0.0,10.07,7.27,9.2,4.2,2.8
2025-01-15 23:00:00,N014,0.0,7.39,6.8,5.89,0.89,0.59
2025-01-15 23:00:00,N015,0.0,12.3,8.34,10.94,5.94,3.96
2025-01-15 23:00:00,N016,0.0,9.83,7.79,8.06,3.06,2.04
2025-01-15 23:00:00,N017,0.0,6.88,5.8,6.62,1.62,1.08
2025-01-15 23:00:00,N018,0.0,13.71,12.89,6.23,1.23,0.82
2025-01-15 23:00:00,N019,0.0,10.31,7.44,9.3,4.3,2.87
2025-01-15 23:00:00,N020,0.0,9.8,9.3,5.75,0.75,0.5
2025-01-16 00:00:00,N001,0.0,10.76,10.09,6.01,1.01,0.67
2025-01-16 00:00:00,N002,0.0,11.64,9.08,8.84,3.84,2.56
2025-01-16 00:00:00,N003,0.0,10.93,8.58,8.53,3.53,2.35
2025-01-16 00:00:00,N004,0.0,10.15,7.52,8.94,3.94,2.63
2025-01-16 00:00:00,N005,0.0,7.85,6.65,6.8,1.8,1.2
2025-01-16 00:00:00,N006,0.0,9.18,6.6,8.87,3.87,2.58
2025-01-16 00:00:00,N007,0.0,6.61,5.99,5.93,0.93,0.62
2025-01-16 00:00:00,N008,0.0,7.4,6.84,5.84,0.84,0.56
2025-01-16 00:00:00,N009,0.0,12.57,9.64,9.4,4.4,2.93
2025-01-16 00:00:00,N010,0.0,7.59,5.61,7.97,2.97,1.98
2025-01-16 00:00:00,N011,0.0,11.02,8.66,8.54,3.54,2.36
2025-01-16 00:00:00,N012,0.0,6.78,6.27,5.77,0.77,0.51
2025-01-16 00:00:00,N013,0.0,8.82,7.1,7.58,2.58,1.72
2025-01-16 00:00:00,N014,0.0,7.04,6.67,5.55,0.55,0.37
2025-01-16 00:00:00,N015,0.0,9.23,6.24,9.49,4.49,2.99
2025-01-16 00:00:00,N016,0.0,13.14,12.21,6.4,1.4,0.93
2025-01-16 00:00:00,N017,0.0,9.4,8.08,6.98,1.98,1.32
2025-01-16 00:00:00,N018,0.0,11.45,7.67,10.67,5.67,3.78
2025-01-16 00:00:00,N019,0.0,15.04,10.21,12.25,7.25,4.83
2025-01-16 00:00:00,N020,0.0,10.27,7.75,8.78,3.78,2.52
2025-01-16 01:00:00,N001,0.0,6.35,5.78,5.85,0.85,0.57
2025-01-16 01:00:00,N002,0.0,10.73,8.57,8.24,3.24,2.16
2025-01-16 01:00:00,N003,0.0,10.27,8.0,8.41,3.41,2.27
2025-01-16 01:00:00,N004,0.0,10.96,9.25,7.56,2.56,1.71
2025-01-16 01:00:00,N005,0.0,8.33,7.7,5.95,0.95,0.63
2025-01-16 01:00:00,N006,0.0,10.57,8.33,8.36,3.36,2.24
2025-01-16 01:00:00,N007,0.0,12.71,11.16,7.33,2.33,1.55
2025-01-16 01:00:00,N008,0.0,9.66,6.49,9.75,4.75,3.17
2025-01-16 01:00:00,N009,0.0,12.67,11.9,6.16,1.16,0.77
2025-01-16 01:00:00,N010,0.0,7.77,6.52,6.88,1.88,1.25
2025-01-16 01:00:00,N011,0.0,7.64,6.21,7.15,2.15,1.43
2025-01-16 01:00:00,N012,0.0,10.26,7.8,8.69,3.69,2.46
2025-01-16 01:00:00,N013,0.0,10.07,7.12,9.43,4.43,2.95
2025-01-16 01:00:00,N014,0.0,10.76,8.46,8.45,3.45,2.3
2025-01-16 01:00:00,N015,0.0,9.91,8.43,7.22,2.22,1.48
2025-01-16 01:00:00,N016,0.0,9.22,6.32,9.35,4.35,2.9
2025-01-16 01:00:00,N017,0.0,6.36,4.48,7.82,2.82,1.88
2025-01-16 01:00:00,N018,0.0,9.54,7.88,7.49,2.49,1.66
2025-01-16 01:00:00,N019,0.0,12.57,9.59,9.47,4.47,2.98
2025-01-16 01:00:00,N020,0.0,10.11,8.17,7.91,2.91,1.94
2025-01-16 02:00:00,N001,0.0,9.22,8.68,5.81,0.81,0.54
2025-01-16 02:00:00,N002,0.0,9.84,8.92,6.38,1.38,0.92
2025-01-16 02:00:00,N003,0.0,6.86,5.8,6.59,1.59,1.06
2025-01-16 02:00:00,N004,0.0,10.2,9.02,6.77,1.77,1.18
2025-01-16 02:00:00,N005,0.0,5.0,3.97,6.54,1.54,1.03
2025-01-16 02:00:00,N006,0.0,10.78,7.14,10.46,5.46,3.64
2025-01-16 02:00:00,N007,0.0,6.64,4.87,7.66,2.66,1.77
2025-01-16 02:00:00,N008,0.0,11.95,9.47,8.72,3.72,2.48
2025-01-16 02:00:00,N009,0.0,10.2,7.24,9.44,4.44,2.96
2025-01-16 02:00:00,N010,0.0,9.59,9.04,5.83,0.83,0.55
2025-01-16 02:00:00,N011,0.0,9.84,8.57,6.91,1.91,1.27
2025-01-16 02:00:00,N012,0.0,13.87,9.87,11.0,6.0,4.0
2025-01-16 02:00:00,N013,0.0,9.14,6.71,8.65,3.65,2.43
2025-01-16 02:00:00,N014,0.0,11.56,10.86,6.05,1.05,0.7
2025-01-16 02:00:00,N015,0.0,10.32,8.41,7.86,2.86,1.91
2025-01-16 02:00:00,N016,0.0,9.96,9.37,5.89,0.89,0.59
2025-01-16 02:00:00,N017,0.0,8.65,5.88,9.16,4.16,2.77
2025-01-16 02:00:00,N018,0.0,11.39,8.02,10.05,5.05,3.37
2025-01-16 02:00:00,N019,0.0,11.01,9.03,7.97,2.97,1.98
2025-01-16 02:00:00,N020,0.0,9.37,6.3,9.6,4.6,3.07
2025-01-16 03:00:00,N001,0.0,7.66,5.72,7.91,2.91,1.94
2025-01-16 03:00:00,N002,0.0,6.5,5.75,6.12,1.12,0.75
2025-01-16 03:00:00,N003,0.0,11.47,10.19,6.92,1.92,1.28
2025-01-16 03:00:00,N004,0.0,11.27,10.1,6.75,1.75,1.17
2025-01-16 03:00:00,N005,0.0,6.4,4.59,7.71,2.71,1.81
2025-01-16 03:00:00,N006,0.0,10.14,7.15,9.49,4.49,2.99
2025-01-16 03:00:00,N007,0.0,10.28,7.25,9.54,4.54,3.03
2025-01-16 03:00:00,N008,0.0,11.41,9.15,8.39,3.39,2.26
2025-01-16 03:00:00,N009,0.0,9.62,6.43,9.79,4.79,3.19
2025-01-16 03:00:00,N010,0.0,9.84,7.18,8.99,3.99,2.66
2025-01-16 03:00:00,N011,0.0,11.55,8.85,9.05,4.05,2.7
2025-01-16 03:00:00,N012,0.0,7.83,5.89,7.91,2.91,1.94
2025-01-16 03:00:00,N013,0.0,8.82,6.7,8.18,3.18,2.12
2025-01-16 03:00:00,N014,0.0,7.9,5.7,8.3,3.3,2.2
2025-01-16 03:00:00,N015,0.0,8.0,6.54,7.19,2.19,1.46
2025-01-16 03:00:00,N016,0.0,12.63,9.11,10.28,5.28,3.52
2025-01-16 03:00:00,N017,0.0,11.03,10.4,5.95,0.95,0.63
2025-01-16 03:00:00,N018,0.0,11.55,9.08,8.71,3.71,2.47
2025-01-16 03:00:00,N019,0.0,10.24,7.98,8.39,3.39,2.26
2025-01-16 03:00:00,N020,0.0,7.57,6.56,6.52,1.52,1.01
2025-01-16 04:00:00,N001,0.0,10.98,8.6,8.57,3.57,2.38
2025-01-16 04:00:00,N002,0.0,9.06,7.59,7.21,2.21,1.47
2025-01-16 04:00:00,N003,0.0,8.17,6.77,7.1,2.1,1.4
2025-01-16 04:00:00,N004,0.0,6.91,6.0,6.36,1.36,0.91
2025-01-16 04:00:00,N005,0.0,7.79,5.58,8.31,3.31,2.21
2025-01-16 04:00:00,N006,0.0,10.5,8.45,8.07,3.07,2.05
2025-01-16 04:00:00,N007,0.0,13.28,12.4,6.32,1.32,0.88
2025-01-16 04:00:00,N008,0.0,10.09,7.47,8.93,3.93,2.62
2025-01-16 04:00:00,N009,0.0,11.98,10.47,7.27,2.27,1.51
2025-01-16 04:00:00,N010,0.0,11.2,9.86,7.01,2.01,1.34
2025-01-16 04:00:00,N011,0.0,11.39,10.75,5.96,0.96,0.64
2025-01-16 04:00:00,N012,0.0,12.25,8.21,11.06,6.06,4.04
2025-01-16 04:00:00,N013,0.0,8.78,7.25,7.29,2.29,1.53
2025-01-16 04:00:00,N014,0.0,9.89,8.46,7.15,2.15,1.43
2025-01-16 04:00:00,N015,0.0,9.39,6.33,9.59,4.59,3.06
2025-01-16 04:00:00,N016,0.0,12.49,11.22,6.91,1.91,1.27
2025-01-16 04:00:00,N017,0.0,7.64,6.83,6.22,1.22,0.81
2025-01-16 04:00:00,N018,0.0,7.91,5.92,7.98,2.98,1.99
2025-01-16 04:00:00,N019,0.0,7.9,7.5,5.6,0.6,0.4
2025-01-16 04:00:00,N020,0.0,10.54,9.85,6.03,1.03,0.69
2025-01-16 05:00:00,N001,0.0,8.96,7.77,6.78,1.78,1.19
2025-01-16 05:00:00,N002,0.0,8.84,6.22,8.93,3.93,2.62
2025-01-16 05:00:00,N003,0.0,8.66,6.73,7.9,2.9,1.93
2025-01-16 05:00:00,N004,0.0,11.94,8.7,9.86,4.86,3.24
2025-01-16 05:00:00,N005,0.0,12.02,9.41,8.92,3.92,2.61
2025-01-16 05:00:00,N006,0.0,9.26,7.6,7.49,2.49,1.66
2025-01-16 05:00:00,N007,0.0,12.52,10.46,8.09,3.09,2.06
2025-01-16 05:00:00,N008,0.0,8.23,7.04,6.78,1.78,1.19
2025-01-16 05:00:00,N009,0.0,11.94,10.93,6.52,1.52,1.01
2025-01-16 05:00:00,N010,0.0,9.39,6.46,9.4,4.4,2.93
2025-01-16 05:00:00,N011,0.0,6.67,5.2,7.21,2.21,1.47
2025-01-16 05:00:00,N012,0.0,12.69,9.42,9.91,4.91,3.27
2025-01-16 05:00:00,N013,0.0,9.01,7.63,7.07,2.07,1.38
2025-01-16 05:00:00,N014,0.0,7.43,7.03,5.6,0.6,0.4
2025-01-16 05:00:00,N015,0.0,10.88,7.27,10.42,5.42,3.61
2025-01-16 05:00:00,N016,0.0,10.39,7.18,9.81,4.81,3.21
2025-01-16 05:00:00,N017,0.0,13.92,12.16,7.64,2.64,1.76
2025-01-16 05:00:00,N018,0.0,15.34,14.01,7.0,2.0,1.33
2025-01-16 05:00:00,N019,0.0,9.32,6.55,9.16,4.16,2.77
2025-01-16 05:00:00,N020,0.0,8.4,6.85,7.33,2.33,1.55
2025-01-16 06:00:00,N001,0.0,11.49,7.54,10.93,5.93,3.95
2025-01-16 06:00:00,N002,0.0,8.08,7.41,6.01,1.01,0.67
2025-01-16 06:00:00,N003,0.0,5.69,4.11,7.37,2.37,1.58
2025-01-16 06:00:00,N004,0.0,10.57,9.46,6.67,1.67,1.11
2025-01-16 06:00:00,N005,0.0,9.5,8.4,6.65,1.65,1.1
2025-01-16 06:00:00,N006,0.0,9.0,6.68,8.48,3.48,2.32
2025-01-16 06:00:00,N007,0.0,6.25,4.58,7.5,2.5,1.67
2025-01-16 06:00:00,N008,0.0,13.04,12.29,6.12,1.12,0.75
2025-01-16 06:00:00,N009,0.0,9.34,8.2,6.71,1.71,1.14
2025-01-16 06:00:00,N010,0.0,9.78,8.66,6.68,1.68,1.12
2025-01-16 06:00:00,N011,0.0,11.13,9.87,6.89,1.89,1.26
2025-01-16 06:00:00,N012,0.0,10.55,7.83,9.08,4.08,2.72
2025-01-16 06:00:00,N013,0.0,12.32,8.7,10.43,5.43,3.62
2025-01-16 06:00:00,N014,0.0,17.88,14.07,10.71,5.71,3.81
2025-01-16 06:00:00,N015,0.0,7.29,5.2,8.13,3.13,2.09
2025-01-16 06:00:00,N016,0.0,11.25,8.96,8.44,3.44,2.29
2025-01-16 06:00:00,N017,0.0,7.85,6.36,7.23,2.23,1.49
2025-01-16 06:00:00,N018,0.0,11.33,9.6,7.59,2.59,1.73
2025-01-16 06:00:00,N019,0.0,11.62,11.0,5.93,0.93,0.62
2025-01-16 06:00:00,N020,0.0,8.86,8.0,6.29,1.29,0.86
2025-01-16 07:00:00,N001,0.0,9.58,8.11,7.21,2.21,1.47
2025-01-16 07:00:00,N002,0.0,8.82,6.68,8.21,3.21,2.14
2025-01-16 07:00:00,N003,0.0,11.39,8.46,9.4,4.4,2.93
2025-01-16 07:00:00,N004,0.0,7.1,5.49,7.42,2.42,1.61
2025-01-16 07:00:00,N005,0.0,6.12,5.15,6.46,1.46,0.97
2025-01-16 07:00:00,N006,0.0,7.73,6.11,7.43,2.43,1.62
2025-01-16 07:00:00,N007,0.0,9.9,7.77,8.19,3.19,2.13
2025-01-16 07:00:00,N008,0.0,10.69,7.2,10.24,5.24,3.49
2025-01-16 07:00:00,N009,0.0,12.63,10.42,8.31,3.31,2.21
2025-01-16 07:00:00,N010,0.0,9.64,6.9,9.11,4.11,2.74
2025-01-16 07:00:00,N011,0.0,11.11,7.86,9.88,4.88,3.25
2025-01-16 07:00:00,N012,0.0,8.71,6.69,8.03,3.03,2.02
2025-01-16 07:00:00,N013,0.0,10.59,8.58,8.01,3.01,2.01
2025-01-16 07:00:00,N014,0.0,11.88,8.13,10.62,5.62,3.75
2025-01-16 07:00:00,N015,0.0,9.51,8.05,7.19,2.19,1.46
2025-01-16 07:00:00,N016,0.0,7.8,5.21,8.88,3.88,2.59
2025-01-16 07:00:00,N017,0.0,11.18,8.46,9.08,4.08,2.72
2025-01-16 07:00:00,N018,0.0,9.96,8.06,7.85,2.85,1.9
2025-01-16 07:00:00,N019,0.0,7.19,5.78,7.11,2.11,1.41
2025-01-16 07:00:00,N020,0.0,6.93,5.07,7.79,2.79,1.86
2025-01-16 08:00:00,N001,0.0,9.02,6.02,9.5,4.5,3.0
2025-01-16 08:00:00,N002,0.0,8.24,7.7,5.81,0.81,0.54
2025-01-16 08:00:00,N003,0.0,8.56,5.72,9.26,4.26,2.84
2025-01-16 08:00:00,N004,0.0,10.14,8.87,6.91,1.91,1.27
2025-01-16 08:00:00,N005,0.0,12.58,10.92,7.49,2.49,1.66
2025-01-16 08:00:00,N006,0.0,11.68,8.78,9.35,4.35,2.9
2025-01-16 08:00:00,N007,0.0,10.01,6.77,9.86,4.86,3.24
2025-01-16 08:00:00,N008,0.0,11.39,7.62,10.66,5.66,3.77
2025-01-16 08:00:00,N009,0.0,8.65,6.29,8.54,3.54,2.36
2025-01-16 08:00:00,N010,0.0,10.42,7.29,9.7,4.7,3.13
2025-01-16 08:00:00,N011,0.0,9.81,6.7,9.67,4.67,3.11
2025-01-16 08:00:00,N012,0.0,9.14,8.0,6.71,1.71,1.14
2025-01-16 08:00:00,N013,0.0,12.25,9.65,8.9,3.9,2.6
2025-01-16 08:00:00,N014,0.0,8.05,6.32,7.59,2.59,1.73
2025-01-16 08:00:00,N015,0.0,11.49,10.67,6.23,1.23,0.82
2025-01-16 08:00:00,N016,0.0,11.53,8.33,9.8,4.8,3.2
2025-01-16 08:00:00,N017,0.0,13.06,10.87,8.29,3.29,2.19
2025-01-16 08:00:00,N018,0.0,12.87,11.25,7.43,2.43,1.62
2025-01-16 08:00:00,N019,0.0,10.46,8.8,7.49,2.49,1.66
2025-01-16 08:00:00,N020,0.0,12.7,9.2,10.25,5.25,3.5
2025-01-16 09:00:00,N001,0.0,11.04,7.92,9.68,4.68,3.12
2025-01-16 09:00:00,N002,0.0,9.92,8.11,7.71,2.71,1.81
2025-01-16 09:00:00,N003,0.0,10.26,8.63,7.44,2.44,1.63
2025-01-16 09:00:00,N004,0.0,11.08,9.19,7.83,2.83,1.89
2025-01-16 09:00:00,N005,0.0,10.82,7.09,10.59,5.59,3.73
2025-01-16 09:00:00,N006,0.0,7.92,7.5,5.63,0.63,0.42
2025-01-16 09:00:00,N007,0.0,10.56,9.18,7.07,2.07,1.38
2025-01-16 09:00:00,N008,0.0,9.82,7.19,8.94,3.94,2.63
2025-01-16 09:00:00,N009,0.0,13.83,11.54,8.44,3.44,2.29
2025-01-16 09:00:00,N010,0.0,12.93,11.94,6.48,1.48,0.99
2025-01-16 09:00:00,N011,0.0,6.99,5.38,7.42,2.42,1.61
2025-01-16 09:00:00,N012,0.0,9.48,6.28,9.8,4.8,3.2
2025-01-16 09:00:00,N013,0.0,7.03,5.82,6.81,1.81,1.21
2025-01-16 09:00:00,N014,0.0,10.99,8.24,9.12,4.12,2.75
2025-01-16 09:00:00,N015,0.0,8.24,6.19,8.07,3.07,2.05
2025-01-16 09:00:00,N016,0.0,10.34,9.76,5.87,0.87,0.58
2025-01-16 09:00:00,N017,0.0,8.29,7.35,6.41,1.41,0.94
2025-01-16 09:00:00,N018,0.0,10.18,8.48,7.55,2.55,1.7
2025-01-16 09:00:00,N019,0.0,14.38,11.37,9.51,4.51,3.01
2025-01-16 09:00:00,N020,0.0,15.12,14.06,6.59,1.59,1.06
2025-01-16 10:00:00,N001,0.0,12.12,9.76,8.54,3.54,2.36
2025-01-16 10:00:00,N002,0.0,10.57,8.9,7.5,2.5,1.67
2025-01-16 10:00:00,N003,0.0,8.37,7.94,5.65,0.65,0.43
2025-01-16 10:00:00,N004,0.0,9.79,8.41,7.07,2.07,1.38
2025-01-16 10:00:00,N005,0.0,10.87,9.37,7.25,2.25,1.5
2025-01-16 10:00:00,N006,0.0,11.99,8.12,10.8,5.8,3.87
2025-01-16 10:00:00,N007,0.0,9.85,7.97,7.82,2.82,1.88
2025-01-16 10:00:00,N008,0.0,11.03,10.32,6.06,1.06,0.71
2025-01-16 10:00:00,N009,0.0,9.08,7.91,6.75,1.75,1.17
2025-01-16 10:00:00,N010,0.0,10.77,8.98,7.69,2.69,1.79
2025-01-16 10:00:00,N011,0.0,10.29,8.37,7.88,2.88,1.92
2025-01-16 10:00:00,N012,0.0,8.11,7.4,6.06,1.06,0.71
2025-01-16 10:00:00,N013,0.0,8.13,6.68,7.17,2.17,1.45
2025-01-16 10:00:00,N014,0.0,11.68,8.18,10.25,5.25,3.5
2025-01-16 10:00:00,N015,0.0,11.55,8.08,10.21,5.21,3.47
2025-01-16 10:00:00,N016,0.0,9.15,7.83,6.98,1.98,1.32
2025-01-16 10:00:00,N017,0.0,9.14,6.47,9.0,4.0,2.67
2025-01-16 10:00:00,N018,0.0,7.43,6.97,5.69,0.69,0.46
2025-01-16 10:00:00,N019,0.0,8.49,7.16,7.0,2.0,1.33
2025-01-16 10:00:00,N020,0.0,12.21,9.65,8.84,3.84,2.56
2025-01-16 11:00:00,N001,0.0,7.12,5.76,7.04,2.04,1.36
2025-01-16 11:00:00,N002,0.0,9.04,7.94,6.65,1.65,1.1
2025-01-16 11:00:00,N003,0.0,12.72,11.94,6.17,1.17,0.78
2025-01-16 11:00:00,N004,0.0,8.23,7.57,5.99,0.99,0.66
2025-01-16 11:00:00,N005,0.0,10.95,7.4,10.32,5.32,3.55
2025-01-16 11:00:00,N006,0.0,12.2,8.32,10.82,5.82,3.88
2025-01-16 11:00:00,N007,0.0,6.22,5.18,6.56,1.56,1.04
2025-01-16 11:00:00,N008,0.0,11.41,8.98,8.65,3.65,2.43
2025-01-16 11:00:00,N009,0.0,10.06,7.11,9.43,4.43,2.95
2025-01-16 11:00:00,N010,0.0,10.33,6.87,10.19,5.19,3.46
2025-01-16 11:00:00,N011,0.0,7.64,6.68,6.44,1.44,0.96
2025-01-16 11:00:00,N012,0.0,9.87,6.9,9.46,4.46,2.97
2025-01-16 11:00:00,N013,0.0,8.57,7.07,7.25,2.25,1.5
2025-01-16 11:00:00,N014,0.0,7.32,4.89,8.65,3.65,2.43
2025-01-16 11:00:00,N015,0.0,6.93,5.66,6.91,1.91,1.27
2025-01-16 11:00:00,N016,0.0,6.52,5.05,7.21,2.21,1.47
2025-01-16 11:00:00,N017,0.0,9.03,7.24,7.69,2.69,1.79
2025-01-16 11:00:00,N018,0.0,10.86,9.43,7.15,2.15,1.43
2025-01-16 11:00:00,N019,0.0,7.61,6.78,6.24,1.24,0.83
2025-01-16 11:00:00,N020,0.0,15.41,12.93,8.72,3.72,2.48
2025-01-16 12:00:00,N001,0.0,7.04,5.7,7.01,2.01,1.34
2025-01-16 12:00:00,N002,0.0,10.31,7.98,8.5,3.5,2.33
2025-01-16 12:00:00,N003,0.0,9.75,7.19,8.84,3.84,2.56
2025-01-16 12:00:00,N004,0.0,14.14,10.67,10.21,5.21,3.47
2025-01-16 12:00:00,N005,0.0,8.34,7.07,6.91,1.91,1.27
2025-01-16 12:00:00,N006,0.0,10.63,8.28,8.53,3.53,2.35
2025-01-16 12:00:00,N007,0.0,9.43,8.65,6.17,1.17,0.78
2025-01-16 12:00:00,N008,0.0,7.77,5.19,8.87,3.87,2.58
2025-01-16 12:00:00,N009,0.0,7.69,5.45,8.36,3.36,2.24
2025-01-16 12:00:00,N010,0.0,11.52,9.73,7.69,2.69,1.79
2025-01-16 12:00:00,N011,0.0,13.17,10.32,9.28,4.28,2.85
2025-01-16 12:00:00,N012,0.0,12.11,10.18,7.9,2.9,1.93
2025-01-16 12:00:00,N013,0.0,8.66,6.77,7.83,2.83,1.89
2025-01-16 12:00:00,N014,0.0,11.84,9.31,8.79,3.79,2.53
2025-01-16 12:00:00,N015,0.0,11.57,7.75,10.73,5.73,3.82
2025-01-16 12:00:00,N016,0.0,13.6,9.48,11.18,6.18,4.12
2025-01-16 12:00:00,N017,0.0,8.06,6.53,7.29,2.29,1.53
2025-01-16 12:00:00,N018,0.0,11.69,10.16,7.29,2.29,1.53
2025-01-16 12:00:00,N019,0.0,9.06,6.0,9.59,4.59,3.06
2025-01-16 12:00:00,N020,0.0,11.08,9.57,7.27,2.27,1.51
2025-01-16 13:00:00,N001,0.0,10.13,7.74,8.58,3.58,2.39
2025-01-16 13:00:00,N002,0.0,9.25,7.99,6.89,1.89,1.26
2025-01-16 13:00:00,N003,0.0,10.35,7.44,9.37,4.37,2.91
2025-01-16 13:00:00,N004,0.0,10.69,9.18,7.27,2.27,1.51
2025-01-16 13:00:00,N005,0.0,11.06,8.95,8.17,3.17,2.11
2025-01-16 13:00:00,N006,0.0,9.2,8.13,6.6,1.6,1.07
2025-01-16 13:00:00,N007,0.0,11.08,10.35,6.09,1.09,0.73
2025-01-16 13:00:00,N008,0.0,10.35,8.92,7.15,2.15,1.43
2025-01-16 13:00:00,N009,0.0,8.55,5.57,9.47,4.47,2.98
2025-01-16 13:00:00,N010,0.0,10.6,8.29,8.46,3.46,2.31
2025-01-16 13:00:00,N011,0.0,11.43,10.67,6.14,1.14,0.76
2025-01-16 13:00:00,N012,0.0,8.87,8.36,5.77,0.77,0.51
2025-01-16 13:00:00,N013,0.0,7.0,5.18,7.73,2.73,1.82
2025-01-16 13:00:00,N014,0.0,8.92,7.23,7.54,2.54,1.69
2025-01-16 13:00:00,N015,0.0,8.67,7.1,7.35,2.35,1.57
2025-01-16 13:00:00,N016,0.0,11.75,8.58,9.75,4.75,3.17
2025-01-16 13:00:00,N017,0.0,11.72,8.48,9.86,4.86,3.24
2025-01-16 13:00:00,N018,0.0,11.39,10.36,6.54,1.54,1.03
2025-01-16 13:00:00,N019,0.0,8.23,6.45,7.67,2.67,1.78
2025-01-16 13:00:00,N020,0.0,11.39,9.22,8.25,3.25,2.17
2025-01-16 14:00:00,N001,0.0,8.97,7.42,7.33,2.33,1.55
2025-01-16 14:00:00,N002,0.0,9.44,7.27,8.25,3.25,2.17
2025-01-16 14:00:00,N003,0.0,11.0,7.64,10.04,5.04,3.36
2025-01-16 14:00:00,N004,0.0,8.96,6.62,8.51,3.51,2.34
2025-01-16 14:00:00,N005,0.0,8.92,6.88,8.06,3.06,2.04
2025-01-16 14:00:00,N006,0.0,12.37,8.15,11.33,6.33,4.22
2025-01-16 14:00:00,N007,0.0,7.33,6.25,6.62,1.62,1.08
2025-01-16 14:00:00,N008,0.0,13.25,11.11,8.21,3.21,2.14
2025-01-16 14:00:00,N009,0.0,10.78,9.27,7.27,2.27,1.51
2025-01-16 14:00:00,N010,0.0,5.81,3.92,7.83,2.83,1.89
2025-01-16 14:00:00,N011,0.0,12.76,11.65,6.67,1.67,1.11
2025-01-16 14:00:00,N012,0.0,12.11,8.51,10.4,5.4,3.6
2025-01-16 14:00:00,N013,0.0,9.74,8.71,6.54,1.54,1.03
2025-01-16 14:00:00,N014,0.0,11.78,9.07,9.06,4.06,2.71
2025-01-16 14:00:00,N015,0.0,9.78,7.42,8.54,3.54,2.36
2025-01-16 14:00:00,N016,0.0,10.34,9.63,6.06,1.06,0.71
2025-01-16 14:00:00,N017,0.0,10.93,10.29,5.96,0.96,0.64
2025-01-16 14:00:00,N018,0.0,9.29,6.06,9.84,4.84,3.23
2025-01-16 14:00:00,N019,0.0,11.15,10.49,5.99,0.99,0.66
2025-01-16 14:00:00,N020,0.0,8.66,7.43,6.84,1.84,1.23
2025-01-16 15:00:00,N001,0.0,10.59,9.63,6.44,1.44,0.96
2025-01-16 15:00:00,N002,0.0,9.57,6.58,9.49,4.49,2.99
2025-01-16 15:00:00,N003,0.0,10.48,8.86,7.43,2.43,1.62
2025-01-16 15:00:00,N004,0.0,12.09,8.72,10.05,5.05,3.37
2025-01-16 15:00:00,N005,0.0,7.0,6.56,5.66,0.66,0.44
2025-01-16 15:00:00,N006,0.0,9.87,9.2,6.01,1.01,0.67
2025-01-16 15:00:00,N007,0.0,8.93,8.28,5.98,0.98,0.65
2025-01-16 15:00:00,N008,0.0,12.25,10.47,7.67,2.67,1.78
2025-01-16 15:00:00,N009,0.0,12.31,10.44,7.81,2.81,1.87
2025-01-16 15:00:00,N010,0.0,9.75,7.07,9.02,4.02,2.68
2025-01-16 15:00:00,N011,0.0,14.0,12.31,7.54,2.54,1.69
2025-01-16 15:00:00,N012,0.0,8.05,7.21,6.26,1.26,0.84
2025-01-16 15:00:00,N013,0.0,10.58,9.4,6.77,1.77,1.18
2025-01-16 15:00:00,N014,0.0,8.7,7.39,6.97,1.97,1.31
2025-01-16 15:00:00,N015,0.0,7.31,4.84,8.71,3.71,2.47
2025-01-16 15:00:00,N016,0.0,11.9,9.25,8.97,3.97,2.65
2025-01-16 15:00:00,N017,0.0,9.85,8.98,6.3,1.3,0.87
2025-01-16 15:00:00,N018,0.0,12.53,10.78,7.62,2.62,1.75
2025-01-16 15:00:00,N019,0.0,9.35,8.83,5.78,0.78,0.52
2025-01-16 15:00:00,N020,0.0,10.79,7.74,9.57,4.57,3.05
2025-01-16 16:00:00,N001,0.0,9.74,7.62,8.18,3.18,2.12
2025-01-16 16:00:00,N002,0.0,9.51,8.75,6.14,1.14,0.76
2025-01-16 16:00:00,N003,0.0,11.8,7.82,10.97,5.97,3.98
2025-01-16 16:00:00,N004,0.0,9.13,6.1,9.54,4.54,3.03
2025-01-16 16:00:00,N005,0.0,11.71,10.09,7.43,2.43,1.62
2025-01-16 16:00:00,N006,0.0,9.54,6.33,9.81,4.81,3.21
2025-01-16 16:00:00,N007,0.0,12.45,10.4,8.07,3.07,2.05
2025-01-16 16:00:00,N008,0.0,10.42,9.24,6.77,1.77,1.18
2025-01-16 16:00:00,N009,0.0,11.24,9.82,7.13,2.13,1.42
2025-01-16 16:00:00,N010,0.0,8.37,5.76,8.92,3.92,2.61
2025-01-16 16:00:00,N011,0.0,9.37,8.56,6.22,1.22,0.81
2025-01-16 16:00:00,N012,0.0,15.57,12.24,10.0,5.0,3.33
2025-01-16 16:00:00,N013,0.0,12.0,11.22,6.17,1.17,0.78
2025-01-16 16:00:00,N014,0.0,5.0,3.67,7.0,2.0,1.33
2025-01-16 16:00:00,N015,0.0,14.49,11.96,8.79,3.79,2.53
2025-01-16 16:00:00,N016,0.0,11.11,7.33,10.67,5.67,3.78
2025-01-16 16:00:00,N017,0.0,8.34,7.46,6.32,1.32,0.88
2025-01-16 16:00:00,N018,0.0,6.28,5.8,5.72,0.72,0.48
2025-01-16 16:00:00,N019,0.0,7.25,4.73,8.78,3.78,2.52
2025-01-16 16:00:00,N020,0.0,9.84,9.13,6.06,1.06,0.71
2025-01-16 17:00:00,N001,0.0,8.43,6.74,7.54,2.54,1.69
2025-01-16 17:00:00,N002,0.0,9.55,7.54,8.01,3.01,2.01
2025-01-16 17:00:00,N003,0.0,11.32,10.22,6.65,1.65,1.1
2025-01-16 17:00:00,N004,0.0,6.88,4.68,8.3,3.3,2.2
2025-01-16 17:00:00,N005,0.0,8.27,5.82,8.68,3.68,2.45
2025-01-16 17:00:00,N006,0.0,10.56,8.82,7.61,2.61,1.74
2025-01-16 17:00:00,N007,0.0,7.47,5.8,7.5,2.5,1.67
2025-01-16 17:00:00,N008,0.0,10.5,7.2,9.95,4.95,3.3
2025-01-16 17:00:00,N009,0.0,10.66,9.96,6.05,1.05,0.7
2025-01-16 17:00:00,N010,0.0,10.11,7.89,8.33,3.33,2.22
2025-01-16 17:00:00,N011,0.0,13.86,12.6,6.89,1.89,1.26
2025-01-16 17:00:00,N012,0.0,10.0,7.82,8.27,3.27,2.18
2025-01-16 17:00:00,N013,0.0,14.93,11.62,9.96,4.96,3.31
2025-01-16 17:00:00,N014,0.0,10.51,9.0,7.27,2.27,1.51
2025-01-16 17:00:00,N015,0.0,11.49,10.91,5.87,0.87,0.58
2025-01-16 17:00:00,N016,0.0,11.71,8.52,9.79,4.79,3.19
2025-01-16 17:00:00,N017,0.0,8.79,7.96,6.24,1.24,0.83
2025-01-16 17:00:00,N018,0.0,8.02,7.26,6.14,1.14,0.76
2025-01-16 17:00:00,N019,0.0,11.28,7.7,10.37,5.37,3.58
2025-01-16 17:00:00,N020,0.0,6.89,4.77,8.18,3.18,2.12
2025-01-16 18:00:00,N001,0.0,12.37,8.56,10.71,5.71,3.81
2025-01-16 18:00:00,N002,0.0,12.69,12.05,5.96,0.96,0.64
2025-01-16 18:00:00,N003,0.0,10.89,8.46,8.65,3.65,2.43
2025-01-16 18:00:00,N004,0.0,11.24,9.75,7.23,2.23,1.49
2025-01-16 18:00:00,N005,0.0,12.41,8.52,10.83,5.83,3.89
2025-01-16 18:00:00,N006,0.0,11.07,8.08,9.49,4.49,2.99
2025-01-16 18:00:00,N007,0.0,9.66,8.62,6.56,1.56,1.04
2025-01-16 18:00:00,N008,0.0,9.92,6.48,10.16,5.16,3.44
2025-01-16 18:00:00,N009,0.0,6.32,4.88,7.16,2.16,1.44
2025-01-16 18:00:00,N010,0.0,9.47,6.27,9.8,4.8,3.2
2025-01-16 18:00:00,N011,0.0,11.71,8.24,10.21,5.21,3.47
2025-01-16 18:00:00,N012,0.0,10.89,7.22,10.5,5.5,3.67
2025-01-16 18:00:00,N013,0.0,7.85,5.37,8.72,3.72,2.48
2025-01-16 18:00:00,N014,0.0,10.0,8.06,7.91,2.91,1.94
2025-01-16 18:00:00,N015,0.0,10.11,7.3,9.21,4.21,2.81
2025-01-16 18:00:00,N016,0.0,10.32,9.05,6.91,1.91,1.27
2025-01-16 18:00:00,N017,0.0,11.81,10.38,7.15,2.15,1.43
2025-01-16 18:00:00,N018,0.0,13.14,12.34,6.2,1.2,0.8
2025-01-16 18:00:00,N019,0.0,6.64,4.67,7.96,2.96,1.97
2025-01-16 18:00:00,N020,0.0,11.5,9.92,7.37,2.37,1.58
2025-01-16 19:00:00,N001,0.0,9.07,8.38,6.03,1.03,0.69
2025-01-16 19:00:00,N002,0.0,9.18,6.91,8.41,3.41,2.27
2025-01-16 19:00:00,N003,0.0,8.73,7.95,6.17,1.17,0.78
2025-01-16 19:00:00,N004,0.0,6.77,5.79,6.47,1.47,0.98
2025-01-16 19:00:00,N005,0.0,7.61,6.54,6.6,1.6,1.07
2025-01-16 19:00:00,N006,0.0,10.11,7.97,8.21,3.21,2.14
2025-01-16 19:00:00,N007,0.0,10.85,8.99,7.79,2.79,1.86
2025-01-16 19:00:00,N008,0.0,13.94,9.9,11.06,6.06,4.04
2025-01-16 19:00:00,N009,0.0,9.14,8.06,6.62,1.62,1.08
2025-01-16 19:00:00,N010,0.0,6.67,4.66,8.01,3.01,2.01
2025-01-16 19:00:00,N011,0.0,8.41,6.65,7.64,2.64,1.76
2025-01-16 19:00:00,N012,0.0,8.61,6.67,7.91,2.91,1.94
2025-01-16 19:00:00,N013,0.0,11.7,10.89,6.22,1.22,0.81
2025-01-16 19:00:00,N014,0.0,10.79,10.22,5.85,0.85,0.57
2025-01-16 19:00:00,N015,0.0,12.57,9.15,10.13,5.13,3.42
2025-01-16 19:00:00,N016,0.0,11.13,10.22,6.36,1.36,0.91
2025-01-16 19:00:00,N017,0.0,10.25,7.85,8.6,3.6,2.4
2025-01-16 19:00:00,N018,0.0,8.77,7.95,6.23,1.23,0.82
2025-01-16 19:00:00,N019,0.0,6.93,5.35,7.37,2.37,1.58
2025-01-16 19:00:00,N020,0.0,11.34,7.72,10.43,5.43,3.62
2025-01-16 20:00:00,N001,0.0,6.29,4.69,7.4,2.4,1.6
2025-01-16 20:00:00,N002,0.0,10.81,7.2,10.42,5.42,3.61
2025-01-16 20:00:00,N003,0.0,10.01,8.13,7.82,2.82,1.88
2025-01-16 20:00:00,N004,0.0,10.49,9.25,6.86,1.86,1.24
2025-01-16 20:00:00,N005,0.0,8.47,7.45,6.53,1.53,1.02
2025-01-16 20:00:00,N006,0.0,10.85,9.96,6.33,1.33,0.89
2025-01-16 20:00:00,N007,0.0,8.13,6.81,6.98,1.98,1.32
2025-01-16 20:00:00,N008,0.0,8.38,6.33,8.07,3.07,2.05
2025-01-16 20:00:00,N009,0.0,15.57,11.26,11.46,6.46,4.31
2025-01-16 20:00:00,N010,0.0,11.96,8.16,10.7,5.7,3.8
2025-01-16 20:00:00,N011,0.0,14.56,11.73,9.25,4.25,2.83
2025-01-16 20:00:00,N012,0.0,9.57,8.35,6.83,1.83,1.22
2025-01-16 20:00:00,N013,0.0,8.45,7.98,5.7,0.7,0.47
2025-01-16 20:00:00,N014,0.0,8.01,7.58,5.65,0.65,0.43
2025-01-16 20:00:00,N015,0.0,11.66,8.63,9.54,4.54,3.03
2025-01-16 20:00:00,N016,0.0,11.09,8.44,8.97,3.97,2.65
2025-01-16 20:00:00,N017,0.0,9.74,6.91,9.25,4.25,2.83
2025-01-16 20:00:00,N018,0.0,10.03,7.53,8.75,3.75,2.5
2025-01-16 20:00:00,N019,0.0,9.3,6.07,9.84,4.84,3.23
2025-01-16 20:00:00,N020,0.0,10.48,8.67,7.71,2.71,1.81
2025-01-16 21:00:00,N001,0.0,11.8,9.78,8.03,3.03,2.02
2025-01-16 21:00:00,N002,0.0,12.61,9.71,9.35,4.35,2.9
2025-01-16 21:00:00,N003,0.0,13.39,8.84,11.82,6.82,4.55
2025-01-16 21:00:00,N004,0.0,13.97,12.12,7.78,2.78,1.85
2025-01-16 21:00:00,N005,0.0,10.5,7.63,9.3,4.3,2.87
2025-01-16 21:00:00,N006,0.0,10.73,7.74,9.49,4.49,2.99
2025-01-16 21:00:00,N007,0.0,8.24,5.53,9.06,4.06,2.71
2025-01-16 21:00:00,N008,0.0,10.56,8.43,8.19,3.19,2.13
2025-01-16 21:00:00,N009,0.0,11.83,9.33,8.75,3.75,2.5
2025-01-16 21:00:00,N010,0.0,10.57,8.32,8.38,3.38,2.25
2025-01-16 21:00:00,N011,0.0,10.08,8.07,8.01,3.01,2.01
2025-01-16 21:00:00,N012,0.0,9.19,6.64,8.82,3.82,2.55
2025-01-16 21:00:00,N013,0.0,13.14,10.05,9.63,4.63,3.09
2025-01-16 21:00:00,N014,0.0,10.7,9.59,6.67,1.67,1.11
2025-01-16 21:00:00,N015,0.0,11.29,7.59,10.55,5.55,3.7
2025-01-16 21:00:00,N016,0.0,10.78,7.53,9.88,4.88,3.25
2025-01-16 21:00:00,N017,0.0,10.96,10.28,6.02,1.02,0.68
2025-01-16 21:00:00,N018,0.0,10.07,9.35,6.08,1.08,0.72
2025-01-16 21:00:00,N019,0.0,8.73,6.67,8.09,3.09,2.06
2025-01-16 21:00:00,N020,0.0,8.07,7.61,5.69,0.69,0.46
2025-01-16 22:00:00,N001,0.0,13.04,10.93,8.17,3.17,2.11
2025-01-16 22:00:00,N002,0.0,11.46,10.49,6.46,1.46,0.97
2025-01-16 22:00:00,N003,0.0,13.15,9.57,10.37,5.37,3.58
2025-01-16 22:00:00,N004,0.0,8.04,5.96,8.12,3.12,2.08
2025-01-16 22:00:00,N005,0.0,10.21,8.14,8.1,3.1,2.07
2025-01-16 22:00:00,N006,0.0,8.58,6.32,8.39,3.39,2.26
2025-01-16 22:00:00,N007,0.0,10.06,9.03,6.54,1.54,1.03
2025-01-16 22:00:00,N008,0.0,14.23,10.93,9.95,4.95,3.3
2025-01-16 22:00:00,N009,0.0,7.05,4.98,8.1,3.1,2.07
2025-01-16 22:00:00,N010,0.0,10.38,7.77,8.92,3.92,2.61
2025-01-16 22:00:00,N011,0.0,10.71,10.02,6.03,1.03,0.69
2025-01-16 22:00:00,N012,0.0,10.38,6.94,10.16,5.16,3.44
2025-01-16 22:00:00,N013,0.0,10.84,7.21,10.45,5.45,3.63
2025-01-16 22:00:00,N014,0.0,10.19,7.37,9.23,4.23,2.82
2025-01-16 22:00:00,N015,0.0,9.33,7.51,7.73,2.73,1.82
2025-01-16 22:00:00,N016,0.0,9.76,6.54,9.83,4.83,3.22
2025-01-16 22:00:00,N017,0.0,10.24,8.28,7.94,2.94,1.96
2025-01-16 22:00:00,N018,0.0,8.78,7.84,6.41,1.41,0.94
2025-01-16 22:00:00,N019,0.0,8.59,6.66,7.9,2.9,1.93
2025-01-16 22:00:00,N020,0.0,13.94,12.87,6.6,1.6,1.07
2025-01-16 23:00:00,N001,0.0,9.39,8.07,6.98,1.98,1.32
2025-01-16 23:00:00,N002,0.0,8.91,8.31,5.9,0.9,0.6
2025-01-16 23:00:00,N003,0.0,10.54,8.28,8.39,3.39,2.26
2025-01-16 23:00:00,N004,0.0,12.8,11.54,6.89,1.89,1.26
2025-01-16 23:00:00,N005,0.0,10.22,6.7,10.28,5.28,3.52
2025-01-16 23:00:00,N006,0.0,10.94,7.62,9.98,4.98,3.32
2025-01-16 23:00:00,N007,0.0,9.74,8.19,7.33,2.33,1.55
2025-01-16 23:00:00,N008,0.0,8.82,7.31,7.27,2.27,1.51
2025-01-16 23:00:00,N009,0.0,6.44,4.35,8.13,3.13,2.09
2025-01-16 23:00:00,N010,0.0,9.55,7.1,8.68,3.68,2.45
2025-01-16 23:00:00,N011,0.0,8.02,6.25,7.66,2.66,1.77
2025-01-16 23:00:00,N012,0.0,10.06,7.35,9.06,4.06,2.71
2025-01-16 23:00:00,N013,0.0,6.61,6.09,5.78,0.78,0.52
2025-01-16 23:00:00,N014,0.0,10.96,8.82,8.21,3.21,2.14
2025-01-16 23:00:00,N015,0.0,8.59,6.11,8.72,3.72,2.48
2025-01-16 23:00:00,N016,0.0,8.8,6.69,8.17,3.17,2.11
2025-01-16 23:00:00,N017,0.0,12.58,11.86,6.08,1.08,0.72
2025-01-16 23:00:00,N018,0.0,7.21,6.32,6.33,1.33,0.89
2025-01-16 23:00:00,N019,0.0,13.11,10.43,9.02,4.02,2.68
2025-01-16 23:00:00,N020,0.0,10.77,8.74,8.04,3.04,2.03
2025-01-17 00:00:00,N001,0.0,11.92,8.49,10.15,5.15,3.43
2025-01-17 00:00:00,N002,0.0,10.31,7.35,9.44,4.44,2.96
2025-01-17 00:00:00,N003,0.0,11.85,10.74,6.67,1.67,1.11
2025-01-17 00:00:00,N004,0.0,9.99,9.19,6.2,1.2,0.8
2025-01-17 00:00:00,N005,0.0,9.19,8.6,5.89,0.89,0.59
2025-01-17 00:00:00,N006,0.0,10.18,8.4,7.67,2.67,1.78
2025-01-17 00:00:00,N007,0.0,9.13,7.65,7.22,2.22,1.48
2025-01-17 00:00:00,N008,0.0,14.52,12.72,7.7,2.7,1.8
2025-01-17 00:00:00,N009,0.0,5.27,4.74,5.8,0.8,0.53
2025-01-17 00:00:00,N010,0.0,10.15,9.26,6.33,1.33,0.89
2025-01-17 00:00:00,N011,0.0,12.04,9.3,9.11,4.11,2.74
2025-01-17 00:00:00,N012,0.0,10.12,6.88,9.86,4.86,3.24
2025-01-17 00:00:00,N013,0.0,11.34,9.64,7.55,2.55,1.7
2025-01-17 00:00:00,N014,0.0,9.94,6.89,9.57,4.57,3.05
2025-01-17 00:00:00,N015,0.0,11.26,10.28,6.47,1.47,0.98
2025-01-17 00:00:00,N016,0.0,9.9,8.27,7.44,2.44,1.63
2025-01-17 00:00:00,N017,0.0,12.08,8.54,10.31,5.31,3.54
2025-01-17 00:00:00,N018,0.0,10.58,9.89,6.03,1.03,0.69
2025-01-17 00:00:00,N019,0.0,13.97,13.06,6.36,1.36,0.91
2025-01-17 00:00:00,N020,0.0,14.78,13.73,6.58,1.58,1.05
2025-01-17 01:00:00,N001,0.0,8.11,6.9,6.81,1.81,1.21
2025-01-17 01:00:00,N002,0.0,11.81,10.09,7.58,2.58,1.72
2025-01-17 01:00:00,N003,0.0,8.15,7.31,6.26,1.26,0.84
2025-01-17 01:00:00,N004,0.0,9.53,6.85,9.02,4.02,2.68
2025-01-17 01:00:00,N005,0.0,7.6,5.87,7.59,2.59,1.73
2025-01-17 01:00:00,N006,0.0,8.32,7.61,6.06,1.06,0.71
2025-01-17 01:00:00,N007,0.0,13.53,10.68,9.28,4.28,2.85
2025-01-17 01:00:00,N008,0.0,9.51,7.56,7.92,2.92,1.95
2025-01-17 01:00:00,N009,0.0,11.08,9.62,7.19,2.19,1.46
2025-01-17 01:00:00,N010,0.0,5.29,4.35,6.41,1.41,0.94
2025-01-17 01:00:00,N011,0.0,8.67,6.71,7.94,2.94,1.96
2025-01-17 01:00:00,N012,0.0,8.82,6.65,8.25,3.25,2.17
2025-01-17 01:00:00,N013,0.0,11.1,8.79,8.46,3.46,2.31
2025-01-17 01:00:00,N014,0.0,11.14,7.97,9.75,4.75,3.17
2025-01-17 01:00:00,N015,0.0,9.42,7.07,8.53,3.53,2.35
2025-01-17 01:00:00,N016,0.0,10.03,8.44,7.39,2.39,1.59
2025-01-17 01:00:00,N017,0.0,11.44,7.81,10.45,5.45,3.63
2025-01-17 01:00:00,N018,0.0,7.33,6.43,6.35,1.35,0.9
2025-01-17 01:00:00,N019,0.0,9.77,9.12,5.98,0.98,0.65
2025-01-17 01:00:00,N020,0.0,5.95,5.31,5.96,0.96,0.64
2025-01-17 02:00:00,N001,0.0,10.69,9.43,6.89,1.89,1.26
2025-01-17 02:00:00,N002,0.0,10.14,8.1,8.06,3.06,2.04
2025-01-17 02:00:00,N003,0.0,8.68,6.75,7.9,2.9,1.93
2025-01-17 02:00:00,N004,0.0,11.63,9.31,8.48,3.48,2.32
2025-01-17 02:00:00,N005,0.0,12.71,9.75,9.44,4.44,2.96
2025-01-17 02:00:00,N006,0.0,12.95,12.19,6.14,1.14,0.76
2025-01-17 02:00:00,N007,0.0,9.36,6.76,8.9,3.9,2.6
2025-01-17 02:00:00,N008,0.0,7.64,6.21,7.15,2.15,1.43
2025-01-17 02:00:00,N009,0.0,8.53,8.01,5.78,0.78,0.52
2025-01-17 02:00:00,N010,0.0,8.55,7.32,6.84,1.84,1.23
2025-01-17 02:00:00,N011,0.0,10.45,9.31,6.71,1.71,1.14
2025-01-17 02:00:00,N012,0.0,9.74,8.08,7.49,2.49,1.66
2025-01-17 02:00:00,N013,0.0,6.3,5.19,6.67,1.67,1.11
2025-01-17 02:00:00,N014,0.0,10.49,6.92,10.35,5.35,3.57
2025-01-17 02:00:00,N015,0.0,7.53,6.3,6.84,1.84,1.23
2025-01-17 02:00:00,N016,0.0,10.5,8.21,8.44,3.44,2.29
2025-01-17 02:00:00,N017,0.0,12.75,11.97,6.17,1.17,0.78
2025-01-17 02:00:00,N018,0.0,7.4,6.45,6.42,1.42,0.95
2025-01-17 02:00:00,N019,0.0,10.12,7.58,8.81,3.81,2.54
2025-01-17 02:00:00,N020,0.0,6.6,4.84,7.64,2.64,1.76
2025-01-17 03:00:00,N001,0.0,12.02,9.28,9.11,4.11,2.74
2025-01-17 03:00:00,N002,0.0,11.49,8.29,9.8,4.8,3.2
2025-01-17 03:00:00,N003,0.0,11.02,8.01,9.51,4.51,3.01
2025-01-17 03:00:00,N004,0.0,12.68,9.04,10.46,5.46,3.64
2025-01-17 03:00:00,N005,0.0,12.46,9.82,8.96,3.96,2.64
2025-01-17 03:00:00,N006,0.0,7.52,5.38,8.21,3.21,2.14
2025-01-17 03:00:00,N007,0.0,8.62,7.85,6.16,1.16,0.77
2025-01-17 03:00:00,N008,0.0,10.98,9.52,7.19,2.19,1.46
2025-01-17 03:00:00,N009,0.0,9.47,8.77,6.05,1.05,0.7
2025-01-17 03:00:00,N010,0.0,10.46,7.38,9.62,4.62,3.08
2025-01-17 03:00:00,N011,0.0,9.25,7.44,7.71,2.71,1.81
2025-01-17 03:00:00,N012,0.0,8.84,6.34,8.75,3.75,2.5
2025-01-17 03:00:00,N013,0.0,7.73,6.66,6.6,1.6,1.07
2025-01-17 03:00:00,N014,0.0,5.0,3.37,7.44,2.44,1.63
2025-01-17 03:00:00,N015,0.0,9.77,8.54,6.84,1.84,1.23
2025-01-17 03:00:00,N016,0.0,8.67,8.08,5.89,0.89,0.59
2025-01-17 03:00:00,N017,0.0,5.0,4.32,6.02,1.02,0.68
2025-01-17 03:00:00,N018,0.0,8.54,7.95,5.89,0.89,0.59
2025-01-17 03:00:00,N019,0.0,12.61,11.37,6.86,1.86,1.24
2025-01-17 03:00:00,N020,0.0,9.34,6.88,8.69,3.69,2.46
2025-01-17 04:00:00,N001,0.0,7.87,5.84,8.04,3.04,2.03
2025-01-17 04:00:00,N002,0.0,11.32,10.38,6.41,1.41,0.94
2025-01-17 04:00:00,N003,0.0,11.93,8.0,10.9,5.9,3.93
2025-01-17 04:00:00,N004,0.0,11.03,9.0,8.04,3.04,2.03
2025-01-17 04:00:00,N005,0.0,7.79,6.62,6.75,1.75,1.17
2025-01-17 04:00:00,N006,0.0,8.64,7.7,6.41,1.41,0.94
2025-01-17 04:00:00,N007,0.0,11.78,8.7,9.62,4.62,3.08
2025-01-17 04:00:00,N008,0.0,11.8,10.7,6.65,1.65,1.1
2025-01-17 04:00:00,N009,0.0,12.75,10.55,8.3,3.3,2.2
2025-01-17 04:00:00,N010,0.0,10.76,10.18,5.87,0.87,0.58
2025-01-17 04:00:00,N011,0.0,10.7,7.55,9.72,4.72,3.15
2025-01-17 04:00:00,N012,0.0,10.57,9.61,6.44,1.44,0.96
2025-01-17 04:00:00,N013,0.0,7.02,5.45,7.35,2.35,1.57
2025-01-17 04:00:00,N014,0.0,8.69,6.91,7.67,2.67,1.78
2025-01-17 04:00:00,N015,0.0,11.61,8.69,9.38,4.38,2.92
2025-01-17 04:00:00,N016,0.0,10.9,10.23,6.01,1.01,0.67
2025-01-17 04:00:00,N017,0.0,7.32,5.68,7.46,2.46,1.64
2025-01-17 04:00:00,N018,0.0,6.97,6.4,5.85,0.85,0.57
2025-01-17 04:00:00,N019,0.0,14.43,12.39,8.06,3.06,2.04
2025-01-17 04:00:00,N020,0.0,10.41,7.89,8.78,3.78,2.52
2025-01-17 05:00:00,N001,0.0,13.75,10.65,9.65,4.65,3.1
2025-01-17 05:00:00,N002,0.0,8.21,6.29,7.88,2.88,1.92
2025-01-17 05:00:00,N003,0.0,7.38,6.85,5.8,0.8,0.53
2025-01-17 05:00:00,N004,0.0,10.93,10.06,6.3,1.3,0.87
2025-01-17 05:00:00,N005,0.0,12.43,8.17,11.39,6.39,4.26
2025-01-17 05:00:00,N006,0.0,6.96,5.45,7.27,2.27,1.51
2025-01-17 05:00:00,N007,0.0,8.37,6.08,8.44,3.44,2.29
2025-01-17 05:00:00,N008,0.0,11.9,9.87,8.04,3.04,2.03
2025-01-17 05:00:00,N009,0.0,5.86,4.46,7.1,2.1,1.4
2025-01-17 05:00:00,N010,0.0,9.28,6.68,8.9,3.9,2.6
2025-01-17 05:00:00,N011,0.0,11.15,10.57,5.87,0.87,0.58
2025-01-17 05:00:00,N012,0.0,11.75,10.04,7.56,2.56,1.71
2025-01-17 05:00:00,N013,0.0,12.48,8.24,11.36,6.36,4.24
2025-01-17 05:00:00,N014,0.0,5.74,5.27,5.7,0.7,0.47
2025-01-17 05:00:00,N015,0.0,10.9,7.67,9.84,4.84,3.23
2025-01-17 05:00:00,N016,0.0,8.94,6.94,8.0,3.0,2.0
2025-01-17 05:00:00,N017,0.0,11.27,9.23,8.06,3.06,2.04
2025-01-17 05:00:00,N018,0.0,10.98,9.73,6.88,1.88,1.25
2025-01-17 05:00:00,N019,0.0,10.17,7.58,8.88,3.88,2.59
2025-01-17 05:00:00,N020,0.0,7.65,6.82,6.24,1.24,0.83
2025-01-17 06:00:00,N001,0.0,9.5,8.15,7.03,2.03,1.35
2025-01-17 06:00:00,N002,0.0,9.68,9.01,6.01,1.01,0.67
2025-01-17 06:00:00,N003,0.0,5.0,4.29,6.06,1.06,0.71
2025-01-17 06:00:00,N004,0.0,12.39,8.53,10.79,5.79,3.86
2025-01-17 06:00:00,N005,0.0,9.62,7.78,7.76,2.76,1.84
2025-01-17 06:00:00,N006,0.0,11.99,8.78,9.81,4.81,3.21
2025-01-17 06:00:00,N007,0.0,11.2,8.69,8.76,3.76,2.51
2025-01-17 06:00:00,N008,0.0,12.12,8.87,9.88,4.88,3.25
2025-01-17 06:00:00,N009,0.0,6.51,4.32,8.29,3.29,2.19
2025-01-17 06:00:00,N010,0.0,11.42,10.2,6.83,1.83,1.22
2025-01-17 06:00:00,N011,0.0,6.18,5.32,6.29,1.29,0.86
2025-01-17 06:00:00,N012,0.0,8.42,5.94,8.72,3.72,2.48
2025-01-17 06:00:00,N013,0.0,10.2,9.08,6.68,1.68,1.12
2025-01-17 06:00:00,N014,0.0,11.03,7.97,9.59,4.59,3.06
2025-01-17 06:00:00,N015,0.0,9.09,6.08,9.51,4.51,3.01
2025-01-17 06:00:00,N016,0.0,7.4,6.79,5.92,0.92,0.61
2025-01-17 06:00:00,N017,0.0,10.61,8.82,7.69,2.69,1.79
2025-01-17 06:00:00,N018,0.0,8.21,5.59,8.93,3.93,2.62
2025-01-17 06:00:00,N019,0.0,13.48,11.34,8.21,3.21,2.14
2025-01-17 06:00:00,N020,0.0,11.57,9.32,8.38,3.38,2.25
2025-01-17 07:00:00,N001,0.1,14.26,11.78,8.76,3.76,2.48
2025-01-17 07:00:00,N002,0.1,13.45,9.59,10.83,5.83,3.86
2025-01-17 07:00:00,N003,0.1,12.06,9.84,8.37,3.37,2.22
2025-01-17 07:00:00,N004,0.1,11.05,7.55,10.29,5.29,3.5
2025-01-17 07:00:00,N005,0.1,11.77,8.79,9.51,4.51,2.98
2025-01-17 07:00:00,N006,0.1,10.96,9.14,7.77,2.77,1.82
2025-01-17 07:00:00,N007,0.1,9.11,7.29,7.77,2.77,1.82
2025-01-17 07:00:00,N008,0.1,9.1,7.13,8.0,3.0,1.97
2025-01-17 07:00:00,N009,0.1,14.16,11.98,8.31,3.31,2.18
2025-01-17 07:00:00,N010,0.1,9.88,7.39,8.78,3.78,2.49
2025-01-17 07:00:00,N011,0.1,11.03,10.47,5.88,0.88,0.56
2025-01-17 07:00:00,N012,0.1,11.21,10.05,6.78,1.78,1.16
2025-01-17 07:00:00,N013,0.1,12.11,11.15,6.48,1.48,0.96
2025-01-17 07:00:00,N014,0.1,9.87,7.35,8.82,3.82,2.52
2025-01-17 07:00:00,N015,0.1,11.05,9.77,6.96,1.96,1.28
2025-01-17 07:00:00,N016,0.1,9.79,7.93,7.83,2.83,1.86
2025-01-17 07:00:00,N017,0.1,11.16,10.06,6.69,1.69,1.1
2025-01-17 07:00:00,N018,0.1,13.43,8.95,11.76,6.76,4.48
2025-01-17 07:00:00,N019,0.1,11.98,8.72,9.93,4.93,3.26
2025-01-17 07:00:00,N020,0.1,9.5,8.38,6.72,1.72,1.12
2025-01-17 08:00:00,N001,0.0,10.31,9.03,6.92,1.92,1.28
2025-01-17 08:00:00,N002,0.0,11.53,8.57,9.44,4.44,2.96
2025-01-17 08:00:00,N003,0.0,9.22,7.3,7.88,2.88,1.92
2025-01-17 08:00:00,N004,0.0,9.97,6.86,9.67,4.67,3.11
2025-01-17 08:00:00,N005,0.0,13.44,10.94,8.75,3.75,2.5
2025-01-17 08:00:00,N006,0.0,9.45,7.23,8.33,3.33,2.22
2025-01-17 08:00:00,N007,0.0,9.23,7.29,7.91,2.91,1.94
2025-01-17 08:00:00,N008,0.0,9.33,8.04,6.94,1.94,1.29
2025-01-17 08:00:00,N009,0.0,10.09,7.84,8.38,3.38,2.25
2025-01-17 08:00:00,N010,0.0,7.2,6.8,5.6,0.6,0.4
2025-01-17 08:00:00,N011,0.0,9.58,8.07,7.27,2.27,1.51
2025-01-17 08:00:00,N012,0.0,9.26,8.53,6.09,1.09,0.73
2025-01-17 08:00:00,N013,0.0,9.88,8.75,6.69,1.69,1.13
2025-01-17 08:00:00,N014,0.0,12.35,11.3,6.58,1.58,1.05
2025-01-17 08:00:00,N015,0.0,11.6,9.34,8.39,3.39,2.26
2025-01-17 08:00:00,N016,0.0,10.73,7.51,9.83,4.83,3.22
2025-01-17 08:00:00,N017,0.0,8.62,6.37,8.38,3.38,2.25
2025-01-17 08:00:00,N018,0.0,9.39,8.08,6.97,1.97,1.31
2025-01-17 08:00:00,N019,0.0,9.81,7.83,7.97,2.97,1.98
2025-01-17 08:00:00,N020,0.0,7.4,4.88,8.78,3.78,2.52
2025-01-17 09:00:00,N001,0.0,9.73,8.7,6.54,1.54,1.03
2025-01-17 09:00:00,N002,0.0,13.96,9.28,12.02,7.02,4.68
2025-01-17 09:00:00,N003,0.0,6.71,4.94,7.66,2.66,1.77
2025-01-17 09:00:00,N004,0.0,9.27,7.2,8.1,3.1,2.07
2025-01-17 09:00:00,N005,0.0,7.45,5.68,7.66,2.66,1.77
2025-01-17 09:00:00,N006,0.0,11.75,9.39,8.54,3.54,2.36
2025-01-17 09:00:00,N007,0.0,10.01,7.09,9.38,4.38,2.92
2025-01-17 09:00:00,N008,0.0,11.08,8.98,8.15,3.15,2.1
2025-01-17 09:00:00,N009,0.0,12.86,8.53,11.5,6.5,4.33
2025-01-17 09:00:00,N010,0.0,11.17,9.05,8.18,3.18,2.12
2025-01-17 09:00:00,N011,0.0,11.59,8.05,10.31,5.31,3.54
2025-01-17 09:00:00,N012,0.0,5.41,4.06,7.03,2.03,1.35
2025-01-17 09:00:00,N013,0.0,8.6,6.01,8.88,3.88,2.59
2025-01-17 09:00:00,N014,0.0,9.49,8.72,6.16,1.16,0.77
2025-01-17 09:00:00,N015,0.0,9.23,8.18,6.58,1.58,1.05
2025-01-17 09:00:00,N016,0.0,7.3,5.18,8.18,3.18,2.12
2025-01-17 09:00:00,N017,0.0,7.83,5.48,8.53,3.53,2.35
2025-01-17 09:00:00,N018,0.0,10.43,9.27,6.74,1.74,1.16
2025-01-17 09:00:00,N019,0.0,14.62,11.93,9.04,4.04,2.69
2025-01-17 09:00:00,N020,0.0,9.85,7.31,8.81,3.81,2.54
2025-01-17 10:00:00,N001,0.0,8.09,7.33,6.14,1.14,0.76
2025-01-17 10:00:00,N002,0.0,10.83,9.96,6.3,1.3,0.87
2025-01-17 10:00:00,N003,0.0,9.55,7.81,7.61,2.61,1.74
2025-01-17 10:00:00,N004,0.0,8.74,7.78,6.44,1.44,0.96
2025-01-17 10:00:00,N005,0.0,10.27,7.22,9.57,4.57,3.05
2025-01-17 10:00:00,N006,0.0,11.88,7.94,10.91,5.91,3.94
2025-01-17 10:00:00,N007,0.0,10.69,7.56,9.7,4.7,3.13
2025-01-17 10:00:00,N008,0.0,11.51,9.56,7.92,2.92,1.95
2025-01-17 10:00:00,N009,0.0,8.36,6.28,8.12,3.12,2.08
2025-01-17 10:00:00,N010,0.0,5.93,5.48,5.68,0.68,0.45
2025-01-17 10:00:00,N011,0.0,6.83,6.28,5.83,0.83,0.55
2025-01-17 10:00:00,N012,0.0,7.65,6.43,6.83,1.83,1.22
2025-01-17 10:00:00,N013,0.0,9.35,7.12,8.34,3.34,2.23
2025-01-17 10:00:00,N014,0.0,12.39,9.0,10.08,5.08,3.39
2025-01-17 10:00:00,N015,0.0,9.25,6.58,9.0,4.0,2.67
2025-01-17 10:00:00,N016,0.0,7.71,6.16,7.33,2.33,1.55
2025-01-17 10:00:00,N017,0.0,12.87,9.71,9.74,4.74,3.16
2025-01-17 10:00:00,N018,0.0,7.63,5.67,7.94,2.94,1.96
2025-01-17 10:00:00,N019,0.0,11.12,8.89,8.34,3.34,2.23
2025-01-17 10:00:00,N020,0.0,8.91,7.65,6.89,1.89,1.26
2025-01-17 11:00:00,N001,0.0,5.0,3.47,7.29,2.29,1.53
2025-01-17 11:00:00,N002,0.0,10.59,9.7,6.33,1.33,0.89
2025-01-17 11:00:00,N003,0.0,11.45,8.38,9.6,4.6,3.07
2025-01-17 11:00:00,N004,0.0,10.71,8.23,8.72,3.72,2.48
2025-01-17 11:00:00,N005,0.0,8.47,6.9,7.35,2.35,1.57
2025-01-17 11:00:00,N006,0.0,10.91,8.71,8.3,3.3,2.2
2025-01-17 11:00:00,N007,0.0,11.29,9.89,7.1,2.1,1.4
2025-01-17 11:00:00,N008,0.0,14.28,10.47,10.71,5.71,3.81
2025-01-17 11:00:00,N009,0.0,14.01,9.7,11.46,6.46,4.31
2025-01-17 11:00:00,N010,0.0,9.35,6.27,9.62,4.62,3.08
2025-01-17 11:00:00,N011,0.0,9.37,7.0,8.56,3.56,2.37
2025-01-17 11:00:00,N012,0.0,13.14,10.65,8.74,3.74,2.49
2025-01-17 11:00:00,N013,0.0,13.17,8.65,11.78,6.78,4.52
2025-01-17 11:00:00,N014,0.0,10.17,7.52,8.97,3.97,2.65
2025-01-17 11:00:00,N015,0.0,9.81,8.63,6.77,1.77,1.18
2025-01-17 11:00:00,N016,0.0,6.69,5.23,7.19,2.19,1.46
2025-01-17 11:00:00,N017,0.0,5.34,4.83,5.77,0.77,0.51
2025-01-17 11:00:00,N018,0.0,11.54,7.5,11.06,6.06,4.04
2025-01-17 11:00:00,N019,0.0,8.76,7.8,6.44,1.44,0.96
2025-01-17 11:00:00,N020,0.0,9.09,8.52,5.85,0.85,0.57
2025-01-17 12:00:00,N001,0.0,9.83,8.83,6.5,1.5,1.0
2025-01-17 12:00:00,N002,0.0,6.85,4.84,8.01,3.01,2.01
2025-01-17 12:00:00,N003,0.0,8.64,7.19,7.17,2.17,1.45
2025-01-17 12:00:00,N004,0.0,12.41,10.77,7.46,2.46,1.64
2025-01-17 12:00:00,N005,0.0,8.93,7.58,7.03,2.03,1.35
2025-01-17 12:00:00,N006,0.0,10.4,7.74,8.99,3.99,2.66
2025-01-17 12:00:00,N007,0.0,9.56,7.03,8.79,3.79,2.53
2025-01-17 12:00:00,N008,0.0,7.99,6.98,6.52,1.52,1.01
2025-01-17 12:00:00,N009,0.0,11.94,8.28,10.49,5.49,3.66
2025-01-17 12:00:00,N010,0.0,9.4,7.08,8.48,3.48,2.32
2025-01-17 12:00:00,N011,0.0,8.18,7.23,6.42,1.42,0.95
2025-01-17 12:00:00,N012,0.0,10.7,7.64,9.59,4.59,3.06
2025-01-17 12:00:00,N013,0.0,7.95,6.66,6.94,1.94,1.29
2025-01-17 12:00:00,N014,0.0,10.8,9.91,6.33,1.33,0.89
2025-01-17 12:00:00,N015,0.0,11.94,9.72,8.33,3.33,2.22
2025-01-17 12:00:00,N016,0.0,14.68,13.55,6.69,1.69,1.13
2025-01-17 12:00:00,N017,0.0,9.37,6.36,9.51,4.51,3.01
2025-01-17 12:00:00,N018,0.0,9.58,7.44,8.21,3.21,2.14
2025-01-17 12:00:00,N019,0.0,10.44,7.96,8.72,3.72,2.48
2025-01-17 12:00:00,N020,0.0,10.04,8.36,7.52,2.52,1.68
2025-01-17 13:00:00,N001,0.0,9.72,8.13,7.39,2.39,1.59
2025-01-17 13:00:00,N002,0.0,13.53,9.49,11.06,6.06,4.04
2025-01-17 13:00:00,N003,0.0,7.25,6.56,6.03,1.03,0.69
2025-01-17 13:00:00,N004,0.0,6.0,5.5,5.75,0.75,0.5
2025-01-17 13:00:00,N005,0.0,10.9,8.58,8.48,3.48,2.32
2025-01-17 13:00:00,N006,0.0,10.53,8.69,7.76,2.76,1.84
2025-01-17 13:00:00,N007,0.0,9.0,6.56,8.66,3.66,2.44
2025-01-17 13:00:00,N008,0.0,7.96,6.4,7.34,2.34,1.56
2025-01-17 13:00:00,N009,0.0,10.88,9.96,6.38,1.38,0.92
2025-01-17 13:00:00,N010,0.0,11.29,8.51,9.17,4.17,2.78
2025-01-17 13:00:00,N011,0.0,10.16,9.5,5.99,0.99,0.66
2025-01-17 13:00:00,N012,0.0,9.71,8.69,6.53,1.53,1.02
2025-01-17 13:00:00,N013,0.0,8.03,7.62,5.61,0.61,0.41
2025-01-17 13:00:00,N014,0.0,7.87,7.33,5.81,0.81,0.54
2025-01-17 13:00:00,N015,0.0,11.27,8.63,8.96,3.96,2.64
2025-01-17 13:00:00,N016,0.0,11.23,10.55,6.02,1.02,0.68
2025-01-17 13:00:00,N017,0.0,7.96,5.33,8.94,3.94,2.63
2025-01-17 13:00:00,N018,0.0,8.37,6.33,8.06,3.06,2.04
2025-01-17 13:00:00,N019,0.0,12.4,9.38,9.53,4.53,3.02
2025-01-17 13:00:00,N020,0.0,9.41,8.09,6.98,1.98,1.32
2025-01-17 14:00:00,N001,0.0,11.61,8.25,10.04,5.04,3.36
2025-01-17 14:00:00,N002,0.0,11.6,8.82,9.17,4.17,2.78
2025-01-17 14:00:00,N003,0.0,12.77,10.83,7.91,2.91,1.94
2025-01-17 14:00:00,N004,0.0,9.12,6.1,9.53,4.53,3.02
2025-01-17 14:00:00,N005,0.0,12.28,10.03,8.38,3.38,2.25
2025-01-17 14:00:00,N006,0.0,9.39,6.75,8.96,3.96,2.64
2025-01-17 14:00:00,N007,0.0,11.76,8.2,10.34,5.34,3.56
2025-01-17 14:00:00,N008,0.0,10.05,8.32,7.59,2.59,1.73
2025-01-17 14:00:00,N009,0.0,9.37,8.59,6.17,1.17,0.78
2025-01-17 14:00:00,N010,0.0,6.68,6.1,5.87,0.87,0.58
2025-01-17 14:00:00,N011,0.0,8.23,7.38,6.27,1.27,0.85
2025-01-17 14:00:00,N012,0.0,10.12,6.85,9.91,4.91,3.27
2025-01-17 14:00:00,N013,0.0,7.93,5.48,8.68,3.68,2.45
2025-01-17 14:00:00,N014,0.0,6.82,5.83,6.48,1.48,0.99
2025-01-17 14:00:00,N015,0.0,13.11,10.68,8.65,3.65,2.43
2025-01-17 14:00:00,N016,0.0,7.33,5.91,7.13,2.13,1.42
2025-01-17 14:00:00,N017,0.0,9.89,6.97,9.38,4.38,2.92
2025-01-17 14:00:00,N018,0.0,9.23,6.61,8.93,3.93,2.62
2025-01-17 14:00:00,N019,0.0,9.59,7.25,8.51,3.51,2.34
2025-01-17 14:00:00,N020,0.0,8.85,7.49,7.04,2.04,1.36
2025-01-17 15:00:00,N001,0.0,10.88,9.66,6.83,1.83,1.22
2025-01-17 15:00:00,N002,0.0,10.29,7.4,9.33,4.33,2.89
2025-01-17 15:00:00,N003,0.0,11.76,11.09,6.01,1.01,0.67
2025-01-17 15:00:00,N004,0.0,10.53,8.23,8.45,3.45,2.3
2025-01-17 15:00:00,N005,0.0,9.88,6.51,10.05,5.05,3.37
2025-01-17 15:00:00,N006,0.0,10.48,9.75,6.09,1.09,0.73
2025-01-17 15:00:00,N007,0.0,9.53,8.74,6.19,1.19,0.79
2025-01-17 15:00:00,N008,0.0,9.89,6.75,9.71,4.71,3.14
2025-01-17 15:00:00,N009,0.0,9.56,8.45,6.67,1.67,1.11
2025-01-17 15:00:00,N010,0.0,10.36,9.71,5.98,0.98,0.65
2025-01-17 15:00:00,N011,0.0,14.04,13.1,6.41,1.41,0.94
2025-01-17 15:00:00,N012,0.0,9.57,6.88,9.04,4.04,2.69
2025-01-17 15:00:00,N013,0.0,11.76,8.89,9.3,4.3,2.87
2025-01-17 15:00:00,N014,0.0,9.13,6.3,9.25,4.25,2.83
2025-01-17 15:00:00,N015,0.0,13.1,12.16,6.41,1.41,0.94
2025-01-17 15:00:00,N016,0.0,11.54,10.06,7.22,2.22,1.48
2025-01-17 15:00:00,N017,0.0,9.71,7.15,8.84,3.84,2.56
2025-01-17 15:00:00,N018,0.0,7.91,5.99,7.88,2.88,1.92
2025-01-17 15:00:00,N019,0.0,5.82,3.91,7.86,2.86,1.91
2025-01-17 15:00:00,N020,0.0,12.74,8.5,11.36,6.36,4.24
2025-01-17 16:00:00,N001,0.0,12.49,9.57,9.38,4.38,2.92
2025-01-17 16:00:00,N002,0.0,11.0,7.88,9.68,4.68,3.12
2025-01-17 16:00:00,N003,0.0,10.01,8.31,7.55,2.55,1.7
2025-01-17 16:00:00,N004,0.0,7.91,5.28,8.94,3.94,2.63
2025-01-17 16:00:00,N005,0.0,6.98,6.36,5.93,0.93,0.62
2025-01-17 16:00:00,N006,0.0,9.17,6.22,9.43,4.43,2.95
2025-01-17 16:00:00,N007,0.0,9.11,7.39,7.58,2.58,1.72
2025-01-17 16:00:00,N008,0.0,9.44,7.27,8.25,3.25,2.17
2025-01-17 16:00:00,N009,0.0,8.86,6.27,8.88,3.88,2.59
2025-01-17 16:00:00,N010,0.0,9.04,6.04,9.5,4.5,3.0
2025-01-17 16:00:00,N011,0.0,10.01,7.58,8.65,3.65,2.43
2025-01-17 16:00:00,N012,0.0,10.26,8.12,8.21,3.21,2.14
2025-01-17 16:00:00,N013,0.0,7.62,5.62,8.0,3.0,2.0
2025-01-17 16:00:00,N014,0.0,8.27,6.24,8.04,3.04,2.03
2025-01-17 16:00:00,N015,0.0,11.18,9.89,6.94,1.94,1.29
2025-01-17 16:00:00,N016,0.0,8.1,5.73,8.56,3.56,2.37
2025-01-17 16:00:00,N017,0.0,13.22,10.97,8.38,3.38,2.25
2025-01-17 16:00:00,N018,0.0,10.83,7.22,10.42,5.42,3.61
2025-01-17 16:00:00,N019,0.0,8.16,5.9,8.39,3.39,2.26
2025-01-17 16:00:00,N020,0.0,11.88,9.43,8.68,3.68,2.45
2025-01-17 17:00:00,N001,0.0,12.34,10.73,7.42,2.42,1.61
2025-01-17 17:00:00,N002,0.0,11.14,10.1,6.56,1.56,1.04
2025-01-17 17:00:00,N003,0.0,12.89,9.34,10.32,5.32,3.55
2025-01-17 17:00:00,N004,0.0,13.13,10.56,8.85,3.85,2.57
2025-01-17 17:00:00,N005,0.0,9.33,7.33,8.0,3.0,2.0
2025-01-17 17:00:00,N006,0.0,13.2,11.84,7.04,2.04,1.36
2025-01-17 17:00:00,N007,0.0,11.12,8.72,8.6,3.6,2.4
2025-01-17 17:00:00,N008,0.0,8.17,5.34,9.25,4.25,2.83
2025-01-17 17:00:00,N009,0.0,8.77,6.58,8.29,3.29,2.19
2025-01-17 17:00:00,N010,0.0,12.12,10.43,7.54,2.54,1.69
2025-01-17 17:00:00,N011,0.0,8.92,7.73,6.78,1.78,1.19
2025-01-17 17:00:00,N012,0.0,12.73,8.64,11.13,6.13,4.09
2025-01-17 17:00:00,N013,0.0,10.62,7.09,10.29,5.29,3.53
2025-01-17 17:00:00,N014,0.0,11.39,9.34,8.07,3.07,2.05
2025-01-17 17:00:00,N015,0.0,11.51,10.14,7.06,2.06,1.37
2025-01-17 17:00:00,N016,0.0,6.99,5.4,7.39,2.39,1.59
2025-01-17 17:00:00,N017,0.0,11.14,8.59,8.82,3.82,2.55
2025-01-17 17:00:00,N018,0.0,11.85,10.1,7.62,2.62,1.75
2025-01-17 17:00:00,N019,0.0,10.14,7.67,8.71,3.71,2.47
2025-01-17 17:00:00,N020,0.0,10.42,7.47,9.43,4.43,2.95
2025-01-17 18:00:00,N001,0.0,5.9,5.37,5.8,0.8,0.53
2025-01-17 18:00:00,N002,0.0,12.53,10.63,7.85,2.85,1.9
2025-01-17 18:00:00,N003,0.0,6.53,5.3,6.84,1.84,1.23
2025-01-17 18:00:00,N004,0.0,10.77,9.62,6.72,1.72,1.15
2025-01-17 18:00:00,N005,0.0,8.39,6.46,7.9,2.9,1.93
2025-01-17 18:00:00,N006,0.0,9.33,8.73,5.9,0.9,0.6
2025-01-17 18:00:00,N007,0.0,8.59,6.59,8.0,3.0,2.0
2025-01-17 18:00:00,N008,0.0,11.11,8.63,8.72,3.72,2.48
2025-01-17 18:00:00,N009,0.0,11.11,9.15,7.94,2.94,1.96
2025-01-17 18:00:00,N010,0.0,9.38,8.34,6.56,1.56,1.04
2025-01-17 18:00:00,N011,0.0,8.53,7.35,6.77,1.77,1.18
2025-01-17 18:00:00,N012,0.0,11.98,9.95,8.04,3.04,2.03
2025-01-17 18:00:00,N013,0.0,8.41,6.65,7.64,2.64,1.76
2025-01-17 18:00:00,N014,0.0,10.28,9.33,6.42,1.42,0.95
2025-01-17 18:00:00,N015,0.0,11.76,9.77,7.98,2.98,1.99
2025-01-17 18:00:00,N016,0.0,7.54,5.56,7.97,2.97,1.98
2025-01-17 18:00:00,N017,0.0,6.62,5.98,5.96,0.96,0.64
2025-01-17 18:00:00,N018,0.0,11.57,9.09,8.72,3.72,2.48
2025-01-17 18:00:00,N019,0.0,7.68,5.96,7.58,2.58,1.72
2025-01-17 18:00:00,N020,0.0,8.06,6.7,7.04,2.04,1.36
2025-01-17 19:00:00,N001,0.0,8.61,6.65,7.94,2.94,1.96
2025-01-17 19:00:00,N002,0.0,8.56,5.7,9.29,4.29,2.86
2025-01-17 19:00:00,N003,0.0,12.69,9.14,10.32,5.32,3.55
2025-01-17 19:00:00,N004,0.0,10.18,9.23,6.42,1.42,0.95
2025-01-17 19:00:00,N005,0.0,11.38,8.11,9.91,4.91,3.27
2025-01-17 19:00:00,N006,0.0,9.71,6.84,9.3,4.3,2.87
2025-01-17 19:00:00,N007,0.0,12.76,10.71,8.07,3.07,2.05
2025-01-17 19:00:00,N008,0.0,14.02,9.83,11.29,6.29,4.19
2025-01-17 19:00:00,N009,0.0,7.16,5.74,7.13,2.13,1.42
2025-01-17 19:00:00,N010,0.0,7.62,5.85,7.66,2.66,1.77
2025-01-17 19:00:00,N011,0.0,11.96,8.61,10.03,5.03,3.35
2025-01-17 19:00:00,N012,0.0,8.98,8.06,6.38,1.38,0.92
2025-01-17 19:00:00,N013,0.0,9.53,6.73,9.2,4.2,2.8
2025-01-17 19:00:00,N014,0.0,8.87,6.9,7.96,2.96,1.97
2025-01-17 19:00:00,N015,0.0,11.29,7.59,10.55,5.55,3.7
2025-01-17 19:00:00,N016,0.0,10.97,9.62,7.03,2.03,1.35
2025-01-17 19:00:00,N017,0.0,6.03,4.43,7.4,2.4,1.6
2025-01-17 19:00:00,N018,0.0,10.93,7.69,9.86,4.86,3.24
2025-01-17 19:00:00,N019,0.0,13.15,9.39,10.64,5.64,3.76
2025-01-17 19:00:00,N020,0.0,8.99,7.23,7.64,2.64,1.76
2025-01-17 20:00:00,N001,0.0,11.32,8.86,8.69,3.69,2.46
2025-01-17 20:00:00,N002,0.0,14.26,11.13,9.7,4.7,3.13
2025-01-17 20:00:00,N003,0.0,11.98,10.38,7.4,2.4,1.6
2025-01-17 20:00:00,N004,0.0,10.21,8.61,7.4,2.4,1.6
2025-01-17 20:00:00,N005,0.0,9.19,6.07,9.68,4.68,3.12
2025-01-17 20:00:00,N006,0.0,10.13,6.9,9.84,4.84,3.23
2025-01-17 20:00:00,N007,0.0,10.12,9.01,6.67,1.67,1.11
2025-01-17 20:00:00,N008,0.0,9.83,7.15,9.02,4.02,2.68
2025-01-17 20:00:00,N009,0.0,11.31,8.89,8.63,3.63,2.42
2025-01-17 20:00:00,N010,0.0,7.19,6.77,5.63,0.63,0.42
2025-01-17 20:00:00,N011,0.0,9.93,6.75,9.77,4.77,3.18
2025-01-17 20:00:00,N012,0.0,7.94,5.23,9.06,4.06,2.71
2025-01-17 20:00:00,N013,0.0,10.54,8.5,8.06,3.06,2.04
2025-01-17 20:00:00,N014,0.0,11.9,10.24,7.49,2.49,1.66
2025-01-17 20:00:00,N015,0.0,12.45,11.76,6.03,1.03,0.69
2025-01-17 20:00:00,N016,0.0,8.02,5.68,8.51,3.51,2.34
2025-01-17 20:00:00,N017,0.0,7.32,4.99,8.5,3.5,2.33
2025-01-17 20:00:00,N018,0.0,9.42,7.89,7.29,2.29,1.53
2025-01-17 20:00:00,N019,0.0,9.49,7.89,7.4,2.4,1.6
2025-01-17 20:00:00,N020,0.0,8.7,5.67,9.54,4.54,3.03
2025-01-17 21:00:00,N001,0.0,9.94,7.12,9.23,4.23,2.82
2025-01-17 21:00:00,N002,0.0,10.18,9.67,5.77,0.77,0.51
2025-01-17 21:00:00,N003,0.0,8.51,7.17,7.01,2.01,1.34
2025-01-17 21:00:00,N004,0.0,6.76,6.22,5.81,0.81,0.54
2025-01-17 21:00:00,N005,0.0,8.38,7.77,5.92,0.92,0.61
2025-01-17 21:00:00,N006,0.0,11.49,10.0,7.23,2.23,1.49
2025-01-17 21:00:00,N007,0.0,9.49,6.95,8.81,3.81,2.54
2025-01-17 21:00:00,N008,0.0,9.2,7.1,8.15,3.15,2.1
2025-01-17 21:00:00,N009,0.0,13.68,10.46,9.83,4.83,3.22
2025-01-17 21:00:00,N010,0.0,9.22,7.64,7.37,2.37,1.58
2025-01-17 21:00:00,N011,0.0,10.79,7.43,10.04,5.04,3.36
2025-01-17 21:00:00,N012,0.0,11.57,10.79,6.17,1.17,0.78
2025-01-17 21:00:00,N013,0.0,12.95,10.37,8.87,3.87,2.58
2025-01-17 21:00:00,N014,0.0,8.56,5.78,9.17,4.17,2.78
2025-01-17 21:00:00,N015,0.0,7.04,5.94,6.65,1.65,1.1
2025-01-17 21:00:00,N016,0.0,10.32,8.55,7.66,2.66,1.77
2025-01-17 21:00:00,N017,0.0,11.91,10.37,7.31,2.31,1.54
2025-01-17 21:00:00,N018,0.0,7.56,7.12,5.66,0.66,0.44
2025-01-17 21:00:00,N019,0.0,9.5,8.04,7.19,2.19,1.46
2025-01-17 21:00:00,N020,0.0,10.96,7.21,10.62,5.62,3.75
2025-01-17 22:00:00,N001,0.0,10.44,9.63,6.22,1.22,0.81
2025-01-17 22:00:00,N002,0.0,8.02,6.14,7.82,2.82,1.88
2025-01-17 22:00:00,N003,0.0,9.92,8.8,6.68,1.68,1.12
2025-01-17 22:00:00,N004,0.0,8.82,5.99,9.25,4.25,2.83
2025-01-17 22:00:00,N005,0.0,11.28,8.41,9.3,4.3,2.87
2025-01-17 22:00:00,N006,0.0,9.65,8.4,6.88,1.88,1.25
2025-01-17 22:00:00,N007,0.0,9.58,7.57,8.01,3.01,2.01
2025-01-17 22:00:00,N008,0.0,11.53,10.16,7.06,2.06,1.37
2025-01-17 22:00:00,N009,0.0,9.69,7.56,8.19,3.19,2.13
2025-01-17 22:00:00,N010,0.0,10.28,6.87,10.12,5.12,3.41
2025-01-17 22:00:00,N011,0.0,7.88,6.86,6.53,1.53,1.02
2025-01-17 22:00:00,N012,0.0,12.95,11.09,7.79,2.79,1.86
2025-01-17 22:00:00,N013,0.0,9.34,8.52,6.23,1.23,0.82
2025-01-17 22:00:00,N014,0.0,7.38,6.59,6.19,1.19,0.79
2025-01-17 22:00:00,N015,0.0,9.16,7.88,6.92,1.92,1.28
2025-01-17 22:00:00,N016,0.0,12.78,11.72,6.59,1.59,1.06
2025-01-17 22:00:00,N017,0.0,8.49,5.98,8.76,3.76,2.51
2025-01-17 22:00:00,N018,0.0,11.62,8.68,9.41,4.41,2.94
2025-01-17 22:00:00,N019,0.0,9.48,6.61,9.3,4.3,2.87
2025-01-17 22:00:00,N020,0.0,13.13,8.93,11.3,6.3,4.2
2025-01-17 23:00:00,N001,0.0,9.18,8.23,6.42,1.42,0.95
2025-01-17 23:00:00,N002,0.0,11.48,7.83,10.47,5.47,3.65
2025-01-17 23:00:00,N003,0.0,9.78,8.5,6.92,1.92,1.28
2025-01-17 23:00:00,N004,0.0,10.28,7.36,9.38,4.38,2.92
2025-01-17 23:00:00,N005,0.0,5.0,3.79,6.81,1.81,1.21
2025-01-17 23:00:00,N006,0.0,9.46,7.45,8.01,3.01,2.01
2025-01-17 23:00:00,N007,0.0,7.84,6.56,6.92,1.92,1.28
2025-01-17 23:00:00,N008,0.0,10.52,6.96,10.34,5.34,3.56
2025-01-17 23:00:00,N009,0.0,15.03,12.03,9.5,4.5,3.0
2025-01-17 23:00:00,N010,0.0,12.38,8.24,11.21,6.21,4.14
2025-01-17 23:00:00,N011,0.0,10.88,7.78,9.65,4.65,3.1
2025-01-17 23:00:00,N012,0.0,13.0,8.82,11.27,6.27,4.18
2025-01-17 23:00:00,N013,0.0,7.42,6.39,6.54,1.54,1.03
2025-01-17 23:00:00,N014,0.0,9.17,5.99,9.77,4.77,3.18
2025-01-17 23:00:00,N015,0.0,8.49,7.21,6.92,1.92,1.28
2025-01-17 23:00:00,N016,0.0,9.12,8.53,5.89,0.89,0.59
2025-01-17 23:00:00,N017,0.0,10.42,8.66,7.64,2.64,1.76
2025-01-17 23:00:00,N018,0.0,5.53,5.06,5.7,0.7,0.47
2025-01-17 23:00:00,N019,0.0,9.37,8.41,6.44,1.44,0.96
2025-01-17 23:00:00,N020,0.0,8.96,7.79,6.75,1.75,1.17
2025-01-18 00:00:00,N001,0.0,9.38,8.6,6.17,1.17,0.78
2025-01-18 00:00:00,N002,0.0,14.06,9.85,11.31,6.31,4.21
2025-01-18 00:00:00,N003,0.0,12.06,8.65,10.12,5.12,3.41
2025-01-18 00:00:00,N004,0.0,11.75,8.18,10.35,5.35,3.57
2025-01-18 00:00:00,N005,0.0,13.34,10.57,9.16,4.16,2.77
2025-01-18 00:00:00,N006,0.0,12.14,10.24,7.85,2.85,1.9
2025-01-18 00:00:00,N007,0.0,7.82,5.38,8.66,3.66,2.44
2025-01-18 00:00:00,N008,0.0,9.98,8.77,6.81,1.81,1.21
2025-01-18 00:00:00,N009,0.0,9.47,7.24,8.34,3.34,2.23
2025-01-18 00:00:00,N010,0.0,10.21,8.38,7.75,2.75,1.83
2025-01-18 00:00:00,N011,0.0,11.83,10.19,7.46,2.46,1.64
2025-01-18 00:00:00,N012,0.0,7.47,5.72,7.62,2.62,1.75
2025-01-18 00:00:00,N013,0.0,12.78,8.45,11.5,6.5,4.33
2025-01-18 00:00:00,N014,0.0,9.68,6.44,9.86,4.86,3.24
2025-01-18 00:00:00,N015,0.0,9.83,6.76,9.6,4.6,3.07
2025-01-18 00:00:00,N016,0.0,8.69,6.24,8.68,3.68,2.45
2025-01-18 00:00:00,N017,0.0,9.9,7.38,8.78,3.78,2.52
2025-01-18 00:00:00,N018,0.0,9.38,7.98,7.1,2.1,1.4
2025-01-18 00:00:00,N019,0.0,11.22,8.88,8.51,3.51,2.34
2025-01-18 00:00:00,N020,0.0,10.33,9.06,6.91,1.91,1.27
2025-01-18 01:00:00,N001,0.0,9.94,8.42,7.28,2.28,1.52
2025-01-18 01:00:00,N002,0.0,7.7,7.19,5.77,0.77,0.51
2025-01-18 01:00:00,N003,0.0,8.95,7.21,7.61,2.61,1.74
2025-01-18 01:00:00,N004,0.0,8.54,7.37,6.75,1.75,1.17
2025-01-18 01:00:00,N005,0.0,10.76,8.5,8.39,3.39,2.26
2025-01-18 01:00:00,N006,0.0,10.16,9.07,6.64,1.64,1.09
2025-01-18 01:00:00,N007,0.0,13.16,11.0,8.24,3.24,2.16
2025-01-18 01:00:00,N008,0.0,12.42,10.65,7.66,2.66,1.77
2025-01-18 01:00:00,N009,0.0,13.35,11.8,7.33,2.33,1.55
2025-01-18 01:00:00,N010,0.0,9.55,9.02,5.8,0.8,0.53
2025-01-18 01:00:00,N011,0.0,8.94,7.26,7.52,2.52,1.68
2025-01-18 01:00:00,N012,0.0,9.46,6.84,8.93,3.93,2.62
2025-01-18 01:00:00,N013,0.0,7.84,6.93,6.36,1.36,0.91
2025-01-18 01:00:00,N014,0.0,13.02,9.93,9.63,4.63,3.09
2025-01-18 01:00:00,N015,0.0,6.82,6.23,5.89,0.89,0.59
2025-01-18 01:00:00,N016,0.0,14.28,9.68,11.9,6.9,4.6
2025-01-18 01:00:00,N017,0.0,9.14,7.74,7.1,2.1,1.4
2025-01-18 01:00:00,N018,0.0,7.85,6.67,6.77,1.77,1.18
2025-01-18 01:00:00,N019,0.0,10.36,8.54,7.73,2.73,1.82
2025-01-18 01:00:00,N020,0.0,11.04,10.06,6.47,1.47,0.98
2025-01-18 02:00:00,N001,0.0,8.09,6.53,7.34,2.34,1.56
2025-01-18 02:00:00,N002,0.0,6.29,4.16,8.19,3.19,2.13
2025-01-18 02:00:00,N003,0.0,7.97,6.76,6.81,1.81,1.21
2025-01-18 02:00:00,N004,0.0,10.34,7.68,8.99,3.99,2.66
2025-01-18 02:00:00,N005,0.0,11.97,9.85,8.18,3.18,2.12
2025-01-18 02:00:00,N006,0.0,12.65,9.18,10.21,5.21,3.47
2025-01-18 02:00:00,N007,0.0,8.05,5.63,8.63,3.63,2.42
2025-01-18 02:00:00,N008,0.0,9.8,8.81,6.48,1.48,0.99
2025-01-18 02:00:00,N009,0.0,9.98,9.35,5.95,0.95,0.63
2025-01-18 02:00:00,N010,0.0,10.11,8.03,8.12,3.12,2.08
2025-01-18 02:00:00,N011,0.0,10.32,7.34,9.47,4.47,2.98
2025-01-18 02:00:00,N012,0.0,8.83,5.84,9.49,4.49,2.99
2025-01-18 02:00:00,N013,0.0,8.78,7.61,6.75,1.75,1.17
2025-01-18 02:00:00,N014,0.0,10.46,8.4,8.09,3.09,2.06
2025-01-18 02:00:00,N015,0.0,13.07,10.04,9.54,4.54,3.03
2025-01-18 02:00:00,N016,0.0,7.28,5.68,7.4,2.4,1.6
2025-01-18 02:00:00,N017,0.0,11.43,8.03,10.1,5.1,3.4
2025-01-18 02:00:00,N018,0.0,11.38,7.55,10.75,5.75,3.83
2025-01-18 02:00:00,N019,0.0,9.13,6.75,8.57,3.57,2.38
2025-01-18 02:00:00,N020,0.0,9.59,8.15,7.16,2.16,1.44
2025-01-18 03:00:00,N001,0.0,8.83,7.44,7.08,2.08,1.39
2025-01-18 03:00:00,N002,0.0,7.63,6.48,6.72,1.72,1.15
2025-01-18 03:00:00,N003,0.0,11.0,7.15,10.78,5.78,3.85
2025-01-18 03:00:00,N004,0.0,12.87,11.54,7.0,2.0,1.33
2025-01-18 03:00:00,N005,0.0,9.06,8.12,6.41,1.41,0.94
2025-01-18 03:00:00,N006,0.0,10.44,7.41,9.54,4.54,3.03
2025-01-18 03:00:00,N007,0.0,12.42,10.3,8.18,3.18,2.12
2025-01-18 03:00:00,N008,0.0,10.65,8.85,7.7,2.7,1.8
2025-01-18 03:00:00,N009,0.0,12.53,9.03,10.25,5.25,3.5
2025-01-18 03:00:00,N010,0.0,12.89,8.45,11.66,6.66,4.44
2025-01-18 03:00:00,N011,0.0,12.86,10.67,8.29,3.29,2.19
2025-01-18 03:00:00,N012,0.0,12.33,8.98,10.03,5.03,3.35
2025-01-18 03:00:00,N013,0.0,11.76,9.87,7.83,2.83,1.89
2025-01-18 03:00:00,N014,0.0,9.84,6.63,9.81,4.81,3.21
2025-01-18 03:00:00,N015,0.0,7.58,5.31,8.41,3.41,2.27
2025-01-18 03:00:00,N016,0.0,8.67,6.76,7.86,2.86,1.91
2025-01-18 03:00:00,N017,0.0,11.78,9.05,9.09,4.09,2.73
2025-01-18 03:00:00,N018,0.0,6.48,5.93,5.83,0.83,0.55
2025-01-18 03:00:00,N019,0.0,10.41,8.78,7.44,2.44,1.63
2025-01-18 03:00:00,N020,0.0,10.37,9.18,6.78,1.78,1.19
2025-01-18 04:00:00,N001,0.0,8.05,7.07,6.47,1.47,0.98
2025-01-18 04:00:00,N002,0.0,10.26,7.26,9.5,4.5,3.0
2025-01-18 04:00:00,N003,0.0,8.13,5.61,8.78,3.78,2.52
2025-01-18 04:00:00,N004,0.0,7.91,5.57,8.51,3.51,2.34
2025-01-18 04:00:00,N005,0.0,11.81,7.76,11.07,6.07,4.05
2025-01-18 04:00:00,N006,0.0,7.94,5.25,9.04,4.04,2.69
2025-01-18 04:00:00,N007,0.0,10.49,9.38,6.67,1.67,1.11
2025-01-18 04:00:00,N008,0.0,9.0,8.17,6.24,1.24,0.83
2025-01-18 04:00:00,N009,0.0,8.97,7.98,6.48,1.48,0.99
2025-01-18 04:00:00,N010,0.0,8.63,6.01,8.93,3.93,2.62
2025-01-18 04:00:00,N011,0.0,8.63,5.89,9.11,4.11,2.74
2025-01-18 04:00:00,N012,0.0,10.4,8.93,7.21,2.21,1.47
2025-01-18 04:00:00,N013,0.0,7.17,6.4,6.16,1.16,0.77
2025-01-18 04:00:00,N014,0.0,10.61,9.12,7.23,2.23,1.49
2025-01-18 04:00:00,N015,0.0,6.88,5.64,6.86,1.86,1.24
2025-01-18 04:00:00,N016,0.0,9.44,7.29,8.22,3.22,2.15
2025-01-18 04:00:00,N017,0.0,7.81,7.14,6.01,1.01,0.67
2025-01-18 04:00:00,N018,0.0,8.69,6.57,8.18,3.18,2.12
2025-01-18 04:00:00,N019,0.0,8.53,7.34,6.78,1.78,1.19
2025-01-18 04:00:00,N020,0.0,11.32,9.76,7.34,2.34,1.56
2025-01-18 05:00:00,N001,0.0,11.67,8.59,9.62,4.62,3.08
2025-01-18 05:00:00,N002,0.0,9.32,7.88,7.16,2.16,1.44
2025-01-18 05:00:00,N003,0.0,9.56,8.69,6.3,1.3,0.87
2025-01-18 05:00:00,N004,0.0,10.14,6.68,10.19,5.19,3.46
2025-01-18 05:00:00,N005,0.0,10.87,8.14,9.09,4.09,2.73
2025-01-18 05:00:00,N006,0.0,11.33,10.31,6.53,1.53,1.02
2025-01-18 05:00:00,N007,0.0,9.15,6.02,9.7,4.7,3.13
2025-01-18 05:00:00,N008,0.0,9.47,7.02,8.68,3.68,2.45
2025-01-18 05:00:00,N009,0.0,7.78,6.81,6.46,1.46,0.97
2025-01-18 05:00:00,N010,0.0,10.05,8.59,7.19,2.19,1.46
2025-01-18 05:00:00,N011,0.0,8.85,7.36,7.23,2.23,1.49
2025-01-18 05:00:00,N012,0.0,8.12,6.21,7.86,2.86,1.91
2025-01-18 05:00:00,N013,0.0,13.19,9.9,9.94,4.94,3.29
2025-01-18 05:00:00,N014,0.0,8.91,8.39,5.78,0.78,0.52
2025-01-18 05:00:00,N015,0.0,13.19,10.51,9.02,4.02,2.68
2025-01-18 05:00:00,N016,0.0,7.92,5.66,8.39,3.39,2.26
2025-01-18 05:00:00,N017,0.0,8.12,6.91,6.81,1.81,1.21
2025-01-18 05:00:00,N018,0.0,8.62,7.55,6.6,1.6,1.07
2025-01-18 05:00:00,N019,0.0,9.8,9.03,6.16,1.16,0.77
2025-01-18 05:00:00,N020,0.0,9.12,6.07,9.57,4.57,3.05
2025-01-18 06:00:00,N001,0.0,8.59,5.75,9.26,4.26,2.84
2025-01-18 06:00:00,N002,0.0,9.66,7.49,8.25,3.25,2.17
2025-01-18 06:00:00,N003,0.0,5.3,4.58,6.08,1.08,0.72
2025-01-18 06:00:00,N004,0.0,8.12,6.61,7.27,2.27,1.51
2025-01-18 06:00:00,N005,0.0,7.98,6.36,7.43,2.43,1.62
2025-01-18 06:00:00,N006,0.0,7.29,5.96,7.0,2.0,1.33
2025-01-18 06:00:00,N007,0.0,9.49,8.08,7.11,2.11,1.41
2025-01-18 06:00:00,N008,0.0,12.73,9.75,9.47,4.47,2.98
2025-01-18 06:00:00,N009,0.0,9.38,7.78,7.4,2.4,1.6
2025-01-18 06:00:00,N010,0.0,10.16,9.28,6.32,1.32,0.88
2025-01-18 06:00:00,N011,0.0,10.12,7.31,9.21,4.21,2.81
2025-01-18 06:00:00,N012,0.0,6.37,4.38,7.98,2.98,1.99
2025-01-18 06:00:00,N013,0.0,11.03,9.65,7.07,2.07,1.38
2025-01-18 06:00:00,N014,0.0,11.18,9.0,8.27,3.27,2.18
2025-01-18 06:00:00,N015,0.0,6.3,4.97,7.0,2.0,1.33
2025-01-18 06:00:00,N016,0.0,8.91,6.53,8.57,3.57,2.38
2025-01-18 06:00:00,N017,0.0,10.77,8.81,7.94,2.94,1.96
2025-01-18 06:00:00,N018,0.0,9.46,7.99,7.21,2.21,1.47
2025-01-18 06:00:00,N019,0.0,10.67,10.06,5.92,0.92,0.61
2025-01-18 06:00:00,N020,0.0,13.16,11.2,7.94,2.94,1.96
2025-01-18 07:00:00,N001,0.0,9.7,8.95,6.12,1.12,0.75
2025-01-18 07:00:00,N002,0.0,11.36,10.22,6.71,1.71,1.14
2025-01-18 07:00:00,N003,0.0,7.73,6.8,6.4,1.4,0.93
2025-01-18 07:00:00,N004,0.0,9.38,7.44,7.91,2.91,1.94
2025-01-18 07:00:00,N005,0.0,14.01,11.89,8.18,3.18,2.12
2025-01-18 07:00:00,N006,0.0,12.53,10.33,8.3,3.3,2.2
2025-01-18 07:00:00,N007,0.0,8.96,8.31,5.98,0.98,0.65
2025-01-18 07:00:00,N008,0.0,11.46,9.76,7.55,2.55,1.7
2025-01-18 07:00:00,N009,0.0,5.48,3.76,7.58,2.58,1.72
2025-01-18 07:00:00,N010,0.0,8.8,6.92,7.82,2.82,1.88
2025-01-18 07:00:00,N011,0.0,14.34,12.13,8.31,3.31,2.21
2025-01-18 07:00:00,N012,0.0,11.24,9.18,8.09,3.09,2.06
2025-01-18 07:00:00,N013,0.0,8.74,7.2,7.31,2.31,1.54
2025-01-18 07:00:00,N014,0.0,10.37,9.23,6.71,1.71,1.14
2025-01-18 07:00:00,N015,0.0,12.03,8.35,10.52,5.52,3.68
2025-01-18 07:00:00,N016,0.0,10.23,8.69,7.31,2.31,1.54
2025-01-18 07:00:00,N017,0.0,7.83,7.39,5.66,0.66,0.44
2025-01-18 07:00:00,N018,0.0,8.19,6.61,7.37,2.37,1.58
2025-01-18 07:00:00,N019,0.0,13.19,10.56,8.94,3.94,2.63
2025-01-18 07:00:00,N020,0.0,5.38,4.96,5.63,0.63,0.42
2025-01-18 08:00:00,N001,0.0,11.59,8.52,9.6,4.6,3.07
2025-01-18 08:00:00,N002,0.0,12.24,10.99,6.88,1.88,1.25
2025-01-18 08:00:00,N003,0.0,10.15,9.38,6.16,1.16,0.77
2025-01-18 08:00:00,N004,0.0,8.43,7.75,6.02,1.02,0.68
2025-01-18 08:00:00,N005,0.0,8.28,5.88,8.6,3.6,2.4
2025-01-18 08:00:00,N006,0.0,6.93,5.31,7.43,2.43,1.62
2025-01-18 08:00:00,N007,0.0,9.08,7.81,6.91,1.91,1.27
2025-01-18 08:00:00,N008,0.0,10.68,7.13,10.32,5.32,3.55
2025-01-18 08:00:00,N009,0.0,10.06,8.39,7.5,2.5,1.67
2025-01-18 08:00:00,N010,0.0,13.78,9.42,11.54,6.54,4.36
2025-01-18 08:00:00,N011,0.0,13.13,8.62,11.76,6.76,4.51
2025-01-18 08:00:00,N012,0.0,11.24,9.97,6.91,1.91,1.27
2025-01-18 08:00:00,N013,0.0,10.6,7.95,8.97,3.97,2.65
2025-01-18 08:00:00,N014,0.0,9.4,8.83,5.85,0.85,0.57
2025-01-18 08:00:00,N015,0.0,10.0,6.91,9.63,4.63,3.09
2025-01-18 08:00:00,N016,0.0,6.99,4.57,8.63,3.63,2.42
2025-01-18 08:00:00,N017,0.0,8.94,8.49,5.68,0.68,0.45
2025-01-18 08:00:00,N018,0.0,9.56,7.46,8.15,3.15,2.1
2025-01-18 08:00:00,N019,0.0,8.06,6.2,7.79,2.79,1.86
2025-01-18 08:00:00,N020,0.0,6.78,4.91,7.81,2.81,1.87
2025-01-18 09:00:00,N001,0.0,10.56,7.3,9.89,4.89,3.26
2025-01-18 09:00:00,N002,0.0,8.02,7.09,6.4,1.4,0.93
2025-01-18 09:00:00,N003,0.0,9.8,9.04,6.14,1.14,0.76
2025-01-18 09:00:00,N004,0.0,9.68,6.41,9.91,4.91,3.27
2025-01-18 09:00:00,N005,0.0,6.46,4.43,8.04,3.04,2.03
2025-01-18 09:00:00,N006,0.0,12.02,9.98,8.06,3.06,2.04
2025-01-18 09:00:00,N007,0.0,7.84,6.93,6.36,1.36,0.91
2025-01-18 09:00:00,N008,0.0,9.11,5.99,9.68,4.68,3.12
2025-01-18 09:00:00,N009,0.0,11.34,7.42,10.88,5.88,3.92
2025-01-18 09:00:00,N010,0.0,7.9,5.28,8.93,3.93,2.62
2025-01-18 09:00:00,N011,0.0,8.28,5.58,9.05,4.05,2.7
2025-01-18 09:00:00,N012,0.0,6.65,5.11,7.31,2.31,1.54
2025-01-18 09:00:00,N013,0.0,10.12,9.45,6.01,1.01,0.67
2025-01-18 09:00:00,N014,0.0,12.75,10.57,8.27,3.27,2.18
2025-01-18 09:00:00,N015,0.0,12.56,10.89,7.5,2.5,1.67
2025-01-18 09:00:00,N016,0.0,10.42,8.96,7.19,2.19,1.46
2025-01-18 09:00:00,N017,0.0,12.08,8.17,10.87,5.87,3.91
2025-01-18 09:00:00,N018,0.0,12.14,10.22,7.88,2.88,1.92
2025-01-18 09:00:00,N019,0.0,9.91,9.23,6.02,1.02,0.68
2025-01-18 09:00:00,N020,0.0,11.22,10.36,6.29,1.29,0.86
2025-01-18 10:00:00,N001,0.0,10.47,9.3,6.75,1.75,1.17
2025-01-18 10:00:00,N002,0.0,11.2,7.76,10.16,5.16,3.44
2025-01-18 10:00:00,N003,0.0,9.34,6.89,8.68,3.68,2.45
2025-01-18 10:00:00,N004,0.0,11.57,10.35,6.83,1.83,1.22
2025-01-18 10:00:00,N005,0.0,10.12,9.45,6.01,1.01,0.67
2025-01-18 10:00:00,N006,0.0,8.46,5.86,8.9,3.9,2.6
2025-01-18 10:00:00,N007,0.0,12.89,9.11,10.67,5.67,3.78
2025-01-18 10:00:00,N008,0.0,9.86,9.13,6.09,1.09,0.73
2025-01-18 10:00:00,N009,0.0,12.94,9.14,10.7,5.7,3.8
2025-01-18 10:00:00,N010,0.0,11.56,9.36,8.3,3.3,2.2
2025-01-18 10:00:00,N011,0.0,10.67,9.29,7.07,2.07,1.38
2025-01-18 10:00:00,N012,0.0,6.48,5.67,6.22,1.22,0.81
2025-01-18 10:00:00,N013,0.0,10.34,7.17,9.75,4.75,3.17
2025-01-18 10:00:00,N014,0.0,8.97,6.26,9.06,4.06,2.71
2025-01-18 10:00:00,N015,0.0,11.4,9.89,7.27,2.27,1.51
2025-01-18 10:00:00,N016,0.0,10.09,8.34,7.62,2.62,1.75
2025-01-18 10:00:00,N017,0.0,9.43,6.74,9.04,4.04,2.69
2025-01-18 10:00:00,N018,0.0,7.87,6.03,7.76,2.76,1.84
2025-01-18 10:00:00,N019,0.0,9.24,7.83,7.11,2.11,1.41
2025-01-18 10:00:00,N020,0.0,12.12,8.74,10.07,5.07,3.38
2025-01-18 11:00:00,N001,0.0,11.93,8.61,9.98,4.98,3.32
2025-01-18 11:00:00,N002,0.0,13.01,11.86,6.72,1.72,1.15
2025-01-18 11:00:00,N003,0.0,8.18,7.63,5.83,0.83,0.55
2025-01-18 11:00:00,N004,0.0,6.9,5.32,7.37,2.37,1.58
2025-01-18 11:00:00,N005,0.0,10.12,7.11,9.51,4.51,3.01
2025-01-18 11:00:00,N006,0.0,11.79,10.91,6.32,1.32,0.88
2025-01-18 11:00:00,N007,0.0,6.78,5.09,7.54,2.54,1.69
2025-01-18 11:00:00,N008,0.0,10.77,7.14,10.45,5.45,3.63
2025-01-18 11:00:00,N009,0.0,11.02,7.26,10.64,5.64,3.76
2025-01-18 11:00:00,N010,0.0,14.78,11.92,9.29,4.29,2.86
2025-01-18 11:00:00,N011,0.0,10.72,8.71,8.01,3.01,2.01
2025-01-18 11:00:00,N012,0.0,9.8,7.92,7.82,2.82,1.88
2025-01-18 11:00:00,N013,0.0,8.27,6.95,6.98,1.98,1.32
2025-01-18 11:00:00,N014,0.0,10.22,6.92,9.95,4.95,3.3
2025-01-18 11:00:00,N015,0.0,11.97,10.21,7.64,2.64,1.76
2025-01-18 11:00:00,N016,0.0,7.34,5.51,7.75,2.75,1.83
2025-01-18 11:00:00,N017,0.0,10.87,9.9,6.46,1.46,0.97
2025-01-18 11:00:00,N018,0.0,11.1,8.94,8.24,3.24,2.16
2025-01-18 11:00:00,N019,0.0,6.95,5.13,7.73,2.73,1.82
2025-01-18 11:00:00,N020,0.0,13.39,9.49,10.85,5.85,3.9
2025-01-18 12:00:00,N001,0.0,9.35,7.91,7.16,2.16,1.44
2025-01-18 12:00:00,N002,0.0,8.59,7.62,6.46,1.46,0.97
2025-01-18 12:00:00,N003,0.0,17.22,15.66,7.34,2.34,1.56
2025-01-18 12:00:00,N004,0.0,12.4,8.41,10.99,5.99,3.99
2025-01-18 12:00:00,N005,0.0,12.16,8.59,10.35,5.35,3.57
2025-01-18 12:00:00,N006,0.0,8.02,6.8,6.83,1.83,1.22
2025-01-18 12:00:00,N007,0.0,7.82,7.38,5.66,0.66,0.44
2025-01-18 12:00:00,N008,0.0,12.88,10.6,8.42,3.42,2.28
2025-01-18 12:00:00,N009,0.0,7.41,6.62,6.19,1.19,0.79
2025-01-18 12:00:00,N010,0.0,9.28,6.15,9.7,4.7,3.13
2025-01-18 12:00:00,N011,0.0,12.26,9.98,8.42,3.42,2.28
2025-01-18 12:00:00,N012,0.0,7.02,6.25,6.16,1.16,0.77
2025-01-18 12:00:00,N013,0.0,14.7,13.44,6.89,1.89,1.26
2025-01-18 12:00:00,N014,0.0,11.22,8.18,9.56,4.56,3.04
2025-01-18 12:00:00,N015,0.0,10.36,7.82,8.81,3.81,2.54
2025-01-18 12:00:00,N016,0.0,9.58,8.89,6.03,1.03,0.69
2025-01-18 12:00:00,N017,0.0,9.36,7.18,8.27,3.27,2.18
2025-01-18 12:00:00,N018,0.0,11.45,7.81,10.46,5.46,3.64
2025-01-18 12:00:00,N019,0.0,12.64,9.55,9.63,4.63,3.09
2025-01-18 12:00:00,N020,0.0,10.31,9.56,6.12,1.12,0.75
2025-01-18 13:00:00,N001,0.0,9.85,9.04,6.22,1.22,0.81
2025-01-18 13:00:00,N002,0.0,8.77,6.78,7.98,2.98,1.99
2025-01-18 13:00:00,N003,0.0,11.84,9.99,7.78,2.78,1.85
2025-01-18 13:00:00,N004,0.0,9.56,8.95,5.92,0.92,0.61
2025-01-18 13:00:00,N005,0.0,13.47,10.14,10.0,5.0,3.33
2025-01-18 13:00:00,N006,0.0,12.55,10.43,8.18,3.18,2.12
2025-01-18 13:00:00,N007,0.0,9.74,6.77,9.46,4.46,2.97
2025-01-18 13:00:00,N008,0.0,10.85,8.19,8.99,3.99,2.66
2025-01-18 13:00:00,N009,0.0,8.61,7.46,6.72,1.72,1.15
2025-01-18 13:00:00,N010,0.0,5.51,4.45,6.59,1.59,1.06
2025-01-18 13:00:00,N011,0.0,11.5,9.92,7.37,2.37,1.58
2025-01-18 13:00:00,N012,0.0,6.06,4.37,7.54,2.54,1.69
2025-01-18 13:00:00,N013,0.0,8.89,7.18,7.56,2.56,1.71
2025-01-18 13:00:00,N014,0.0,10.6,9.09,7.27,2.27,1.51
2025-01-18 13:00:00,N015,0.0,12.12,8.82,9.95,4.95,3.3
2025-01-18 13:00:00,N016,0.0,10.71,8.96,7.62,2.62,1.75
2025-01-18 13:00:00,N017,0.0,12.0,7.93,11.11,6.11,4.07
2025-01-18 13:00:00,N018,0.0,9.58,7.52,8.09,3.09,2.06
2025-01-18 13:00:00,N019,0.0,7.99,5.96,8.04,3.04,2.03
2025-01-18 13:00:00,N020,0.0,11.42,7.49,10.9,5.9,3.93
2025-01-18 14:00:00,N001,0.0,10.47,9.74,6.09,1.09,0.73
2025-01-18 14:00:00,N002,0.0,10.63,9.12,7.27,2.27,1.51
2025-01-18 14:00:00,N003,0.0,11.14,10.13,6.52,1.52,1.01
2025-01-18 14:00:00,N004,0.0,11.51,8.11,10.1,5.1,3.4
2025-01-18 14:00:00,N005,0.0,11.97,9.7,8.41,3.41,2.27
2025-01-18 14:00:00,N006,0.0,7.17,6.47,6.05,1.05,0.7
2025-01-18 14:00:00,N007,0.0,9.8,6.43,10.05,5.05,3.37
2025-01-18 14:00:00,N008,0.0,10.97,9.43,7.31,2.31,1.54
2025-01-18 14:00:00,N009,0.0,13.67,11.22,8.68,3.68,2.45
2025-01-18 14:00:00,N010,0.0,11.0,9.91,6.64,1.64,1.09
2025-01-18 14:00:00,N011,0.0,13.25,9.46,10.69,5.69,3.79
2025-01-18 14:00:00,N012,0.0,9.38,7.11,8.41,3.41,2.27
2025-01-18 14:00:00,N013,0.0,12.58,9.26,9.98,4.98,3.32
2025-01-18 14:00:00,N014,0.0,12.66,9.44,9.83,4.83,3.22
2025-01-18 14:00:00,N015,0.0,13.31,9.76,10.32,5.32,3.55
2025-01-18 14:00:00,N016,0.0,8.73,6.01,9.08,4.08,2.72
2025-01-18 14:00:00,N017,0.0,9.77,8.5,6.91,1.91,1.27
2025-01-18 14:00:00,N018,0.0,10.87,7.85,9.53,4.53,3.02
2025-01-18 14:00:00,N019,0.0,10.39,7.92,8.71,3.71,2.47
2025-01-18 14:00:00,N020,0.0,10.36,7.65,9.06,4.06,2.71
2025-01-18 15:00:00,N001,0.1,10.75,7.16,10.42,5.42,3.59
2025-01-18 15:00:00,N002,0.1,10.36,9.03,7.04,2.04,1.33
2025-01-18 15:00:00,N003,0.1,9.85,8.5,7.07,2.07,1.35
2025-01-18 15:00:00,N004,0.1,11.47,7.66,10.75,5.75,3.81
2025-01-18 15:00:00,N005,0.1,9.06,7.47,7.43,2.43,1.59
2025-01-18 15:00:00,N006,0.1,10.42,8.98,7.2,2.2,1.44
2025-01-18 15:00:00,N007,0.1,9.52,8.02,7.29,2.29,1.5
2025-01-18 15:00:00,N008,0.1,10.77,7.88,9.38,4.38,2.89
2025-01-18 15:00:00,N009,0.1,10.21,9.17,6.6,1.6,1.04
2025-01-18 15:00:00,N010,0.1,10.23,8.63,7.44,2.44,1.6
2025-01-18 15:00:00,N011,0.1,10.81,8.38,8.69,3.69,2.43
2025-01-18 15:00:00,N012,0.1,9.05,6.29,9.18,4.18,2.76
2025-01-18 15:00:00,N013,0.1,13.0,8.62,11.61,6.61,4.38
2025-01-18 15:00:00,N014,0.1,11.45,8.44,9.55,4.55,3.01
2025-01-18 15:00:00,N015,0.1,9.85,8.82,6.58,1.58,1.03
2025-01-18 15:00:00,N016,0.1,9.14,6.83,8.5,3.5,2.31
2025-01-18 15:00:00,N017,0.1,9.94,8.36,7.41,2.41,1.58
2025-01-18 15:00:00,N018,0.1,10.67,9.06,7.46,2.46,1.61
2025-01-18 15:00:00,N019,0.1,12.31,8.63,10.56,5.56,3.68
2025-01-18 15:00:00,N020,0.1,11.32,9.01,8.5,3.5,2.31
2025-01-18 16:00:00,N001,0.3,15.43,10.17,13.01,8.01,5.26
2025-01-18 16:00:00,N002,0.3,12.41,10.43,8.09,3.09,1.98
2025-01-18 16:00:00,N003,0.3,13.47,9.32,11.35,6.35,4.15
2025-01-18 16:00:00,N004,0.3,12.39,8.16,11.47,6.47,4.23
2025-01-18 16:00:00,N005,0.3,18.87,13.9,12.58,7.58,4.97
2025-01-18 16:00:00,N006,0.3,15.34,10.29,12.69,7.69,5.05
2025-01-18 16:00:00,N007,0.3,13.01,9.09,11.0,6.0,3.92
2025-01-18 16:00:00,N008,0.3,12.62,10.76,7.91,2.91,1.86
2025-01-18 16:00:00,N009,0.3,15.31,10.54,12.27,7.27,4.77
2025-01-18 16:00:00,N010,0.3,10.35,8.5,7.9,2.9,1.85
2025-01-18 16:00:00,N011,0.3,14.35,10.22,11.32,6.32,4.13
2025-01-18 16:00:00,N012,0.3,14.36,12.91,7.29,2.29,1.45
2025-01-18 16:00:00,N013,0.3,14.43,9.97,11.81,6.81,4.46
2025-01-18 16:00:00,N014,0.3,16.51,15.33,6.89,1.89,1.18
2025-01-18 16:00:00,N015,0.3,14.09,11.24,9.4,4.4,2.85
2025-01-18 16:00:00,N016,0.3,14.2,10.98,9.95,4.95,3.22
2025-01-18 16:00:00,N017,0.3,11.91,10.23,7.64,2.64,1.68
2025-01-18 16:00:00,N018,0.3,12.95,9.67,10.04,5.04,3.28
2025-01-18 16:00:00,N019,0.3,14.82,13.31,7.39,2.39,1.51
2025-01-18 16:00:00,N020,0.3,18.95,14.5,11.8,6.8,4.45
2025-01-18 17:00:00,N001,0.4,16.4,11.11,13.1,8.1,5.29
2025-01-18 17:00:00,N002,0.4,14.91,11.59,10.14,5.14,3.32
2025-01-18 17:00:00,N003,0.4,18.71,15.31,10.26,5.26,3.4
2025-01-18 17:00:00,N004,0.4,17.0,13.58,10.29,5.29,3.42
2025-01-18 17:00:00,N005,0.4,17.42,11.84,13.53,8.53,5.58
2025-01-18 17:00:00,N006,0.4,16.09,14.43,7.65,2.65,1.66
2025-01-18 17:00:00,N007,0.4,16.47,14.17,8.61,3.61,2.3
2025-01-18 17:00:00,N008,0.4,17.64,15.5,8.37,3.37,2.14
2025-01-18 17:00:00,N009,0.4,14.58,10.85,10.75,5.75,3.73
2025-01-18 17:00:00,N010,0.4,14.35,10.06,11.6,6.6,4.29
2025-01-18 17:00:00,N011,0.4,18.8,16.85,8.08,3.08,1.95
2025-01-18 17:00:00,N012,0.4,15.36,13.35,8.17,3.17,2.01
2025-01-18 17:00:00,N013,0.4,15.23,12.86,8.72,3.72,2.37
2025-01-18 17:00:00,N014,0.4,15.47,12.91,9.0,4.0,2.56
2025-01-18 17:00:00,N015,0.4,16.04,14.31,7.75,2.75,1.73
2025-01-18 17:00:00,N016,0.4,15.33,11.33,11.16,6.16,4.0
2025-01-18 17:00:00,N017,0.4,15.26,14.07,6.94,1.94,1.19
2025-01-18 17:00:00,N018,0.4,15.02,13.0,8.19,3.19,2.02
2025-01-18 17:00:00,N019,0.4,14.11,13.04,6.77,1.77,1.07
2025-01-18 17:00:00,N020,0.4,16.45,14.18,8.57,3.57,2.27
2025-01-18 18:00:00,N001,0.7,20.84,14.49,14.8,9.8,6.35
2025-01-18 18:00:00,N002,0.7,18.28,15.79,9.02,4.02,2.49
2025-01-18 18:00:00,N003,0.7,19.23,16.96,8.69,3.69,2.27
2025-01-18 18:00:00,N004,0.7,24.36,22.33,8.32,3.32,2.03
2025-01-18 18:00:00,N005,0.7,21.24,14.57,15.28,10.28,6.67
2025-01-18 18:00:00,N006,0.7,21.91,19.63,8.7,3.7,2.28
2025-01-18 18:00:00,N007,0.7,20.87,13.73,15.99,10.99,7.14
2025-01-18 18:00:00,N008,0.7,22.4,17.39,12.79,7.79,5.01
2025-01-18 18:00:00,N009,0.7,21.5,17.32,11.55,6.55,4.18
2025-01-18 18:00:00,N010,0.7,19.89,18.84,6.86,1.86,1.05
2025-01-18 18:00:00,N011,0.7,19.57,15.74,11.03,6.03,3.83
2025-01-18 18:00:00,N012,0.7,22.13,18.07,11.37,6.37,4.06
2025-01-18 18:00:00,N013,0.7,21.19,18.77,8.91,3.91,2.42
2025-01-18 18:00:00,N014,0.7,17.43,12.88,12.1,7.1,4.55
2025-01-18 18:00:00,N015,0.7,19.59,15.67,11.16,6.16,3.92
2025-01-18 18:00:00,N016,0.7,19.24,16.84,8.88,3.88,2.4
2025-01-18 18:00:00,N017,0.7,19.59,13.35,14.64,9.64,6.24
2025-01-18 18:00:00,N018,0.7,18.98,14.04,12.69,7.69,4.94
2025-01-18 18:00:00,N019,0.7,21.66,18.93,9.38,4.38,2.73
2025-01-18 18:00:00,N020,0.7,20.54,18.87,7.78,2.78,1.67
2025-01-18 19:00:00,N001,1.0,23.48,17.44,14.46,9.46,6.04
2025-01-18 19:00:00,N002,1.0,23.38,22.13,7.27,2.27,1.25
2025-01-18 19:00:00,N003,1.0,23.18,19.4,11.07,6.07,3.78
2025-01-18 19:00:00,N004,1.0,26.7,23.25,10.58,5.58,3.45
2025-01-18 19:00:00,N005,1.0,27.91,19.26,18.38,13.38,8.65
2025-01-18 19:00:00,N006,1.0,25.72,22.03,10.94,5.94,3.69
2025-01-18 19:00:00,N007,1.0,23.63,16.89,15.51,10.51,6.74
2025-01-18 19:00:00,N008,1.0,26.4,20.16,14.76,9.76,6.24
2025-01-18 19:00:00,N009,1.0,23.85,16.84,15.92,10.92,7.01
2025-01-18 19:00:00,N010,1.0,24.91,22.6,8.86,3.86,2.31
2025-01-18 19:00:00,N011,1.0,26.08,17.52,18.24,13.24,8.56
2025-01-18 19:00:00,N012,1.0,23.02,16.73,14.84,9.84,6.29
2025-01-18 19:00:00,N013,1.0,24.94,19.16,14.07,9.07,5.78
2025-01-18 19:00:00,N014,1.0,21.83,20.14,7.94,2.94,1.69
2025-01-18 19:00:00,N015,1.0,22.35,14.71,16.86,11.86,7.64
2025-01-18 19:00:00,N016,1.0,26.07,21.03,12.96,7.96,5.04
2025-01-18 19:00:00,N017,1.0,21.27,15.73,13.71,8.71,5.54
2025-01-18 19:00:00,N018,1.0,24.37,17.83,15.21,10.21,6.54
2025-01-18 19:00:00,N019,1.0,21.45,16.68,12.55,7.55,4.77
2025-01-18 19:00:00,N020,1.0,23.5,15.47,17.44,12.44,8.03
2025-01-18 20:00:00,N001,0.5,14.42,11.14,10.12,5.12,3.28
2025-01-18 20:00:00,N002,0.5,16.86,15.78,6.82,1.82,1.08
2025-01-18 20:00:00,N003,0.5,20.05,18.58,7.41,2.41,1.47
2025-01-18 20:00:00,N004,0.5,17.39,15.62,7.86,2.86,1.77
2025-01-18 20:00:00,N005,0.5,16.67,15.6,6.8,1.8,1.07
2025-01-18 20:00:00,N006,0.5,18.72,14.31,11.82,6.82,4.41
2025-01-18 20:00:00,N007,0.5,15.78,12.83,9.63,4.63,2.95
2025-01-18 20:00:00,N008,0.5,19.07,17.12,8.12,3.12,1.95
2025-01-18 20:00:00,N009,0.5,19.77,16.26,10.46,5.46,3.51
2025-01-18 20:00:00,N010,0.5,16.74,12.82,11.08,6.08,3.92
2025-01-18 20:00:00,N011,0.5,16.35,12.01,11.71,6.71,4.34
2025-01-18 20:00:00,N012,0.5,18.04,12.32,13.78,8.78,5.72
2025-01-18 20:00:00,N013,0.5,15.39,13.23,8.44,3.44,2.16
2025-01-18 20:00:00,N014,0.5,18.87,14.95,11.08,6.08,3.92
2025-01-18 20:00:00,N015,0.5,18.26,12.87,13.28,8.28,5.39
2025-01-18 20:00:00,N016,0.5,16.85,14.34,8.96,3.96,2.51
2025-01-18 20:00:00,N017,0.5,18.04,13.29,12.33,7.33,4.75
2025-01-18 20:00:00,N018,0.5,17.54,15.33,8.52,3.52,2.21
2025-01-18 20:00:00,N019,0.5,16.61,15.28,7.2,2.2,1.33
2025-01-18 20:00:00,N020,0.5,18.34,14.56,10.87,5.87,3.78
2025-01-18 21:00:00,N001,0.4,14.12,13.04,6.78,1.78,1.08
2025-01-18 21:00:00,N002,0.4,13.4,11.82,7.53,2.53,1.58
2025-01-18 21:00:00,N003,0.4,15.11,11.59,10.44,5.44,3.52
2025-01-18 21:00:00,N004,0.4,15.66,13.03,9.1,4.1,2.63
2025-01-18 21:00:00,N005,0.4,17.05,14.73,8.64,3.64,2.32
2025-01-18 21:00:00,N006,0.4,15.62,13.5,8.34,3.34,2.12
2025-01-18 21:00:00,N007,0.4,13.94,12.11,7.91,2.91,1.83
2025-01-18 21:00:00,N008,0.4,14.48,11.47,9.67,4.67,3.01
2025-01-18 21:00:00,N009,0.4,16.64,12.47,11.42,6.42,4.17
2025-01-18 21:00:00,N010,0.4,12.65,11.35,7.11,2.11,1.3
2025-01-18 21:00:00,N011,0.4,16.23,11.15,12.78,7.78,5.08
2025-01-18 21:00:00,N012,0.4,14.62,10.5,11.34,6.34,4.12
2025-01-18 21:00:00,N013,0.4,15.78,13.71,8.26,3.26,2.07
2025-01-18 21:00:00,N014,0.4,13.81,12.46,7.19,2.19,1.35
2025-01-18 21:00:00,N015,0.4,15.68,12.66,9.69,4.69,3.02
2025-01-18 21:00:00,N016,0.4,16.93,12.66,11.56,6.56,4.27
2025-01-18 21:00:00,N017,0.4,16.95,14.34,9.08,4.08,2.61
2025-01-18 21:00:00,N018,0.4,13.15,11.65,7.41,2.41,1.5
2025-01-18 21:00:00,N019,0.4,16.63,11.85,12.33,7.33,4.78
2025-01-18 21:00:00,N020,0.4,17.49,12.01,13.38,8.38,5.48
2025-01-18 22:00:00,N001,0.2,13.15,9.42,10.67,5.67,3.73
2025-01-18 22:00:00,N002,0.2,10.44,7.95,8.82,3.82,2.49
2025-01-18 22:00:00,N003,0.2,13.06,11.37,7.62,2.62,1.69
2025-01-18 22:00:00,N004,0.2,10.57,8.84,7.67,2.67,1.73
2025-01-18 22:00:00,N005,0.2,8.8,5.8,9.58,4.58,3.0
2025-01-18 22:00:00,N006,0.2,10.11,7.56,8.9,3.9,2.55
2025-01-18 22:00:00,N007,0.2,13.53,10.41,9.76,4.76,3.12
2025-01-18 22:00:00,N008,0.2,13.12,12.2,6.46,1.46,0.92
2025-01-18 22:00:00,N009,0.2,15.1,13.64,7.27,2.27,1.46
2025-01-18 22:00:00,N010,0.2,15.33,11.27,11.17,6.17,4.06
2025-01-18 22:00:00,N011,0.2,10.11,9.02,6.72,1.72,1.09
2025-01-18 22:00:00,N012,0.2,16.73,13.43,10.03,5.03,3.3
2025-01-18 22:00:00,N013,0.2,10.38,9.85,5.88,0.88,0.53
2025-01-18 22:00:00,N014,0.2,10.28,7.24,9.64,4.64,3.04
2025-01-18 22:00:00,N015,0.2,10.1,6.72,10.15,5.15,3.38
2025-01-18 22:00:00,N016,0.2,14.02,10.93,9.71,4.71,3.09
2025-01-18 22:00:00,N017,0.2,10.26,7.07,9.87,4.87,3.19
2025-01-18 22:00:00,N018,0.2,12.24,10.11,8.27,3.27,2.13
2025-01-18 22:00:00,N019,0.2,11.87,10.31,7.42,2.42,1.56
2025-01-18 22:00:00,N020,0.2,9.12,6.29,9.33,4.33,2.83
2025-01-18 23:00:00,N001,0.5,17.7,12.24,13.39,8.39,5.46
2025-01-18 23:00:00,N002,0.5,16.04,14.29,7.83,2.83,1.75
2025-01-18 23:00:00,N003,0.5,15.16,10.53,12.15,7.15,4.63
2025-01-18 23:00:00,N004,0.5,15.18,14.22,6.64,1.64,0.96
2025-01-18 23:00:00,N005,0.5,15.42,14.58,6.46,1.46,0.84
2025-01-18 23:00:00,N006,0.5,16.25,13.83,8.83,3.83,2.42
2025-01-18 23:00:00,N007,0.5,16.17,10.56,13.62,8.62,5.61
2025-01-18 23:00:00,N008,0.5,18.29,16.82,7.41,2.41,1.47
2025-01-18 23:00:00,N009,0.5,16.28,13.57,9.26,4.26,2.71
2025-01-18 23:00:00,N010,0.5,14.46,11.97,8.94,3.94,2.49
2025-01-18 23:00:00,N011,0.5,17.0,11.5,13.45,8.45,5.5
2025-01-18 23:00:00,N012,0.5,15.26,11.27,11.19,6.19,3.99
2025-01-18 23:00:00,N013,0.5,21.8,19.74,8.29,3.29,2.06
2025-01-18 23:00:00,N014,0.5,19.64,15.81,10.95,5.95,3.83
2025-01-18 23:00:00,N015,0.5,18.63,12.17,14.89,9.89,6.46
2025-01-18 23:00:00,N016,0.5,15.94,15.07,6.5,1.5,0.87
2025-01-18 23:00:00,N017,0.5,15.7,11.67,11.25,6.25,4.03
2025-01-18 23:00:00,N018,0.5,16.45,13.22,10.04,5.04,3.23
2025-01-18 23:00:00,N019,0.5,17.3,13.48,10.93,5.93,3.82
2025-01-18 23:00:00,N020,0.5,14.13,9.45,12.22,7.22,4.68
2025-01-19 00:00:00,N001,0.3,11.05,9.19,7.91,2.91,1.86
2025-01-19 00:00:00,N002,0.3,12.62,10.59,8.17,3.17,2.03
2025-01-19 00:00:00,N003,0.3,13.27,10.78,8.86,3.86,2.49
2025-01-19 00:00:00,N004,0.3,12.69,9.51,9.89,4.89,3.18
2025-01-19 00:00:00,N005,0.3,13.99,9.58,11.74,6.74,4.41
2025-01-19 00:00:00,N006,0.3,14.45,10.99,10.31,5.31,3.46
2025-01-19 00:00:00,N007,0.3,11.27,10.66,6.04,1.04,0.61
2025-01-19 00:00:00,N008,0.3,11.98,10.05,8.02,3.02,1.93
2025-01-19 00:00:00,N009,0.3,11.86,11.23,6.06,1.06,0.63
2025-01-19 00:00:00,N010,0.3,14.51,9.98,11.92,6.92,4.53
2025-01-19 00:00:00,N011,0.3,12.86,9.65,9.93,4.93,3.21
2025-01-19 00:00:00,N012,0.3,12.54,8.78,10.76,5.76,3.76
2025-01-19 00:00:00,N013,0.3,13.24,9.4,10.88,5.88,3.84
2025-01-19 00:00:00,N014,0.3,13.85,10.45,10.22,5.22,3.4
2025-01-19 00:00:00,N015,0.3,10.57,9.55,6.65,1.65,1.02
2025-01-19 00:00:00,N016,0.3,13.81,9.98,10.87,5.87,3.83
2025-01-19 00:00:00,N017,0.3,12.25,8.31,11.03,6.03,3.94
2025-01-19 00:00:00,N018,0.3,15.46,12.43,9.67,4.67,3.03
2025-01-19 00:00:00,N019,0.3,14.89,10.65,11.48,6.48,4.24
2025-01-19 00:00:00,N020,0.3,12.64,10.08,8.96,3.96,2.56
2025-01-19 01:00:00,N001,0.1,9.99,7.46,8.83,3.83,2.53
2025-01-19 01:00:00,N002,0.1,12.01,8.81,9.84,4.84,3.2
2025-01-19 01:00:00,N003,0.1,13.25,9.57,10.56,5.56,3.68
2025-01-19 01:00:00,N004,0.1,13.33,10.2,9.74,4.74,3.13
2025-01-19 01:00:00,N005,0.1,10.59,9.52,6.65,1.65,1.07
2025-01-19 01:00:00,N006,0.1,9.61,6.92,9.08,4.08,2.69
2025-01-19 01:00:00,N007,0.1,10.66,9.44,6.87,1.87,1.22
2025-01-19 01:00:00,N008,0.1,11.28,9.35,7.94,2.94,1.93
2025-01-19 01:00:00,N009,0.1,7.87,6.13,7.65,2.65,1.74
2025-01-19 01:00:00,N010,0.1,14.0,11.27,9.13,4.13,2.73
2025-01-19 01:00:00,N011,0.1,12.63,11.9,6.14,1.14,0.73
2025-01-19 01:00:00,N012,0.1,8.56,5.73,9.29,4.29,2.83
2025-01-19 01:00:00,N013,0.1,9.67,8.84,6.28,1.28,0.83
2025-01-19 01:00:00,N014,0.1,10.67,7.53,9.75,4.75,3.14
2025-01-19 01:00:00,N015,0.1,11.89,10.21,7.56,2.56,1.68
2025-01-19 01:00:00,N016,0.1,9.41,7.25,8.28,3.28,2.16
2025-01-19 01:00:00,N017,0.1,11.54,10.69,6.31,1.31,0.85
2025-01-19 01:00:00,N018,0.1,10.9,8.39,8.8,3.8,2.51
2025-01-19 01:00:00,N019,0.1,12.29,9.19,9.69,4.69,3.1
2025-01-19 01:00:00,N020,0.1,10.91,9.23,7.56,2.56,1.68
2025-01-19 02:00:00,N001,0.1,8.56,6.09,8.75,3.75,2.47
2025-01-19 02:00:00,N002,0.1,11.74,8.31,10.19,5.19,3.43
2025-01-19 02:00:00,N003,0.1,14.75,10.61,11.25,6.25,4.14
2025-01-19 02:00:00,N004,0.1,13.88,11.52,8.58,3.58,2.36
2025-01-19 02:00:00,N005,0.1,5.0,3.93,6.65,1.65,1.07
2025-01-19 02:00:00,N006,0.1,13.73,10.06,10.54,5.54,3.67
2025-01-19 02:00:00,N007,0.1,10.06,7.47,8.92,3.92,2.59
2025-01-19 02:00:00,N008,0.1,9.17,8.53,6.0,1.0,0.64
2025-01-19 02:00:00,N009,0.1,12.07,9.13,9.45,4.45,2.94
2025-01-19 02:00:00,N010,0.1,11.52,10.8,6.12,1.12,0.72
2025-01-19 02:00:00,N011,0.1,8.81,6.27,8.85,3.85,2.54
2025-01-19 02:00:00,N012,0.1,12.41,8.91,10.29,5.29,3.5
2025-01-19 02:00:00,N013,0.1,10.7,7.23,10.25,5.25,3.47
2025-01-19 02:00:00,N014,0.1,12.77,12.1,6.05,1.05,0.67
2025-01-19 02:00:00,N015,0.1,15.19,11.25,10.95,5.95,3.94
2025-01-19 02:00:00,N016,0.1,7.75,5.77,8.01,3.01,1.98
2025-01-19 02:00:00,N017,0.1,12.8,8.75,11.11,6.11,4.05
2025-01-19 02:00:00,N018,0.1,10.24,8.79,7.21,2.21,1.45
2025-01-19 02:00:00,N019,0.1,10.75,7.47,9.96,4.96,3.28
2025-01-19 02:00:00,N020,0.1,7.97,6.57,7.14,2.14,1.4
2025-01-19 03:00:00,N001,0.1,10.51,8.31,8.34,3.34,2.2
2025-01-19 03:00:00,N002,0.1,13.59,11.9,7.58,2.58,1.69
2025-01-19 03:00:00,N003,0.1,13.16,11.38,7.71,2.71,1.78
2025-01-19 03:00:00,N004,0.1,7.93,5.77,8.28,3.28,2.16
2025-01-19 03:00:00,N005,0.1,13.31,12.51,6.24,1.24,0.8
2025-01-19 03:00:00,N006,0.1,11.06,8.72,8.55,3.55,2.34
2025-01-19 03:00:00,N007,0.1,15.04,13.57,7.25,2.25,1.47
2025-01-19 03:00:00,N008,0.1,8.49,7.15,7.05,2.05,1.34
2025-01-19 03:00:00,N009,0.1,11.15,10.33,6.27,1.27,0.82
2025-01-19 03:00:00,N010,0.1,12.48,10.84,7.5,2.5,1.64
2025-01-19 03:00:00,N011,0.1,9.29,6.59,9.09,4.09,2.7
2025-01-19 03:00:00,N012,0.1,10.65,9.71,6.45,1.45,0.94
2025-01-19 03:00:00,N013,0.1,8.18,6.31,7.85,2.85,1.87
2025-01-19 03:00:00,N014,0.1,13.46,8.76,12.09,7.09,4.7
2025-01-19 03:00:00,N015,0.1,11.06,10.41,6.02,1.02,0.65
2025-01-19 03:00:00,N016,0.1,11.92,8.13,10.73,5.73,3.79
2025-01-19 03:00:00,N017,0.1,14.94,13.12,7.77,2.77,1.82
2025-01-19 03:00:00,N018,0.1,11.55,8.12,10.19,5.19,3.43
2025-01-19 03:00:00,N019,0.1,15.67,10.52,12.77,7.77,5.15
2025-01-19 03:00:00,N020,0.1,10.41,9.78,5.99,0.99,0.63
2025-01-19 04:00:00,N001,0.1,10.48,8.1,8.61,3.61,2.38
2025-01-19 04:00:00,N002,0.1,9.83,7.77,8.13,3.13,2.06
2025-01-19 04:00:00,N003,0.1,8.4,6.18,8.37,3.37,2.22
2025-01-19 04:00:00,N004,0.1,15.83,10.82,12.55,7.55,5.01
2025-01-19 04:00:00,N005,0.1,14.34,11.86,8.76,3.76,2.48
2025-01-19 04:00:00,N006,0.1,10.12,6.89,9.88,4.88,3.23
2025-01-19 04:00:00,N007,0.1,15.47,14.31,6.78,1.78,1.16
2025-01-19 04:00:00,N008,0.1,11.96,8.2,10.68,5.68,3.76
2025-01-19 04:00:00,N009,0.1,10.4,9.25,6.76,1.76,1.15
2025-01-19 04:00:00,N010,0.1,10.5,8.05,8.72,3.72,2.45
2025-01-19 04:00:00,N011,0.1,11.14,8.16,9.51,4.51,2.98
2025-01-19 04:00:00,N012,0.1,12.4,9.92,8.76,3.76,2.48
2025-01-19 04:00:00,N013,0.1,11.71,10.34,7.1,2.1,1.37
2025-01-19 04:00:00,N014,0.1,7.7,5.48,8.37,3.37,2.22
2025-01-19 04:00:00,N015,0.1,11.64,7.86,10.71,5.71,3.78
2025-01-19 04:00:00,N016,0.1,9.4,7.03,8.6,3.6,2.37
2025-01-19 04:00:00,N017,0.1,9.83,8.63,6.84,1.84,1.2
2025-01-19 04:00:00,N018,0.1,13.61,10.92,9.08,4.08,2.69
2025-01-19 04:00:00,N019,0.1,15.02,11.94,9.66,4.66,3.08
2025-01-19 04:00:00,N020,0.1,12.57,9.19,10.11,5.11,3.38
2025-01-19 05:00:00,N001,0.1,11.13,7.79,10.05,5.05,3.34
2025-01-19 05:00:00,N002,0.1,12.13,10.02,8.21,3.21,2.11
2025-01-19 05:00:00,N003,0.1,12.69,10.34,8.57,3.57,2.35
2025-01-19 05:00:00,N004,0.1,12.57,8.73,10.8,5.8,3.84
2025-01-19 05:00:00,N005,0.1,7.61,6.08,7.33,2.33,1.53
2025-01-19 05:00:00,N006,0.1,13.53,8.92,11.96,6.96,4.61
2025-01-19 05:00:00,N007,0.1,12.51,11.82,6.07,1.07,0.69
2025-01-19 05:00:00,N008,0.1,9.22,7.14,8.16,3.16,2.08
2025-01-19 05:00:00,N009,0.1,9.61,8.36,6.92,1.92,1.25
2025-01-19 05:00:00,N010,0.1,11.97,9.52,8.72,3.72,2.45
2025-01-19 05:00:00,N011,0.1,12.37,11.09,6.96,1.96,1.28
2025-01-19 05:00:00,N012,0.1,10.41,7.93,8.76,3.76,2.48
2025-01-19 05:00:00,N013,0.1,9.21,7.27,7.95,2.95,1.94
2025-01-19 05:00:00,N014,0.1,16.32,12.11,11.35,6.35,4.21
2025-01-19 05:00:00,N015,0.1,12.42,11.17,6.92,1.92,1.25
2025-01-19 05:00:00,N016,0.1,13.1,9.2,10.89,5.89,3.9
2025-01-19 05:00:00,N017,0.1,11.87,10.59,6.96,1.96,1.28
2025-01-19 05:00:00,N018,0.1,10.48,7.26,9.87,4.87,3.22
2025-01-19 05:00:00,N019,0.1,10.89,10.22,6.05,1.05,0.67
2025-01-19 05:00:00,N020,0.1,10.02,8.8,6.87,1.87,1.22
2025-01-19 06:00:00,N001,0.2,11.93,10.64,7.02,2.02,1.29
2025-01-19 06:00:00,N002,0.2,12.98,11.93,6.66,1.66,1.05
2025-01-19 06:00:00,N003,0.2,12.68,11.43,6.96,1.96,1.25
2025-01-19 06:00:00,N004,0.2,12.74,11.33,7.19,2.19,1.41
2025-01-19 06:00:00,N005,0.2,9.43,7.33,8.23,3.23,2.1
2025-01-19 06:00:00,N006,0.2,18.33,12.47,13.87,8.87,5.86
2025-01-19 06:00:00,N007,0.2,15.65,11.23,11.71,6.71,4.42
2025-01-19 06:00:00,N008,0.2,14.73,11.49,9.94,4.94,3.24
2025-01-19 06:00:00,N009,0.2,11.14,10.04,6.73,1.73,1.1
2025-01-19 06:00:00,N010,0.2,12.33,9.43,9.43,4.43,2.9
2025-01-19 06:00:00,N011,0.2,14.74,11.23,10.34,5.34,3.51
2025-01-19 06:00:00,N012,0.2,13.48,10.49,9.57,4.57,2.99
2025-01-19 06:00:00,N013,0.2,13.06,8.8,11.47,6.47,4.26
2025-01-19 06:00:00,N014,0.2,15.3,12.47,9.33,4.33,2.83
2025-01-19 06:00:00,N015,0.2,15.96,14.14,7.81,2.81,1.82
2025-01-19 06:00:00,N016,0.2,14.59,13.1,7.31,2.31,1.49
2025-01-19 06:00:00,N017,0.2,13.43,9.14,11.52,6.52,4.29
2025-01-19 06:00:00,N018,0.2,11.01,9.79,6.91,1.91,1.22
2025-01-19 06:00:00,N019,0.2,8.92,8.39,5.88,0.88,0.53
2025-01-19 06:00:00,N020,0.2,12.92,10.64,8.5,3.5,2.28
2025-01-19 07:00:00,N001,0.1,9.87,7.9,8.0,3.0,1.97
2025-01-19 07:00:00,N002,0.1,13.49,8.92,11.9,6.9,4.57
2025-01-19 07:00:00,N003,0.1,6.82,5.75,6.65,1.65,1.07
2025-01-19 07:00:00,N004,0.1,13.11,9.13,11.01,6.01,3.98
2025-01-19 07:00:00,N005,0.1,14.37,10.06,11.5,6.5,4.31
2025-01-19 07:00:00,N006,0.1,11.42,8.15,9.95,4.95,3.27
2025-01-19 07:00:00,N007,0.1,10.81,7.26,10.36,5.36,3.55
2025-01-19 07:00:00,N008,0.1,9.56,9.06,5.79,0.79,0.5
2025-01-19 07:00:00,N009,0.1,11.85,10.67,6.81,1.81,1.18
2025-01-19 07:00:00,N010,0.1,8.57,7.51,6.63,1.63,1.06
2025-01-19 07:00:00,N011,0.1,10.33,7.82,8.8,3.8,2.51
2025-01-19 07:00:00,N012,0.1,12.65,8.69,10.98,5.98,3.96
2025-01-19 07:00:00,N013,0.1,11.04,9.85,6.82,1.82,1.19
2025-01-19 07:00:00,N014,0.1,9.39,7.47,7.92,2.92,1.92
2025-01-19 07:00:00,N015,0.1,9.67,8.48,6.82,1.82,1.19
2025-01-19 07:00:00,N016,0.1,14.17,9.27,12.39,7.39,4.9
2025-01-19 07:00:00,N017,0.1,10.67,7.87,9.24,4.24,2.8
2025-01-19 07:00:00,N018,0.1,10.49,9.42,6.65,1.65,1.07
2025-01-19 07:00:00,N019,0.1,11.97,9.6,8.6,3.6,2.37
2025-01-19 07:00:00,N020,0.1,8.75,8.03,6.12,1.12,0.72
2025-01-19 08:00:00,N001,0.1,8.73,5.98,9.17,4.17,2.75
2025-01-19 08:00:00,N002,0.1,14.65,10.84,10.75,5.75,3.81
2025-01-19 08:00:00,N003,0.1,12.53,10.0,8.83,3.83,2.53
2025-01-19 08:00:00,N004,0.1,8.94,7.03,7.9,2.9,1.91
2025-01-19 08:00:00,N005,0.1,10.19,9.04,6.76,1.76,1.15
2025-01-19 08:00:00,N006,0.1,12.71,8.95,10.68,5.68,3.76
2025-01-19 08:00:00,N007,0.1,9.56,6.35,9.85,4.85,3.21
2025-01-19 08:00:00,N008,0.1,8.97,6.1,9.34,4.34,2.87
2025-01-19 08:00:00,N009,0.1,10.27,9.26,6.56,1.56,1.01
2025-01-19 08:00:00,N010,0.1,10.77,7.73,9.6,4.6,3.04
2025-01-19 08:00:00,N011,0.1,11.95,10.81,6.75,1.75,1.14
2025-01-19 08:00:00,N012,0.1,12.08,9.67,8.66,3.66,2.41
2025-01-19 08:00:00,N013,0.1,8.85,8.11,6.15,1.15,0.74
2025-01-19 08:00:00,N014,0.1,10.25,9.49,6.18,1.18,0.76
2025-01-19 08:00:00,N015,0.1,14.17,12.06,8.21,3.21,2.11
2025-01-19 08:00:00,N016,0.1,9.4,6.74,9.03,4.03,2.66
2025-01-19 08:00:00,N017,0.1,11.33,8.59,9.15,4.15,2.74
2025-01-19 08:00:00,N018,0.1,10.21,8.92,6.98,1.98,1.29
2025-01-19 08:00:00,N019,0.1,11.0,10.09,6.41,1.41,0.91
2025-01-19 08:00:00,N020,0.1,13.05,12.28,6.2,1.2,0.77
2025-01-19 09:00:00,N001,0.1,9.98,8.96,6.57,1.57,1.02
2025-01-19 09:00:00,N002,0.1,12.3,10.75,7.37,2.37,1.55
2025-01-19 09:00:00,N003,0.1,13.15,10.33,9.27,4.27,2.82
2025-01-19 09:00:00,N004,0.1,8.7,8.04,6.03,1.03,0.66
2025-01-19 09:00:00,N005,0.1,12.28,10.42,7.83,2.83,1.86
2025-01-19 09:00:00,N006,0.1,8.47,7.85,5.97,0.97,0.62
2025-01-19 09:00:00,N007,0.1,11.04,8.4,9.0,4.0,2.64
2025-01-19 09:00:00,N008,0.1,10.88,8.71,8.29,3.29,2.17
2025-01-19 09:00:00,N009,0.1,10.65,9.51,6.75,1.75,1.14
2025-01-19 09:00:00,N010,0.1,11.68,7.72,10.98,5.98,3.96
2025-01-19 09:00:00,N011,0.1,13.17,11.83,7.05,2.05,1.34
2025-01-19 09:00:00,N012,0.1,8.68,6.87,7.75,2.75,1.81
2025-01-19 09:00:00,N013,0.1,11.03,9.36,7.54,2.54,1.67
2025-01-19 09:00:00,N014,0.1,12.93,9.7,9.88,4.88,3.23
2025-01-19 09:00:00,N015,0.1,9.25,7.98,6.95,1.95,1.27
2025-01-19 09:00:00,N016,0.1,8.09,6.33,7.68,2.68,1.76
2025-01-19 09:00:00,N017,0.1,8.1,5.47,8.98,3.98,2.63
2025-01-19 09:00:00,N018,0.1,8.91,6.65,8.43,3.43,2.26
2025-01-19 09:00:00,N019,0.1,14.44,13.48,6.48,1.48,0.96
2025-01-19 09:00:00,N020,0.1,11.95,11.3,6.02,1.02,0.65
2025-01-19 10:00:00,N001,0.1,12.0,8.27,10.63,5.63,3.73
2025-01-19 10:00:00,N002,0.1,13.29,11.03,8.43,3.43,2.26
2025-01-19 10:00:00,N003,0.1,15.32,12.37,9.47,4.47,2.95
2025-01-19 10:00:00,N004,0.1,11.56,10.0,7.38,2.38,1.56
2025-01-19 10:00:00,N005,0.1,10.94,7.76,9.81,4.81,3.18
2025-01-19 10:00:00,N006,0.1,12.3,10.76,7.35,2.35,1.54
2025-01-19 10:00:00,N007,0.1,9.25,7.54,7.6,2.6,1.71
2025-01-19 10:00:00,N008,0.1,15.05,12.7,8.57,3.57,2.35
2025-01-19 10:00:00,N009,0.1,12.71,10.35,8.58,3.58,2.36
2025-01-19 10:00:00,N010,0.1,9.45,7.0,8.72,3.72,2.45
2025-01-19 10:00:00,N011,0.1,15.83,14.25,7.41,2.41,1.58
2025-01-19 10:00:00,N012,0.1,11.9,9.44,8.73,3.73,2.46
2025-01-19 10:00:00,N013,0.1,10.63,9.61,6.57,1.57,1.02
2025-01-19 10:00:00,N014,0.1,11.24,8.86,8.61,3.61,2.38
2025-01-19 10:00:00,N015,0.1,9.55,7.97,7.41,2.41,1.58
2025-01-19 10:00:00,N016,0.1,9.53,7.93,7.44,2.44,1.6
2025-01-19 10:00:00,N017,0.1,14.22,12.53,7.58,2.58,1.69
2025-01-19 10:00:00,N018,0.1,11.86,8.97,9.38,4.38,2.89
2025-01-19 10:00:00,N019,0.1,10.9,7.11,10.73,5.73,3.79
2025-01-19 10:00:00,N020,0.1,9.15,7.48,7.54,2.54,1.67
2025-01-19 11:00:00,N001,0.0,5.0,3.49,7.27,2.27,1.51
2025-01-19 11:00:00,N002,0.0,8.93,6.58,8.53,3.53,2.35
2025-01-19 11:00:00,N003,0.0,11.38,9.35,8.04,3.04,2.03
2025-01-19 11:00:00,N004,0.0,13.27,9.85,10.13,5.13,3.42
2025-01-19 11:00:00,N005,0.0,13.22,11.59,7.44,2.44,1.63
2025-01-19 11:00:00,N006,0.0,11.63,7.75,10.82,5.82,3.88
2025-01-19 11:00:00,N007,0.0,9.34,6.32,9.53,4.53,3.02
2025-01-19 11:00:00,N008,0.0,11.33,9.76,7.35,2.35,1.57
2025-01-19 11:00:00,N009,0.0,11.02,9.02,8.0,3.0,2.0
2025-01-19 11:00:00,N010,0.0,10.49,9.9,5.89,0.89,0.59
2025-01-19 11:00:00,N011,0.0,10.43,9.17,6.89,1.89,1.26
2025-01-19 11:00:00,N012,0.0,9.82,8.79,6.54,1.54,1.03
2025-01-19 11:00:00,N013,0.0,10.3,9.49,6.22,1.22,0.81
2025-01-19 11:00:00,N014,0.0,8.6,5.77,9.25,4.25,2.83
2025-01-19 11:00:00,N015,0.0,11.26,8.71,8.82,3.82,2.55
2025-01-19 11:00:00,N016,0.0,11.1,8.0,9.65,4.65,3.1
2025-01-19 11:00:00,N017,0.0,10.97,7.53,10.16,5.16,3.44
2025-01-19 11:00:00,N018,0.0,10.19,8.66,7.29,2.29,1.53
2025-01-19 11:00:00,N019,0.0,11.47,10.64,6.24,1.24,0.83
2025-01-19 11:00:00,N020,0.0,8.83,5.96,9.3,4.3,2.87
2025-01-19 12:00:00,N001,0.0,7.88,6.75,6.69,1.69,1.13
2025-01-19 12:00:00,N002,0.0,8.91,7.56,7.03,2.03,1.35
2025-01-19 12:00:00,N003,0.0,9.48,8.49,6.48,1.48,0.99
2025-01-19 12:00:00,N004,0.0,9.85,7.73,8.18,3.18,2.12
2025-01-19 12:00:00,N005,0.0,7.7,6.24,7.19,2.19,1.46
2025-01-19 12:00:00,N006,0.0,11.0,7.62,10.07,5.07,3.38
2025-01-19 12:00:00,N007,0.0,8.46,7.37,6.64,1.64,1.09
2025-01-19 12:00:00,N008,0.0,12.25,8.98,9.91,4.91,3.27
2025-01-19 12:00:00,N009,0.0,10.77,8.38,8.58,3.58,2.39
2025-01-19 12:00:00,N010,0.0,11.52,8.22,9.95,4.95,3.3
2025-01-19 12:00:00,N011,0.0,14.22,11.84,8.57,3.57,2.38
2025-01-19 12:00:00,N012,0.0,9.14,6.49,8.97,3.97,2.65
2025-01-19 12:00:00,N013,0.0,11.73,9.93,7.7,2.7,1.8
2025-01-19 12:00:00,N014,0.0,5.15,4.85,5.45,0.45,0.3
2025-01-19 12:00:00,N015,0.0,9.65,6.93,9.08,4.08,2.72
2025-01-19 12:00:00,N016,0.0,9.54,6.31,9.84,4.84,3.23
2025-01-19 12:00:00,N017,0.0,8.89,8.11,6.17,1.17,0.78
2025-01-19 12:00:00,N018,0.0,8.26,5.82,8.66,3.66,2.44
2025-01-19 12:00:00,N019,0.0,9.09,8.11,6.47,1.47,0.98
2025-01-19 12:00:00,N020,0.0,10.13,7.04,9.63,4.63,3.09
2025-01-19 13:00:00,N001,0.0,7.27,5.79,7.22,2.22,1.48
2025-01-19 13:00:00,N002,0.0,9.45,8.8,5.98,0.98,0.65
2025-01-19 13:00:00,N003,0.0,12.36,10.49,7.81,2.81,1.87
2025-01-19 13:00:00,N004,0.0,10.43,6.79,10.46,5.46,3.64
2025-01-19 13:00:00,N005,0.0,6.85,5.37,7.22,2.22,1.48
2025-01-19 13:00:00,N006,0.0,12.48,11.71,6.16,1.16,0.77
2025-01-19 13:00:00,N007,0.0,11.48,8.61,9.3,4.3,2.87
2025-01-19 13:00:00,N008,0.0,5.64,4.14,7.25,2.25,1.5
2025-01-19 13:00:00,N009,0.0,9.17,8.54,5.95,0.95,0.63
2025-01-19 13:00:00,N010,0.0,5.98,5.56,5.63,0.63,0.42
2025-01-19 13:00:00,N011,0.0,9.46,7.6,7.79,2.79,1.86
2025-01-19 13:00:00,N012,0.0,9.46,7.53,7.9,2.9,1.93
2025-01-19 13:00:00,N013,0.0,11.15,9.15,8.0,3.0,2.0
2025-01-19 13:00:00,N014,0.0,11.0,8.83,8.25,3.25,2.17
2025-01-19 13:00:00,N015,0.0,12.81,8.61,11.3,6.3,4.2
2025-01-19 13:00:00,N016,0.0,11.16,9.34,7.73,2.73,1.82
2025-01-19 13:00:00,N017,0.0,9.22,6.08,9.71,4.71,3.14
2025-01-19 13:00:00,N018,0.0,9.31,6.77,8.81,3.81,2.54
2025-01-19 13:00:00,N019,0.0,10.75,7.05,10.55,5.55,3.7
2025-01-19 13:00:00,N020,0.0,8.58,8.01,5.85,0.85,0.57
2025-01-19 14:00:00,N001,0.0,11.21,8.02,9.79,4.79,3.19
2025-01-19 14:00:00,N002,0.0,9.68,6.54,9.71,4.71,3.14
2025-01-19 14:00:00,N003,0.0,10.87,7.74,9.7,4.7,3.13
2025-01-19 14:00:00,N004,0.0,11.88,10.01,7.81,2.81,1.87
2025-01-19 14:00:00,N005,0.0,10.71,8.48,8.34,3.34,2.23
2025-01-19 14:00:00,N006,0.0,11.66,11.01,5.98,0.98,0.65
2025-01-19 14:00:00,N007,0.0,14.4,11.13,9.91,4.91,3.27
2025-01-19 14:00:00,N008,0.0,10.69,8.64,8.07,3.07,2.05
2025-01-19 14:00:00,N009,0.0,9.99,9.27,6.08,1.08,0.72
2025-01-19 14:00:00,N010,0.0,9.21,7.26,7.92,2.92,1.95
2025-01-19 14:00:00,N011,0.0,11.47,8.72,9.12,4.12,2.75
2025-01-19 14:00:00,N012,0.0,13.31,11.79,7.28,2.28,1.52
2025-01-19 14:00:00,N013,0.0,12.34,9.74,8.9,3.9,2.6
2025-01-19 14:00:00,N014,0.0,7.54,6.71,6.24,1.24,0.83
2025-01-19 14:00:00,N015,0.0,9.07,6.1,9.46,4.46,2.97
2025-01-19 14:00:00,N016,0.0,7.36,5.2,8.24,3.24,2.16
2025-01-19 14:00:00,N017,0.0,7.79,5.34,8.68,3.68,2.45
2025-01-19 14:00:00,N018,0.0,10.21,8.68,7.29,2.29,1.53
2025-01-19 14:00:00,N019,0.0,8.08,6.23,7.78,2.78,1.85
2025-01-19 14:00:00,N020,0.0,10.76,9.58,6.77,1.77,1.18
2025-01-19 15:00:00,N001,0.0,8.21,5.86,8.53,3.53,2.35
2025-01-19 15:00:00,N002,0.0,9.15,7.89,6.89,1.89,1.26
2025-01-19 15:00:00,N003,0.0,12.02,9.08,9.41,4.41,2.94
2025-01-19 15:00:00,N004,0.0,11.24,9.13,8.17,3.17,2.11
2025-01-19 15:00:00,N005,0.0,12.05,8.05,11.0,6.0,4.0
2025-01-19 15:00:00,N006,0.0,7.75,7.27,5.72,0.72,0.48
2025-01-19 15:00:00,N007,0.0,8.88,7.57,6.97,1.97,1.31
2025-01-19 15:00:00,N008,0.0,9.79,7.24,8.82,3.82,2.55
2025-01-19 15:00:00,N009,0.0,9.92,6.72,9.8,4.8,3.2
2025-01-19 15:00:00,N010,0.0,8.63,6.52,8.17,3.17,2.11
2025-01-19 15:00:00,N011,0.0,13.28,11.78,7.25,2.25,1.5
2025-01-19 15:00:00,N012,0.0,10.49,8.21,8.42,3.42,2.28
2025-01-19 15:00:00,N013,0.0,11.05,7.71,10.01,5.01,3.34
2025-01-19 15:00:00,N014,0.0,10.2,7.84,8.54,3.54,2.36
2025-01-19 15:00:00,N015,0.0,7.18,4.99,8.29,3.29,2.19
2025-01-19 15:00:00,N016,0.0,9.81,8.12,7.54,2.54,1.69
2025-01-19 15:00:00,N017,0.0,6.92,5.81,6.67,1.67,1.11
2025-01-19 15:00:00,N018,0.0,11.95,11.02,6.4,1.4,0.93
2025-01-19 15:00:00,N019,0.0,11.44,7.78,10.49,5.49,3.66
2025-01-19 15:00:00,N020,0.0,8.02,5.27,9.12,4.12,2.75
2025-01-19 16:00:00,N001,0.0,8.73,7.74,6.48,1.48,0.99
2025-01-19 16:00:00,N002,0.0,11.89,9.26,8.94,3.94,2.63
2025-01-19 16:00:00,N003,0.0,10.06,8.85,6.81,1.81,1.21
2025-01-19 16:00:00,N004,0.0,9.53,8.12,7.11,2.11,1.41
2025-01-19 16:00:00,N005,0.0,12.47,9.1,10.05,5.05,3.37
2025-01-19 16:00:00,N006,0.0,13.1,8.57,11.79,6.79,4.53
2025-01-19 16:00:00,N007,0.0,10.82,8.2,8.93,3.93,2.62
2025-01-19 16:00:00,N008,0.0,7.63,6.23,7.1,2.1,1.4
2025-01-19 16:00:00,N009,0.0,10.34,9.8,5.81,0.81,0.54
2025-01-19 16:00:00,N010,0.0,8.78,7.45,7.0,2.0,1.33
2025-01-19 16:00:00,N011,0.0,9.73,6.68,9.57,4.57,3.05
2025-01-19 16:00:00,N012,0.0,9.95,7.25,9.05,4.05,2.7
2025-01-19 16:00:00,N013,0.0,9.76,7.96,7.7,2.7,1.8
2025-01-19 16:00:00,N014,0.0,5.48,4.61,6.3,1.3,0.87
2025-01-19 16:00:00,N015,0.0,9.19,7.76,7.15,2.15,1.43
2025-01-19 16:00:00,N016,0.0,11.04,8.39,8.97,3.97,2.65
2025-01-19 16:00:00,N017,0.0,9.54,7.73,7.71,2.71,1.81
2025-01-19 16:00:00,N018,0.0,10.14,8.14,8.0,3.0,2.0
2025-01-19 16:00:00,N019,0.0,12.44,11.78,5.99,0.99,0.66
2025-01-19 16:00:00,N020,0.0,11.45,8.69,9.14,4.14,2.76
2025-01-19 17:00:00,N001,0.0,10.9,8.79,8.17,3.17,2.11
2025-01-19 17:00:00,N002,0.0,6.91,5.23,7.52,2.52,1.68
2025-01-19 17:00:00,N003,0.0,6.97,5.28,7.54,2.54,1.69
2025-01-19 17:00:00,N004,0.0,8.42,6.41,8.01,3.01,2.01
2025-01-19 17:00:00,N005,0.0,10.89,10.04,6.27,1.27,0.85
2025-01-19 17:00:00,N006,0.0,11.32,7.53,10.69,5.69,3.79
2025-01-19 17:00:00,N007,0.0,10.51,8.87,7.46,2.46,1.64
2025-01-19 17:00:00,N008,0.0,8.7,7.63,6.6,1.6,1.07
2025-01-19 17:00:00,N009,0.0,11.04,10.3,6.11,1.11,0.74
2025-01-19 17:00:00,N010,0.0,7.51,5.01,8.75,3.75,2.5
2025-01-19 17:00:00,N011,0.0,12.53,10.29,8.36,3.36,2.24
2025-01-19 17:00:00,N012,0.0,11.61,10.89,6.08,1.08,0.72
2025-01-19 17:00:00,N013,0.0,9.82,8.58,6.86,1.86,1.24
2025-01-19 17:00:00,N014,0.0,8.88,6.47,8.62,3.62,2.41
2025-01-19 17:00:00,N015,0.0,9.14,6.74,8.6,3.6,2.4
2025-01-19 17:00:00,N016,0.0,10.24,8.64,7.4,2.4,1.6
2025-01-19 17:00:00,N017,0.0,12.49,11.65,6.26,1.26,0.84
2025-01-19 17:00:00,N018,0.0,11.95,9.54,8.62,3.62,2.41
2025-01-19 17:00:00,N019,0.0,12.49,11.61,6.32,1.32,0.88
2025-01-19 17:00:00,N020,0.0,8.1,6.02,8.12,3.12,2.08
2025-01-19 18:00:00,N001,0.0,11.99,9.43,8.84,3.84,2.56
2025-01-19 18:00:00,N002,0.0,8.8,5.91,9.33,4.33,2.89
2025-01-19 18:00:00,N003,0.0,10.78,8.66,8.18,3.18,2.12
2025-01-19 18:00:00,N004,0.0,5.0,4.72,5.42,0.42,0.28
2025-01-19 18:00:00,N005,0.0,12.8,12.15,5.98,0.98,0.65
2025-01-19 18:00:00,N006,0.0,15.89,12.49,10.1,5.1,3.4
2025-01-19 18:00:00,N007,0.0,10.23,8.41,7.73,2.73,1.82
2025-01-19 18:00:00,N008,0.0,9.59,8.58,6.52,1.52,1.01
2025-01-19 18:00:00,N009,0.0,11.36,9.23,8.19,3.19,2.13
2025-01-19 18:00:00,N010,0.0,10.53,9.61,6.38,1.38,0.92
2025-01-19 18:00:00,N011,0.0,9.8,6.43,10.05,5.05,3.37
2025-01-19 18:00:00,N012,0.0,8.8,8.3,5.75,0.75,0.5
2025-01-19 18:00:00,N013,0.0,8.41,6.27,8.21,3.21,2.14
2025-01-19 18:00:00,N014,0.0,10.63,8.31,8.48,3.48,2.32
2025-01-19 18:00:00,N015,0.0,13.64,10.21,10.15,5.15,3.43
2025-01-19 18:00:00,N016,0.0,8.28,7.71,5.85,0.85,0.57
2025-01-19 18:00:00,N017,0.0,13.71,9.98,10.59,5.59,3.73
2025-01-19 18:00:00,N018,0.0,6.93,5.76,6.75,1.75,1.17
2025-01-19 18:00:00,N019,0.0,7.84,5.36,8.72,3.72,2.48
2025-01-19 18:00:00,N020,0.0,12.83,8.99,10.76,5.76,3.84
2025-01-19 19:00:00,N001,0.0,9.78,8.22,7.34,2.34,1.56
2025-01-19 19:00:00,N002,0.0,9.37,6.51,9.29,4.29,2.86
2025-01-19 19:00:00,N003,0.0,12.68,11.0,7.52,2.52,1.68
2025-01-19 19:00:00,N004,0.0,9.95,8.62,7.0,2.0,1.33
2025-01-19 19:00:00,N005,0.0,8.45,7.21,6.86,1.86,1.24
2025-01-19 19:00:00,N006,0.0,8.62,5.76,9.29,4.29,2.86
2025-01-19 19:00:00,N007,0.0,10.93,8.51,8.63,3.63,2.42
2025-01-19 19:00:00,N008,0.0,10.73,9.32,7.11,2.11,1.41
2025-01-19 19:00:00,N009,0.0,6.47,5.02,7.17,2.17,1.45
2025-01-19 19:00:00,N010,0.0,11.56,8.69,9.3,4.3,2.87
2025-01-19 19:00:00,N011,0.0,7.44,5.16,8.42,3.42,2.28
2025-01-19 19:00:00,N012,0.0,10.12,8.84,6.92,1.92,1.28
2025-01-19 19:00:00,N013,0.0,5.51,4.98,5.8,0.8,0.53
2025-01-19 19:00:00,N014,0.0,9.52,7.99,7.29,2.29,1.53
2025-01-19 19:00:00,N015,0.0,13.06,9.61,10.18,5.18,3.45
2025-01-19 19:00:00,N016,0.0,10.91,9.04,7.81,2.81,1.87
2025-01-19 19:00:00,N017,0.0,13.64,11.86,7.67,2.67,1.78
2025-01-19 19:00:00,N018,0.0,11.82,9.34,8.72,3.72,2.48
2025-01-19 19:00:00,N019,0.0,10.08,9.01,6.6,1.6,1.07
2025-01-19 19:00:00,N020,0.0,10.73,8.1,8.94,3.94,2.63
2025-01-19 20:00:00,N001,0.0,12.01,10.68,7.0,2.0,1.33
2025-01-19 20:00:00,N002,0.0,7.26,5.4,7.79,2.79,1.86
2025-01-19 20:00:00,N003,0.0,9.9,7.66,8.36,3.36,2.24
2025-01-19 20:00:00,N004,0.0,13.8,10.46,10.01,5.01,3.34
2025-01-19 20:00:00,N005,0.0,8.15,6.63,7.28,2.28,1.52
2025-01-19 20:00:00,N006,0.0,7.34,6.57,6.16,1.16,0.77
2025-01-19 20:00:00,N007,0.0,10.99,10.37,5.93,0.93,0.62
2025-01-19 20:00:00,N008,0.0,7.23,6.48,6.12,1.12,0.75
2025-01-19 20:00:00,N009,0.0,11.53,7.84,10.54,5.54,3.69
2025-01-19 20:00:00,N010,0.0,11.92,8.7,9.83,4.83,3.22
2025-01-19 20:00:00,N011,0.0,7.15,4.86,8.44,3.44,2.29
2025-01-19 20:00:00,N012,0.0,7.26,6.88,5.57,0.57,0.38
2025-01-19 20:00:00,N013,0.0,13.93,11.82,8.17,3.17,2.11
2025-01-19 20:00:00,N014,0.0,12.22,10.1,8.18,3.18,2.12
2025-01-19 20:00:00,N015,0.0,9.98,7.65,8.5,3.5,2.33
2025-01-19 20:00:00,N016,0.0,8.51,5.8,9.06,4.06,2.71
2025-01-19 20:00:00,N017,0.0,7.87,7.4,5.7,0.7,0.47
2025-01-19 20:00:00,N018,0.0,7.81,6.99,6.23,1.23,0.82
2025-01-19 20:00:00,N019,0.0,11.87,8.96,9.37,4.37,2.91
2025-01-19 20:00:00,N020,0.0,9.15,6.34,9.21,4.21,2.81
2025-01-19 21:00:00,N001,0.0,8.84,6.29,8.82,3.82,2.55
2025-01-19 21:00:00,N002,0.0,10.85,7.29,10.34,5.34,3.56
2025-01-19 21:00:00,N003,0.0,13.54,11.84,7.55,2.55,1.7
2025-01-19 21:00:00,N004,0.0,7.25,5.82,7.15,2.15,1.43
2025-01-19 21:00:00,N005,0.0,12.86,9.63,9.84,4.84,3.23
2025-01-19 21:00:00,N006,0.0,11.85,9.65,8.3,3.3,2.2
2025-01-19 21:00:00,N007,0.0,11.23,10.12,6.67,1.67,1.11
2025-01-19 21:00:00,N008,0.0,5.73,4.71,6.53,1.53,1.02
2025-01-19 21:00:00,N009,0.0,6.2,5.52,6.02,1.02,0.68
2025-01-19 21:00:00,N010,0.0,12.47,11.37,6.65,1.65,1.1
2025-01-19 21:00:00,N011,0.0,10.58,8.82,7.64,2.64,1.76
2025-01-19 21:00:00,N012,0.0,11.52,10.83,6.03,1.03,0.69
2025-01-19 21:00:00,N013,0.0,8.48,7.08,7.1,2.1,1.4
2025-01-19 21:00:00,N014,0.0,9.04,8.34,6.05,1.05,0.7
2025-01-19 21:00:00,N015,0.0,12.21,9.08,9.7,4.7,3.13
2025-01-19 21:00:00,N016,0.0,9.44,6.87,8.85,3.85,2.57
2025-01-19 21:00:00,N017,0.0,11.35,9.56,7.69,2.69,1.79
2025-01-19 21:00:00,N018,0.0,9.97,6.62,10.03,5.03,3.35
2025-01-19 21:00:00,N019,0.0,8.5,7.45,6.58,1.58,1.05
2025-01-19 21:00:00,N020,0.0,10.01,8.43,7.37,2.37,1.58
2025-01-19 22:00:00,N001,0.0,10.68,9.57,6.67,1.67,1.11
2025-01-19 22:00:00,N002,0.0,8.71,6.35,8.54,3.54,2.36
2025-01-19 22:00:00,N003,0.0,11.02,8.35,9.0,4.0,2.67
2025-01-19 22:00:00,N004,0.0,10.05,9.31,6.11,1.11,0.74
2025-01-19 22:00:00,N005,0.0,11.46,8.63,9.25,4.25,2.83
2025-01-19 22:00:00,N006,0.0,8.94,7.17,7.66,2.66,1.77
2025-01-19 22:00:00,N007,0.0,10.2,7.4,9.2,4.2,2.8
2025-01-19 22:00:00,N008,0.0,12.43,10.25,8.27,3.27,2.18
2025-01-19 22:00:00,N009,0.0,8.47,7.82,5.98,0.98,0.65
2025-01-19 22:00:00,N010,0.0,10.28,8.9,7.07,2.07,1.38
2025-01-19 22:00:00,N011,0.0,10.47,9.07,7.1,2.1,1.4
2025-01-19 22:00:00,N012,0.0,11.38,9.39,7.98,2.98,1.99
2025-01-19 22:00:00,N013,0.0,9.02,7.54,7.22,2.22,1.48
2025-01-19 22:00:00,N014,0.0,11.64,9.74,7.85,2.85,1.9
2025-01-19 22:00:00,N015,0.0,12.28,11.3,6.47,1.47,0.98
2025-01-19 22:00:00,N016,0.0,9.34,7.92,7.13,2.13,1.42
2025-01-19 22:00:00,N017,0.0,8.72,7.23,7.23,2.23,1.49
2025-01-19 22:00:00,N018,0.0,10.84,9.86,6.47,1.47,0.98
2025-01-19 22:00:00,N019,0.0,10.9,7.51,10.08,5.08,3.39
2025-01-19 22:00:00,N020,0.0,14.95,9.94,12.51,7.51,5.01
2025-01-19 23:00:00,N001,0.0,10.46,6.85,10.42,5.42,3.61
2025-01-19 23:00:00,N002,0.0,10.56,8.61,7.92,2.92,1.95
2025-01-19 23:00:00,N003,0.0,8.24,6.95,6.94,1.94,1.29
2025-01-19 23:00:00,N004,0.0,9.25,7.31,7.91,2.91,1.94
2025-01-19 23:00:00,N005,0.0,9.84,8.81,6.54,1.54,1.03
2025-01-19 23:00:00,N006,0.0,14.18,11.84,8.51,3.51,2.34
2025-01-19 23:00:00,N007,0.0,7.69,5.49,8.3,3.3,2.2
2025-01-19 23:00:00,N008,0.0,9.22,6.06,9.74,4.74,3.16
2025-01-19 23:00:00,N009,0.0,10.32,7.94,8.57,3.57,2.38
2025-01-19 23:00:00,N010,0.0,11.51,8.27,9.86,4.86,3.24
2025-01-19 23:00:00,N011,0.0,9.86,8.44,7.13,2.13,1.42
2025-01-19 23:00:00,N012,0.0,11.39,9.68,7.56,2.56,1.71
2025-01-19 23:00:00,N013,0.0,13.48,9.51,10.96,5.96,3.97
2025-01-19 23:00:00,N014,0.0,11.03,7.42,10.42,5.42,3.61
2025-01-19 23:00:00,N015,0.0,9.93,9.31,5.93,0.93,0.62
2025-01-19 23:00:00,N016,0.0,5.3,4.65,5.98,0.98,0.65
2025-01-19 23:00:00,N017,0.0,6.99,6.57,5.63,0.63,0.42
2025-01-19 23:00:00,N018,0.0,10.34,8.29,8.07,3.07,2.05
2025-01-19 23:00:00,N019,0.0,9.72,8.77,6.42,1.42,0.95
2025-01-19 23:00:00,N020,0.0,9.3,7.34,7.94,2.94,1.96
2025-01-20 00:00:00,N001,0.0,9.46,7.49,7.96,2.96,1.97
2025-01-20 00:00:00,N002,0.0,11.12,9.89,6.84,1.84,1.23
2025-01-20 00:00:00,N003,0.0,9.72,8.47,6.88,1.88,1.25
2025-01-20 00:00:00,N004,0.0,10.39,8.32,8.1,3.1,2.07
2025-01-20 00:00:00,N005,0.0,11.75,8.01,10.61,5.61,3.74
2025-01-20 00:00:00,N006,0.0,9.12,6.43,9.04,4.04,2.69
2025-01-20 00:00:00,N007,0.0,7.24,6.33,6.36,1.36,0.91
2025-01-20 00:00:00,N008,0.0,9.17,7.84,7.0,2.0,1.33
2025-01-20 00:00:00,N009,0.0,9.12,6.58,8.81,3.81,2.54
2025-01-20 00:00:00,N010,0.0,7.64,6.52,6.68,1.68,1.12
2025-01-20 00:00:00,N011,0.0,8.1,6.11,7.98,2.98,1.99
2025-01-20 00:00:00,N012,0.0,8.38,6.15,8.34,3.34,2.23
2025-01-20 00:00:00,N013,0.0,8.54,7.96,5.87,0.87,0.58
2025-01-20 00:00:00,N014,0.0,13.33,10.26,9.6,4.6,3.07
2025-01-20 00:00:00,N015,0.0,7.26,5.38,7.82,2.82,1.88
2025-01-20 00:00:00,N016,0.0,8.76,7.71,6.58,1.58,1.05
2025-01-20 00:00:00,N017,0.0,9.08,6.63,8.68,3.68,2.45
2025-01-20 00:00:00,N018,0.0,13.87,10.39,10.22,5.22,3.48
2025-01-20 00:00:00,N019,0.0,8.6,6.27,8.5,3.5,2.33
2025-01-20 00:00:00,N020,0.0,9.99,7.67,8.48,3.48,2.32
2025-01-20 01:00:00,N001,0.0,9.42,6.31,9.67,4.67,3.11
2025-01-20 01:00:00,N002,0.0,9.2,6.18,9.53,4.53,3.02
2025-01-20 01:00:00,N003,0.0,8.29,5.7,8.88,3.88,2.59
2025-01-20 01:00:00,N004,0.0,13.05,9.39,10.49,5.49,3.66
2025-01-20 01:00:00,N005,0.0,10.05,6.85,9.8,4.8,3.2
2025-01-20 01:00:00,N006,0.0,9.8,6.76,9.56,4.56,3.04
2025-01-20 01:00:00,N007,0.0,14.11,13.31,6.2,1.2,0.8
2025-01-20 01:00:00,N008,0.0,8.25,7.28,6.46,1.46,0.97
2025-01-20 01:00:00,N009,0.0,10.41,7.69,9.08,4.08,2.72
2025-01-20 01:00:00,N010,0.0,9.92,7.86,8.09,3.09,2.06
2025-01-20 01:00:00,N011,0.0,8.81,7.17,7.46,2.46,1.64
2025-01-20 01:00:00,N012,0.0,12.21,10.82,7.08,2.08,1.39
2025-01-20 01:00:00,N013,0.0,10.41,7.64,9.16,4.16,2.77
2025-01-20 01:00:00,N014,0.0,9.4,8.65,6.12,1.12,0.75
2025-01-20 01:00:00,N015,0.0,13.69,9.96,10.59,5.59,3.73
2025-01-20 01:00:00,N016,0.0,11.94,9.26,9.02,4.02,2.68
2025-01-20 01:00:00,N017,0.0,9.03,6.49,8.81,3.81,2.54
2025-01-20 01:00:00,N018,0.0,7.9,5.56,8.51,3.51,2.34
2025-01-20 01:00:00,N019,0.0,11.71,8.82,9.33,4.33,2.89
2025-01-20 01:00:00,N020,0.0,13.59,9.36,11.35,6.35,4.23
2025-01-20 02:00:00,N001,0.0,6.69,5.0,7.54,2.54,1.69
2025-01-20 02:00:00,N002,0.0,11.05,10.14,6.36,1.36,0.91
2025-01-20 02:00:00,N003,0.0,8.53,7.9,5.95,0.95,0.63
2025-01-20 02:00:00,N004,0.0,11.1,10.35,6.12,1.12,0.75
2025-01-20 02:00:00,N005,0.0,11.06,9.38,7.52,2.52,1.68
2025-01-20 02:00:00,N006,0.0,9.75,7.51,8.36,3.36,2.24
2025-01-20 02:00:00,N007,0.0,9.2,7.57,7.44,2.44,1.63
2025-01-20 02:00:00,N008,0.0,7.53,6.76,6.16,1.16,0.77
2025-01-20 02:00:00,N009,0.0,9.92,7.4,8.78,3.78,2.52
2025-01-20 02:00:00,N010,0.0,11.48,10.25,6.84,1.84,1.23
2025-01-20 02:00:00,N011,0.0,11.78,10.88,6.35,1.35,0.9
2025-01-20 02:00:00,N012,0.0,12.21,10.24,7.96,2.96,1.97
2025-01-20 02:00:00,N013,0.0,10.05,6.68,10.05,5.05,3.37
2025-01-20 02:00:00,N014,0.0,9.6,8.69,6.36,1.36,0.91
2025-01-20 02:00:00,N015,0.0,9.66,8.72,6.41,1.41,0.94
2025-01-20 02:00:00,N016,0.0,9.52,9.04,5.72,0.72,0.48
2025-01-20 02:00:00,N017,0.0,7.53,6.43,6.65,1.65,1.1
2025-01-20 02:00:00,N018,0.0,6.85,5.74,6.67,1.67,1.11
2025-01-20 02:00:00,N019,0.0,8.92,7.78,6.71,1.71,1.14
2025-01-20 02:00:00,N020,0.0,7.34,6.11,6.84,1.84,1.23
2025-01-20 03:00:00,N001,0.0,8.51,6.2,8.46,3.46,2.31
2025-01-20 03:00:00,N002,0.0,10.47,9.25,6.83,1.83,1.22
2025-01-20 03:00:00,N003,0.0,7.02,5.53,7.23,2.23,1.49
2025-01-20 03:00:00,N004,0.0,8.79,6.29,8.75,3.75,2.5
2025-01-20 03:00:00,N005,0.0,13.33,10.29,9.56,4.56,3.04
2025-01-20 03:00:00,N006,0.0,11.46,8.49,9.46,4.46,2.97
2025-01-20 03:00:00,N007,0.0,11.86,10.27,7.39,2.39,1.59
2025-01-20 03:00:00,N008,0.0,9.7,8.69,6.52,1.52,1.01
2025-01-20 03:00:00,N009,0.0,7.47,5.83,7.46,2.46,1.64
2025-01-20 03:00:00,N010,0.0,11.96,10.21,7.62,2.62,1.75
2025-01-20 03:00:00,N011,0.0,9.71,8.56,6.72,1.72,1.15
2025-01-20 03:00:00,N012,0.0,13.14,9.23,10.87,5.87,3.91
2025-01-20 03:00:00,N013,0.0,8.52,7.15,7.06,2.06,1.37
2025-01-20 03:00:00,N014,0.0,10.47,7.87,8.9,3.9,2.6
2025-01-20 03:00:00,N015,0.0,8.32,6.23,8.13,3.13,2.09
2025-01-20 03:00:00,N016,0.0,9.86,8.29,7.35,2.35,1.57
2025-01-20 03:00:00,N017,0.0,10.97,10.14,6.24,1.24,0.83
2025-01-20 03:00:00,N018,0.0,8.78,8.3,5.72,0.72,0.48
2025-01-20 03:00:00,N019,0.0,10.81,9.39,7.13,2.13,1.42
2025-01-20 03:00:00,N020,0.0,10.13,6.75,10.07,5.07,3.38
2025-01-20 04:00:00,N001,0.0,12.66,8.47,11.29,6.29,4.19
2025-01-20 04:00:00,N002,0.0,10.69,7.14,10.32,5.32,3.55
2025-01-20 04:00:00,N003,0.0,9.16,8.64,5.78,0.78,0.52
2025-01-20 04:00:00,N004,0.0,8.65,5.99,8.99,3.99,2.66
2025-01-20 04:00:00,N005,0.0,12.13,9.05,9.62,4.62,3.08
2025-01-20 04:00:00,N006,0.0,9.17,6.68,8.74,3.74,2.49
2025-01-20 04:00:00,N007,0.0,6.65,6.17,5.72,0.72,0.48
2025-01-20 04:00:00,N008,0.0,8.02,6.27,7.62,2.62,1.75
2025-01-20 04:00:00,N009,0.0,7.85,6.51,7.01,2.01,1.34
2025-01-20 04:00:00,N010,0.0,10.02,7.12,9.35,4.35,2.9
2025-01-20 04:00:00,N011,0.0,11.56,9.83,7.59,2.59,1.73
2025-01-20 04:00:00,N012,0.0,12.19,11.28,6.36,1.36,0.91
2025-01-20 04:00:00,N013,0.0,10.72,7.57,9.72,4.72,3.15
2025-01-20 04:00:00,N014,0.0,11.7,7.78,10.88,5.88,3.92
2025-01-20 04:00:00,N015,0.0,8.39,6.45,7.91,2.91,1.94
2025-01-20 04:00:00,N016,0.0,11.55,8.09,10.19,5.19,3.46
2025-01-20 04:00:00,N017,0.0,8.86,6.15,9.06,4.06,2.71
2025-01-20 04:00:00,N018,0.0,10.49,8.06,8.65,3.65,2.43
2025-01-20 04:00:00,N019,0.0,7.35,4.94,8.62,3.62,2.41
2025-01-20 04:00:00,N020,0.0,7.65,6.85,6.2,1.2,0.8
2025-01-20 05:00:00,N001,0.0,8.48,5.98,8.75,3.75,2.5
2025-01-20 05:00:00,N002,0.0,12.12,8.04,11.12,6.12,4.08
2025-01-20 05:00:00,N003,0.0,9.67,7.08,8.88,3.88,2.59
2025-01-20 05:00:00,N004,0.0,10.75,9.9,6.27,1.27,0.85
2025-01-20 05:00:00,N005,0.0,9.99,9.34,5.98,0.98,0.65
2025-01-20 05:00:00,N006,0.0,11.63,9.02,8.92,3.92,2.61
2025-01-20 05:00:00,N007,0.0,8.05,5.41,8.96,3.96,2.64
2025-01-20 05:00:00,N008,0.0,12.14,8.34,10.7,5.7,3.8
2025-01-20 05:00:00,N009,0.0,7.95,5.63,8.48,3.48,2.32
2025-01-20 05:00:00,N010,0.0,8.25,7.33,6.38,1.38,0.92
2025-01-20 05:00:00,N011,0.0,6.82,5.38,7.16,2.16,1.44
2025-01-20 05:00:00,N012,0.0,9.99,8.09,7.85,2.85,1.9
2025-01-20 05:00:00,N013,0.0,11.02,9.97,6.58,1.58,1.05
2025-01-20 05:00:00,N014,0.0,10.16,7.55,8.92,3.92,2.61
2025-01-20 05:00:00,N015,0.0,5.56,4.17,7.08,2.08,1.39
2025-01-20 05:00:00,N016,0.0,9.87,8.25,7.43,2.43,1.62
2025-01-20 05:00:00,N017,0.0,7.15,6.36,6.19,1.19,0.79
2025-01-20 05:00:00,N018,0.0,14.76,10.1,11.99,6.99,4.66
2025-01-20 05:00:00,N019,0.0,7.28,5.51,7.66,2.66,1.77
2025-01-20 05:00:00,N020,0.0,13.3,11.1,8.3,3.3,2.2
2025-01-20 06:00:00,N001,0.0,7.71,7.06,5.98,0.98,0.65
2025-01-20 06:00:00,N002,0.0,8.98,8.03,6.42,1.42,0.95
2025-01-20 06:00:00,N003,0.0,13.62,12.01,7.42,2.42,1.61
2025-01-20 06:00:00,N004,0.0,10.36,8.07,8.44,3.44,2.29
2025-01-20 06:00:00,N005,0.0,10.47,6.93,10.31,5.31,3.54
2025-01-20 06:00:00,N006,0.0,11.58,10.47,6.67,1.67,1.11
2025-01-20 06:00:00,N007,0.0,11.0,8.1,9.35,4.35,2.9
2025-01-20 06:00:00,N008,0.0,7.98,6.55,7.15,2.15,1.43
2025-01-20 06:00:00,N009,0.0,8.86,6.03,9.25,4.25,2.83
2025-01-20 06:00:00,N010,0.0,10.05,7.27,9.17,4.17,2.78
2025-01-20 06:00:00,N011,0.0,10.95,7.35,10.4,5.4,3.6
2025-01-20 06:00:00,N012,0.0,13.16,9.83,10.0,5.0,3.33
2025-01-20 06:00:00,N013,0.0,10.93,7.26,10.5,5.5,3.67
2025-01-20 06:00:00,N014,0.0,11.56,9.39,8.25,3.25,2.17
2025-01-20 06:00:00,N015,0.0,10.06,6.7,10.04,5.04,3.36
2025-01-20 06:00:00,N016,0.0,12.62,9.24,10.07,5.07,3.38
2025-01-20 06:00:00,N017,0.0,9.76,9.15,5.92,0.92,0.61
2025-01-20 06:00:00,N018,0.0,10.72,9.8,6.38,1.38,0.92
2025-01-20 06:00:00,N019,0.0,9.37,7.89,7.22,2.22,1.48
2025-01-20 06:00:00,N020,0.0,11.17,7.59,10.37,5.37,3.58
2025-01-20 07:00:00,N001,0.0,11.32,9.43,7.83,2.83,1.89
2025-01-20 07:00:00,N002,0.0,13.73,10.74,9.49,4.49,2.99
2025-01-20 07:00:00,N003,0.0,11.21,8.79,8.63,3.63,2.42
2025-01-20 07:00:00,N004,0.0,9.9,7.72,8.27,3.27,2.18
2025-01-20 07:00:00,N005,0.0,8.02,6.04,7.97,2.97,1.98
2025-01-20 07:00:00,N006,0.0,7.98,6.4,7.37,2.37,1.58
2025-01-20 07:00:00,N007,0.0,8.78,8.09,6.03,1.03,0.69
2025-01-20 07:00:00,N008,0.0,7.25,6.84,5.61,0.61,0.41
2025-01-20 07:00:00,N009,0.0,12.01,8.08,10.9,5.9,3.93
2025-01-20 07:00:00,N010,0.0,9.09,7.56,7.29,2.29,1.53
2025-01-20 07:00:00,N011,0.0,8.89,6.44,8.68,3.68,2.45
2025-01-20 07:00:00,N012,0.0,6.3,5.69,5.92,0.92,0.61
2025-01-20 07:00:00,N013,0.0,12.6,9.7,9.35,4.35,2.9
2025-01-20 07:00:00,N014,0.0,9.94,9.19,6.12,1.12,0.75
2025-01-20 07:00:00,N015,0.0,12.44,9.78,8.99,3.99,2.66
2025-01-20 07:00:00,N016,0.0,9.25,6.5,9.12,4.12,2.75
2025-01-20 07:00:00,N017,0.0,8.6,6.55,8.07,3.07,2.05
2025-01-20 07:00:00,N018,0.0,7.89,7.49,5.6,0.6,0.4
2025-01-20 07:00:00,N019,0.0,7.21,6.42,6.19,1.19,0.79
2025-01-20 07:00:00,N020,0.0,8.72,7.29,7.15,2.15,1.43
2025-01-20 08:00:00,N001,0.0,10.06,7.46,8.9,3.9,2.6
2025-01-20 08:00:00,N002,0.0,8.92,8.28,5.96,0.96,0.64
2025-01-20 08:00:00,N003,0.0,10.63,6.93,10.55,5.55,3.7
2025-01-20 08:00:00,N004,0.0,10.3,9.49,6.22,1.22,0.81
2025-01-20 08:00:00,N005,0.0,9.04,6.76,8.42,3.42,2.28
2025-01-20 08:00:00,N006,0.0,8.37,6.55,7.73,2.73,1.82
2025-01-20 08:00:00,N007,0.0,7.24,6.24,6.5,1.5,1.0
2025-01-20 08:00:00,N008,0.0,12.08,9.87,8.31,3.31,2.21
2025-01-20 08:00:00,N009,0.0,11.95,11.08,6.3,1.3,0.87
2025-01-20 08:00:00,N010,0.0,9.78,7.22,8.84,3.84,2.56
2025-01-20 08:00:00,N011,0.0,10.67,9.14,7.29,2.29,1.53
2025-01-20 08:00:00,N012,0.0,5.62,4.76,6.29,1.29,0.86
2025-01-20 08:00:00,N013,0.0,11.38,10.78,5.9,0.9,0.6
2025-01-20 08:00:00,N014,0.0,12.18,8.31,10.8,5.8,3.87
2025-01-20 08:00:00,N015,0.0,8.98,6.32,8.99,3.99,2.66
2025-01-20 08:00:00,N016,0.0,11.14,7.78,10.04,5.04,3.36
2025-01-20 08:00:00,N017,0.0,8.32,7.32,6.5,1.5,1.0
2025-01-20 08:00:00,N018,0.0,9.48,8.49,6.48,1.48,0.99
2025-01-20 08:00:00,N019,0.0,9.46,7.64,7.73,2.73,1.82
2025-01-20 08:00:00,N020,0.0,12.32,10.66,7.49,2.49,1.66
2025-01-20 09:00:00,N001,0.0,11.29,7.77,10.28,5.28,3.52
2025-01-20 09:00:00,N002,0.0,8.72,6.1,8.93,3.93,2.62
2025-01-20 09:00:00,N003,0.0,7.27,6.52,6.12,1.12,0.75
2025-01-20 09:00:00,N004,0.0,8.12,7.53,5.89,0.89,0.59
2025-01-20 09:00:00,N005,0.0,11.42,9.79,7.44,2.44,1.63
2025-01-20 09:00:00,N006,0.0,10.6,9.53,6.6,1.6,1.07
2025-01-20 09:00:00,N007,0.0,10.62,9.84,6.17,1.17,0.78
2025-01-20 09:00:00,N008,0.0,12.33,10.47,7.79,2.79,1.86
2025-01-20 09:00:00,N009,0.0,8.66,7.13,7.29,2.29,1.53
2025-01-20 09:00:00,N010,0.0,8.57,6.1,8.71,3.71,2.47
2025-01-20 09:00:00,N011,0.0,12.29,10.64,7.47,2.47,1.65
2025-01-20 09:00:00,N012,0.0,11.07,7.92,9.72,4.72,3.15
2025-01-20 09:00:00,N013,0.0,10.5,8.66,7.76,2.76,1.84
2025-01-20 09:00:00,N014,0.0,8.28,7.36,6.38,1.38,0.92
2025-01-20 09:00:00,N015,0.0,9.33,8.26,6.6,1.6,1.07
2025-01-20 09:00:00,N016,0.0,10.31,6.79,10.28,5.28,3.52
2025-01-20 09:00:00,N017,0.0,11.35,8.35,9.5,4.5,3.0
2025-01-20 09:00:00,N018,0.0,8.64,7.59,6.58,1.58,1.05
2025-01-20 09:00:00,N019,0.0,8.13,6.74,7.08,2.08,1.39
2025-01-20 09:00:00,N020,0.0,13.4,11.99,7.11,2.11,1.41
2025-01-20 10:00:00,N001,0.0,6.46,5.21,6.88,1.88,1.25
2025-01-20 10:00:00,N002,0.0,8.95,7.79,6.74,1.74,1.16
2025-01-20 10:00:00,N003,0.0,7.63,6.11,7.28,2.28,1.52
2025-01-20 10:00:00,N004,0.0,10.54,9.23,6.97,1.97,1.31
2025-01-20 10:00:00,N005,0.0,9.42,8.72,6.05,1.05,0.7
2025-01-20 10:00:00,N006,0.0,9.6,7.16,8.66,3.66,2.44
2025-01-20 10:00:00,N007,0.0,8.37,7.43,6.41,1.41,0.94
2025-01-20 10:00:00,N008,0.0,9.22,7.38,7.76,2.76,1.84
2025-01-20 10:00:00,N009,0.0,11.01,7.39,10.43,5.43,3.62
2025-01-20 10:00:00,N010,0.0,8.16,7.33,6.24,1.24,0.83
2025-01-20 10:00:00,N011,0.0,15.17,12.94,8.34,3.34,2.23
2025-01-20 10:00:00,N012,0.0,7.65,5.25,8.6,3.6,2.4
2025-01-20 10:00:00,N013,0.0,10.99,8.94,8.07,3.07,2.05
2025-01-20 10:00:00,N014,0.0,8.7,6.54,8.24,3.24,2.16
2025-01-20 10:00:00,N015,0.0,9.26,6.94,8.48,3.48,2.32
2025-01-20 10:00:00,N016,0.0,13.19,11.63,7.34,2.34,1.56
2025-01-20 10:00:00,N017,0.0,8.94,6.64,8.45,3.45,2.3
2025-01-20 10:00:00,N018,0.0,10.83,9.04,7.69,2.69,1.79
2025-01-20 10:00:00,N019,0.0,9.17,6.1,9.6,4.6,3.07
2025-01-20 10:00:00,N020,0.0,6.58,4.96,7.43,2.43,1.62
2025-01-20 11:00:00,N001,0.0,11.31,7.36,10.93,5.93,3.95
2025-01-20 11:00:00,N002,0.0,10.13,7.99,8.21,3.21,2.14
2025-01-20 11:00:00,N003,0.0,11.31,8.55,9.14,4.14,2.76
2025-01-20 11:00:00,N004,0.0,13.36,10.19,9.75,4.75,3.17
2025-01-20 11:00:00,N005,0.0,7.74,6.37,7.06,2.06,1.37
2025-01-20 11:00:00,N006,0.0,10.76,8.61,8.22,3.22,2.15
2025-01-20 11:00:00,N007,0.0,9.52,6.79,9.09,4.09,2.73
2025-01-20 11:00:00,N008,0.0,7.23,6.09,6.71,1.71,1.14
2025-01-20 11:00:00,N009,0.0,9.29,7.09,8.3,3.3,2.2
2025-01-20 11:00:00,N010,0.0,11.58,10.69,6.33,1.33,0.89
2025-01-20 11:00:00,N011,0.0,10.42,9.14,6.92,1.92,1.28
2025-01-20 11:00:00,N012,0.0,9.96,7.96,8.0,3.0,2.0
2025-01-20 11:00:00,N013,0.0,11.69,9.07,8.93,3.93,2.62
2025-01-20 11:00:00,N014,0.0,11.42,7.78,10.46,5.46,3.64
2025-01-20 11:00:00,N015,0.0,12.7,9.9,9.2,4.2,2.8
2025-01-20 11:00:00,N016,0.0,9.5,6.27,9.84,4.84,3.23
2025-01-20 11:00:00,N017,0.0,13.03,11.27,7.64,2.64,1.76
2025-01-20 11:00:00,N018,0.0,11.14,7.44,10.55,5.55,3.7
2025-01-20 11:00:00,N019,0.0,12.98,8.48,11.75,6.75,4.5
2025-01-20 11:00:00,N020,0.0,10.36,8.95,7.11,2.11,1.41
2025-01-20 12:00:00,N001,0.0,11.29,10.62,6.01,1.01,0.67
2025-01-20 12:00:00,N002,0.0,9.74,7.74,8.0,3.0,2.0
2025-01-20 12:00:00,N003,0.0,11.55,10.24,6.97,1.97,1.31
2025-01-20 12:00:00,N004,0.0,12.34,8.89,10.18,5.18,3.45
2025-01-20 12:00:00,N005,0.0,11.56,9.23,8.5,3.5,2.33
2025-01-20 12:00:00,N006,0.0,8.85,7.95,6.35,1.35,0.9
2025-01-20 12:00:00,N007,0.0,9.41,8.7,6.06,1.06,0.71
2025-01-20 12:00:00,N008,0.0,9.75,7.41,8.51,3.51,2.34
2025-01-20 12:00:00,N009,0.0,10.36,8.8,7.34,2.34,1.56
2025-01-20 12:00:00,N010,0.0,8.85,6.08,9.16,4.16,2.77
2025-01-20 12:00:00,N011,0.0,9.51,8.51,6.5,1.5,1.0
2025-01-20 12:00:00,N012,0.0,10.9,9.24,7.49,2.49,1.66
2025-01-20 12:00:00,N013,0.0,7.01,4.96,8.07,3.07,2.05
2025-01-20 12:00:00,N014,0.0,12.06,8.39,10.5,5.5,3.67
2025-01-20 12:00:00,N015,0.0,9.74,7.83,7.86,2.86,1.91
2025-01-20 12:00:00,N016,0.0,10.32,7.72,8.9,3.9,2.6
2025-01-20 12:00:00,N017,0.0,9.69,8.15,7.31,2.31,1.54
2025-01-20 12:00:00,N018,0.0,12.1,10.13,7.96,2.96,1.97
2025-01-20 12:00:00,N019,0.0,11.86,8.25,10.42,5.42,3.61
2025-01-20 12:00:00,N020,0.0,10.24,7.56,9.02,4.02,2.68
2025-01-20 13:00:00,N001,0.0,12.01,8.59,10.13,5.13,3.42
2025-01-20 13:00:00,N002,0.0,13.21,10.29,9.38,4.38,2.92
2025-01-20 13:00:00,N003,0.0,10.3,7.6,9.05,4.05,2.7
2025-01-20 13:00:00,N004,0.0,8.33,5.93,8.6,3.6,2.4
2025-01-20 13:00:00,N005,0.0,7.35,5.05,8.45,3.45,2.3
2025-01-20 13:00:00,N006,0.0,9.21,6.23,9.47,4.47,2.98
2025-01-20 13:00:00,N007,0.0,11.19,7.87,9.98,4.98,3.32
2025-01-20 13:00:00,N008,0.0,10.52,7.61,9.37,4.37,2.91
2025-01-20 13:00:00,N009,0.0,11.41,8.73,9.02,4.02,2.68
2025-01-20 13:00:00,N010,0.0,6.48,5.39,6.64,1.64,1.09
2025-01-20 13:00:00,N011,0.0,10.02,7.62,8.6,3.6,2.4
2025-01-20 13:00:00,N012,0.0,10.69,7.18,10.26,5.26,3.51
2025-01-20 13:00:00,N013,0.0,9.82,9.25,5.85,0.85,0.57
2025-01-20 13:00:00,N014,0.0,11.03,9.29,7.61,2.61,1.74
2025-01-20 13:00:00,N015,0.0,7.84,6.33,7.27,2.27,1.51
2025-01-20 13:00:00,N016,0.0,6.82,4.99,7.75,2.75,1.83
2025-01-20 13:00:00,N017,0.0,10.38,9.72,5.99,0.99,0.66
2025-01-20 13:00:00,N018,0.0,8.86,6.29,8.85,3.85,2.57
2025-01-20 13:00:00,N019,0.0,10.42,8.16,8.39,3.39,2.26
2025-01-20 13:00:00,N020,0.0,7.57,5.06,8.76,3.76,2.51
2025-01-20 14:00:00,N001,0.0,7.56,6.68,6.32,1.32,0.88
2025-01-20 14:00:00,N002,0.0,11.06,8.49,8.85,3.85,2.57
2025-01-20 14:00:00,N003,0.0,7.12,6.28,6.26,1.26,0.84
2025-01-20 14:00:00,N004,0.0,10.75,7.78,9.46,4.46,2.97
2025-01-20 14:00:00,N005,0.0,8.63,7.03,7.4,2.4,1.6
2025-01-20 14:00:00,N006,0.0,10.55,7.11,10.16,5.16,3.44
2025-01-20 14:00:00,N007,0.0,9.97,8.47,7.25,2.25,1.5
2025-01-20 14:00:00,N008,0.0,13.53,10.04,10.24,5.24,3.49
2025-01-20 14:00:00,N009,0.0,11.28,10.09,6.78,1.78,1.19
2025-01-20 14:00:00,N010,0.0,7.0,5.03,7.96,2.96,1.97
2025-01-20 14:00:00,N011,0.0,11.08,7.57,10.26,5.26,3.51
2025-01-20 14:00:00,N012,0.0,10.3,7.03,9.91,4.91,3.27
2025-01-20 14:00:00,N013,0.0,9.78,8.03,7.62,2.62,1.75
2025-01-20 14:00:00,N014,0.0,9.34,8.63,6.06,1.06,0.71
2025-01-20 14:00:00,N015,0.0,8.29,5.4,9.33,4.33,2.89
2025-01-20 14:00:00,N016,0.0,9.9,6.53,10.05,5.05,3.37
2025-01-20 14:00:00,N017,0.0,7.21,5.75,7.19,2.19,1.46
2025-01-20 14:00:00,N018,0.0,8.81,7.51,6.95,1.95,1.3
2025-01-20 14:00:00,N019,0.0,7.1,5.77,7.0,2.0,1.33
2025-01-20 14:00:00,N020,0.0,7.84,6.76,6.62,1.62,1.08
2025-01-20 15:00:00,N001,0.0,9.3,8.17,6.69,1.69,1.13
2025-01-20 15:00:00,N002,0.0,11.21,7.43,10.67,5.67,3.78
2025-01-20 15:00:00,N003,0.0,7.28,6.88,5.6,0.6,0.4
2025-01-20 15:00:00,N004,0.0,11.24,10.35,6.33,1.33,0.89
2025-01-20 15:00:00,N005,0.0,10.88,7.33,10.32,5.32,3.55
2025-01-20 15:00:00,N006,0.0,9.11,8.36,6.12,1.12,0.75
2025-01-20 15:00:00,N007,0.0,11.02,9.66,7.04,2.04,1.36
2025-01-20 15:00:00,N008,0.0,8.48,5.58,9.35,4.35,2.9
2025-01-20 15:00:00,N009,0.0,9.76,7.35,8.62,3.62,2.41
2025-01-20 15:00:00,N010,0.0,7.36,4.81,8.82,3.82,2.55
2025-01-20 15:00:00,N011,0.0,11.53,10.62,6.36,1.36,0.91
2025-01-20 15:00:00,N012,0.0,13.12,9.56,10.34,5.34,3.56
2025-01-20 15:00:00,N013,0.0,11.94,8.58,10.04,5.04,3.36
2025-01-20 15:00:00,N014,0.0,11.9,10.11,7.69,2.69,1.79
2025-01-20 15:00:00,N015,0.0,11.08,8.49,8.88,3.88,2.59
2025-01-20 15:00:00,N016,0.0,7.9,7.38,5.78,0.78,0.52
2025-01-20 15:00:00,N017,0.0,15.73,13.31,8.63,3.63,2.42
2025-01-20 15:00:00,N018,0.0,10.76,7.34,10.13,5.13,3.42
2025-01-20 15:00:00,N019,0.0,9.12,8.27,6.27,1.27,0.85
2025-01-20 15:00:00,N020,0.0,11.86,9.16,9.05,4.05,2.7
2025-01-20 16:00:00,N001,0.0,9.0,6.15,9.28,4.28,2.85
2025-01-20 16:00:00,N002,0.0,10.57,7.75,9.23,4.23,2.82
2025-01-20 16:00:00,N003,0.0,8.05,6.21,7.76,2.76,1.84
2025-01-20 16:00:00,N004,0.0,10.39,6.75,10.46,5.46,3.64
2025-01-20 16:00:00,N005,0.0,9.67,6.89,9.17,4.17,2.78
2025-01-20 16:00:00,N006,0.0,13.07,10.6,8.71,3.71,2.47
2025-01-20 16:00:00,N007,0.0,9.01,6.04,9.46,4.46,2.97
2025-01-20 16:00:00,N008,0.0,8.74,6.26,8.72,3.72,2.48
2025-01-20 16:00:00,N009,0.0,7.67,5.29,8.57,3.57,2.38
2025-01-20 16:00:00,N010,0.0,12.28,9.24,9.56,4.56,3.04
2025-01-20 16:00:00,N011,0.0,12.32,9.03,9.94,4.94,3.29
2025-01-20 16:00:00,N012,0.0,11.69,8.48,9.81,4.81,3.21
2025-01-20 16:00:00,N013,0.0,10.41,9.78,5.95,0.95,0.63
2025-01-20 16:00:00,N014,0.0,10.62,7.95,9.0,4.0,2.67
2025-01-20 16:00:00,N015,0.0,10.2,9.28,6.38,1.38,0.92
2025-01-20 16:00:00,N016,0.0,8.19,6.29,7.85,2.85,1.9
2025-01-20 16:00:00,N017,0.0,12.46,9.88,8.87,3.87,2.58
2025-01-20 16:00:00,N018,0.0,11.41,10.42,6.48,1.48,0.99
2025-01-20 16:00:00,N019,0.0,9.25,8.53,6.08,1.08,0.72
2025-01-20 16:00:00,N020,0.0,12.25,10.84,7.11,2.11,1.41
2025-01-20 17:00:00,N001,0.0,11.36,10.43,6.4,1.4,0.93
2025-01-20 17:00:00,N002,0.0,8.29,7.04,6.88,1.88,1.25
2025-01-20 17:00:00,N003,0.0,12.67,8.46,11.31,6.31,4.21
2025-01-20 17:00:00,N004,0.0,11.06,8.46,8.9,3.9,2.6
2025-01-20 17:00:00,N005,0.0,13.25,11.67,7.37,2.37,1.58
2025-01-20 17:00:00,N006,0.0,11.39,9.65,7.61,2.61,1.74
2025-01-20 17:00:00,N007,0.0,9.99,8.88,6.67,1.67,1.11
2025-01-20 17:00:00,N008,0.0,10.14,7.98,8.24,3.24,2.16
2025-01-20 17:00:00,N009,0.0,9.65,8.88,6.16,1.16,0.77
2025-01-20 17:00:00,N010,0.0,5.81,4.23,7.37,2.37,1.58
2025-01-20 17:00:00,N011,0.0,8.86,7.94,6.38,1.38,0.92
2025-01-20 17:00:00,N012,0.0,11.64,10.3,7.01,2.01,1.34
2025-01-20 17:00:00,N013,0.0,5.01,3.71,6.95,1.95,1.3
2025-01-20 17:00:00,N014,0.0,10.02,7.52,8.75,3.75,2.5
2025-01-20 17:00:00,N015,0.0,11.1,9.98,6.68,1.68,1.12
2025-01-20 17:00:00,N016,0.0,7.76,6.68,6.62,1.62,1.08
2025-01-20 17:00:00,N017,0.0,9.28,8.29,6.48,1.48,0.99
2025-01-20 17:00:00,N018,0.0,10.3,7.79,8.76,3.76,2.51
2025-01-20 17:00:00,N019,0.0,9.33,6.8,8.79,3.79,2.53
2025-01-20 17:00:00,N020,0.0,9.22,6.41,9.21,4.21,2.81
2025-01-20 18:00:00,N001,0.0,12.33,10.92,7.11,2.11,1.41
2025-01-20 18:00:00,N002,0.0,11.82,10.14,7.52,2.52,1.68
2025-01-20 18:00:00,N003,0.0,9.45,6.49,9.44,4.44,2.96
2025-01-20 18:00:00,N004,0.0,9.64,7.23,8.62,3.62,2.41
2025-01-20 18:00:00,N005,0.0,11.71,11.03,6.02,1.02,0.68
2025-01-20 18:00:00,N006,0.0,9.64,8.82,6.23,1.23,0.82
2025-01-20 18:00:00,N007,0.0,10.11,7.9,8.31,3.31,2.21
2025-01-20 18:00:00,N008,0.0,10.19,9.47,6.08,1.08,0.72
2025-01-20 18:00:00,N009,0.0,9.11,7.49,7.43,2.43,1.62
2025-01-20 18:00:00,N010,0.0,9.76,6.57,9.79,4.79,3.19
2025-01-20 18:00:00,N011,0.0,7.25,4.95,8.45,3.45,2.3
2025-01-20 18:00:00,N012,0.0,11.32,7.66,10.49,5.49,3.66
2025-01-20 18:00:00,N013,0.0,12.25,9.57,9.02,4.02,2.68
2025-01-20 18:00:00,N014,0.0,7.03,6.37,5.99,0.99,0.66
2025-01-20 18:00:00,N015,0.0,9.74,9.0,6.11,1.11,0.74
2025-01-20 18:00:00,N016,0.0,9.18,8.43,6.12,1.12,0.75
2025-01-20 18:00:00,N017,0.0,10.46,9.66,6.2,1.2,0.8
2025-01-20 18:00:00,N018,0.0,10.32,8.67,7.47,2.47,1.65
2025-01-20 18:00:00,N019,0.0,6.55,4.96,7.39,2.39,1.59
2025-01-20 18:00:00,N020,0.0,6.38,5.36,6.53,1.53,1.02
2025-01-20 19:00:00,N001,0.0,7.89,6.69,6.8,1.8,1.2
2025-01-20 19:00:00,N002,0.0,11.49,10.06,7.15,2.15,1.43
2025-01-20 19:00:00,N003,0.0,15.17,11.45,10.58,5.58,3.72
2025-01-20 19:00:00,N004,0.0,12.66,9.31,10.03,5.03,3.35
2025-01-20 19:00:00,N005,0.0,12.13,9.89,8.36,3.36,2.24
2025-01-20 19:00:00,N006,0.0,7.66,7.19,5.7,0.7,0.47
2025-01-20 19:00:00,N007,0.0,13.87,13.13,6.11,1.11,0.74
2025-01-20 19:00:00,N008,0.0,6.91,6.22,6.03,1.03,0.69
2025-01-20 19:00:00,N009,0.0,12.74,9.81,9.4,4.4,2.93
2025-01-20 19:00:00,N010,0.0,6.59,5.42,6.75,1.75,1.17
2025-01-20 19:00:00,N011,0.0,7.3,6.88,5.63,0.63,0.42
2025-01-20 19:00:00,N012,0.0,10.41,8.27,8.21,3.21,2.14
2025-01-20 19:00:00,N013,0.0,10.29,8.38,7.86,2.86,1.91
2025-01-20 19:00:00,N014,0.0,11.61,10.22,7.08,2.08,1.39
2025-01-20 19:00:00,N015,0.0,9.82,7.62,8.3,3.3,2.2
2025-01-20 19:00:00,N016,0.0,10.61,9.42,6.78,1.78,1.19
2025-01-20 19:00:00,N017,0.0,8.77,6.19,8.87,3.87,2.58
2025-01-20 19:00:00,N018,0.0,10.33,7.88,8.68,3.68,2.45
2025-01-20 19:00:00,N019,0.0,8.6,7.66,6.41,1.41,0.94
2025-01-20 19:00:00,N020,0.0,10.39,9.57,6.23,1.23,0.82
2025-01-20 20:00:00,N001,0.0,11.47,9.02,8.68,3.68,2.45
2025-01-20 20:00:00,N002,0.0,10.26,9.24,6.53,1.53,1.02
2025-01-20 20:00:00,N003,0.0,10.96,9.51,7.17,2.17,1.45
2025-01-20 20:00:00,N004,0.0,9.26,8.15,6.67,1.67,1.11
2025-01-20 20:00:00,N005,0.0,11.96,8.76,9.8,4.8,3.2
2025-01-20 20:00:00,N006,0.0,8.79,7.73,6.59,1.59,1.06
2025-01-20 20:00:00,N007,0.0,12.38,8.19,11.29,6.29,4.19
2025-01-20 20:00:00,N008,0.0,13.18,12.16,6.53,1.53,1.02
2025-01-20 20:00:00,N009,0.0,11.03,10.47,5.84,0.84,0.56
2025-01-20 20:00:00,N010,0.0,9.83,8.68,6.72,1.72,1.15
2025-01-20 20:00:00,N011,0.0,11.62,9.93,7.54,2.54,1.69
2025-01-20 20:00:00,N012,0.0,9.59,8.05,7.31,2.31,1.54
2025-01-20 20:00:00,N013,0.0,9.81,6.45,10.04,5.04,3.36
2025-01-20 20:00:00,N014,0.0,10.23,9.67,5.84,0.84,0.56
2025-01-20 20:00:00,N015,0.0,8.42,5.55,9.3,4.3,2.87
2025-01-20 20:00:00,N016,0.0,9.42,6.89,8.79,3.79,2.53
2025-01-20 20:00:00,N017,0.0,9.25,6.06,9.79,4.79,3.19
2025-01-20 20:00:00,N018,0.0,9.96,8.15,7.71,2.71,1.81
2025-01-20 20:00:00,N019,0.0,11.36,8.33,9.54,4.54,3.03
2025-01-20 20:00:00,N020,0.0,7.53,6.39,6.71,1.71,1.14
2025-01-20 21:00:00,N001,0.0,9.81,8.53,6.92,1.92,1.28
2025-01-20 21:00:00,N002,0.0,9.27,8.76,5.77,0.77,0.51
2025-01-20 21:00:00,N003,0.0,7.97,5.61,8.54,3.54,2.36
2025-01-20 21:00:00,N004,0.0,12.95,10.34,8.92,3.92,2.61
2025-01-20 21:00:00,N005,0.0,11.54,9.56,7.97,2.97,1.98
2025-01-20 21:00:00,N006,0.0,11.82,9.1,9.08,4.08,2.72
2025-01-20 21:00:00,N007,0.0,8.93,8.42,5.77,0.77,0.51
2025-01-20 21:00:00,N008,0.0,12.82,8.89,10.9,5.9,3.93
2025-01-20 21:00:00,N009,0.0,12.39,10.98,7.11,2.11,1.41
2025-01-20 21:00:00,N010,0.0,10.76,9.74,6.53,1.53,1.02
2025-01-20 21:00:00,N011,0.0,11.23,8.28,9.43,4.43,2.95
2025-01-20 21:00:00,N012,0.0,9.23,8.63,5.9,0.9,0.6
2025-01-20 21:00:00,N013,0.0,12.32,9.55,9.16,4.16,2.77
2025-01-20 21:00:00,N014,0.0,10.5,8.46,8.06,3.06,2.04
2025-01-20 21:00:00,N015,0.0,7.02,4.81,8.31,3.31,2.21
2025-01-20 21:00:00,N016,0.0,9.96,7.62,8.51,3.51,2.34
2025-01-20 21:00:00,N017,0.0,6.59,4.95,7.46,2.46,1.64
2025-01-20 21:00:00,N018,0.0,8.29,6.39,7.85,2.85,1.9
2025-01-20 21:00:00,N019,0.0,9.67,6.7,9.46,4.46,2.97
2025-01-20 21:00:00,N020,0.0,10.48,7.82,8.99,3.99,2.66
2025-01-20 22:00:00,N001,0.0,9.77,8.12,7.47,2.47,1.65
2025-01-20 22:00:00,N002,0.0,11.37,10.6,6.16,1.16,0.77
2025-01-20 22:00:00,N003,0.0,9.25,6.94,8.46,3.46,2.31
2025-01-20 22:00:00,N004,0.0,9.74,8.14,7.4,2.4,1.6
2025-01-20 22:00:00,N005,0.0,12.46,11.77,6.03,1.03,0.69
2025-01-20 22:00:00,N006,0.0,7.08,6.0,6.62,1.62,1.08
2025-01-20 22:00:00,N007,0.0,8.36,5.82,8.81,3.81,2.54
2025-01-20 22:00:00,N008,0.0,11.08,7.76,9.98,4.98,3.32
2025-01-20 22:00:00,N009,0.0,8.38,5.57,9.21,4.21,2.81
2025-01-20 22:00:00,N010,0.0,13.57,9.51,11.09,6.09,4.06
2025-01-20 22:00:00,N011,0.0,8.77,7.45,6.98,1.98,1.32
2025-01-20 22:00:00,N012,0.0,9.6,8.19,7.11,2.11,1.41
2025-01-20 22:00:00,N013,0.0,11.21,8.8,8.62,3.62,2.41
2025-01-20 22:00:00,N014,0.0,10.14,6.89,9.88,4.88,3.25
2025-01-20 22:00:00,N015,0.0,6.21,4.42,7.69,2.69,1.79
2025-01-20 22:00:00,N016,0.0,10.99,10.44,5.83,0.83,0.55
2025-01-20 22:00:00,N017,0.0,11.81,11.21,5.9,0.9,0.6
2025-01-20 22:00:00,N018,0.0,9.06,7.94,6.68,1.68,1.12
2025-01-20 22:00:00,N019,0.0,11.2,9.77,7.15,2.15,1.43
2025-01-20 22:00:00,N020,0.0,7.39,6.69,6.05,1.05,0.7
2025-01-20 23:00:00,N001,0.0,7.2,6.54,5.99,0.99,0.66
2025-01-20 23:00:00,N002,0.0,9.22,8.06,6.74,1.74,1.16
2025-01-20 23:00:00,N003,0.0,6.89,6.3,5.89,0.89,0.59
2025-01-20 23:00:00,N004,0.0,7.75,6.89,6.29,1.29,0.86
2025-01-20 23:00:00,N005,0.0,7.53,5.88,7.47,2.47,1.65
2025-01-20 23:00:00,N006,0.0,6.47,5.16,6.97,1.97,1.31
2025-01-20 23:00:00,N007,0.0,6.81,5.93,6.32,1.32,0.88
2025-01-20 23:00:00,N008,0.0,9.63,8.41,6.83,1.83,1.22
2025-01-20 23:00:00,N009,0.0,9.7,6.76,9.41,4.41,2.94
2025-01-20 23:00:00,N010,0.0,9.71,8.0,7.56,2.56,1.71
2025-01-20 23:00:00,N011,0.0,8.76,6.0,9.14,4.14,2.76
2025-01-20 23:00:00,N012,0.0,9.62,8.57,6.58,1.58,1.05
2025-01-20 23:00:00,N013,0.0,7.66,5.69,7.96,2.96,1.97
2025-01-20 23:00:00,N014,0.0,10.29,8.14,8.22,3.22,2.15
2025-01-20 23:00:00,N015,0.0,9.56,6.37,9.79,4.79,3.19
2025-01-20 23:00:00,N016,0.0,10.92,9.39,7.29,2.29,1.53
2025-01-20 23:00:00,N017,0.0,8.83,6.62,8.31,3.31,2.21
2025-01-20 23:00:00,N018,0.0,8.02,6.98,6.56,1.56,1.04
2025-01-20 23:00:00,N019,0.0,10.24,8.79,7.17,2.17,1.45
2025-01-20 23:00:00,N020,0.0,10.11,9.25,6.29,1.29,0.86
2025-01-21 00:00:00,N001,0.0,7.9,5.68,8.33,3.33,2.22
2025-01-21 00:00:00,N002,0.0,7.86,6.37,7.23,2.23,1.49
2025-01-21 00:00:00,N003,0.0,12.01,11.28,6.09,1.09,0.73
2025-01-21 00:00:00,N004,0.0,8.55,7.27,6.92,1.92,1.28
2025-01-21 00:00:00,N005,0.0,9.34,8.46,6.32,1.32,0.88
2025-01-21 00:00:00,N006,0.0,8.93,6.08,9.28,4.28,2.85
2025-01-21 00:00:00,N007,0.0,10.03,6.65,10.07,5.07,3.38
2025-01-21 00:00:00,N008,0.0,8.39,7.2,6.78,1.78,1.19
2025-01-21 00:00:00,N009,0.0,10.91,7.52,10.08,5.08,3.39
2025-01-21 00:00:00,N010,0.0,10.96,10.36,5.9,0.9,0.6
2025-01-21 00:00:00,N011,0.0,10.03,9.38,5.98,0.98,0.65
2025-01-21 00:00:00,N012,0.0,10.12,6.99,9.7,4.7,3.13
2025-01-21 00:00:00,N013,0.0,10.53,9.38,6.72,1.72,1.15
2025-01-21 00:00:00,N014,0.0,10.19,6.92,9.91,4.91,3.27
2025-01-21 00:00:00,N015,0.0,9.38,7.5,7.82,2.82,1.88
2025-01-21 00:00:00,N016,0.0,9.99,8.14,7.78,2.78,1.85
2025-01-21 00:00:00,N017,0.0,10.48,6.92,10.34,5.34,3.56
2025-01-21 00:00:00,N018,0.0,8.34,6.01,8.5,3.5,2.33
2025-01-21 00:00:00,N019,0.0,6.77,5.43,7.01,2.01,1.34
2025-01-21 00:00:00,N020,0.0,7.31,6.55,6.14,1.14,0.76
2025-01-21 01:00:00,N001,0.0,12.12,8.68,10.16,5.16,3.44
2025-01-21 01:00:00,N002,0.0,10.14,7.49,8.97,3.97,2.65
2025-01-21 01:00:00,N003,0.0,9.95,6.58,10.05,5.05,3.37
2025-01-21 01:00:00,N004,0.0,7.44,5.32,8.18,3.18,2.12
2025-01-21 01:00:00,N005,0.0,5.16,4.25,6.36,1.36,0.91
2025-01-21 01:00:00,N006,0.0,8.96,7.64,6.98,1.98,1.32
2025-01-21 01:00:00,N007,0.0,7.97,7.31,5.99,0.99,0.66
2025-01-21 01:00:00,N008,0.0,9.4,6.66,9.11,4.11,2.74
2025-01-21 01:00:00,N009,0.0,8.29,7.61,6.02,1.02,0.68
2025-01-21 01:00:00,N010,0.0,12.22,9.9,8.48,3.48,2.32
2025-01-21 01:00:00,N011,0.0,8.49,6.1,8.58,3.58,2.39
2025-01-21 01:00:00,N012,0.0,13.11,10.58,8.79,3.79,2.53
2025-01-21 01:00:00,N013,0.0,10.46,9.65,6.22,1.22,0.81
2025-01-21 01:00:00,N014,0.0,12.63,9.42,9.81,4.81,3.21
2025-01-21 01:00:00,N015,0.0,13.29,11.92,7.06,2.06,1.37
2025-01-21 01:00:00,N016,0.0,11.91,8.94,9.46,4.46,2.97
2025-01-21 01:00:00,N017,0.0,7.81,7.33,5.72,0.72,0.48
2025-01-21 01:00:00,N018,0.0,11.61,10.85,6.14,1.14,0.76
2025-01-21 01:00:00,N019,0.0,11.92,8.26,10.49,5.49,3.66
2025-01-21 01:00:00,N020,0.0,11.91,8.64,9.91,4.91,3.27
2025-01-21 02:00:00,N001,0.0,11.21,7.36,10.78,5.78,3.85
2025-01-21 02:00:00,N002,0.0,7.37,6.58,6.19,1.19,0.79
2025-01-21 02:00:00,N003,0.0,7.66,5.56,8.15,3.15,2.1
2025-01-21 02:00:00,N004,0.0,9.89,9.27,5.93,0.93,0.62
2025-01-21 02:00:00,N005,0.0,9.12,8.1,6.53,1.53,1.02
2025-01-21 02:00:00,N006,0.0,9.73,7.52,8.31,3.31,2.21
2025-01-21 02:00:00,N007,0.0,9.27,7.51,7.64,2.64,1.76
2025-01-21 02:00:00,N008,0.0,11.86,9.98,7.82,2.82,1.88
2025-01-21 02:00:00,N009,0.0,9.18,6.28,9.35,4.35,2.9
2025-01-21 02:00:00,N010,0.0,9.95,8.2,7.62,2.62,1.75
2025-01-21 02:00:00,N011,0.0,8.57,5.91,8.99,3.99,2.66
2025-01-21 02:00:00,N012,0.0,13.29,11.93,7.04,2.04,1.36
2025-01-21 02:00:00,N013,0.0,10.38,7.26,9.68,4.68,3.12
2025-01-21 02:00:00,N014,0.0,11.88,9.65,8.34,3.34,2.23
2025-01-21 02:00:00,N015,0.0,12.83,10.36,8.71,3.71,2.47
2025-01-21 02:00:00,N016,0.0,10.61,7.52,9.63,4.63,3.09
2025-01-21 02:00:00,N017,0.0,11.61,10.6,6.52,1.52,1.01
2025-01-21 02:00:00,N018,0.0,5.85,4.12,7.59,2.59,1.73
2025-01-21 02:00:00,N019,0.0,10.54,8.53,8.01,3.01,2.01
2025-01-21 02:00:00,N020,0.0,8.58,5.71,9.3,4.3,2.87
2025-01-21 03:00:00,N001,0.0,9.31,6.19,9.68,4.68,3.12
2025-01-21 03:00:00,N002,0.0,6.35,5.65,6.05,1.05,0.7
2025-01-21 03:00:00,N003,0.0,11.52,8.52,9.5,4.5,3.0
2025-01-21 03:00:00,N004,0.0,7.5,6.01,7.23,2.23,1.49
2025-01-21 03:00:00,N005,0.0,9.89,7.79,8.15,3.15,2.1
2025-01-21 03:00:00,N006,0.0,10.85,9.67,6.77,1.77,1.18
2025-01-21 03:00:00,N007,0.0,11.56,10.26,6.95,1.95,1.3
2025-01-21 03:00:00,N008,0.0,12.91,8.43,11.72,6.72,4.48
2025-01-21 03:00:00,N009,0.0,12.07,10.75,6.98,1.98,1.32
2025-01-21 03:00:00,N010,0.0,10.5,9.19,6.97,1.97,1.31
2025-01-21 03:00:00,N011,0.0,10.51,7.59,9.38,4.38,2.92
2025-01-21 03:00:00,N012,0.0,10.59,9.14,7.17,2.17,1.45
2025-01-21 03:00:00,N013,0.0,8.85,7.8,6.58,1.58,1.05
2025-01-21 03:00:00,N014,0.0,9.45,8.73,6.08,1.08,0.72
2025-01-21 03:00:00,N015,0.0,7.04,5.37,7.5,2.5,1.67
2025-01-21 03:00:00,N016,0.0,7.18,5.44,7.61,2.61,1.74
2025-01-21 03:00:00,N017,0.0,9.91,6.53,10.07,5.07,3.38
2025-01-21 03:00:00,N018,0.0,9.27,6.6,9.0,4.0,2.67
2025-01-21 03:00:00,N019,0.0,6.53,6.19,5.51,0.51,0.34
2025-01-21 03:00:00,N020,0.0,9.26,7.82,7.16,2.16,1.44
2025-01-21 04:00:00,N001,0.0,9.58,7.04,8.81,3.81,2.54
2025-01-21 04:00:00,N002,0.0,11.4,9.62,7.67,2.67,1.78
2025-01-21 04:00:00,N003,0.0,9.29,6.61,9.02,4.02,2.68
2025-01-21 04:00:00,N004,0.0,10.61,7.9,9.06,4.06,2.71
2025-01-21 04:00:00,N005,0.0,11.17,7.91,9.89,4.89,3.26
2025-01-21 04:00:00,N006,0.0,9.51,8.18,7.0,2.0,1.33
2025-01-21 04:00:00,N007,0.0,12.7,8.72,10.97,5.97,3.98
2025-01-21 04:00:00,N008,0.0,12.35,10.72,7.44,2.44,1.63
2025-01-21 04:00:00,N009,0.0,8.42,5.63,9.19,4.19,2.79
2025-01-21 04:00:00,N010,0.0,14.15,10.65,10.25,5.25,3.5
2025-01-21 04:00:00,N011,0.0,9.62,8.5,6.68,1.68,1.12
2025-01-21 04:00:00,N012,0.0,8.04,6.17,7.81,2.81,1.87
2025-01-21 04:00:00,N013,0.0,11.25,10.67,5.87,0.87,0.58
2025-01-21 04:00:00,N014,0.0,10.03,9.11,6.38,1.38,0.92
2025-01-21 04:00:00,N015,0.0,9.14,8.59,5.83,0.83,0.55
2025-01-21 04:00:00,N016,0.0,9.99,9.35,5.96,0.96,0.64
2025-01-21 04:00:00,N017,0.0,10.84,7.85,9.49,4.49,2.99
2025-01-21 04:00:00,N018,0.0,8.33,6.36,7.96,2.96,1.97
2025-01-21 04:00:00,N019,0.0,11.45,10.34,6.67,1.67,1.11
2025-01-21 04:00:00,N020,0.0,7.85,6.03,7.73,2.73,1.82
2025-01-21 05:00:00,N001,0.0,11.94,9.47,8.71,3.71,2.47
2025-01-21 05:00:00,N002,0.0,7.27,6.65,5.93,0.93,0.62
2025-01-21 05:00:00,N003,0.0,9.73,9.21,5.78,0.78,0.52
2025-01-21 05:00:00,N004,0.0,9.8,7.73,8.1,3.1,2.07
2025-01-21 05:00:00,N005,0.0,6.85,6.29,5.84,0.84,0.56
2025-01-21 05:00:00,N006,0.0,7.76,6.85,6.36,1.36,0.91
2025-01-21 05:00:00,N007,0.0,8.67,6.43,8.36,3.36,2.24
2025-01-21 05:00:00,N008,0.0,7.19,4.92,8.41,3.41,2.27
2025-01-21 05:00:00,N009,0.0,11.78,10.28,7.25,2.25,1.5
2025-01-21 05:00:00,N010,0.0,8.89,8.13,6.14,1.14,0.76
2025-01-21 05:00:00,N011,0.0,7.54,5.3,8.36,3.36,2.24
2025-01-21 05:00:00,N012,0.0,9.46,7.76,7.55,2.55,1.7
2025-01-21 05:00:00,N013,0.0,10.97,9.86,6.67,1.67,1.11
2025-01-21 05:00:00,N014,0.0,9.73,7.66,8.1,3.1,2.07
2025-01-21 05:00:00,N015,0.0,10.42,7.37,9.57,4.57,3.05
2025-01-21 05:00:00,N016,0.0,9.37,8.69,6.02,1.02,0.68
2025-01-21 05:00:00,N017,0.0,10.6,7.33,9.91,4.91,3.27
2025-01-21 05:00:00,N018,0.0,9.43,8.87,5.84,0.84,0.56
2025-01-21 05:00:00,N019,0.0,7.96,7.12,6.26,1.26,0.84
2025-01-21 05:00:00,N020,0.0,7.83,5.62,8.31,3.31,2.21
2025-01-21 06:00:00,N001,0.0,8.52,7.77,6.12,1.12,0.75
2025-01-21 06:00:00,N002,0.0,13.24,12.37,6.3,1.3,0.87
2025-01-21 06:00:00,N003,0.0,10.86,7.56,9.95,4.95,3.3
2025-01-21 06:00:00,N004,0.0,9.53,6.27,9.89,4.89,3.26
2025-01-21 06:00:00,N005,0.0,12.04,8.45,10.38,5.38,3.59
2025-01-21 06:00:00,N006,0.0,11.82,8.32,10.25,5.25,3.5
2025-01-21 06:00:00,N007,0.0,10.3,7.27,9.54,4.54,3.03
2025-01-21 06:00:00,N008,0.0,10.76,8.53,8.34,3.34,2.23
2025-01-21 06:00:00,N009,0.0,8.2,5.77,8.65,3.65,2.43
2025-01-21 06:00:00,N010,0.0,11.94,11.19,6.12,1.12,0.75
2025-01-21 06:00:00,N011,0.0,9.01,6.28,9.09,4.09,2.73
2025-01-21 06:00:00,N012,0.0,10.28,8.32,7.94,2.94,1.96
2025-01-21 06:00:00,N013,0.0,8.26,7.5,6.14,1.14,0.76
2025-01-21 06:00:00,N014,0.0,8.89,7.02,7.81,2.81,1.87
2025-01-21 06:00:00,N015,0.0,5.0,3.8,6.8,1.8,1.2
2025-01-21 06:00:00,N016,0.0,8.8,7.32,7.22,2.22,1.48
2025-01-21 06:00:00,N017,0.0,11.9,9.8,8.15,3.15,2.1
2025-01-21 06:00:00,N018,0.0,9.84,8.62,6.83,1.83,1.22
2025-01-21 06:00:00,N019,0.0,8.94,8.41,5.8,0.8,0.53
2025-01-21 06:00:00,N020,0.0,11.01,7.78,9.84,4.84,3.23
2025-01-21 07:00:00,N001,0.0,11.92,10.34,7.37,2.37,1.58
2025-01-21 07:00:00,N002,0.0,8.94,7.16,7.67,2.67,1.78
2025-01-21 07:00:00,N003,0.0,8.64,7.4,6.86,1.86,1.24
2025-01-21 07:00:00,N004,0.0,12.11,8.87,9.86,4.86,3.24
2025-01-21 07:00:00,N005,0.0,12.61,11.21,7.1,2.1,1.4
2025-01-21 07:00:00,N006,0.0,12.55,11.48,6.6,1.6,1.07
2025-01-21 07:00:00,N007,0.0,8.23,7.0,6.84,1.84,1.23
2025-01-21 07:00:00,N008,0.0,12.25,8.62,10.45,5.45,3.63
2025-01-21 07:00:00,N009,0.0,7.92,6.78,6.71,1.71,1.14
2025-01-21 07:00:00,N010,0.0,10.08,8.55,7.29,2.29,1.53
2025-01-21 07:00:00,N011,0.0,11.4,7.72,10.52,5.52,3.68
2025-01-21 07:00:00,N012,0.0,8.4,7.78,5.93,0.93,0.62
2025-01-21 07:00:00,N013,0.0,8.13,6.08,8.07,3.07,2.05
2025-01-21 07:00:00,N014,0.0,10.13,8.23,7.85,2.85,1.9
2025-01-21 07:00:00,N015,0.0,5.0,4.45,5.83,0.83,0.55
2025-01-21 07:00:00,N016,0.0,5.32,4.77,5.83,0.83,0.55
2025-01-21 07:00:00,N017,0.0,8.94,8.25,6.03,1.03,0.69
2025-01-21 07:00:00,N018,0.0,11.89,8.11,10.67,5.67,3.78
2025-01-21 07:00:00,N019,0.0,10.05,9.44,5.92,0.92,0.61
2025-01-21 07:00:00,N020,0.0,9.06,7.66,7.1,2.1,1.4
2025-01-21 08:00:00,N001,0.0,9.63,7.65,7.97,2.97,1.98
2025-01-21 08:00:00,N002,0.0,9.08,7.48,7.4,2.4,1.6
2025-01-21 08:00:00,N003,0.0,11.26,9.23,8.04,3.04,2.03
2025-01-21 08:00:00,N004,0.0,9.82,6.79,9.54,4.54,3.03
2025-01-21 08:00:00,N005,0.0,10.54,7.45,9.63,4.63,3.09
2025-01-21 08:00:00,N006,0.0,9.63,8.96,6.01,1.01,0.67
2025-01-21 08:00:00,N007,0.0,7.86,6.2,7.49,2.49,1.66
2025-01-21 08:00:00,N008,0.0,8.95,6.54,8.62,3.62,2.41
2025-01-21 08:00:00,N009,0.0,9.19,6.47,9.08,4.08,2.72
2025-01-21 08:00:00,N010,0.0,9.83,7.55,8.42,3.42,2.28
2025-01-21 08:00:00,N011,0.0,9.76,8.36,7.1,2.1,1.4
2025-01-21 08:00:00,N012,0.0,8.92,7.26,7.49,2.49,1.66
2025-01-21 08:00:00,N013,0.0,8.8,7.65,6.72,1.72,1.15
2025-01-21 08:00:00,N014,0.0,10.59,8.3,8.44,3.44,2.29
2025-01-21 08:00:00,N015,0.0,12.81,12.16,5.98,0.98,0.65
2025-01-21 08:00:00,N016,0.0,11.37,9.4,7.96,2.96,1.97
2025-01-21 08:00:00,N017,0.0,8.81,6.66,8.22,3.22,2.15
2025-01-21 08:00:00,N018,0.0,9.33,7.63,7.55,2.55,1.7
2025-01-21 08:00:00,N019,0.0,7.91,7.07,6.26,1.26,0.84
2025-01-21 08:00:00,N020,0.0,10.23,8.01,8.33,3.33,2.22
2025-01-21 09:00:00,N001,0.0,12.27,8.34,10.9,5.9,3.93
2025-01-21 09:00:00,N002,0.0,9.96,8.96,6.5,1.5,1.0
2025-01-21 09:00:00,N003,0.0,9.57,7.59,7.97,2.97,1.98
2025-01-21 09:00:00,N004,0.0,13.24,12.1,6.71,1.71,1.14
2025-01-21 09:00:00,N005,0.0,9.77,6.65,9.68,4.68,3.12
2025-01-21 09:00:00,N006,0.0,11.95,9.73,8.33,3.33,2.22
2025-01-21 09:00:00,N007,0.0,8.07,5.47,8.9,3.9,2.6
2025-01-21 09:00:00,N008,0.0,10.84,9.83,6.52,1.52,1.01
2025-01-21 09:00:00,N009,0.0,8.56,7.27,6.94,1.94,1.29
2025-01-21 09:00:00,N010,0.0,12.82,10.91,7.86,2.86,1.91
2025-01-21 09:00:00,N011,0.0,5.46,4.52,6.41,1.41,0.94
2025-01-21 09:00:00,N012,0.0,10.66,8.03,8.94,3.94,2.63
2025-01-21 09:00:00,N013,0.0,13.29,11.68,7.42,2.42,1.61
2025-01-21 09:00:00,N014,0.0,5.97,4.32,7.47,2.47,1.65
2025-01-21 09:00:00,N015,0.0,11.34,8.7,8.96,3.96,2.64
2025-01-21 09:00:00,N016,0.0,8.77,7.56,6.81,1.81,1.21
2025-01-21 09:00:00,N017,0.0,10.27,7.63,8.96,3.96,2.64
2025-01-21 09:00:00,N018,0.0,8.97,7.05,7.88,2.88,1.92
2025-01-21 09:00:00,N019,0.0,9.34,8.26,6.62,1.62,1.08
2025-01-21 09:00:00,N020,0.0,8.7,7.61,6.64,1.64,1.09
2025-01-21 10:00:00,N001,0.0,10.84,8.4,8.66,3.66,2.44
2025-01-21 10:00:00,N002,0.0,9.85,7.28,8.85,3.85,2.57
2025-01-21 10:00:00,N003,0.0,11.68,8.07,10.42,5.42,3.61
2025-01-21 10:00:00,N004,0.0,7.48,6.63,6.27,1.27,0.85
2025-01-21 10:00:00,N005,0.0,8.27,6.39,7.82,2.82,1.88
2025-01-21 10:00:00,N006,0.0,13.45,12.41,6.56,1.56,1.04
2025-01-21 10:00:00,N007,0.0,10.08,7.8,8.42,3.42,2.28
2025-01-21 10:00:00,N008,0.0,12.47,9.07,10.1,5.1,3.4
2025-01-21 10:00:00,N009,0.0,7.19,5.94,6.88,1.88,1.25
2025-01-21 10:00:00,N010,0.0,9.37,6.16,9.81,4.81,3.21
2025-01-21 10:00:00,N011,0.0,9.64,6.76,9.32,4.32,2.88
2025-01-21 10:00:00,N012,0.0,7.23,5.83,7.1,2.1,1.4
2025-01-21 10:00:00,N013,0.0,12.65,9.12,10.29,5.29,3.53
2025-01-21 10:00:00,N014,0.0,7.56,7.08,5.72,0.72,0.48
2025-01-21 10:00:00,N015,0.0,9.78,8.99,6.19,1.19,0.79
2025-01-21 10:00:00,N016,0.0,6.31,5.17,6.71,1.71,1.14
2025-01-21 10:00:00,N017,0.0,8.19,6.19,8.0,3.0,2.0
2025-01-21 10:00:00,N018,0.0,13.0,11.33,7.5,2.5,1.67
2025-01-21 10:00:00,N019,0.0,9.35,8.65,6.05,1.05,0.7
2025-01-21 10:00:00,N020,0.0,12.49,10.76,7.59,2.59,1.73
2025-01-21 11:00:00,N001,0.0,11.01,7.56,10.18,5.18,3.45
2025-01-21 11:00:00,N002,0.0,14.39,10.04,11.52,6.52,4.35
2025-01-21 11:00:00,N003,0.0,13.73,9.07,11.99,6.99,4.66
2025-01-21 11:00:00,N004,0.0,11.97,8.19,10.67,5.67,3.78
2025-01-21 11:00:00,N005,0.0,7.41,6.23,6.77,1.77,1.18
2025-01-21 11:00:00,N006,0.0,8.06,5.66,8.6,3.6,2.4
2025-01-21 11:00:00,N007,0.0,9.84,7.42,8.63,3.63,2.42
2025-01-21 11:00:00,N008,0.0,6.86,4.68,8.27,3.27,2.18
2025-01-21 11:00:00,N009,0.0,6.82,6.2,5.93,0.93,0.62
2025-01-21 11:00:00,N010,0.0,6.26,4.26,8.0,3.0,2.0
2025-01-21 11:00:00,N011,0.0,7.72,6.01,7.56,2.56,1.71
2025-01-21 11:00:00,N012,0.0,10.82,8.21,8.92,3.92,2.61
2025-01-21 11:00:00,N013,0.0,9.19,6.05,9.71,4.71,3.14
2025-01-21 11:00:00,N014,0.0,9.52,7.16,8.54,3.54,2.36
2025-01-21 11:00:00,N015,0.0,11.89,10.4,7.23,2.23,1.49
2025-01-21 11:00:00,N016,0.0,11.19,8.08,9.67,4.67,3.11
2025-01-21 11:00:00,N017,0.0,11.34,9.75,7.39,2.39,1.59
2025-01-21 11:00:00,N018,0.0,8.64,8.1,5.81,0.81,0.54
2025-01-21 11:00:00,N019,0.0,10.96,7.84,9.68,4.68,3.12
2025-01-21 11:00:00,N020,0.0,9.95,8.41,7.31,2.31,1.54
2025-01-21 12:00:00,N001,0.0,14.6,11.79,9.21,4.21,2.81
2025-01-21 12:00:00,N002,0.0,7.11,5.69,7.13,2.13,1.42
2025-01-21 12:00:00,N003,0.0,11.68,10.45,6.84,1.84,1.23
2025-01-21 12:00:00,N004,0.0,8.4,6.3,8.15,3.15,2.1
2025-01-21 12:00:00,N005,0.0,7.73,6.22,7.27,2.27,1.51
2025-01-21 12:00:00,N006,0.0,13.14,11.38,7.64,2.64,1.76
2025-01-21 12:00:00,N007,0.0,12.43,8.7,10.59,5.59,3.73
2025-01-21 12:00:00,N008,0.0,11.01,8.45,8.84,3.84,2.56
2025-01-21 12:00:00,N009,0.0,11.63,9.69,7.91,2.91,1.94
2025-01-21 12:00:00,N010,0.0,9.86,6.69,9.75,4.75,3.17
2025-01-21 12:00:00,N011,0.0,14.47,11.1,10.05,5.05,3.37
2025-01-21 12:00:00,N012,0.0,7.86,5.18,9.02,4.02,2.68
2025-01-21 12:00:00,N013,0.0,11.81,9.14,9.0,4.0,2.67
2025-01-21 12:00:00,N014,0.0,8.81,6.25,8.84,3.84,2.56
2025-01-21 12:00:00,N015,0.0,11.07,7.94,9.7,4.7,3.13
2025-01-21 12:00:00,N016,0.0,9.14,6.19,9.43,4.43,2.95
2025-01-21 12:00:00,N017,0.0,11.74,9.24,8.75,3.75,2.5
2025-01-21 12:00:00,N018,0.0,8.42,7.72,6.05,1.05,0.7
2025-01-21 12:00:00,N019,0.0,10.54,7.53,9.51,4.51,3.01
2025-01-21 12:00:00,N020,0.0,8.87,7.62,6.88,1.88,1.25
2025-01-21 13:00:00,N001,0.0,10.11,7.27,9.26,4.26,2.84
2025-01-21 13:00:00,N002,0.0,14.98,10.93,11.07,6.07,4.05
2025-01-21 13:00:00,N003,0.0,6.84,4.63,8.31,3.31,2.21
2025-01-21 13:00:00,N004,0.0,7.33,5.21,8.18,3.18,2.12
2025-01-21 13:00:00,N005,0.0,9.64,8.38,6.89,1.89,1.26
2025-01-21 13:00:00,N006,0.0,9.52,7.55,7.96,2.96,1.97
2025-01-21 13:00:00,N007,0.0,10.98,9.44,7.31,2.31,1.54
2025-01-21 13:00:00,N008,0.0,8.06,6.0,8.09,3.09,2.06
2025-01-21 13:00:00,N009,0.0,10.17,8.82,7.03,2.03,1.35
2025-01-21 13:00:00,N010,0.0,9.28,8.31,6.46,1.46,0.97
2025-01-21 13:00:00,N011,0.0,8.72,7.34,7.07,2.07,1.38
2025-01-21 13:00:00,N012,0.0,10.85,7.43,10.13,5.13,3.42
2025-01-21 13:00:00,N013,0.0,10.07,7.07,9.5,4.5,3.0
2025-01-21 13:00:00,N014,0.0,9.9,8.25,7.47,2.47,1.65
2025-01-21 13:00:00,N015,0.0,9.04,7.51,7.29,2.29,1.53
2025-01-21 13:00:00,N016,0.0,14.88,10.67,11.31,6.31,4.21
2025-01-21 13:00:00,N017,0.0,11.24,8.54,9.05,4.05,2.7
2025-01-21 13:00:00,N018,0.0,14.02,10.51,10.26,5.26,3.51
2025-01-21 13:00:00,N019,0.0,10.24,7.43,9.21,4.21,2.81
2025-01-21 13:00:00,N020,0.0,10.6,9.16,7.16,2.16,1.44
2025-01-21 14:00:00,N001,0.0,10.4,8.38,8.03,3.03,2.02
2025-01-21 14:00:00,N002,0.0,9.98,8.6,7.07,2.07,1.38
2025-01-21 14:00:00,N003,0.0,10.38,8.15,8.34,3.34,2.23
2025-01-21 14:00:00,N004,0.0,6.77,4.85,7.88,2.88,1.92
2025-01-21 14:00:00,N005,0.0,10.49,8.62,7.81,2.81,1.87
2025-01-21 14:00:00,N006,0.0,11.1,10.48,5.93,0.93,0.62
2025-01-21 14:00:00,N007,0.0,13.0,11.78,6.83,1.83,1.22
2025-01-21 14:00:00,N008,0.0,8.38,7.72,5.99,0.99,0.66
2025-01-21 14:00:00,N009,0.0,9.72,7.06,8.99,3.99,2.66
2025-01-21 14:00:00,N010,0.0,7.81,5.71,8.15,3.15,2.1
2025-01-21 14:00:00,N011,0.0,9.44,7.9,7.31,2.31,1.54
2025-01-21 14:00:00,N012,0.0,10.62,7.15,10.21,5.21,3.47
2025-01-21 14:00:00,N013,0.0,10.63,9.68,6.42,1.42,0.95
2025-01-21 14:00:00,N014,0.0,12.21,11.27,6.41,1.41,0.94
2025-01-21 14:00:00,N015,0.0,10.61,7.57,9.56,4.56,3.04
2025-01-21 14:00:00,N016,0.0,10.66,9.24,7.13,2.13,1.42
2025-01-21 14:00:00,N017,0.0,8.15,6.47,7.52,2.52,1.68
2025-01-21 14:00:00,N018,0.0,7.46,5.17,8.44,3.44,2.29
2025-01-21 14:00:00,N019,0.0,8.36,7.36,6.5,1.5,1.0
2025-01-21 14:00:00,N020,0.0,12.35,8.65,10.55,5.55,3.7
2025-01-21 15:00:00,N001,0.0,10.39,7.22,9.75,4.75,3.17
2025-01-21 15:00:00,N002,0.0,8.28,7.54,6.11,1.11,0.74
2025-01-21 15:00:00,N003,0.0,9.86,7.17,9.04,4.04,2.69
2025-01-21 15:00:00,N004,0.0,11.34,8.18,9.74,4.74,3.16
2025-01-21 15:00:00,N005,0.0,15.34,14.06,6.92,1.92,1.28
2025-01-21 15:00:00,N006,0.0,9.61,7.97,7.46,2.46,1.64
2025-01-21 15:00:00,N007,0.0,9.63,7.75,7.82,2.82,1.88
2025-01-21 15:00:00,N008,0.0,10.74,7.71,9.54,4.54,3.03
2025-01-21 15:00:00,N009,0.0,9.15,7.26,7.83,2.83,1.89
2025-01-21 15:00:00,N010,0.0,13.78,10.34,10.16,5.16,3.44
2025-01-21 15:00:00,N011,0.0,9.05,8.03,6.53,1.53,1.02
2025-01-21 15:00:00,N012,0.0,13.82,9.38,11.66,6.66,4.44
2025-01-21 15:00:00,N013,0.0,8.98,6.42,8.84,3.84,2.56
2025-01-21 15:00:00,N014,0.0,11.15,9.73,7.13,2.13,1.42
2025-01-21 15:00:00,N015,0.0,9.32,8.81,5.77,0.77,0.51
2025-01-21 15:00:00,N016,0.0,9.51,8.15,7.04,2.04,1.36
2025-01-21 15:00:00,N017,0.0,12.9,10.49,8.62,3.62,2.41
2025-01-21 15:00:00,N018,0.0,10.63,9.65,6.47,1.47,0.98
2025-01-21 15:00:00,N019,0.0,12.74,9.84,9.35,4.35,2.9
2025-01-21 15:00:00,N020,0.0,10.73,7.84,9.33,4.33,2.89
2025-01-21 16:00:00,N001,0.0,11.8,9.98,7.73,2.73,1.82
2025-01-21 16:00:00,N002,0.0,10.66,7.85,9.21,4.21,2.81
2025-01-21 16:00:00,N003,0.0,12.33,8.64,10.54,5.54,3.69
2025-01-21 16:00:00,N004,0.0,13.52,9.95,10.35,5.35,3.57
2025-01-21 16:00:00,N005,0.0,10.72,7.7,9.53,4.53,3.02
2025-01-21 16:00:00,N006,0.0,10.15,6.71,10.16,5.16,3.44
2025-01-21 16:00:00,N007,0.0,12.29,8.86,10.15,5.15,3.43
2025-01-21 16:00:00,N008,0.0,9.31,6.67,8.96,3.96,2.64
2025-01-21 16:00:00,N009,0.0,12.23,10.83,7.1,2.1,1.4
2025-01-21 16:00:00,N010,0.0,8.9,6.47,8.65,3.65,2.43
2025-01-21 16:00:00,N011,0.0,11.04,7.42,10.43,5.43,3.62
2025-01-21 16:00:00,N012,0.0,10.85,7.2,10.47,5.47,3.65
2025-01-21 16:00:00,N013,0.0,9.72,8.7,6.53,1.53,1.02
2025-01-21 16:00:00,N014,0.0,8.12,5.65,8.71,3.71,2.47
2025-01-21 16:00:00,N015,0.0,8.51,6.27,8.36,3.36,2.24
2025-01-21 16:00:00,N016,0.0,8.1,5.85,8.38,3.38,2.25
2025-01-21 16:00:00,N017,0.0,9.77,7.56,8.31,3.31,2.21
2025-01-21 16:00:00,N018,0.0,12.5,10.06,8.66,3.66,2.44
2025-01-21 16:00:00,N019,0.0,11.06,7.98,9.62,4.62,3.08
2025-01-21 16:00:00,N020,0.0,16.43,15.07,7.04,2.04,1.36
2025-01-21 17:00:00,N001,0.0,5.69,4.86,6.24,1.24,0.83
2025-01-21 17:00:00,N002,0.0,10.86,7.24,10.43,5.43,3.62
2025-01-21 17:00:00,N003,0.0,9.64,6.59,9.57,4.57,3.05
2025-01-21 17:00:00,N004,0.0,14.18,9.49,12.04,7.04,4.69
2025-01-21 17:00:00,N005,0.0,9.19,8.07,6.68,1.68,1.12
2025-01-21 17:00:00,N006,0.0,11.57,8.58,9.49,4.49,2.99
2025-01-21 17:00:00,N007,0.0,9.38,7.13,8.38,3.38,2.25
2025-01-21 17:00:00,N008,0.0,9.88,8.28,7.4,2.4,1.6
2025-01-21 17:00:00,N009,0.0,12.29,9.53,9.14,4.14,2.76
2025-01-21 17:00:00,N010,0.0,11.18,7.67,10.26,5.26,3.51
2025-01-21 17:00:00,N011,0.0,11.41,10.37,6.56,1.56,1.04
2025-01-21 17:00:00,N012,0.0,11.51,9.13,8.57,3.57,2.38
2025-01-21 17:00:00,N013,0.0,9.92,6.72,9.8,4.8,3.2
2025-01-21 17:00:00,N014,0.0,9.68,9.18,5.75,0.75,0.5
2025-01-21 17:00:00,N015,0.0,10.76,7.14,10.43,5.43,3.62
2025-01-21 17:00:00,N016,0.0,13.53,12.56,6.46,1.46,0.97
2025-01-21 17:00:00,N017,0.0,8.7,6.14,8.84,3.84,2.56
2025-01-21 17:00:00,N018,0.0,10.59,7.54,9.57,4.57,3.05
2025-01-21 17:00:00,N019,0.0,10.86,9.48,7.07,2.07,1.38
2025-01-21 17:00:00,N020,0.0,13.72,12.31,7.11,2.11,1.41
2025-01-21 18:00:00,N001,0.0,7.28,6.89,5.58,0.58,0.39
2025-01-21 18:00:00,N002,0.0,7.56,5.87,7.54,2.54,1.69
2025-01-21 18:00:00,N003,0.0,10.58,10.01,5.85,0.85,0.57
2025-01-21 18:00:00,N004,0.0,8.83,7.69,6.71,1.71,1.14
2025-01-21 18:00:00,N005,0.0,8.08,7.61,5.7,0.7,0.47
2025-01-21 18:00:00,N006,0.0,8.29,7.52,6.16,1.16,0.77
2025-01-21 18:00:00,N007,0.0,8.78,5.72,9.59,4.59,3.06
2025-01-21 18:00:00,N008,0.0,12.63,10.08,8.82,3.82,2.55
2025-01-21 18:00:00,N009,0.0,14.62,11.16,10.19,5.19,3.46
2025-01-21 18:00:00,N010,0.0,7.72,6.87,6.27,1.27,0.85
2025-01-21 18:00:00,N011,0.0,7.54,7.01,5.8,0.8,0.53
2025-01-21 18:00:00,N012,0.0,8.07,5.58,8.74,3.74,2.49
2025-01-21 18:00:00,N013,0.0,8.19,5.85,8.51,3.51,2.34
2025-01-21 18:00:00,N014,0.0,10.01,9.18,6.24,1.24,0.83
2025-01-21 18:00:00,N015,0.0,9.92,8.15,7.66,2.66,1.77
2025-01-21 18:00:00,N016,0.0,7.9,5.54,8.54,3.54,2.36
2025-01-21 18:00:00,N017,0.0,10.17,7.75,8.63,3.63,2.42
2025-01-21 18:00:00,N018,0.0,12.24,11.54,6.05,1.05,0.7
2025-01-21 18:00:00,N019,0.0,12.43,8.53,10.85,5.85,3.9
2025-01-21 18:00:00,N020,0.0,7.64,6.9,6.11,1.11,0.74
2025-01-21 19:00:00,N001,0.0,8.13,7.51,5.93,0.93,0.62
2025-01-21 19:00:00,N002,0.0,10.92,9.78,6.71,1.71,1.14
2025-01-21 19:00:00,N003,0.0,10.54,6.99,10.32,5.32,3.55
2025-01-21 19:00:00,N004,0.0,9.74,6.83,9.37,4.37,2.91
2025-01-21 19:00:00,N005,0.0,9.58,7.16,8.63,3.63,2.42
2025-01-21 19:00:00,N006,0.0,7.05,4.94,8.17,3.17,2.11
2025-01-21 19:00:00,N007,0.0,10.11,8.66,7.17,2.17,1.45
2025-01-21 19:00:00,N008,0.0,9.26,8.51,6.12,1.12,0.75
2025-01-21 19:00:00,N009,0.0,9.54,8.13,7.11,2.11,1.41
2025-01-21 19:00:00,N010,0.0,9.96,8.53,7.15,2.15,1.43
2025-01-21 19:00:00,N011,0.0,8.25,5.97,8.42,3.42,2.28
2025-01-21 19:00:00,N012,0.0,9.12,7.27,7.78,2.78,1.85
2025-01-21 19:00:00,N013,0.0,14.93,14.14,6.19,1.19,0.79
2025-01-21 19:00:00,N014,0.0,8.86,6.89,7.96,2.96,1.97
2025-01-21 19:00:00,N015,0.0,7.58,5.79,7.69,2.69,1.79
2025-01-21 19:00:00,N016,0.0,12.27,10.45,7.73,2.73,1.82
2025-01-21 19:00:00,N017,0.0,11.84,9.96,7.82,2.82,1.88
2025-01-21 19:00:00,N018,0.0,10.74,8.75,7.98,2.98,1.99
2025-01-21 19:00:00,N019,0.0,7.22,6.48,6.11,1.11,0.74
2025-01-21 19:00:00,N020,0.0,10.82,8.44,8.57,3.57,2.38
