timestamp,node_id,water_depth_cm,flow_capacity_ratio,accumulation_rate,blockage_status,blockage_risk,flood_severity
2025-01-01 00:00:00,N001,2.4728,1.205,0.0,Normal,Low,Low
2025-01-01 00:00:00,N002,3.97814,1.436,0.0,Normal,Low,Low
2025-01-01 00:00:00,N003,1.07172,1.063,0.0,Normal,Low,Low
2025-01-01 00:00:00,N004,4.6232999999999995,1.401,0.0,Normal,Low,Low
2025-01-01 00:00:00,N005,2.49424,1.239,0.0,Normal,Low,Low
2025-01-01 00:00:00,N006,3.4629,1.356,0.0,Normal,Low,Low
2025-01-01 00:00:00,N007,19.640068641341017,0.4122705574681649,5.772,Severe_Blockage,High,High
2025-01-01 00:00:00,N008,1.84098,1.13,0.0,Normal,Low,Low
2025-01-01 00:00:00,N009,5.24288,1.507,0.0,Normal,Low,Moderate
2025-01-01 00:00:00,N010,3.34482,1.427,0.0,Normal,Low,Low
2025-01-01 00:00:00,N011,3.0528,1.279,0.0,Normal,Low,Low
2025-01-01 00:00:00,N012,22.10499496648405,0.5815328376644774,4.625,Severe_Blockage,High,High
2025-01-01 00:00:00,N013,3.7154400000000005,1.241,0.0,Normal,Low,Low
2025-01-01 00:00:00,N014,3.7207599999999994,1.418,0.0,Normal,Low,Low
2025-01-01 00:00:00,N015,5.671320000000001,1.41,0.0,Normal,Low,Moderate
2025-01-01 00:00:00,N016,4.508,1.338,0.0,Normal,Low,Low
2025-01-01 00:00:00,N017,32.33724082356984,0.3323301904089719,10.795,Severe_Blockage,Critical,Critical
2025-01-01 00:00:00,N018,2.8463999999999996,1.23,0.0,Normal,Low,Low
2025-01-01 00:00:00,N019,1.0233999999999999,1.057,0.0,Normal,Low,Low
2025-01-01 00:00:00,N020,8.805315576419307,0.5780376649271299,1.858,Severe_Blockage,High,Moderate
2025-01-01 01:00:00,N001,5.2184,1.487,0.0,Normal,Low,Moderate
2025-01-01 01:00:00,N002,5.037780000000001,1.461,0.0,Normal,Low,Moderate
2025-01-01 01:00:00,N003,4.84564,1.495,0.0,Normal,Low,Low
2025-01-01 01:00:00,N004,4.23102,1.338,0.0,Normal,Low,Low
2025-01-01 01:00:00,N005,15.251532756280124,0.5577587645341554,3.372,Severe_Blockage,High,High
2025-01-01 01:00:00,N006,2.5122999999999998,1.158,0.0,Normal,Low,Low
2025-01-01 01:00:00,N007,3.20112,1.252,0.0,Normal,Low,Low
2025-01-01 01:00:00,N008,4.3761,1.285,0.0,Normal,Low,Low
2025-01-01 01:00:00,N009,3.0822399999999996,1.246,0.0,Normal,Low,Low
2025-01-01 01:00:00,N010,4.04296,1.38,0.0,Normal,Low,Low
2025-01-01 01:00:00,N011,18.64546848760443,0.5637097764067449,4.067,Severe_Blockage,High,High
2025-01-01 01:00:00,N012,4.3659,1.431,0.0,Normal,Low,Low
2025-01-01 01:00:00,N013,19.55235738287964,0.486317469314333,5.022,Severe_Blockage,High,High
2025-01-01 01:00:00,N014,3.3531399999999993,1.232,0.0,Normal,Low,Low
2025-01-01 01:00:00,N015,39.520696377730914,0.3864281884457731,12.124,Severe_Blockage,Critical,Critical
2025-01-01 01:00:00,N016,1.4834999999999998,1.101,0.0,Normal,Low,Low
2025-01-01 01:00:00,N017,4.97568,1.396,0.0,Normal,Low,Low
2025-01-01 01:00:00,N018,19.131805729355946,0.49607739368131204,4.82,Severe_Blockage,High,High
2025-01-01 01:00:00,N019,2.44412,1.162,0.0,Normal,Low,Low
2025-01-01 01:00:00,N020,1.1608999999999998,1.062,0.0,Normal,Low,Low
2025-01-01 02:00:00,N001,2.7544,1.514,0.0,Normal,Low,Low
2025-01-01 02:00:00,N002,2.66706,1.248,0.0,Normal,Low,Low
2025-01-01 02:00:00,N003,2.67472,1.254,0.0,Normal,Low,Low
2025-01-01 02:00:00,N004,4.11894,1.384,0.0,Normal,Low,Low
2025-01-01 02:00:00,N005,2.31336,1.152,0.0,Normal,Low,Low
2025-01-01 02:00:00,N006,2.6771999999999996,1.19,0.0,Normal,Low,Low
2025-01-01 02:00:00,N007,1.6499599999999999,1.11,0.0,Normal,Low,Low
2025-01-01 02:00:00,N008,6.3881,1.417,0.0,Normal,Low,Moderate
2025-01-01 02:00:00,N009,28.356141903546064,0.3651183665633577,9.001,Severe_Blockage,Critical,Critical
2025-01-01 02:00:00,N010,3.9700200000000003,1.394,0.0,Normal,Low,Low
2025-01-01 02:00:00,N011,13.77777810214253,0.683759557102673,2.179,Partial_Blockage,Moderate,Moderate
2025-01-01 02:00:00,N012,5.465460000000001,1.446,0.0,Normal,Low,Moderate
2025-01-01 02:00:00,N013,1.1946400000000001,1.095,0.0,Normal,Low,Low
2025-01-01 02:00:00,N014,2.3728199999999995,1.179,0.0,Normal,Low,Low
2025-01-01 02:00:00,N015,4.9242,1.384,0.0,Normal,Low,Low
2025-01-01 02:00:00,N016,1.7594999999999998,1.088,0.0,Normal,Low,Low
2025-01-01 02:00:00,N017,11.576995901931273,0.5542627810869882,2.58,Severe_Blockage,High,Moderate
2025-01-01 02:00:00,N018,23.136680766135488,0.4847614445281342,5.96,Severe_Blockage,High,High
2025-01-01 02:00:00,N019,6.16448,1.481,0.0,Normal,Low,Moderate
2025-01-01 02:00:00,N020,1.5763800000000001,1.087,0.0,Normal,Low,Low
2025-01-01 03:00:00,N001,4.224,1.433,0.0,Normal,Low,Low
2025-01-01 03:00:00,N002,1.64334,1.166,0.0,Normal,Low,Low
2025-01-01 03:00:00,N003,2.9128800000000004,1.385,0.0,Normal,Low,Low
2025-01-01 03:00:00,N004,20.4983646217767,0.5155119100237024,4.966,Severe_Blockage,High,High
2025-01-01 03:00:00,N005,3.05592,1.219,0.0,Normal,Low,Low
2025-01-01 03:00:00,N006,3.783,1.316,0.0,Normal,Low,Low
2025-01-01 03:00:00,N007,2.8256799999999997,1.303,0.0,Normal,Low,Low
2025-01-01 03:00:00,N008,2.0220599999999997,1.191,0.0,Normal,Low,Low
2025-01-01 03:00:00,N009,14.174346860525928,0.5708181499918422,3.042,Severe_Blockage,High,Moderate
2025-01-01 03:00:00,N010,8.071196733970076,0.6263832949619399,1.508,Partial_Blockage,Moderate,Moderate
2025-01-01 03:00:00,N011,0.795,1.068,0.0,Normal,Low,Low
2025-01-01 03:00:00,N012,4.236540000000001,1.314,0.0,Normal,Low,Low
2025-01-01 03:00:00,N013,14.561403249376706,0.5884938738540055,2.996,Severe_Blockage,High,Moderate
2025-01-01 03:00:00,N014,9.67805421857811,0.7091809706392559,1.407,Partial_Blockage,Moderate,Moderate
2025-01-01 03:00:00,N015,35.60018824713726,0.397575926041393,10.723,Severe_Blockage,Critical,Critical
2025-01-01 03:00:00,N016,2.8405,1.164,0.0,Normal,Low,Low
2025-01-01 03:00:00,N017,0.77088,1.056,0.0,Normal,Low,Low
2025-01-01 03:00:00,N018,12.193549282680344,0.5891419030378655,2.505,Severe_Blockage,High,Moderate
2025-01-01 03:00:00,N019,2.68492,1.161,0.0,Normal,Low,Low
2025-01-01 03:00:00,N020,5.34014,1.354,0.0,Normal,Low,Moderate
2025-01-01 04:00:00,N001,1.2848,1.083,0.0,Normal,Low,Low
2025-01-01 04:00:00,N002,3.37648,1.249,0.0,Normal,Low,Low
2025-01-01 04:00:00,N003,1.9602400000000002,1.125,0.0,Normal,Low,Low
2025-01-01 04:00:00,N004,4.8007599999999995,1.33,0.0,Normal,Low,Low
2025-01-01 04:00:00,N005,4.82664,1.514,0.0,Normal,Low,Low
2025-01-01 04:00:00,N006,3.0166999999999997,1.23,0.0,Normal,Low,Low
2025-01-01 04:00:00,N007,6.46152,1.512,0.0,Normal,Low,Moderate
2025-01-01 04:00:00,N008,3.02806,1.319,0.0,Normal,Low,Low
2025-01-01 04:00:00,N009,5.099520000000001,1.398,0.0,Normal,Low,Moderate
2025-01-01 04:00:00,N010,4.73068,1.479,0.0,Normal,Low,Low
2025-01-01 04:00:00,N011,21.482160402713806,0.5614580849604768,4.71,Severe_Blockage,High,High
2025-01-01 04:00:00,N012,0.9809800000000001,1.061,0.0,Normal,Low,Low
2025-01-01 04:00:00,N013,18.58505627249018,0.43489256991326397,5.251,Severe_Blockage,High,High
2025-01-01 04:00:00,N014,6.483479999999999,1.485,0.0,Normal,Low,Moderate
2025-01-01 04:00:00,N015,6.32788,1.424,0.0,Normal,Low,Moderate
2025-01-01 04:00:00,N016,6.290499999999999,1.38,0.0,Normal,Low,Moderate
2025-01-01 04:00:00,N017,7.019679999999999,1.363,0.0,Normal,Low,Moderate
2025-01-01 04:00:00,N018,2.8463999999999996,1.147,0.0,Normal,Low,Low
2025-01-01 04:00:00,N019,18.375462466939585,0.5862556090416072,3.801,Severe_Blockage,High,High
2025-01-01 04:00:00,N020,3.06722,1.139,0.0,Normal,Low,Low
2025-01-01 05:00:00,N001,4.6112,1.472,0.0,Normal,Low,Low
2025-01-01 05:00:00,N002,12.675664639959463,0.7403736599634904,1.645,Partial_Blockage,Moderate,Moderate
2025-01-01 05:00:00,N003,16.25611169462611,0.46493616643998537,4.349,Severe_Blockage,High,High
2025-01-01 05:00:00,N004,3.5305199999999997,1.506,0.0,Normal,Low,Low
2025-01-01 05:00:00,N005,11.798821862788833,0.5784106193286207,2.487,Severe_Blockage,High,Moderate
2025-01-01 05:00:00,N006,3.1234,1.432,0.0,Normal,Low,Low
2025-01-01 05:00:00,N007,2.67748,1.211,0.0,Normal,Low,Low
2025-01-01 05:00:00,N008,2.35404,1.215,0.0,Normal,Low,Low
2025-01-01 05:00:00,N009,37.724133220064374,0.39690191787289064,11.376,Severe_Blockage,Critical,Critical
2025-01-01 05:00:00,N010,2.7508800000000004,1.306,0.0,Normal,Low,Low
2025-01-01 05:00:00,N011,4.2824,1.342,0.0,Normal,Low,Low
2025-01-01 05:00:00,N012,4.851,1.522,0.0,Normal,Low,Low
2025-01-01 05:00:00,N013,2.0385600000000004,1.164,0.0,Normal,Low,Low
2025-01-01 05:00:00,N014,1.7044199999999998,1.096,0.0,Normal,Low,Low
2025-01-01 05:00:00,N015,5.86376,1.422,0.0,Normal,Low,Moderate
2025-01-01 05:00:00,N016,2.1045,1.122,0.0,Normal,Low,Low
2025-01-01 05:00:00,N017,2.044,1.133,0.0,Normal,Low,Low
2025-01-01 05:00:00,N018,1.28088,1.076,0.0,Normal,Low,Low
2025-01-01 05:00:00,N019,14.88127210048517,0.5946029079053547,3.016,Severe_Blockage,High,Moderate
2025-01-01 05:00:00,N020,1.78412,1.086,0.0,Normal,Low,Low
2025-01-01 06:00:00,N001,1.3552,1.089,0.0,Normal,Low,Low
2025-01-01 06:00:00,N002,4.6875599999999995,1.53,0.0,Normal,Low,Low
2025-01-01 06:00:00,N003,2.6106000000000003,1.217,0.0,Normal,Low,Low
2025-01-01 06:00:00,N004,24.582768731217516,0.50033995320407,6.142,Severe_Blockage,High,High
2025-01-01 06:00:00,N005,1.40896,1.141,0.0,Normal,Low,Low
2025-01-01 06:00:00,N006,1.2513,1.128,0.0,Normal,Low,Low
2025-01-01 06:00:00,N007,2.7466399999999997,1.228,0.0,Normal,Low,Low
2025-01-01 06:00:00,N008,20.959617908338206,0.4183453552310719,6.096,Severe_Blockage,High,High
2025-01-01 06:00:00,N009,1.55648,1.138,0.0,Normal,Low,Low
2025-01-01 06:00:00,N010,4.67858,1.469,0.0,Normal,Low,Low
2025-01-01 06:00:00,N011,24.396529207982255,0.5646608612460915,5.31,Severe_Blockage,High,High
2025-01-01 06:00:00,N012,4.743200000000001,1.483,0.0,Normal,Low,Low
2025-01-01 06:00:00,N013,0.7672,1.071,0.0,Normal,Low,Low
2025-01-01 06:00:00,N014,22.370219123255332,0.4512573604975365,6.138,Severe_Blockage,High,High
2025-01-01 06:00:00,N015,2.64888,1.223,0.0,Normal,Low,Low
2025-01-01 06:00:00,N016,24.311523354664637,0.4486279150786288,6.702,Severe_Blockage,High,High
2025-01-01 06:00:00,N017,3.6558399999999995,1.266,0.0,Normal,Low,Low
2025-01-01 06:00:00,N018,4.459359999999999,1.458,0.0,Normal,Low,Low
2025-01-01 06:00:00,N019,3.35916,1.212,0.0,Normal,Low,Low
2025-01-01 06:00:00,N020,3.62934,1.311,0.0,Normal,Low,Low
2025-01-01 07:00:00,N001,0.9064,1.065,0.0,Normal,Low,Low
2025-01-01 07:00:00,N002,0.72738,1.062,0.0,Normal,Low,Low
2025-01-01 07:00:00,N003,34.4876274423047,0.3839174235082078,10.624,Severe_Blockage,Critical,Critical
2025-01-01 07:00:00,N004,36.03348057938848,0.27357044572884265,13.088,Severe_Blockage,Critical,Critical
2025-01-01 07:00:00,N005,18.307982194647174,0.4327101389342597,5.193,Severe_Blockage,High,High
2025-01-01 07:00:00,N006,1.3774,1.087,0.0,Normal,Low,Low
2025-01-01 07:00:00,N007,39.466805661896615,0.3093682718823541,13.629,Severe_Blockage,Critical,Critical
2025-01-01 07:00:00,N008,16.56596049520554,0.48612613190316384,4.256,Severe_Blockage,High,High
2025-01-01 07:00:00,N009,0.70656,1.057,0.0,Normal,Low,Low
2025-01-01 07:00:00,N010,3.04264,1.234,0.0,Normal,Low,Low
2025-01-01 07:00:00,N011,27.7142892412194,0.326730782540008,9.33,Severe_Blockage,Critical,Critical
2025-01-01 07:00:00,N012,31.572428967988685,0.36439285808825916,10.034,Severe_Blockage,Critical,Critical
2025-01-01 07:00:00,N013,1.08504,1.099,0.0,Normal,Low,Low
2025-01-01 07:00:00,N014,7.797999999999999,1.519,0.0,Normal,Low,Moderate
2025-01-01 07:00:00,N015,6.407120000000001,1.439,0.0,Normal,Low,Moderate
2025-01-01 07:00:00,N016,3.6914999999999996,1.309,0.0,Normal,Low,Low
2025-01-01 07:00:00,N017,4.59024,1.366,0.0,Normal,Low,Low
2025-01-01 07:00:00,N018,8.51508326066348,0.6284908686535592,1.582,Partial_Blockage,Moderate,Moderate
2025-01-01 07:00:00,N019,11.641246415340484,0.5899927105839173,2.386,Severe_Blockage,High,Moderate
2025-01-01 07:00:00,N020,5.09574,1.38,0.0,Normal,Low,Moderate
2025-01-01 08:00:00,N001,1.7424,1.202,0.0,Normal,Low,Low
2025-01-01 08:00:00,N002,1.93968,1.174,0.0,Normal,Low,Low
2025-01-01 08:00:00,N003,1.4106400000000001,1.175,0.0,Normal,Low,Low
2025-01-01 08:00:00,N004,2.08282,1.135,0.0,Normal,Low,Low
2025-01-01 08:00:00,N005,3.2177599999999997,1.223,0.0,Normal,Low,Low
2025-01-01 08:00:00,N006,16.637030615188586,0.5550911432715151,3.701,Severe_Blockage,High,High
2025-01-01 08:00:00,N007,4.7819199999999995,1.401,0.0,Normal,Low,Low
2025-01-01 08:00:00,N008,23.804292757826374,0.44548799335878664,6.6,Severe_Blockage,High,High
2025-01-01 08:00:00,N009,4.0652800000000004,1.28,0.0,Normal,Low,Low
2025-01-01 08:00:00,N010,2.49038,1.325,0.0,Normal,Low,Low
2025-01-01 08:00:00,N011,3.3708000000000005,1.195,0.0,Normal,Low,Low
2025-01-01 08:00:00,N012,1.06722,1.07,0.0,Normal,Low,Low
2025-01-01 08:00:00,N013,0.6028000000000001,1.059,0.0,Normal,Low,Low
2025-01-01 08:00:00,N014,4.16636,1.336,0.0,Normal,Low,Low
2025-01-01 08:00:00,N015,8.576903534944428,0.6142679949779416,1.654,Partial_Blockage,Moderate,Moderate
2025-01-01 08:00:00,N016,5.956999999999999,1.437,0.0,Normal,Low,Moderate
2025-01-01 08:00:00,N017,24.395749876022442,0.5217468231517217,5.834,Severe_Blockage,High,High
2025-01-01 08:00:00,N018,3.01244,1.263,0.0,Normal,Low,Low
2025-01-01 08:00:00,N019,10.605053571765005,0.5542604652398367,2.364,Severe_Blockage,High,Moderate
2025-01-01 08:00:00,N020,5.3768,1.363,0.0,Normal,Low,Moderate
2025-01-01 09:00:00,N001,3.1152,1.318,0.0,Normal,Low,Low
2025-01-01 09:00:00,N002,1.51762,1.166,0.0,Normal,Low,Low
2025-01-01 09:00:00,N003,0.8702,1.079,0.0,Normal,Low,Low
2025-01-01 09:00:00,N004,3.89478,1.363,0.0,Normal,Low,Low
2025-01-01 09:00:00,N005,4.607679999999999,1.404,0.0,Normal,Low,Low
2025-01-01 09:00:00,N006,13.016501222220914,0.7487179791545168,1.635,Partial_Blockage,Moderate,Moderate
2025-01-01 09:00:00,N007,10.209675806633218,0.7324082557671734,1.366,Partial_Blockage,Moderate,Moderate
2025-01-01 09:00:00,N008,5.27144,1.378,0.0,Normal,Low,Moderate
2025-01-01 09:00:00,N009,3.25632,1.235,0.0,Normal,Low,Low
2025-01-01 09:00:00,N010,3.58448,1.275,0.0,Normal,Low,Low
2025-01-01 09:00:00,N011,26.58431832266314,0.2807014943738011,9.561,Severe_Blockage,Critical,Critical
2025-01-01 09:00:00,N012,4.26888,1.34,0.0,Normal,Low,Low
2025-01-01 09:00:00,N013,9.853661161221336,0.6678491808380019,1.636,Partial_Blockage,Moderate,Moderate
2025-01-01 09:00:00,N014,1.9160799999999998,1.172,0.0,Normal,Low,Low
2025-01-01 09:00:00,N015,34.81104803587504,0.30626320384983174,12.075,Severe_Blockage,Critical,Critical
2025-01-01 09:00:00,N016,2.8289999999999997,1.145,0.0,Normal,Low,Low
2025-01-01 09:00:00,N017,3.3404799999999994,1.317,0.0,Normal,Low,Low
2025-01-01 09:00:00,N018,3.05988,1.218,0.0,Normal,Low,Low
2025-01-01 09:00:00,N019,3.96116,1.437,0.0,Normal,Low,Low
2025-01-01 09:00:00,N020,6.15888,1.432,0.0,Normal,Low,Moderate
2025-01-01 10:00:00,N001,0.9328000000000001,1.088,0.0,Normal,Low,Low
2025-01-01 10:00:00,N002,2.14622,1.238,0.0,Normal,Low,Low
2025-01-01 10:00:00,N003,3.3434,1.3,0.0,Normal,Low,Low
2025-01-01 10:00:00,N004,1.2422199999999999,1.099,0.0,Normal,Low,Low
2025-01-01 10:00:00,N005,1.88496,1.175,0.0,Normal,Low,Low
2025-01-01 10:00:00,N006,3.0749,1.224,0.0,Normal,Low,Low
2025-01-01 10:00:00,N007,2.9047199999999997,1.417,0.0,Normal,Low,Low
2025-01-01 10:00:00,N008,3.73226,1.287,0.0,Normal,Low,Low
2025-01-01 10:00:00,N009,38.542273122101165,0.38652407975440284,11.822,Severe_Blockage,Critical,Critical
2025-01-01 10:00:00,N010,2.77172,1.212,0.0,Normal,Low,Low
2025-01-01 10:00:00,N011,11.830728991665547,0.564788185813435,2.574,Severe_Blockage,High,Moderate
2025-01-01 10:00:00,N012,3.80534,1.449,0.0,Normal,Low,Low
2025-01-01 10:00:00,N013,2.8715200000000003,1.171,0.0,Normal,Low,Low
2025-01-01 10:00:00,N014,2.5399199999999995,1.207,0.0,Normal,Low,Low
2025-01-01 10:00:00,N015,30.529347308002237,0.2828959836695787,10.946,Severe_Blockage,Critical,Critical
2025-01-01 10:00:00,N016,0.8855,1.065,0.0,Normal,Low,Low
2025-01-01 10:00:00,N017,5.571359999999999,1.421,0.0,Normal,Low,Moderate
2025-01-01 10:00:00,N018,13.739791859450115,0.5934141949554452,2.793,Severe_Blockage,High,Moderate
2025-01-01 10:00:00,N019,2.48024,1.125,0.0,Normal,Low,Low
2025-01-01 10:00:00,N020,21.857520409282152,0.5420737827319269,5.005,Severe_Blockage,High,High
2025-01-01 11:00:00,N001,2.7456,1.239,0.0,Normal,Low,Low
2025-01-01 11:00:00,N002,14.191955198248309,0.749793798351537,1.775,Partial_Blockage,Moderate,Moderate
2025-01-01 11:00:00,N003,4.039560000000001,1.311,0.0,Normal,Low,Low
2025-01-01 11:00:00,N004,12.28534707882408,0.6904185024001175,1.902,Partial_Blockage,Moderate,Moderate
2025-01-01 11:00:00,N005,1.1423999999999999,1.087,0.0,Normal,Low,Low
2025-01-01 11:00:00,N006,3.6374999999999997,1.23,0.0,Normal,Low,Low
2025-01-01 11:00:00,N007,20.514721202916423,0.43642851331358173,5.781,Severe_Blockage,High,High
2025-01-01 11:00:00,N008,4.3459200000000004,1.333,0.0,Normal,Low,Low
2025-01-01 11:00:00,N009,3.11296,1.235,0.0,Normal,Low,Low
2025-01-01 11:00:00,N010,1.62552,1.128,0.0,Normal,Low,Low
2025-01-01 11:00:00,N011,1.8232000000000002,1.145,0.0,Normal,Low,Low
2025-01-01 11:00:00,N012,8.889744313024847,0.6766713681707383,1.437,Partial_Blockage,Moderate,Moderate
2025-01-01 11:00:00,N013,1.87416,1.116,0.0,Normal,Low,Low
2025-01-01 11:00:00,N014,1.7155599999999998,1.107,0.0,Normal,Low,Low
2025-01-01 11:00:00,N015,23.29051891622818,0.4399970368380679,6.521,Severe_Blockage,High,High
2025-01-01 11:00:00,N016,1.8399999999999999,1.154,0.0,Normal,Low,Low
2025-01-01 11:00:00,N017,3.8543999999999996,1.231,0.0,Normal,Low,Low
2025-01-01 11:00:00,N018,5.5742,1.327,0.0,Normal,Low,Moderate
2025-01-01 11:00:00,N019,0.75852,1.07,0.0,Normal,Low,Low
2025-01-01 11:00:00,N020,4.14258,1.211,0.0,Normal,Low,Low
2025-01-01 12:00:00,N001,1.7424,1.097,0.0,Normal,Low,Low
2025-01-01 12:00:00,N002,2.4964399999999998,1.22,0.0,Normal,Low,Low
2025-01-01 12:00:00,N003,4.58,1.436,0.0,Normal,Low,Low
2025-01-01 12:00:00,N004,32.57372105755964,0.31572830069755176,11.145,Severe_Blockage,Critical,Critical
2025-01-01 12:00:00,N005,10.730767987190037,0.5712497818826875,2.3,Severe_Blockage,High,Moderate
2025-01-01 12:00:00,N006,4.1322,1.463,0.0,Normal,Low,Low
2025-01-01 12:00:00,N007,3.458,1.299,0.0,Normal,Low,Low
2025-01-01 12:00:00,N008,4.587359999999999,1.332,0.0,Normal,Low,Low
2025-01-01 12:00:00,N009,23.51934770291829,0.5015249497777399,5.862,Severe_Blockage,High,High
2025-01-01 12:00:00,N010,2.5737400000000004,1.327,0.0,Normal,Low,Low
2025-01-01 12:00:00,N011,3.18,1.273,0.0,Normal,Low,Low
2025-01-01 12:00:00,N012,21.22850949430548,0.48420013058687356,5.475,Severe_Blockage,High,High
2025-01-01 12:00:00,N013,1.9837600000000002,1.319,0.0,Normal,Low,Low
2025-01-01 12:00:00,N014,2.66246,1.192,0.0,Normal,Low,Low
2025-01-01 12:00:00,N015,0.8150400000000001,1.053,0.0,Normal,Low,Low
2025-01-01 12:00:00,N016,2.3114999999999997,1.208,0.0,Normal,Low,Low
2025-01-01 12:00:00,N017,1.4249599999999998,1.088,0.0,Normal,Low,Low
2025-01-01 12:00:00,N018,5.1828199999999995,1.413,0.0,Normal,Low,Moderate
2025-01-01 12:00:00,N019,5.92368,1.493,0.0,Normal,Low,Moderate
2025-01-01 12:00:00,N020,3.4949199999999996,1.273,0.0,Normal,Low,Low
2025-01-01 13:00:00,N001,1.1968,1.222,0.0,Normal,Low,Low
2025-01-01 13:00:00,N002,4.849200000000001,1.42,0.0,Normal,Low,Low
2025-01-01 13:00:00,N003,2.23504,1.294,0.0,Normal,Low,Low
2025-01-01 13:00:00,N004,3.5865599999999995,1.435,0.0,Normal,Low,Low
2025-01-01 13:00:00,N005,4.79808,1.395,0.0,Normal,Low,Low
2025-01-01 13:00:00,N006,14.538288343952896,0.6180731365975091,2.776,Partial_Blockage,Moderate,Moderate
2025-01-01 13:00:00,N007,3.69512,1.385,0.0,Normal,Low,Low
2025-01-01 13:00:00,N008,4.587359999999999,1.383,0.0,Normal,Low,Low
2025-01-01 13:00:00,N009,4.05504,1.301,0.0,Normal,Low,Low
2025-01-01 13:00:00,N010,4.90782,1.405,0.0,Normal,Low,Low
2025-01-01 13:00:00,N011,5.777,1.48,0.0,Normal,Low,Moderate
2025-01-01 13:00:00,N012,5.18518,1.52,0.0,Normal,Low,Moderate
2025-01-01 13:00:00,N013,1.4467200000000002,1.09,0.0,Normal,Low,Low
2025-01-01 13:00:00,N014,3.1080599999999996,1.33,0.0,Normal,Low,Low
2025-01-01 13:00:00,N015,3.93936,1.37,0.0,Normal,Low,Low
2025-01-01 13:00:00,N016,2.8059999999999996,1.294,0.0,Normal,Low,Low
2025-01-01 13:00:00,N017,11.456681850158922,0.5806923426751385,2.402,Severe_Blockage,High,Moderate
2025-01-01 13:00:00,N018,7.329479999999999,1.444,0.0,Normal,Low,Moderate
2025-01-01 13:00:00,N019,13.275432965623528,0.7188329279480461,1.866,Partial_Blockage,Moderate,Moderate
2025-01-01 13:00:00,N020,7.68638,1.522,0.0,Normal,Low,Moderate
2025-01-01 14:00:00,N001,3.828,1.376,0.0,Normal,Low,Low
2025-01-01 14:00:00,N002,24.90240773855308,0.45866816551909373,6.74,Severe_Blockage,High,High
2025-01-01 14:00:00,N003,3.7006400000000004,1.366,0.0,Normal,Low,Low
2025-01-01 14:00:00,N004,1.1394799999999998,1.082,0.0,Normal,Low,Low
2025-01-01 14:00:00,N005,2.72272,1.225,0.0,Normal,Low,Low
2025-01-01 14:00:00,N006,9.446927997172208,0.7481943972071797,1.189,Partial_Blockage,Moderate,Moderate
2025-01-01 14:00:00,N007,39.64190168743884,0.34880593131624227,12.907,Severe_Blockage,Critical,Critical
2025-01-01 14:00:00,N008,1.36816,1.082,0.0,Normal,Low,Low
2025-01-01 14:00:00,N009,3.25632,1.505,0.0,Normal,Low,Low
2025-01-01 14:00:00,N010,8.764363230909161,0.6202712491910283,1.664,Partial_Blockage,Moderate,Moderate
2025-01-01 14:00:00,N011,32.09029999653396,0.3447614554322379,10.513,Severe_Blockage,Critical,Critical
2025-01-01 14:00:00,N012,3.3418,1.322,0.0,Normal,Low,Low
2025-01-01 14:00:00,N013,2.74,1.262,0.0,Normal,Low,Low
2025-01-01 14:00:00,N014,1.38136,1.074,0.0,Normal,Low,Low
2025-01-01 14:00:00,N015,3.8261600000000002,1.373,0.0,Normal,Low,Low
2025-01-01 14:00:00,N016,6.5665,1.502,0.0,Normal,Low,Moderate
2025-01-01 14:00:00,N017,3.1536,1.135,0.0,Normal,Low,Low
2025-01-01 14:00:00,N018,5.70466,1.486,0.0,Normal,Low,Moderate
2025-01-01 14:00:00,N019,3.93708,1.281,0.0,Normal,Low,Low
2025-01-01 14:00:00,N020,2.57842,1.116,0.0,Normal,Low,Low
2025-01-01 15:00:00,N001,2.5696,1.209,0.0,Normal,Low,Low
2025-01-01 15:00:00,N002,5.190440000000001,1.475,0.0,Normal,Low,Moderate
2025-01-01 15:00:00,N003,2.54648,1.231,0.0,Normal,Low,Low
2025-01-01 15:00:00,N004,8.334456853324449,0.5780413335342434,1.758,Severe_Blockage,High,Moderate
2025-01-01 15:00:00,N005,1.51368,1.105,0.0,Normal,Low,Low
2025-01-01 15:00:00,N006,3.5987,1.255,0.0,Normal,Low,Low
2025-01-01 15:00:00,N007,2.88496,1.219,0.0,Normal,Low,Low
2025-01-01 15:00:00,N008,23.639636964847707,0.48774501367736195,6.055,Severe_Blockage,High,High
2025-01-01 15:00:00,N009,0.70656,1.062,0.0,Normal,Low,Low
2025-01-01 15:00:00,N010,3.93876,1.263,0.0,Normal,Low,Low
2025-01-01 15:00:00,N011,1.6218000000000001,1.113,0.0,Normal,Low,Low
2025-01-01 15:00:00,N012,23.977307363037248,0.41044729969962657,7.068,Severe_Blockage,High,High
2025-01-01 15:00:00,N013,2.12624,1.165,0.0,Normal,Low,Low
2025-01-01 15:00:00,N014,2.07204,1.152,0.0,Normal,Low,Low
2025-01-01 15:00:00,N015,1.8564800000000001,1.128,0.0,Normal,Low,Low
2025-01-01 15:00:00,N016,2.553,1.194,0.0,Normal,Low,Low
2025-01-01 15:00:00,N017,6.330559999999999,1.522,0.0,Normal,Low,Moderate
2025-01-01 15:00:00,N018,14.760526433090721,0.6432583481126265,2.633,Partial_Blockage,Moderate,Moderate
2025-01-01 15:00:00,N019,2.02272,1.124,0.0,Normal,Low,Low
2025-01-01 15:00:00,N020,12.015554549121767,0.6521571527988501,2.09,Partial_Blockage,Moderate,Moderate
2025-01-01 16:00:00,N001,30.764857589585628,0.26425800672260635,11.317,Severe_Blockage,Critical,Critical
2025-01-01 16:00:00,N002,0.9429000000000001,1.058,0.0,Normal,Low,Low
2025-01-01 16:00:00,N003,18.19328866387138,0.5434162126107973,4.153,Severe_Blockage,High,High
2025-01-01 16:00:00,N004,5.72542,1.464,0.0,Normal,Low,Moderate
2025-01-01 16:00:00,N005,9.720337264268496,0.5836683423054397,2.023,Severe_Blockage,High,Moderate
2025-01-01 16:00:00,N006,4.083699999999999,1.525,0.0,Normal,Low,Low
2025-01-01 16:00:00,N007,2.14396,1.171,0.0,Normal,Low,Low
2025-01-01 16:00:00,N008,1.02612,1.069,0.0,Normal,Low,Low
2025-01-01 16:00:00,N009,3.85024,1.265,0.0,Normal,Low,Low
2025-01-01 16:00:00,N010,4.4806,1.428,0.0,Normal,Low,Low
2025-01-01 16:00:00,N011,17.148193647254956,0.5835933263659834,3.57,Severe_Blockage,High,High
2025-01-01 16:00:00,N012,5.27142,1.422,0.0,Normal,Low,Moderate
2025-01-01 16:00:00,N013,12.27146164665086,0.7456906747511736,1.56,Partial_Blockage,Moderate,Moderate
2025-01-01 16:00:00,N014,0.8912,1.063,0.0,Normal,Low,Low
2025-01-01 16:00:00,N015,6.6222,1.436,0.0,Normal,Low,Moderate
2025-01-01 16:00:00,N016,4.3125,1.393,0.0,Normal,Low,Low
2025-01-01 16:00:00,N017,3.2119999999999997,1.213,0.0,Normal,Low,Low
2025-01-01 16:00:00,N018,14.392754260388074,0.608553958991805,2.817,Partial_Blockage,Moderate,Moderate
2025-01-01 16:00:00,N019,1.01136,1.068,0.0,Normal,Low,Low
2025-01-01 16:00:00,N020,1.80856,1.12,0.0,Normal,Low,Low
2025-01-01 17:00:00,N001,3.388,1.294,0.0,Normal,Low,Low
2025-01-01 17:00:00,N002,10.787915082003728,0.5618992743645566,2.363,Severe_Blockage,High,Moderate
2025-01-01 17:00:00,N003,3.8746800000000006,1.397,0.0,Normal,Low,Low
2025-01-01 17:00:00,N004,6.23912,1.487,0.0,Normal,Low,Moderate
2025-01-01 17:00:00,N005,2.45616,1.208,0.0,Normal,Low,Low
2025-01-01 17:00:00,N006,4.4232,1.325,0.0,Normal,Low,Low
2025-01-01 17:00:00,N007,1.4523599999999999,1.094,0.0,Normal,Low,Low
2025-01-01 17:00:00,N008,3.14878,1.18,0.0,Normal,Low,Low
2025-01-01 17:00:00,N009,35.96745864314802,0.36168794069180965,11.479,Severe_Blockage,Critical,Critical
2025-01-01 17:00:00,N010,2.14652,1.142,0.0,Normal,Low,Low
2025-01-01 17:00:00,N011,1.9504000000000001,1.146,0.0,Normal,Low,Low
2025-01-01 17:00:00,N012,1.7463600000000001,1.117,0.0,Normal,Low,Low
2025-01-01 17:00:00,N013,9.681763956426952,0.5525935110857773,2.166,Severe_Blockage,High,Moderate
2025-01-01 17:00:00,N014,1.1697,1.059,0.0,Normal,Low,Low
2025-01-01 17:00:00,N015,30.015842512307827,0.30020617281865186,10.502,Severe_Blockage,Critical,Critical
2025-01-01 17:00:00,N016,10.484001389433892,0.7235601958732798,1.449,Partial_Blockage,Moderate,Moderate
2025-01-01 17:00:00,N017,4.555199999999999,1.329,0.0,Normal,Low,Low
2025-01-01 17:00:00,N018,1.6603999999999999,1.076,0.0,Normal,Low,Low
2025-01-01 17:00:00,N019,2.2635199999999998,1.159,0.0,Normal,Low,Low
2025-01-01 17:00:00,N020,3.33606,1.212,0.0,Normal,Low,Low
2025-01-01 18:00:00,N001,1.452,1.097,0.0,Normal,Low,Low
2025-01-01 18:00:00,N002,12.581134015032607,0.581547294730196,2.632,Severe_Blockage,High,Moderate
2025-01-01 18:00:00,N003,4.17696,1.521,0.0,Normal,Low,Low
2025-01-01 18:00:00,N004,13.240065341776177,0.6538506659572403,2.292,Partial_Blockage,Moderate,Moderate
2025-01-01 18:00:00,N005,12.2219115762475,0.6363938632743696,2.222,Partial_Blockage,Moderate,Moderate
2025-01-01 18:00:00,N006,0.7275,1.053,0.0,Normal,Low,Low
2025-01-01 18:00:00,N007,21.768753761626286,0.4325576922958778,6.176,Severe_Blockage,High,High
2025-01-01 18:00:00,N008,14.22811691498395,0.6668785877490376,2.37,Partial_Blockage,Moderate,Moderate
2025-01-01 18:00:00,N009,4.31104,1.366,0.0,Normal,Low,Low
2025-01-01 18:00:00,N010,4.2201,1.438,0.0,Normal,Low,Low
2025-01-01 18:00:00,N011,2.8514,1.188,0.0,Normal,Low,Low
2025-01-01 18:00:00,N012,10.842206924413723,0.6261347529267631,2.027,Partial_Blockage,Moderate,Moderate
2025-01-01 18:00:00,N013,25.144945806403722,0.381655340813323,7.774,Severe_Blockage,Critical,Critical
2025-01-01 18:00:00,N014,5.959899999999999,1.516,0.0,Normal,Low,Moderate
2025-01-01 18:00:00,N015,2.64888,1.263,0.0,Normal,Low,Low
2025-01-01 18:00:00,N016,36.64606695177705,0.3685865567791916,11.569,Severe_Blockage,Critical,Critical
2025-01-01 18:00:00,N017,1.7987199999999999,1.107,0.0,Normal,Low,Low
2025-01-01 18:00:00,N018,3.15476,1.194,0.0,Normal,Low,Low
2025-01-01 18:00:00,N019,3.8648399999999996,1.259,0.0,Normal,Low,Low
2025-01-01 18:00:00,N020,6.537699999999999,1.455,0.0,Normal,Low,Moderate
2025-01-01 19:00:00,N001,2.3056,1.254,0.0,Normal,Low,Low
2025-01-01 19:00:00,N002,3.21484,1.213,0.0,Normal,Low,Low
2025-01-01 19:00:00,N003,3.4258400000000004,1.271,0.0,Normal,Low,Low
2025-01-01 19:00:00,N004,12.469115170734172,0.590383048827975,2.554,Severe_Blockage,High,Moderate
2025-01-01 19:00:00,N005,12.240457987177255,0.6734173392588974,1.999,Partial_Blockage,Moderate,Moderate
2025-01-01 19:00:00,N006,16.606823927779622,0.498600129556594,4.163,Severe_Blockage,High,High
2025-01-01 19:00:00,N007,0.65208,1.058,0.0,Normal,Low,Low
2025-01-01 19:00:00,N008,2.98782,1.25,0.0,Normal,Low,Low
2025-01-01 19:00:00,N009,6.9427200000000004,1.532,0.0,Normal,Low,Moderate
2025-01-01 19:00:00,N010,3.58448,1.242,0.0,Normal,Low,Low
2025-01-01 19:00:00,N011,4.929,1.484,0.0,Normal,Low,Low
2025-01-01 19:00:00,N012,4.333559999999999,1.45,0.0,Normal,Low,Low
2025-01-01 19:00:00,N013,8.98121620795967,0.6974801891038762,1.358,Partial_Blockage,Moderate,Moderate
2025-01-01 19:00:00,N014,5.993319999999999,1.467,0.0,Normal,Low,Moderate
2025-01-01 19:00:00,N015,1.4942400000000002,1.074,0.0,Normal,Low,Low
2025-01-01 19:00:00,N016,3.8295,1.231,0.0,Normal,Low,Low
2025-01-01 19:00:00,N017,2.1958399999999996,1.123,0.0,Normal,Low,Low
2025-01-01 19:00:00,N018,2.02806,1.118,0.0,Normal,Low,Low
2025-01-01 19:00:00,N019,3.57588,1.186,0.0,Normal,Low,Low
2025-01-01 19:00:00,N020,2.49288,1.15,0.0,Normal,Low,Low
2025-01-01 20:00:00,N001,23.66096172878485,0.4696679796541045,6.274,Severe_Blockage,High,High
2025-01-01 20:00:00,N002,3.03524,1.332,0.0,Normal,Low,Low
2025-01-01 20:00:00,N003,3.0502800000000003,1.251,0.0,Normal,Low,Low
2025-01-01 20:00:00,N004,1.66252,1.155,0.0,Normal,Low,Low
2025-01-01 20:00:00,N005,2.10392,1.171,0.0,Normal,Low,Low
2025-01-01 20:00:00,N006,5.0828,1.517,0.0,Normal,Low,Moderate
2025-01-01 20:00:00,N007,18.89721497898448,0.5026480498032658,4.699,Severe_Blockage,High,High
2025-01-01 20:00:00,N008,11.4354918087836,0.6074951057814614,2.244,Partial_Blockage,Moderate,Moderate
2025-01-01 20:00:00,N009,3.91168,1.51,0.0,Normal,Low,Low
2025-01-01 20:00:00,N010,1.95896,1.215,0.0,Normal,Low,Low
2025-01-01 20:00:00,N011,1.8762,1.097,0.0,Normal,Low,Low
2025-01-01 20:00:00,N012,23.848475922643814,0.4942969446534021,6.03,Severe_Blockage,High,High
2025-01-01 20:00:00,N013,5.326560000000001,1.402,0.0,Normal,Low,Moderate
2025-01-01 20:00:00,N014,1.8380999999999996,1.191,0.0,Normal,Low,Low
2025-01-01 20:00:00,N015,1.15464,1.084,0.0,Normal,Low,Low
2025-01-01 20:00:00,N016,5.1865,1.387,0.0,Normal,Low,Moderate
2025-01-01 20:00:00,N017,1.54176,1.097,0.0,Normal,Low,Low
2025-01-01 20:00:00,N018,4.30518,1.244,0.0,Normal,Low,Low
2025-01-01 20:00:00,N019,5.16516,1.303,0.0,Normal,Low,Moderate
2025-01-01 20:00:00,N020,3.26274,1.376,0.0,Normal,Low,Low
2025-01-01 21:00:00,N001,3.036,1.45,0.0,Normal,Low,Low
2025-01-01 21:00:00,N002,3.53812,1.271,0.0,Normal,Low,Low
2025-01-01 21:00:00,N003,17.425275302506307,0.48421683192224174,4.494,Severe_Blockage,High,High
2025-01-01 21:00:00,N004,15.435235820670627,0.4474631205610759,4.264,Severe_Blockage,High,High
2025-01-01 21:00:00,N005,38.05581408103814,0.34526391808145585,12.458,Severe_Blockage,Critical,Critical
2025-01-01 21:00:00,N006,22.475337241438403,0.4953095026827299,5.672,Severe_Blockage,High,High
2025-01-01 21:00:00,N007,1.50176,1.121,0.0,Normal,Low,Low
2025-01-01 21:00:00,N008,19.48118408980346,0.5102206002930256,4.771,Severe_Blockage,High,High
2025-01-01 21:00:00,N009,11.334815999290203,0.6655626628527693,1.895,Partial_Blockage,Moderate,Moderate
2025-01-01 21:00:00,N010,9.958507681740764,0.7315249155038966,1.337,Partial_Blockage,Moderate,Moderate
2025-01-01 21:00:00,N011,3.6146000000000003,1.247,0.0,Normal,Low,Low
2025-01-01 21:00:00,N012,4.86178,1.441,0.0,Normal,Low,Low
2025-01-01 21:00:00,N013,3.7921600000000004,1.243,0.0,Normal,Low,Low
2025-01-01 21:00:00,N014,20.374747246397256,0.48777143302899745,5.218,Severe_Blockage,High,High
2025-01-01 21:00:00,N015,37.849227135759264,0.36093848886942487,12.094,Severe_Blockage,Critical,Critical
2025-01-01 21:00:00,N016,11.99853354133594,0.6460623000621346,2.123,Partial_Blockage,Moderate,Moderate
2025-01-01 21:00:00,N017,4.555199999999999,1.423,0.0,Normal,Low,Low
2025-01-01 21:00:00,N018,2.41944,1.109,0.0,Normal,Low,Low
2025-01-01 21:00:00,N019,3.0702,1.198,0.0,Normal,Low,Low
2025-01-01 21:00:00,N020,3.51936,1.218,0.0,Normal,Low,Low
2025-01-01 22:00:00,N001,2.4552,1.18,0.0,Normal,Low,Low
2025-01-01 22:00:00,N002,28.820653435827175,0.25997321283616703,10.664,Severe_Blockage,Critical,Critical
2025-01-01 22:00:00,N003,4.89144,1.505,0.0,Normal,Low,Low
2025-01-01 22:00:00,N004,2.71794,1.296,0.0,Normal,Low,Low
2025-01-01 22:00:00,N005,1.96112,1.148,0.0,Normal,Low,Low
2025-01-01 22:00:00,N006,3.6084,1.297,0.0,Normal,Low,Low
2025-01-01 22:00:00,N007,2.223,1.138,0.0,Normal,Low,Low
2025-01-01 22:00:00,N008,2.48482,1.28,0.0,Normal,Low,Low
2025-01-01 22:00:00,N009,8.47287402212869,0.6755064010374179,1.375,Partial_Blockage,Moderate,Moderate
2025-01-01 22:00:00,N010,32.4538229837717,0.3603264297118872,10.38,Severe_Blockage,Critical,Critical
2025-01-01 22:00:00,N011,4.5156,1.274,0.0,Normal,Low,Low
2025-01-01 22:00:00,N012,9.727056688946766,0.7340046784999918,1.294,Partial_Blockage,Moderate,Moderate
2025-01-01 22:00:00,N013,4.6032,1.267,0.0,Normal,Low,Low
2025-01-01 22:00:00,N014,19.088472331174554,0.5284349921295594,4.501,Severe_Blockage,High,High
2025-01-01 22:00:00,N015,2.1055200000000003,1.33,0.0,Normal,Low,Low
2025-01-01 22:00:00,N016,12.811358670247072,0.6115337141902233,2.488,Partial_Blockage,Moderate,Moderate
2025-01-01 22:00:00,N017,2.53456,1.137,0.0,Normal,Low,Low
2025-01-01 22:00:00,N018,3.558,1.155,0.0,Normal,Low,Low
2025-01-01 22:00:00,N019,1.4929599999999998,1.078,0.0,Normal,Low,Low
2025-01-01 22:00:00,N020,1.3564200000000002,1.075,0.0,Normal,Low,Low
2025-01-01 23:00:00,N001,3.0624,1.376,0.0,Normal,Low,Low
2025-01-01 23:00:00,N002,3.2777,1.347,0.0,Normal,Low,Low
2025-01-01 23:00:00,N003,9.809454317310013,0.6026021293178829,1.949,Partial_Blockage,Moderate,Moderate
2025-01-01 23:00:00,N004,4.8101,1.367,0.0,Normal,Low,Low
2025-01-01 23:00:00,N005,12.889933626231612,0.6265033997943492,2.407,Partial_Blockage,Moderate,Moderate
2025-01-01 23:00:00,N006,2.6771999999999996,1.239,0.0,Normal,Low,Low
2025-01-01 23:00:00,N007,3.5568,1.375,0.0,Normal,Low,Low
2025-01-01 23:00:00,N008,3.28962,1.258,0.0,Normal,Low,Low
2025-01-01 23:00:00,N009,2.56,1.19,0.0,Normal,Low,Low
2025-01-01 23:00:00,N010,3.3760800000000004,1.204,0.0,Normal,Low,Low
2025-01-01 23:00:00,N011,11.980277125813613,0.6964177812894131,1.818,Partial_Blockage,Moderate,Moderate
2025-01-01 23:00:00,N012,3.70832,1.294,0.0,Normal,Low,Low
2025-01-01 23:00:00,N013,3.29896,1.365,0.0,Normal,Low,Low
2025-01-01 23:00:00,N014,3.2083199999999996,1.287,0.0,Normal,Low,Low
2025-01-01 23:00:00,N015,3.1582800000000004,1.274,0.0,Normal,Low,Low
2025-01-01 23:00:00,N016,5.451,1.427,0.0,Normal,Low,Moderate
2025-01-01 23:00:00,N017,33.26552091202626,0.3616724809948304,10.617,Severe_Blockage,Critical,Critical
2025-01-01 23:00:00,N018,3.0242999999999998,1.186,0.0,Normal,Low,Low
2025-01-01 23:00:00,N019,5.02068,1.304,0.0,Normal,Low,Moderate
2025-01-01 23:00:00,N020,5.3157,1.252,0.0,Normal,Low,Moderate
2025-01-02 00:00:00,N001,1.4871999999999999,1.156,0.0,Normal,Low,Low
2025-01-02 00:00:00,N002,0.9429000000000001,1.056,0.0,Normal,Low,Low
2025-01-02 00:00:00,N003,24.60023257950074,0.45770322074098563,6.67,Severe_Blockage,High,High
2025-01-02 00:00:00,N004,1.51308,1.089,0.0,Normal,Low,Low
2025-01-02 00:00:00,N005,3.06544,1.321,0.0,Normal,Low,Low
2025-01-02 00:00:00,N006,2.2601,1.241,0.0,Normal,Low,Low
2025-01-02 00:00:00,N007,25.205179664105167,0.35628137037868407,8.113,Severe_Blockage,Critical,Critical
2025-01-02 00:00:00,N008,2.62566,1.338,0.0,Normal,Low,Low
2025-01-02 00:00:00,N009,2.89792,1.179,0.0,Normal,Low,Low
2025-01-02 00:00:00,N010,1.54216,1.15,0.0,Normal,Low,Low
2025-01-02 00:00:00,N011,0.8586000000000001,1.067,0.0,Normal,Low,Low
2025-01-02 00:00:00,N012,2.27458,1.166,0.0,Normal,Low,Low
2025-01-02 00:00:00,N013,3.6496800000000005,1.273,0.0,Normal,Low,Low
2025-01-02 00:00:00,N014,2.94096,1.325,0.0,Normal,Low,Low
2025-01-02 00:00:00,N015,5.795840000000001,1.389,0.0,Normal,Low,Moderate
2025-01-02 00:00:00,N016,5.888,1.437,0.0,Normal,Low,Moderate
2025-01-02 00:00:00,N017,3.5507199999999997,1.195,0.0,Normal,Low,Low
2025-01-02 00:00:00,N018,9.13773231751834,0.6412590452620819,1.639,Partial_Blockage,Moderate,Moderate
2025-01-02 00:00:00,N019,2.54044,1.159,0.0,Normal,Low,Low
2025-01-02 00:00:00,N020,4.59472,1.349,0.0,Normal,Low,Low
2025-01-02 01:00:00,N001,0.7656,1.074,0.0,Normal,Low,Low
2025-01-02 01:00:00,N002,2.5593000000000004,1.349,0.0,Normal,Low,Low
2025-01-02 01:00:00,N003,2.08848,1.242,0.0,Normal,Low,Low
2025-01-02 01:00:00,N004,1.5971399999999998,1.251,0.0,Normal,Low,Low
2025-01-02 01:00:00,N005,22.295290373491056,0.5304975961287965,5.234,Severe_Blockage,High,High
2025-01-02 01:00:00,N006,1.5423,1.121,0.0,Normal,Low,Low
2025-01-02 01:00:00,N007,2.9343600000000003,1.296,0.0,Normal,Low,Low
2025-01-02 01:00:00,N008,17.477437986829646,0.4096583701540801,5.159,Severe_Blockage,High,High
2025-01-02 01:00:00,N009,12.156643445678139,0.7305722074676235,1.638,Partial_Blockage,Moderate,Moderate
2025-01-02 01:00:00,N010,1.4171200000000002,1.1,0.0,Normal,Low,Low
2025-01-02 01:00:00,N011,1.9080000000000001,1.137,0.0,Normal,Low,Low
2025-01-02 01:00:00,N012,3.75144,1.249,0.0,Normal,Low,Low
2025-01-02 01:00:00,N013,4.25248,1.491,0.0,Normal,Low,Low
2025-01-02 01:00:00,N014,14.002060411549964,0.6511063497267644,2.443,Partial_Blockage,Moderate,Moderate
2025-01-02 01:00:00,N015,16.312552987292708,0.5547679198822495,3.631,Severe_Blockage,High,High
2025-01-02 01:00:00,N016,3.7834999999999996,1.247,0.0,Normal,Low,Low
2025-01-02 01:00:00,N017,4.06464,1.4,0.0,Normal,Low,Low
2025-01-02 01:00:00,N018,2.6685,1.183,0.0,Normal,Low,Low
2025-01-02 01:00:00,N019,24.393633148727528,0.5257951512782539,5.784,Severe_Blockage,High,High
2025-01-02 01:00:00,N020,3.3727199999999997,1.165,0.0,Normal,Low,Low
2025-01-02 02:00:00,N001,3.8456,1.497,0.0,Normal,Low,Low
2025-01-02 02:00:00,N002,0.64656,1.054,0.0,Normal,Low,Low
2025-01-02 02:00:00,N003,2.43656,1.195,0.0,Normal,Low,Low
2025-01-02 02:00:00,N004,3.84808,1.286,0.0,Normal,Low,Low
2025-01-02 02:00:00,N005,2.34192,1.291,0.0,Normal,Low,Low
2025-01-02 02:00:00,N006,1.8042,1.149,0.0,Normal,Low,Low
2025-01-02 02:00:00,N007,11.927343205885517,0.7132779830942834,1.71,Partial_Blockage,Moderate,Moderate
2025-01-02 02:00:00,N008,2.3238600000000003,1.445,0.0,Normal,Low,Low
2025-01-02 02:00:00,N009,2.99008,1.383,0.0,Normal,Low,Low
2025-01-02 02:00:00,N010,34.86953446741482,0.35661546112810494,11.217,Severe_Blockage,Critical,Critical
2025-01-02 02:00:00,N011,2.9468,1.228,0.0,Normal,Low,Low
2025-01-02 02:00:00,N012,1.7463600000000001,1.107,0.0,Normal,Low,Low
2025-01-02 02:00:00,N013,4.12096,1.337,0.0,Normal,Low,Low
2025-01-02 02:00:00,N014,2.8072799999999996,1.26,0.0,Normal,Low,Low
2025-01-02 02:00:00,N015,1.40368,1.129,0.0,Normal,Low,Low
2025-01-02 02:00:00,N016,12.728923550108103,0.6384170020073753,2.301,Partial_Blockage,Moderate,Moderate
2025-01-02 02:00:00,N017,3.30544,1.279,0.0,Normal,Low,Low
2025-01-02 02:00:00,N018,2.09922,1.108,0.0,Normal,Low,Low
2025-01-02 02:00:00,N019,2.1069999999999998,1.089,0.0,Normal,Low,Low
2025-01-02 02:00:00,N020,2.67618,1.199,0.0,Normal,Low,Low
2025-01-02 03:00:00,N001,1.716,1.148,0.0,Normal,Low,Low
2025-01-02 03:00:00,N002,39.176190780571034,0.35548137989401385,12.625,Severe_Blockage,Critical,Critical
2025-01-02 03:00:00,N003,23.961836679715432,0.4103494376066163,7.065,Severe_Blockage,High,High
2025-01-02 03:00:00,N004,12.903821639655384,0.7277626629007343,1.756,Partial_Blockage,Moderate,Moderate
2025-01-02 03:00:00,N005,1.22808,1.133,0.0,Normal,Low,Low
2025-01-02 03:00:00,N006,3.4532,1.417,0.0,Normal,Low,Low
2025-01-02 03:00:00,N007,6.30344,1.523,0.0,Normal,Low,Moderate
2025-01-02 03:00:00,N008,1.02612,1.063,0.0,Normal,Low,Low
2025-01-02 03:00:00,N009,4.33152,1.308,0.0,Normal,Low,Low
2025-01-02 03:00:00,N010,4.15758,1.456,0.0,Normal,Low,Low
2025-01-02 03:00:00,N011,14.829744893285312,0.6006416836983386,2.961,Partial_Blockage,Moderate,Moderate
2025-01-02 03:00:00,N012,9.620058443588661,0.6154833119123405,1.85,Partial_Blockage,Moderate,Moderate
2025-01-02 03:00:00,N013,2.4331200000000006,1.205,0.0,Normal,Low,Low
2025-01-02 03:00:00,N014,2.4842199999999997,1.144,0.0,Normal,Low,Low
2025-01-02 03:00:00,N015,4.66384,1.33,0.0,Normal,Low,Low
2025-01-02 03:00:00,N016,12.49594882911345,0.6287760430222635,2.319,Partial_Blockage,Moderate,Moderate
2025-01-02 03:00:00,N017,2.30096,1.198,0.0,Normal,Low,Low
2025-01-02 03:00:00,N018,3.01244,1.386,0.0,Normal,Low,Low
2025-01-02 03:00:00,N019,2.68492,1.185,0.0,Normal,Low,Low
2025-01-02 03:00:00,N020,10.35527191113709,0.6655341600312247,1.732,Partial_Blockage,Moderate,Moderate
2025-01-02 04:00:00,N001,2.7016,1.269,0.0,Normal,Low,Low
2025-01-02 04:00:00,N002,1.8678400000000002,1.151,0.0,Normal,Low,Low
2025-01-02 04:00:00,N003,2.90372,1.229,0.0,Normal,Low,Low
2025-01-02 04:00:00,N004,1.18618,1.074,0.0,Normal,Low,Low
2025-01-02 04:00:00,N005,4.40776,1.401,0.0,Normal,Low,Low
2025-01-02 04:00:00,N006,1.2319,1.108,0.0,Normal,Low,Low
2025-01-02 04:00:00,N007,3.1122,1.246,0.0,Normal,Low,Low
2025-01-02 04:00:00,N008,3.65178,1.22,0.0,Normal,Low,Low
2025-01-02 04:00:00,N009,2.1504000000000003,1.138,0.0,Normal,Low,Low
2025-01-02 04:00:00,N010,3.56364,1.269,0.0,Normal,Low,Low
2025-01-02 04:00:00,N011,4.4096,1.407,0.0,Normal,Low,Low
2025-01-02 04:00:00,N012,10.1218144737769,0.683904229689533,1.6,Partial_Blockage,Moderate,Moderate
2025-01-02 04:00:00,N013,1.4248,1.129,0.0,Normal,Low,Low
2025-01-02 04:00:00,N014,18.351612493286883,0.5514264706540365,4.116,Severe_Blockage,High,High
2025-01-02 04:00:00,N015,3.4299600000000003,1.315,0.0,Normal,Low,Low
2025-01-02 04:00:00,N016,5.956999999999999,1.439,0.0,Normal,Low,Moderate
2025-01-02 04:00:00,N017,4.80048,1.315,0.0,Normal,Low,Low
2025-01-02 04:00:00,N018,2.18224,1.153,0.0,Normal,Low,Low
2025-01-02 04:00:00,N019,23.92622709809469,0.5110115195444552,5.85,Severe_Blockage,High,High
2025-01-02 04:00:00,N020,7.58862,1.536,0.0,Normal,Low,Moderate
2025-01-02 05:00:00,N001,2.9568,1.476,0.0,Normal,Low,Low
2025-01-02 05:00:00,N002,3.47526,1.259,0.0,Normal,Low,Low
2025-01-02 05:00:00,N003,14.819515707790313,0.6031049939787142,2.941,Partial_Blockage,Moderate,Moderate
2025-01-02 05:00:00,N004,19.641008641918233,0.4437910044922368,5.462,Severe_Blockage,High,High
2025-01-02 05:00:00,N005,1.75168,1.114,0.0,Normal,Low,Low
2025-01-02 05:00:00,N006,28.964824194774785,0.37480438814791406,9.054,Severe_Blockage,Critical,Critical
2025-01-02 05:00:00,N007,1.976,1.16,0.0,Normal,Low,Low
2025-01-02 05:00:00,N008,2.6759600000000003,1.242,0.0,Normal,Low,Low
2025-01-02 05:00:00,N009,2.6111999999999997,1.282,0.0,Normal,Low,Low
2025-01-02 05:00:00,N010,4.26178,1.397,0.0,Normal,Low,Low
2025-01-02 05:00:00,N011,1.4416000000000002,1.075,0.0,Normal,Low,Low
2025-01-02 05:00:00,N012,37.8136108779066,0.36040961564611734,12.093,Severe_Blockage,Critical,Critical
2025-01-02 05:00:00,N013,4.636080000000001,1.293,0.0,Normal,Low,Low
2025-01-02 05:00:00,N014,4.378019999999999,1.307,0.0,Normal,Low,Low
2025-01-02 05:00:00,N015,5.637360000000001,1.318,0.0,Normal,Low,Moderate
2025-01-02 05:00:00,N016,14.677554799036576,0.7107923423726071,2.122,Partial_Blockage,Moderate,Moderate
2025-01-02 05:00:00,N017,8.752803106124576,0.6810040589192339,1.396,Partial_Blockage,Moderate,Moderate
2025-01-02 05:00:00,N018,2.5498999999999996,1.284,0.0,Normal,Low,Low
2025-01-02 05:00:00,N019,4.08156,1.258,0.0,Normal,Low,Low
2025-01-02 05:00:00,N020,5.34014,1.483,0.0,Normal,Low,Moderate
2025-01-02 06:00:00,N001,1.716,1.15,0.0,Normal,Low,Low
2025-01-02 06:00:00,N002,5.50474,1.433,0.0,Normal,Low,Moderate
2025-01-02 06:00:00,N003,1.6762800000000002,1.18,0.0,Normal,Low,Low
2025-01-02 06:00:00,N004,4.89416,1.491,0.0,Normal,Low,Low
2025-01-02 06:00:00,N005,14.698249444750658,0.5588462826560874,3.242,Severe_Blockage,High,Moderate
2025-01-02 06:00:00,N006,3.8411999999999997,1.38,0.0,Normal,Low,Low
2025-01-02 06:00:00,N007,2.0451599999999996,1.132,0.0,Normal,Low,Low
2025-01-02 06:00:00,N008,2.57536,1.256,0.0,Normal,Low,Low
2025-01-02 06:00:00,N009,0.62464,1.086,0.0,Normal,Low,Low
2025-01-02 06:00:00,N010,19.281671914067854,0.5450515747695343,4.386,Severe_Blockage,High,High
2025-01-02 06:00:00,N011,5.3848,1.503,0.0,Normal,Low,Moderate
2025-01-02 06:00:00,N012,4.851,1.374,0.0,Normal,Low,Low
2025-01-02 06:00:00,N013,3.43048,1.22,0.0,Normal,Low,Low
2025-01-02 06:00:00,N014,0.73524,1.062,0.0,Normal,Low,Low
2025-01-02 06:00:00,N015,3.4978800000000003,1.437,0.0,Normal,Low,Low
2025-01-02 06:00:00,N016,5.842,1.379,0.0,Normal,Low,Moderate
2025-01-02 06:00:00,N017,5.74656,1.461,0.0,Normal,Low,Moderate
2025-01-02 06:00:00,N018,2.91756,1.154,0.0,Normal,Low,Low
2025-01-02 06:00:00,N019,16.62811051176558,0.480701925650651,4.317,Severe_Blockage,High,High
2025-01-02 06:00:00,N020,12.53846865996752,0.7125893489254107,1.802,Partial_Blockage,Moderate,Moderate
2025-01-02 07:00:00,N001,3.2472,1.293,0.0,Normal,Low,Low
2025-01-02 07:00:00,N002,2.9634,1.229,0.0,Normal,Low,Low
2025-01-02 07:00:00,N003,2.92204,1.269,0.0,Normal,Low,Low
2025-01-02 07:00:00,N004,24.65927791853937,0.5098752868379726,6.043,Severe_Blockage,High,High
2025-01-02 07:00:00,N005,9.836220240163943,0.6523034365835534,1.71,Partial_Blockage,Moderate,Moderate
2025-01-02 07:00:00,N006,2.3668,1.241,0.0,Normal,Low,Low
2025-01-02 07:00:00,N007,1.40296,1.098,0.0,Normal,Low,Low
2025-01-02 07:00:00,N008,3.07836,1.273,0.0,Normal,Low,Low
2025-01-02 07:00:00,N009,3.62496,1.251,0.0,Normal,Low,Low
2025-01-02 07:00:00,N010,2.36534,1.181,0.0,Normal,Low,Low
2025-01-02 07:00:00,N011,0.8904,1.065,0.0,Normal,Low,Low
2025-01-02 07:00:00,N012,39.71775658286228,0.36183555940014095,12.673,Severe_Blockage,Critical,Critical
2025-01-02 07:00:00,N013,3.1016800000000004,1.19,0.0,Normal,Low,Low
2025-01-02 07:00:00,N014,11.992837216515777,0.5971831524989236,2.415,Severe_Blockage,High,Moderate
2025-01-02 07:00:00,N015,2.4338,1.164,0.0,Normal,Low,Low
2025-01-02 07:00:00,N016,9.852316032554583,0.6356834923273782,1.795,Partial_Blockage,Moderate,Moderate
2025-01-02 07:00:00,N017,9.714094511872545,0.6905426483986515,1.503,Partial_Blockage,Moderate,Moderate
2025-01-02 07:00:00,N018,4.9812,1.438,0.0,Normal,Low,Low
2025-01-02 07:00:00,N019,12.97777263339649,0.5960267976585618,2.621,Severe_Blockage,High,Moderate
2025-01-02 07:00:00,N020,2.8594799999999996,1.248,0.0,Normal,Low,Low
2025-01-02 08:00:00,N001,1.9448,1.176,0.0,Normal,Low,Low
2025-01-02 08:00:00,N002,4.40918,1.429,0.0,Normal,Low,Low
2025-01-02 08:00:00,N003,28.007240348200465,0.36162621087235924,8.94,Severe_Blockage,Critical,Critical
2025-01-02 08:00:00,N004,19.787484146820542,0.5859799299961401,4.096,Severe_Blockage,High,High
2025-01-02 08:00:00,N005,38.95363027451449,0.31731193508127464,13.297,Severe_Blockage,Critical,Critical
2025-01-02 08:00:00,N006,1.4356,1.102,0.0,Normal,Low,Low
2025-01-02 08:00:00,N007,3.91248,1.343,0.0,Normal,Low,Low
2025-01-02 08:00:00,N008,15.024081438169624,0.5880270037926452,3.095,Severe_Blockage,High,High
2025-01-02 08:00:00,N009,35.529443325603246,0.2659851955286143,13.04,Severe_Blockage,Critical,Critical
2025-01-02 08:00:00,N010,21.23913940094768,0.46713929262988135,5.659,Severe_Blockage,High,High
2025-01-02 08:00:00,N011,22.980804376193657,0.42531639302715785,6.603,Severe_Blockage,High,High
2025-01-02 08:00:00,N012,19.96692134455153,0.42116317716161117,5.779,Severe_Blockage,High,High
2025-01-02 08:00:00,N013,20.245624403522797,0.5105499733551067,4.955,Severe_Blockage,High,High
2025-01-02 08:00:00,N014,1.51504,1.108,0.0,Normal,Low,Low
2025-01-02 08:00:00,N015,5.716600000000001,1.453,0.0,Normal,Low,Moderate
2025-01-02 08:00:00,N016,4.324,1.337,0.0,Normal,Low,Low
2025-01-02 08:00:00,N017,1.48336,1.103,0.0,Normal,Low,Low
2025-01-02 08:00:00,N018,1.82644,1.11,0.0,Normal,Low,Low
2025-01-02 08:00:00,N019,4.1538,1.244,0.0,Normal,Low,Low
2025-01-02 08:00:00,N020,12.048159163430714,0.6275604069635692,2.244,Partial_Blockage,Moderate,Moderate
2025-01-02 09:00:00,N001,12.55444550457298,0.7472120095741308,1.587,Partial_Blockage,Moderate,Moderate
2025-01-02 09:00:00,N002,2.10132,1.177,0.0,Normal,Low,Low
2025-01-02 09:00:00,N003,2.71136,1.223,0.0,Normal,Low,Low
2025-01-02 09:00:00,N004,12.288310806039203,0.5796634563424586,2.583,Severe_Blockage,High,Moderate
2025-01-02 09:00:00,N005,4.11264,1.309,0.0,Normal,Low,Low
2025-01-02 09:00:00,N006,17.96053727808011,0.4007884665065364,5.381,Severe_Blockage,High,High
2025-01-02 09:00:00,N007,0.99788,1.081,0.0,Normal,Low,Low
2025-01-02 09:00:00,N008,1.36816,1.102,0.0,Normal,Low,Low
2025-01-02 09:00:00,N009,1.8432000000000002,1.122,0.0,Normal,Low,Low
2025-01-02 09:00:00,N010,0.90654,1.065,0.0,Normal,Low,Low
2025-01-02 09:00:00,N011,3.4344000000000006,1.362,0.0,Normal,Low,Low
2025-01-02 09:00:00,N012,6.230840000000001,1.463,0.0,Normal,Low,Moderate
2025-01-02 09:00:00,N013,4.89912,1.385,0.0,Normal,Low,Low
2025-01-02 09:00:00,N014,4.779059999999999,1.264,0.0,Normal,Low,Low
2025-01-02 09:00:00,N015,5.127960000000001,1.352,0.0,Normal,Low,Moderate
2025-01-02 09:00:00,N016,3.9215,1.504,0.0,Normal,Low,Low
2025-01-02 09:00:00,N017,6.132,1.417,0.0,Normal,Low,Moderate
2025-01-02 09:00:00,N018,11.740607549176307,0.6609888761422973,1.99,Partial_Blockage,Moderate,Moderate
2025-01-02 09:00:00,N019,1.84212,1.112,0.0,Normal,Low,Low
2025-01-02 09:00:00,N020,20.453792765719076,0.5057450762912297,5.055,Severe_Blockage,High,High
2025-01-02 10:00:00,N001,2.8072,1.217,0.0,Normal,Low,Low
2025-01-02 10:00:00,N002,3.2777,1.284,0.0,Normal,Low,Low
2025-01-02 10:00:00,N003,2.02436,1.204,0.0,Normal,Low,Low
2025-01-02 10:00:00,N004,1.9333799999999997,1.278,0.0,Normal,Low,Low
2025-01-02 10:00:00,N005,2.6275199999999996,1.162,0.0,Normal,Low,Low
2025-01-02 10:00:00,N006,3.6084,1.244,0.0,Normal,Low,Low
2025-01-02 10:00:00,N007,2.18348,1.183,0.0,Normal,Low,Low
2025-01-02 10:00:00,N008,11.812223407336674,0.5776189576440813,2.495,Severe_Blockage,High,Moderate
2025-01-02 10:00:00,N009,5.099520000000001,1.49,0.0,Normal,Low,Moderate
2025-01-02 10:00:00,N010,5.04328,1.318,0.0,Normal,Low,Moderate
2025-01-02 10:00:00,N011,3.7206,1.363,0.0,Normal,Low,Low
2025-01-02 10:00:00,N012,4.031720000000001,1.335,0.0,Normal,Low,Low
2025-01-02 10:00:00,N013,3.13456,1.362,0.0,Normal,Low,Low
2025-01-02 10:00:00,N014,3.2083199999999996,1.243,0.0,Normal,Low,Low
2025-01-02 10:00:00,N015,2.83,1.217,0.0,Normal,Low,Low
2025-01-02 10:00:00,N016,3.8409999999999997,1.356,0.0,Normal,Low,Low
2025-01-02 10:00:00,N017,12.033383090952938,0.6526178343266231,2.09,Partial_Blockage,Moderate,Moderate
2025-01-02 10:00:00,N018,20.987384356281453,0.593713283595698,4.263,Severe_Blockage,High,High
2025-01-02 10:00:00,N019,3.05816,1.162,0.0,Normal,Low,Low
2025-01-02 10:00:00,N020,5.718959999999999,1.451,0.0,Normal,Low,Moderate
2025-01-02 11:00:00,N001,2.5696,1.294,0.0,Normal,Low,Low
2025-01-02 11:00:00,N002,1.27516,1.158,0.0,Normal,Low,Low
2025-01-02 11:00:00,N003,0.5954,1.067,0.0,Normal,Low,Low
2025-01-02 11:00:00,N004,5.772119999999999,1.537,0.0,Normal,Low,Moderate
2025-01-02 11:00:00,N005,4.284,1.498,0.0,Normal,Low,Low
2025-01-02 11:00:00,N006,28.342297353458136,0.3803694336915694,8.781,Severe_Blockage,Critical,Critical
2025-01-02 11:00:00,N007,3.34932,1.314,0.0,Normal,Low,Low
2025-01-02 11:00:00,N008,2.77656,1.288,0.0,Normal,Low,Low
2025-01-02 11:00:00,N009,3.6454400000000002,1.322,0.0,Normal,Low,Low
2025-01-02 11:00:00,N010,2.37576,1.176,0.0,Normal,Low,Low
2025-01-02 11:00:00,N011,4.303599999999999,1.53,0.0,Normal,Low,Low
2025-01-02 11:00:00,N012,1.5738800000000002,1.082,0.0,Normal,Low,Low
2025-01-02 11:00:00,N013,6.148560000000001,1.458,0.0,Normal,Low,Moderate
2025-01-02 11:00:00,N014,5.837359999999999,1.493,0.0,Normal,Low,Moderate
2025-01-02 11:00:00,N015,16.660817189820914,0.4707409828375384,4.409,Severe_Blockage,High,High
2025-01-02 11:00:00,N016,25.10756657578405,0.35581631647780004,8.087,Severe_Blockage,Critical,Critical
2025-01-02 11:00:00,N017,2.83824,1.223,0.0,Normal,Low,Low
2025-01-02 11:00:00,N018,2.3838599999999994,1.151,0.0,Normal,Low,Low
2025-01-02 11:00:00,N019,4.76784,1.284,0.0,Normal,Low,Low
2025-01-02 11:00:00,N020,38.040512657609,0.254000799946939,14.189,Severe_Blockage,Critical,Critical
2025-01-02 12:00:00,N001,1.76,1.125,0.0,Normal,Low,Low
2025-01-02 12:00:00,N002,23.7337375256066,0.5036501725521583,5.89,Severe_Blockage,High,High
2025-01-02 12:00:00,N003,15.585402862713844,0.4395264289011686,4.368,Severe_Blockage,High,High
2025-01-02 12:00:00,N004,2.76464,1.204,0.0,Normal,Low,Low
2025-01-02 12:00:00,N005,22.413613729498657,0.46202400406069055,6.029,Severe_Blockage,High,High
2025-01-02 12:00:00,N006,5.4708,1.443,0.0,Normal,Low,Moderate
2025-01-02 12:00:00,N007,4.75228,1.52,0.0,Normal,Low,Low
2025-01-02 12:00:00,N008,2.77656,1.189,0.0,Normal,Low,Low
2025-01-02 12:00:00,N009,3.50208,1.345,0.0,Normal,Low,Low
2025-01-02 12:00:00,N010,2.52164,1.202,0.0,Normal,Low,Low
2025-01-02 12:00:00,N011,2.5652,1.272,0.0,Normal,Low,Low
2025-01-02 12:00:00,N012,4.39824,1.446,0.0,Normal,Low,Low
2025-01-02 12:00:00,N013,0.90968,1.065,0.0,Normal,Low,Low
2025-01-02 12:00:00,N014,14.1581597186033,0.5798779907011082,2.974,Severe_Blockage,High,Moderate
2025-01-02 12:00:00,N015,24.902236670893018,0.4856757631985076,6.404,Severe_Blockage,High,High
2025-01-02 12:00:00,N016,3.404,1.27,0.0,Normal,Low,Low
2025-01-02 12:00:00,N017,1.2264,1.067,0.0,Normal,Low,Low
2025-01-02 12:00:00,N018,1.4113399999999998,1.092,0.0,Normal,Low,Low
2025-01-02 12:00:00,N019,5.87552,1.357,0.0,Normal,Low,Moderate
2025-01-02 12:00:00,N020,4.5825,1.303,0.0,Normal,Low,Low
2025-01-02 13:00:00,N001,35.913355785318984,0.32096950689228043,12.193,Severe_Blockage,Critical,Critical
2025-01-02 13:00:00,N002,1.94866,1.23,0.0,Normal,Low,Low
2025-01-02 13:00:00,N003,12.730873084246761,0.6717604739681367,2.089,Partial_Blockage,Moderate,Moderate
2025-01-02 13:00:00,N004,4.492539999999999,1.412,0.0,Normal,Low,Low
2025-01-02 13:00:00,N005,0.82824,1.064,0.0,Normal,Low,Low
2025-01-02 13:00:00,N006,18.72891825956467,0.44161063247964866,5.229,Severe_Blockage,High,High
2025-01-02 13:00:00,N007,1.8870799999999999,1.193,0.0,Normal,Low,Low
2025-01-02 13:00:00,N008,3.6216,1.297,0.0,Normal,Low,Low
2025-01-02 13:00:00,N009,5.41696,1.407,0.0,Normal,Low,Moderate
2025-01-02 13:00:00,N010,7.35652,1.511,0.0,Normal,Low,Moderate
2025-01-02 13:00:00,N011,1.484,1.065,0.0,Normal,Low,Low
2025-01-02 13:00:00,N012,1.5092,1.153,0.0,Normal,Low,Low
2025-01-02 13:00:00,N013,2.25776,1.127,0.0,Normal,Low,Low
2025-01-02 13:00:00,N014,1.9049399999999999,1.126,0.0,Normal,Low,Low
2025-01-02 13:00:00,N015,5.829800000000001,1.439,0.0,Normal,Low,Moderate
2025-01-02 13:00:00,N016,0.8969999999999999,1.059,0.0,Normal,Low,Low
2025-01-02 13:00:00,N017,5.104159999999999,1.312,0.0,Normal,Low,Moderate
2025-01-02 13:00:00,N018,8.872250158110667,0.7277998390903079,1.208,Partial_Blockage,Moderate,Moderate
2025-01-02 13:00:00,N019,3.21468,1.253,0.0,Normal,Low,Low
2025-01-02 13:00:00,N020,2.1018399999999997,1.099,0.0,Normal,Low,Low
2025-01-02 14:00:00,N001,1.5664,1.137,0.0,Normal,Low,Low
2025-01-02 14:00:00,N002,0.90698,1.068,0.0,Normal,Low,Low
2025-01-02 14:00:00,N003,9.837973987275314,0.6659567012323997,1.643,Partial_Blockage,Moderate,Moderate
2025-01-02 14:00:00,N004,1.1207999999999998,1.09,0.0,Normal,Low,Low
2025-01-02 14:00:00,N005,1.16144,1.078,0.0,Normal,Low,Low
2025-01-02 14:00:00,N006,15.790671714636078,0.43710996594269635,4.444,Severe_Blockage,High,High
2025-01-02 14:00:00,N007,5.621720000000001,1.448,0.0,Normal,Low,Moderate
2025-01-02 14:00:00,N008,4.3459200000000004,1.319,0.0,Normal,Low,Low
2025-01-02 14:00:00,N009,0.84992,1.067,0.0,Normal,Low,Low
2025-01-02 14:00:00,N010,12.653605358604635,0.6545587687438529,2.186,Partial_Blockage,Moderate,Moderate
2025-01-02 14:00:00,N011,6.5508,1.529,0.0,Normal,Low,Moderate
2025-01-02 14:00:00,N012,1.7787,1.111,0.0,Normal,Low,Low
2025-01-02 14:00:00,N013,1.7097600000000002,1.135,0.0,Normal,Low,Low
2025-01-02 14:00:00,N014,17.147402594872116,0.5518658426653299,3.842,Severe_Blockage,High,High
2025-01-02 14:00:00,N015,8.975172293490713,0.5599136241549411,1.975,Severe_Blockage,High,Moderate
2025-01-02 14:00:00,N016,4.760999999999999,1.294,0.0,Normal,Low,Low
2025-01-02 14:00:00,N017,4.80048,1.464,0.0,Normal,Low,Low
2025-01-02 14:00:00,N018,1.1385599999999998,1.071,0.0,Normal,Low,Low
2025-01-02 14:00:00,N019,2.23944,1.249,0.0,Normal,Low,Low
2025-01-02 14:00:00,N020,2.63952,1.16,0.0,Normal,Low,Low
2025-01-02 15:00:00,N001,2.3760000000000003,1.361,0.0,Normal,Low,Low
2025-01-02 15:00:00,N002,0.8082,1.076,0.0,Normal,Low,Low
2025-01-02 15:00:00,N003,17.32512632896339,0.5984635267198495,3.478,Severe_Blockage,High,High
2025-01-02 15:00:00,N004,23.288788918762847,0.5343703834104413,5.422,Severe_Blockage,High,High
2025-01-02 15:00:00,N005,2.25624,1.185,0.0,Normal,Low,Low
2025-01-02 15:00:00,N006,1.2804,1.091,0.0,Normal,Low,Low
2025-01-02 15:00:00,N007,1.20536,1.193,0.0,Normal,Low,Low
2025-01-02 15:00:00,N008,2.28362,1.17,0.0,Normal,Low,Low
2025-01-02 15:00:00,N009,1.93536,1.122,0.0,Normal,Low,Low
2025-01-02 15:00:00,N010,2.43828,1.24,0.0,Normal,Low,Low
2025-01-02 15:00:00,N011,3.4450000000000003,1.252,0.0,Normal,Low,Low
2025-01-02 15:00:00,N012,4.49526,1.448,0.0,Normal,Low,Low
2025-01-02 15:00:00,N013,3.74832,1.342,0.0,Normal,Low,Low
2025-01-02 15:00:00,N014,21.496489072117452,0.4729835137287348,5.665,Severe_Blockage,High,High
2025-01-02 15:00:00,N015,18.310221448300943,0.5189072681243513,4.404,Severe_Blockage,High,High
2025-01-02 15:00:00,N016,16.978556407857415,0.5846008702182216,3.526,Severe_Blockage,High,High
2025-01-02 15:00:00,N017,4.088,1.367,0.0,Normal,Low,Low
2025-01-02 15:00:00,N018,4.2696,1.343,0.0,Normal,Low,Low
2025-01-02 15:00:00,N019,1.46888,1.083,0.0,Normal,Low,Low
2025-01-02 15:00:00,N020,1.1608999999999998,1.065,0.0,Normal,Low,Low
2025-01-02 16:00:00,N001,3.2472,1.305,0.0,Normal,Low,Low
2025-01-02 16:00:00,N002,1.65232,1.162,0.0,Normal,Low,Low
2025-01-02 16:00:00,N003,12.111150250735058,0.5782914841908353,2.554,Severe_Blockage,High,Moderate
2025-01-02 16:00:00,N004,2.43774,1.162,0.0,Normal,Low,Low
2025-01-02 16:00:00,N005,1.96112,1.185,0.0,Normal,Low,Low
2025-01-02 16:00:00,N006,3.3077,1.32,0.0,Normal,Low,Low
2025-01-02 16:00:00,N007,3.15172,1.271,0.0,Normal,Low,Low
2025-01-02 16:00:00,N008,37.34994978785064,0.36721724621777946,11.817,Severe_Blockage,Critical,Critical
2025-01-02 16:00:00,N009,3.1027199999999997,1.29,0.0,Normal,Low,Low
2025-01-02 16:00:00,N010,1.43796,1.105,0.0,Normal,Low,Low
2025-01-02 16:00:00,N011,34.26979181382305,0.2743736229623385,12.434,Severe_Blockage,Critical,Critical
2025-01-02 16:00:00,N012,1.82182,1.171,0.0,Normal,Low,Low
2025-01-02 16:00:00,N013,1.7426400000000002,1.182,0.0,Normal,Low,Low
2025-01-02 16:00:00,N014,16.05707629020102,0.5978707709783218,3.229,Severe_Blockage,High,High
2025-01-02 16:00:00,N015,3.7469200000000003,1.409,0.0,Normal,Low,Low
2025-01-02 16:00:00,N016,22.836172559644872,0.45587666795677073,6.213,Severe_Blockage,High,High
2025-01-02 16:00:00,N017,3.0484799999999996,1.243,0.0,Normal,Low,Low
2025-01-02 16:00:00,N018,1.7078399999999998,1.11,0.0,Normal,Low,Low
2025-01-02 16:00:00,N019,3.93708,1.296,0.0,Normal,Low,Low
2025-01-02 16:00:00,N020,38.58592345946283,0.2655084849842827,14.171,Severe_Blockage,Critical,Critical
2025-01-02 17:00:00,N001,2.5608,1.242,0.0,Normal,Low,Low
2025-01-02 17:00:00,N002,3.2777,1.345,0.0,Normal,Low,Low
2025-01-02 17:00:00,N003,0.89768,1.06,0.0,Normal,Low,Low
2025-01-02 17:00:00,N004,5.538619999999999,1.527,0.0,Normal,Low,Moderate
2025-01-02 17:00:00,N005,4.379199999999999,1.371,0.0,Normal,Low,Low
2025-01-02 17:00:00,N006,4.268,1.355,0.0,Normal,Low,Low
2025-01-02 17:00:00,N007,3.6062,1.313,0.0,Normal,Low,Low
2025-01-02 17:00:00,N008,5.15072,1.352,0.0,Normal,Low,Moderate
2025-01-02 17:00:00,N009,25.552812079252774,0.28811268676368323,9.095,Severe_Blockage,Critical,Critical
2025-01-02 17:00:00,N010,1.81308,1.13,0.0,Normal,Low,Low
2025-01-02 17:00:00,N011,3.9326000000000003,1.349,0.0,Normal,Low,Low
2025-01-02 17:00:00,N012,5.89666,1.391,0.0,Normal,Low,Moderate
2025-01-02 17:00:00,N013,38.79298097177924,0.2759523114229393,14.044,Severe_Blockage,Critical,Critical
2025-01-02 17:00:00,N014,0.7018199999999999,1.067,0.0,Normal,Low,Low
2025-01-02 17:00:00,N015,5.592080000000001,1.487,0.0,Normal,Low,Moderate
2025-01-02 17:00:00,N016,9.366721261819055,0.6347748805755872,1.71,Partial_Blockage,Moderate,Moderate
2025-01-02 17:00:00,N017,1.8688,1.131,0.0,Normal,Low,Low
2025-01-02 17:00:00,N018,5.08794,1.44,0.0,Normal,Low,Moderate
2025-01-02 17:00:00,N019,2.93776,1.174,0.0,Normal,Low,Low
2025-01-02 17:00:00,N020,5.54788,1.328,0.0,Normal,Low,Moderate
2025-01-02 18:00:00,N001,1.0472,1.09,0.0,Normal,Low,Low
2025-01-02 18:00:00,N002,4.8761399999999995,1.495,0.0,Normal,Low,Low
2025-01-02 18:00:00,N003,0.71448,1.067,0.0,Normal,Low,Low
2025-01-02 18:00:00,N004,5.5106,1.383,0.0,Normal,Low,Moderate
2025-01-02 18:00:00,N005,23.376795120075805,0.47441590568545533,6.143,Severe_Blockage,High,High
2025-01-02 18:00:00,N006,3.0846,1.269,0.0,Normal,Low,Low
2025-01-02 18:00:00,N007,2.48976,1.431,0.0,Normal,Low,Low
2025-01-02 18:00:00,N008,5.65372,1.402,0.0,Normal,Low,Moderate
2025-01-02 18:00:00,N009,4.0857600000000005,1.41,0.0,Normal,Low,Low
2025-01-02 18:00:00,N010,0.90654,1.055,0.0,Normal,Low,Low
2025-01-02 18:00:00,N011,10.564842960193454,0.5534695638345345,2.359,Severe_Blockage,High,Moderate
2025-01-02 18:00:00,N012,2.87826,1.195,0.0,Normal,Low,Low
2025-01-02 18:00:00,N013,5.381360000000001,1.431,0.0,Normal,Low,Moderate
2025-01-02 18:00:00,N014,2.2614199999999993,1.155,0.0,Normal,Low,Low
2025-01-02 18:00:00,N015,5.86376,1.432,0.0,Normal,Low,Moderate
2025-01-02 18:00:00,N016,10.598683709590043,0.6945141953444336,1.619,Partial_Blockage,Moderate,Moderate
2025-01-02 18:00:00,N017,3.99456,1.322,0.0,Normal,Low,Low
2025-01-02 18:00:00,N018,4.99306,1.391,0.0,Normal,Low,Low
2025-01-02 18:00:00,N019,1.3003200000000001,1.106,0.0,Normal,Low,Low
2025-01-02 18:00:00,N020,6.598800000000001,1.473,0.0,Normal,Low,Moderate
2025-01-02 19:00:00,N001,1.8215999999999999,1.178,0.0,Normal,Low,Low
2025-01-02 19:00:00,N002,3.5022,1.358,0.0,Normal,Low,Low
2025-01-02 19:00:00,N003,18.430816835460643,0.5908934058695186,3.77,Severe_Blockage,High,High
2025-01-02 19:00:00,N004,16.930332114496125,0.4538873422450728,4.623,Severe_Blockage,High,High
2025-01-02 19:00:00,N005,1.18048,1.069,0.0,Normal,Low,Low
2025-01-02 19:00:00,N006,3.1136999999999997,1.321,0.0,Normal,Low,Low
2025-01-02 19:00:00,N007,3.09244,1.32,0.0,Normal,Low,Low
2025-01-02 19:00:00,N008,4.85898,1.385,0.0,Normal,Low,Low
2025-01-02 19:00:00,N009,5.20192,1.511,0.0,Normal,Low,Moderate
2025-01-02 19:00:00,N010,30.66204224639736,0.2937208642100107,10.828,Severe_Blockage,Critical,Critical
2025-01-02 19:00:00,N011,2.5652,1.212,0.0,Normal,Low,Low
2025-01-02 19:00:00,N012,3.234,1.213,0.0,Normal,Low,Low
2025-01-02 19:00:00,N013,5.30464,1.323,0.0,Normal,Low,Moderate
2025-01-02 19:00:00,N014,1.1251399999999998,1.07,0.0,Normal,Low,Low
2025-01-02 19:00:00,N015,3.3733600000000004,1.261,0.0,Normal,Low,Low
2025-01-02 19:00:00,N016,5.8995,1.406,0.0,Normal,Low,Moderate
2025-01-02 19:00:00,N017,12.477077950954264,0.7317412339042071,1.674,Partial_Blockage,Moderate,Moderate
2025-01-02 19:00:00,N018,6.27394,1.49,0.0,Normal,Low,Moderate
2025-01-02 19:00:00,N019,0.903,1.111,0.0,Normal,Low,Low
2025-01-02 19:00:00,N020,20.78744799118607,0.48814230164044325,5.32,Severe_Blockage,High,High
2025-01-02 20:00:00,N001,1.3024,1.095,0.0,Normal,Low,Low
2025-01-02 20:00:00,N002,4.436120000000001,1.362,0.0,Normal,Low,Low
2025-01-02 20:00:00,N003,1.4839200000000001,1.137,0.0,Normal,Low,Low
2025-01-02 20:00:00,N004,3.0915399999999997,1.29,0.0,Normal,Low,Low
2025-01-02 20:00:00,N005,3.48432,1.393,0.0,Normal,Low,Low
2025-01-02 20:00:00,N006,3.8024,1.35,0.0,Normal,Low,Low
2025-01-02 20:00:00,N007,1.60056,1.105,0.0,Normal,Low,Low
2025-01-02 20:00:00,N008,3.018,1.351,0.0,Normal,Low,Low
2025-01-02 20:00:00,N009,38.28458155301193,0.2836706628973846,13.712,Severe_Blockage,Critical,Critical
2025-01-02 20:00:00,N010,1.00032,1.086,0.0,Normal,Low,Low
2025-01-02 20:00:00,N011,2.12,1.178,0.0,Normal,Low,Low
2025-01-02 20:00:00,N012,3.8808000000000002,1.23,0.0,Normal,Low,Low
2025-01-02 20:00:00,N013,2.40024,1.212,0.0,Normal,Low,Low
2025-01-02 20:00:00,N014,6.227259999999999,1.51,0.0,Normal,Low,Moderate
2025-01-02 20:00:00,N015,2.59228,1.157,0.0,Normal,Low,Low
2025-01-02 20:00:00,N016,11.99949556039217,0.7495989075446567,1.502,Partial_Blockage,Moderate,Moderate
2025-01-02 20:00:00,N017,37.1050165359333,0.2701492818728341,13.541,Severe_Blockage,Critical,Critical
2025-01-02 20:00:00,N018,4.05612,1.164,0.0,Normal,Low,Low
2025-01-02 20:00:00,N019,26.342783895074547,0.2926834953179962,9.316,Severe_Blockage,Critical,Critical
2025-01-02 20:00:00,N020,2.27292,1.1,0.0,Normal,Low,Low
2025-01-02 21:00:00,N001,24.143276242873128,0.5527701392822928,5.399,Severe_Blockage,High,High
2025-01-02 21:00:00,N002,0.65554,1.059,0.0,Normal,Low,Low
2025-01-02 21:00:00,N003,2.71136,1.221,0.0,Normal,Low,Low
2025-01-02 21:00:00,N004,16.742508427312178,0.45442366012772967,4.567,Severe_Blockage,High,High
2025-01-02 21:00:00,N005,8.55671491736563,0.5876730772271399,1.764,Severe_Blockage,High,Moderate
2025-01-02 21:00:00,N006,4.5978,1.521,0.0,Normal,Low,Low
2025-01-02 21:00:00,N007,1.07692,1.117,0.0,Normal,Low,Low
2025-01-02 21:00:00,N008,12.376757053814895,0.6919666887904388,1.906,Partial_Blockage,Moderate,Moderate
2025-01-02 21:00:00,N009,1.39264,1.1,0.0,Normal,Low,Low
2025-01-02 21:00:00,N010,1.47964,1.123,0.0,Normal,Low,Low
2025-01-02 21:00:00,N011,18.608318811182517,0.48092572448790694,4.83,Severe_Blockage,High,High
2025-01-02 21:00:00,N012,5.0666,1.345,0.0,Normal,Low,Moderate
2025-01-02 21:00:00,N013,2.07144,1.124,0.0,Normal,Low,Low
2025-01-02 21:00:00,N014,2.5065,1.194,0.0,Normal,Low,Low
2025-01-02 21:00:00,N015,7.301400000000001,1.53,0.0,Normal,Low,Moderate
2025-01-02 21:00:00,N016,6.072,1.503,0.0,Normal,Low,Moderate
2025-01-02 21:00:00,N017,2.7448,1.322,0.0,Normal,Low,Low
2025-01-02 21:00:00,N018,4.803299999999999,1.333,0.0,Normal,Low,Low
2025-01-02 21:00:00,N019,1.806,1.129,0.0,Normal,Low,Low
2025-01-02 21:00:00,N020,5.27904,1.283,0.0,Normal,Low,Moderate
2025-01-02 22:00:00,N001,2.4463999999999997,1.312,0.0,Normal,Low,Low
2025-01-02 22:00:00,N002,15.261271161723807,0.42372728030508994,4.397,Severe_Blockage,High,High
2025-01-02 22:00:00,N003,23.016748038158823,0.5971323815777543,4.636,Severe_Blockage,High,High
2025-01-02 22:00:00,N004,13.694677180041994,0.6244855449799406,2.571,Partial_Blockage,Moderate,Moderate
2025-01-02 22:00:00,N005,0.64736,1.059,0.0,Normal,Low,Low
2025-01-02 22:00:00,N006,2.2795,1.241,0.0,Normal,Low,Low
2025-01-02 22:00:00,N007,13.48725530370924,0.5830461881476253,2.812,Severe_Blockage,High,Moderate
2025-01-02 22:00:00,N008,24.733267240542652,0.48699613562140975,6.344,Severe_Blockage,High,High
2025-01-02 22:00:00,N009,8.920597487289383,0.7302082296144023,1.203,Partial_Blockage,Moderate,Moderate
2025-01-02 22:00:00,N010,3.58448,1.357,0.0,Normal,Low,Low
2025-01-02 22:00:00,N011,5.406,1.485,0.0,Normal,Low,Moderate
2025-01-02 22:00:00,N012,1.05644,1.068,0.0,Normal,Low,Low
2025-01-02 22:00:00,N013,2.37832,1.194,0.0,Normal,Low,Low
2025-01-02 22:00:00,N014,10.543548586997318,0.6216440138035698,1.995,Partial_Blockage,Moderate,Moderate
2025-01-02 22:00:00,N015,3.2941200000000004,1.2,0.0,Normal,Low,Low
2025-01-02 22:00:00,N016,14.11561112387324,0.6537699790097663,2.444,Partial_Blockage,Moderate,Moderate
2025-01-02 22:00:00,N017,6.715999999999999,1.467,0.0,Normal,Low,Moderate
2025-01-02 22:00:00,N018,1.2453,1.071,0.0,Normal,Low,Low
2025-01-02 22:00:00,N019,3.4915999999999996,1.21,0.0,Normal,Low,Low
2025-01-02 22:00:00,N020,9.594558186576638,0.6310236618434205,1.77,Partial_Blockage,Moderate,Moderate
2025-01-02 23:00:00,N001,3.4495999999999998,1.377,0.0,Normal,Low,Low
2025-01-02 23:00:00,N002,0.8351400000000001,1.067,0.0,Normal,Low,Low
2025-01-02 23:00:00,N003,2.50068,1.174,0.0,Normal,Low,Low
2025-01-02 23:00:00,N004,20.611764211639525,0.4506445249066467,5.662,Severe_Blockage,High,High
2025-01-02 23:00:00,N005,1.7897599999999998,1.144,0.0,Normal,Low,Low
2025-01-02 23:00:00,N006,9.752006151931516,0.7287340762443304,1.323,Partial_Blockage,Moderate,Moderate
2025-01-02 23:00:00,N007,4.693,1.532,0.0,Normal,Low,Low
2025-01-02 23:00:00,N008,1.70014,1.2,0.0,Normal,Low,Low
2025-01-02 23:00:00,N009,3.6659200000000003,1.475,0.0,Normal,Low,Low
2025-01-02 23:00:00,N010,1.54216,1.095,0.0,Normal,Low,Low
2025-01-02 23:00:00,N011,3.6888,1.38,0.0,Normal,Low,Low
2025-01-02 23:00:00,N012,2.9645,1.27,0.0,Normal,Low,Low
2025-01-02 23:00:00,N013,6.082800000000001,1.483,0.0,Normal,Low,Moderate
2025-01-02 23:00:00,N014,2.13888,1.109,0.0,Normal,Low,Low
2025-01-02 23:00:00,N015,11.295918455194219,0.6078016558192548,2.215,Partial_Blockage,Moderate,Moderate
2025-01-02 23:00:00,N016,3.105,1.197,0.0,Normal,Low,Low
2025-01-02 23:00:00,N017,6.774399999999999,1.492,0.0,Normal,Low,Moderate
2025-01-02 23:00:00,N018,1.5418,1.08,0.0,Normal,Low,Low
2025-01-02 23:00:00,N019,5.26148,1.315,0.0,Normal,Low,Moderate
2025-01-02 23:00:00,N020,4.04482,1.177,0.0,Normal,Low,Low
2025-01-03 00:00:00,N001,23.36404532937401,0.4992009539048688,5.85,Severe_Blockage,High,High
2025-01-03 00:00:00,N002,3.85242,1.285,0.0,Normal,Low,Low
2025-01-03 00:00:00,N003,21.99181770492799,0.486370518050688,5.648,Severe_Blockage,High,High
2025-01-03 00:00:00,N004,33.9249155838988,0.2879041191852557,12.079,Severe_Blockage,Critical,Critical
2025-01-03 00:00:00,N005,2.6275199999999996,1.249,0.0,Normal,Low,Low
2025-01-03 00:00:00,N006,2.9196999999999997,1.254,0.0,Normal,Low,Low
2025-01-03 00:00:00,N007,3.63584,1.373,0.0,Normal,Low,Low
2025-01-03 00:00:00,N008,5.86498,1.432,0.0,Normal,Low,Moderate
2025-01-03 00:00:00,N009,2.56,1.169,0.0,Normal,Low,Low
2025-01-03 00:00:00,N010,13.001172652050663,0.5636582903340244,2.836,Severe_Blockage,High,Moderate
2025-01-03 00:00:00,N011,2.3532,1.233,0.0,Normal,Low,Low
2025-01-03 00:00:00,N012,9.26303261892376,0.5991958324192104,1.856,Severe_Blockage,High,Moderate
2025-01-03 00:00:00,N013,1.35904,1.082,0.0,Normal,Low,Low
2025-01-03 00:00:00,N014,4.66766,1.336,0.0,Normal,Low,Low
2025-01-03 00:00:00,N015,1.5055600000000002,1.096,0.0,Normal,Low,Low
2025-01-03 00:00:00,N016,18.94275869167119,0.4375624738010118,5.327,Severe_Blockage,High,High
2025-01-03 00:00:00,N017,39.96536958939507,0.3744210497788434,12.501,Severe_Blockage,Critical,Critical
2025-01-03 00:00:00,N018,2.81082,1.11,0.0,Normal,Low,Low
2025-01-03 00:00:00,N019,3.2628399999999997,1.2,0.0,Normal,Low,Low
2025-01-03 00:00:00,N020,3.04278,1.174,0.0,Normal,Low,Low
2025-01-03 01:00:00,N001,21.37402710496189,0.5178623399438854,5.153,Severe_Blockage,High,High
2025-01-03 01:00:00,N002,3.84344,1.537,0.0,Normal,Low,Low
2025-01-03 01:00:00,N003,17.079720698064754,0.40707507934484144,5.063,Severe_Blockage,High,High
2025-01-03 01:00:00,N004,24.761167400402897,0.4060353105832566,7.354,Severe_Blockage,High,High
2025-01-03 01:00:00,N005,3.4747999999999997,1.395,0.0,Normal,Low,Low
2025-01-03 01:00:00,N006,1.8235999999999999,1.201,0.0,Normal,Low,Low
2025-01-03 01:00:00,N007,20.659368952237088,0.4120815153591265,6.073,Severe_Blockage,High,High
2025-01-03 01:00:00,N008,2.44458,1.223,0.0,Normal,Low,Low
2025-01-03 01:00:00,N009,1.4745599999999999,1.164,0.0,Normal,Low,Low
2025-01-03 01:00:00,N010,2.9071800000000003,1.425,0.0,Normal,Low,Low
2025-01-03 01:00:00,N011,20.495085474623973,0.4240274428956984,5.902,Severe_Blockage,High,High
2025-01-03 01:00:00,N012,5.10972,1.461,0.0,Normal,Low,Moderate
2025-01-03 01:00:00,N013,4.11,1.442,0.0,Normal,Low,Low
2025-01-03 01:00:00,N014,5.05756,1.405,0.0,Normal,Low,Moderate
2025-01-03 01:00:00,N015,3.93936,1.247,0.0,Normal,Low,Low
2025-01-03 01:00:00,N016,31.86763290240065,0.2505035370830519,11.942,Severe_Blockage,Critical,Critical
2025-01-03 01:00:00,N017,11.562732028245687,0.7308621406437682,1.556,Partial_Blockage,Moderate,Moderate
2025-01-03 01:00:00,N018,4.803299999999999,1.531,0.0,Normal,Low,Low
2025-01-03 01:00:00,N019,1.9745599999999999,1.115,0.0,Normal,Low,Low
2025-01-03 01:00:00,N020,5.05908,1.257,0.0,Normal,Low,Moderate
2025-01-03 02:00:00,N001,4.752000000000001,1.419,0.0,Normal,Low,Low
2025-01-03 02:00:00,N002,1.0057600000000002,1.094,0.0,Normal,Low,Low
2025-01-03 02:00:00,N003,1.2640799999999999,1.123,0.0,Normal,Low,Low
2025-01-03 02:00:00,N004,3.99752,1.406,0.0,Normal,Low,Low
2025-01-03 02:00:00,N005,5.51208,1.492,0.0,Normal,Low,Moderate
2025-01-03 02:00:00,N006,2.6287,1.489,0.0,Normal,Low,Low
2025-01-03 02:00:00,N007,0.9386,1.054,0.0,Normal,Low,Low
2025-01-03 02:00:00,N008,3.46064,1.34,0.0,Normal,Low,Low
2025-01-03 02:00:00,N009,4.42368,1.492,0.0,Normal,Low,Low
2025-01-03 02:00:00,N010,2.52164,1.268,0.0,Normal,Low,Low
2025-01-03 02:00:00,N011,11.484665994153627,0.561323776775053,2.519,Severe_Blockage,High,Moderate
2025-01-03 02:00:00,N012,3.0723000000000003,1.178,0.0,Normal,Low,Low
2025-01-03 02:00:00,N013,8.885756260008941,0.5636013380639107,1.939,Severe_Blockage,High,Moderate
2025-01-03 02:00:00,N014,5.5142999999999995,1.493,0.0,Normal,Low,Moderate
2025-01-03 02:00:00,N015,2.30928,1.142,0.0,Normal,Low,Low
2025-01-03 02:00:00,N016,4.324,1.241,0.0,Normal,Low,Low
2025-01-03 02:00:00,N017,14.727142860090943,0.6926686213441946,2.263,Partial_Blockage,Moderate,Moderate
2025-01-03 02:00:00,N018,15.236431185122349,0.45195067210524137,4.175,Severe_Blockage,High,High
2025-01-03 02:00:00,N019,2.3478,1.14,0.0,Normal,Low,Low
2025-01-03 02:00:00,N020,3.07944,1.182,0.0,Normal,Low,Low
2025-01-03 03:00:00,N001,4.1536,1.436,0.0,Normal,Low,Low
2025-01-03 03:00:00,N002,2.1552,1.156,0.0,Normal,Low,Low
2025-01-03 03:00:00,N003,3.1602,1.383,0.0,Normal,Low,Low
2025-01-03 03:00:00,N004,2.71794,1.287,0.0,Normal,Low,Low
2025-01-03 03:00:00,N005,4.68384,1.486,0.0,Normal,Low,Low
2025-01-03 03:00:00,N006,4.0352,1.307,0.0,Normal,Low,Low
2025-01-03 03:00:00,N007,4.38672,1.367,0.0,Normal,Low,Low
2025-01-03 03:00:00,N008,4.93946,1.372,0.0,Normal,Low,Low
2025-01-03 03:00:00,N009,4.27008,1.368,0.0,Normal,Low,Low
2025-01-03 03:00:00,N010,2.4487,1.165,0.0,Normal,Low,Low
2025-01-03 03:00:00,N011,2.6182000000000003,1.178,0.0,Normal,Low,Low
2025-01-03 03:00:00,N012,12.138400082737354,0.7410846067903718,1.571,Partial_Blockage,Moderate,Moderate
2025-01-03 03:00:00,N013,17.2335389701427,0.41235100944746705,5.064,Severe_Blockage,High,High
2025-01-03 03:00:00,N014,4.110659999999999,1.283,0.0,Normal,Low,Low
2025-01-03 03:00:00,N015,2.7168,1.176,0.0,Normal,Low,Low
2025-01-03 03:00:00,N016,0.9544999999999999,1.087,0.0,Normal,Low,Low
2025-01-03 03:00:00,N017,0.8409599999999999,1.054,0.0,Normal,Low,Low
2025-01-03 03:00:00,N018,1.9806199999999998,1.107,0.0,Normal,Low,Low
2025-01-03 03:00:00,N019,6.35712,1.474,0.0,Normal,Low,Moderate
2025-01-03 03:00:00,N020,3.2016400000000003,1.338,0.0,Normal,Low,Low
2025-01-03 04:00:00,N001,0.7656,1.053,0.0,Normal,Low,Low
2025-01-03 04:00:00,N002,5.1096200000000005,1.51,0.0,Normal,Low,Moderate
2025-01-03 04:00:00,N003,2.6564,1.32,0.0,Normal,Low,Low
2025-01-03 04:00:00,N004,2.39104,1.219,0.0,Normal,Low,Low
2025-01-03 04:00:00,N005,5.997599999999999,1.528,0.0,Normal,Low,Moderate
2025-01-03 04:00:00,N006,1.746,1.194,0.0,Normal,Low,Low
2025-01-03 04:00:00,N007,2.58856,1.194,0.0,Normal,Low,Low
2025-01-03 04:00:00,N008,3.1990800000000004,1.211,0.0,Normal,Low,Low
2025-01-03 04:00:00,N009,3.44064,1.278,0.0,Normal,Low,Low
2025-01-03 04:00:00,N010,3.65742,1.304,0.0,Normal,Low,Low
2025-01-03 04:00:00,N011,1.2402,1.076,0.0,Normal,Low,Low
2025-01-03 04:00:00,N012,2.2314599999999998,1.237,0.0,Normal,Low,Low
2025-01-03 04:00:00,N013,6.18144,1.502,0.0,Normal,Low,Moderate
2025-01-03 04:00:00,N014,2.9075399999999996,1.173,0.0,Normal,Low,Low
2025-01-03 04:00:00,N015,37.35058887055984,0.3888787687904032,11.413,Severe_Blockage,Critical,Critical
2025-01-03 04:00:00,N016,3.1969999999999996,1.167,0.0,Normal,Low,Low
2025-01-03 04:00:00,N017,6.37728,1.434,0.0,Normal,Low,Moderate
2025-01-03 04:00:00,N018,3.8426400000000003,1.205,0.0,Normal,Low,Low
2025-01-03 04:00:00,N019,3.01,1.177,0.0,Normal,Low,Low
2025-01-03 04:00:00,N020,11.497913017873985,0.6167285780574261,2.203,Partial_Blockage,Moderate,Moderate
2025-01-03 05:00:00,N001,1.892,1.122,0.0,Normal,Low,Low
2025-01-03 05:00:00,N002,2.99034,1.234,0.0,Normal,Low,Low
2025-01-03 05:00:00,N003,8.17050231648805,0.6539426773868847,1.414,Partial_Blockage,Moderate,Moderate
2025-01-03 05:00:00,N004,0.96202,1.079,0.0,Normal,Low,Low
2025-01-03 05:00:00,N005,6.45456,1.503,0.0,Normal,Low,Moderate
2025-01-03 05:00:00,N006,4.268,1.287,0.0,Normal,Low,Low
2025-01-03 05:00:00,N007,1.30416,1.093,0.0,Normal,Low,Low
2025-01-03 05:00:00,N008,3.6719,1.402,0.0,Normal,Low,Low
2025-01-03 05:00:00,N009,1.88416,1.123,0.0,Normal,Low,Low
2025-01-03 05:00:00,N010,20.2899693111736,0.4945001522220674,5.128,Severe_Blockage,High,High
2025-01-03 05:00:00,N011,3.5086000000000004,1.266,0.0,Normal,Low,Low
2025-01-03 05:00:00,N012,16.677262909615642,0.5032987456762467,4.142,Severe_Blockage,High,High
2025-01-03 05:00:00,N013,1.54536,1.117,0.0,Normal,Low,Low
2025-01-03 05:00:00,N014,1.10286,1.074,0.0,Normal,Low,Low
2025-01-03 05:00:00,N015,11.251590081250477,0.6683277709159529,1.866,Partial_Blockage,Moderate,Moderate
2025-01-03 05:00:00,N016,3.0704999999999996,1.264,0.0,Normal,Low,Low
2025-01-03 05:00:00,N017,4.835519999999999,1.441,0.0,Normal,Low,Low
2025-01-03 05:00:00,N018,2.03992,1.139,0.0,Normal,Low,Low
2025-01-03 05:00:00,N019,1.9745599999999999,1.124,0.0,Normal,Low,Low
2025-01-03 05:00:00,N020,5.230160000000001,1.351,0.0,Normal,Low,Moderate
2025-01-03 06:00:00,N001,2.904,1.322,0.0,Normal,Low,Low
2025-01-03 06:00:00,N002,4.14876,1.495,0.0,Normal,Low,Low
2025-01-03 06:00:00,N003,18.161614808020698,0.517053812622778,4.386,Severe_Blockage,High,High
2025-01-03 06:00:00,N004,39.198196668160136,0.25224054163423487,14.655,Severe_Blockage,Critical,Critical
2025-01-03 06:00:00,N005,10.429480667223253,0.6686318401130836,1.728,Partial_Blockage,Moderate,Moderate
2025-01-03 06:00:00,N006,3.7247999999999997,1.446,0.0,Normal,Low,Low
2025-01-03 06:00:00,N007,2.50952,1.195,0.0,Normal,Low,Low
2025-01-03 06:00:00,N008,4.7282,1.255,0.0,Normal,Low,Low
2025-01-03 06:00:00,N009,1.5667200000000001,1.116,0.0,Normal,Low,Low
2025-01-03 06:00:00,N010,19.011012572201448,0.5475509792899289,4.301,Severe_Blockage,High,High
2025-01-03 06:00:00,N011,3.2117999999999998,1.176,0.0,Normal,Low,Low
2025-01-03 06:00:00,N012,10.74423730742945,0.6701241756978246,1.772,Partial_Blockage,Moderate,Moderate
2025-01-03 06:00:00,N013,0.9316000000000001,1.056,0.0,Normal,Low,Low
2025-01-03 06:00:00,N014,8.94413247865462,0.5690679371816403,1.927,Severe_Blockage,High,Moderate
2025-01-03 06:00:00,N015,3.3960000000000004,1.253,0.0,Normal,Low,Low
2025-01-03 06:00:00,N016,10.51051606654423,0.6411949158055031,1.886,Partial_Blockage,Moderate,Moderate
2025-01-03 06:00:00,N017,14.242196116225443,0.575209935143116,3.025,Severe_Blockage,High,Moderate
2025-01-03 06:00:00,N018,13.911790497617883,0.6206453176532623,2.639,Partial_Blockage,Moderate,Moderate
2025-01-03 06:00:00,N019,5.117,1.424,0.0,Normal,Low,Moderate
2025-01-03 06:00:00,N020,8.012072509794233,0.6494856693970734,1.404,Partial_Blockage,Moderate,Moderate
2025-01-03 07:00:00,N001,17.825960780410142,0.5396110456772183,4.103,Severe_Blockage,High,High
2025-01-03 07:00:00,N002,1.98458,1.179,0.0,Normal,Low,Low
2025-01-03 07:00:00,N003,3.8197200000000002,1.363,0.0,Normal,Low,Low
2025-01-03 07:00:00,N004,3.2316399999999996,1.42,0.0,Normal,Low,Low
2025-01-03 07:00:00,N005,0.7616,1.063,0.0,Normal,Low,Low
2025-01-03 07:00:00,N006,5.2089,1.443,0.0,Normal,Low,Moderate
2025-01-03 07:00:00,N007,5.96752,1.479,0.0,Normal,Low,Moderate
2025-01-03 07:00:00,N008,1.3078,1.107,0.0,Normal,Low,Low
2025-01-03 07:00:00,N009,3.90144,1.397,0.0,Normal,Low,Low
2025-01-03 07:00:00,N010,1.50048,1.096,0.0,Normal,Low,Low
2025-01-03 07:00:00,N011,1.1766,1.098,0.0,Normal,Low,Low
2025-01-03 07:00:00,N012,2.156,1.193,0.0,Normal,Low,Low
2025-01-03 07:00:00,N013,3.5181600000000004,1.325,0.0,Normal,Low,Low
2025-01-03 07:00:00,N014,3.7207599999999994,1.257,0.0,Normal,Low,Low
2025-01-03 07:00:00,N015,1.0754000000000001,1.084,0.0,Normal,Low,Low
2025-01-03 07:00:00,N016,3.1395,1.266,0.0,Normal,Low,Low
2025-01-03 07:00:00,N017,3.39888,1.283,0.0,Normal,Low,Low
2025-01-03 07:00:00,N018,0.9843799999999999,1.053,0.0,Normal,Low,Low
2025-01-03 07:00:00,N019,4.816,1.425,0.0,Normal,Low,Low
2025-01-03 07:00:00,N020,6.76988,1.406,0.0,Normal,Low,Moderate
2025-01-03 08:00:00,N001,1.0472,1.083,0.0,Normal,Low,Low
2025-01-03 08:00:00,N002,1.54456,1.251,0.0,Normal,Low,Low
2025-01-03 08:00:00,N003,18.648338587234832,0.41307379444792414,5.473,Severe_Blockage,High,High
2025-01-03 08:00:00,N004,4.062899999999999,1.275,0.0,Normal,Low,Low
2025-01-03 08:00:00,N005,3.3605599999999995,1.361,0.0,Normal,Low,Low
2025-01-03 08:00:00,N006,3.6666,1.31,0.0,Normal,Low,Low
2025-01-03 08:00:00,N007,4.20888,1.454,0.0,Normal,Low,Low
2025-01-03 08:00:00,N008,5.27144,1.387,0.0,Normal,Low,Moderate
2025-01-03 08:00:00,N009,4.0857600000000005,1.305,0.0,Normal,Low,Low
2025-01-03 08:00:00,N010,16.701620080665823,0.5001092284257069,4.174,Severe_Blockage,High,High
2025-01-03 08:00:00,N011,4.5368,1.388,0.0,Normal,Low,Low
2025-01-03 08:00:00,N012,6.9423200000000005,1.517,0.0,Normal,Low,Moderate
2025-01-03 08:00:00,N013,4.51552,1.37,0.0,Normal,Low,Low
2025-01-03 08:00:00,N014,2.57334,1.172,0.0,Normal,Low,Low
2025-01-03 08:00:00,N015,1.6753600000000002,1.092,0.0,Normal,Low,Low
2025-01-03 08:00:00,N016,17.600132796528968,0.5040083768705031,4.365,Severe_Blockage,High,High
2025-01-03 08:00:00,N017,34.047685448673846,0.3229706905955023,11.526,Severe_Blockage,Critical,Critical
2025-01-03 08:00:00,N018,7.5310999999999995,1.485,0.0,Normal,Low,Moderate
2025-01-03 08:00:00,N019,1.21604,1.111,0.0,Normal,Low,Low
2025-01-03 08:00:00,N020,4.96132,1.416,0.0,Normal,Low,Low
2025-01-03 09:00:00,N001,4.8048,1.476,0.0,Normal,Low,Low
2025-01-03 09:00:00,N002,2.2180600000000004,1.207,0.0,Normal,Low,Low
2025-01-03 09:00:00,N003,2.9128800000000004,1.263,0.0,Normal,Low,Low
2025-01-03 09:00:00,N004,0.86862,1.142,0.0,Normal,Low,Low
2025-01-03 09:00:00,N005,8.362289706714531,0.6762988914251022,1.353,Partial_Blockage,Moderate,Moderate
2025-01-03 09:00:00,N006,13.49300653702523,0.7495523905588316,1.69,Partial_Blockage,Moderate,Moderate
2025-01-03 09:00:00,N007,8.845842381900578,0.6932854228694358,1.357,Partial_Blockage,Moderate,Moderate
2025-01-03 09:00:00,N008,1.56936,1.084,0.0,Normal,Low,Low
2025-01-03 09:00:00,N009,5.50912,1.414,0.0,Normal,Low,Moderate
2025-01-03 09:00:00,N010,21.684219163313507,0.5442799987750714,4.941,Severe_Blockage,High,High
2025-01-03 09:00:00,N011,2.5652,1.149,0.0,Normal,Low,Low
2025-01-03 09:00:00,N012,4.0425,1.358,0.0,Normal,Low,Low
2025-01-03 09:00:00,N013,14.063341258730762,0.6750990667378122,2.285,Partial_Blockage,Moderate,Moderate
2025-01-03 09:00:00,N014,5.20238,1.461,0.0,Normal,Low,Moderate
2025-01-03 09:00:00,N015,2.61492,1.15,0.0,Normal,Low,Low
2025-01-03 09:00:00,N016,1.242,1.076,0.0,Normal,Low,Low
2025-01-03 09:00:00,N017,1.48336,1.088,0.0,Normal,Low,Low
2025-01-03 09:00:00,N018,5.62164,1.337,0.0,Normal,Low,Moderate
2025-01-03 09:00:00,N019,3.72036,1.268,0.0,Normal,Low,Low
2025-01-03 09:00:00,N020,1.0387,1.059,0.0,Normal,Low,Low
2025-01-03 10:00:00,N001,2.6224,1.18,0.0,Normal,Low,Low
2025-01-03 10:00:00,N002,4.8043,1.468,0.0,Normal,Low,Low
2025-01-03 10:00:00,N003,0.9892800000000002,1.073,0.0,Normal,Low,Low
2025-01-03 10:00:00,N004,12.392723011762904,0.6399086732114241,2.231,Partial_Blockage,Moderate,Moderate
2025-01-03 10:00:00,N005,18.912694075841507,0.484957057832607,4.87,Severe_Blockage,High,High
2025-01-03 10:00:00,N006,2.5608,1.27,0.0,Normal,Low,Low
2025-01-03 10:00:00,N007,17.688272188884913,0.5951399205472511,3.581,Severe_Blockage,High,High
2025-01-03 10:00:00,N008,1.1267200000000002,1.114,0.0,Normal,Low,Low
2025-01-03 10:00:00,N009,10.429135023579928,0.6235468242879414,1.963,Partial_Blockage,Moderate,Moderate
2025-01-03 10:00:00,N010,4.970339999999999,1.336,0.0,Normal,Low,Low
2025-01-03 10:00:00,N011,18.858527623441315,0.44595556458861624,5.224,Severe_Blockage,High,High
2025-01-03 10:00:00,N012,0.8731800000000001,1.121,0.0,Normal,Low,Low
2025-01-03 10:00:00,N013,3.91272,1.35,0.0,Normal,Low,Low
2025-01-03 10:00:00,N014,6.461199999999999,1.459,0.0,Normal,Low,Moderate
2025-01-03 10:00:00,N015,18.426810184371035,0.45912888412231845,4.983,Severe_Blockage,High,High
2025-01-03 10:00:00,N016,4.278,1.295,0.0,Normal,Low,Low
2025-01-03 10:00:00,N017,3.46896,1.222,0.0,Normal,Low,Low
2025-01-03 10:00:00,N018,16.10225204845825,0.49269311309221997,4.084,Severe_Blockage,High,High
2025-01-03 10:00:00,N019,10.771195810936433,0.7461378570237556,1.367,Partial_Blockage,Moderate,Moderate
2025-01-03 10:00:00,N020,5.7556199999999995,1.487,0.0,Normal,Low,Moderate
2025-01-03 11:00:00,N001,1.5048,1.111,0.0,Normal,Low,Low
2025-01-03 11:00:00,N002,19.756521067515198,0.486684166404069,5.071,Severe_Blockage,High,High
2025-01-03 11:00:00,N003,2.43656,1.322,0.0,Normal,Low,Low
2025-01-03 11:00:00,N004,1.7652599999999998,1.172,0.0,Normal,Low,Low
2025-01-03 11:00:00,N005,3.75088,1.42,0.0,Normal,Low,Low
2025-01-03 11:00:00,N006,1.5423,1.113,0.0,Normal,Low,Low
2025-01-03 11:00:00,N007,22.19711947617327,0.5565424205463015,4.922,Severe_Blockage,High,High
2025-01-03 11:00:00,N008,3.7825599999999997,1.39,0.0,Normal,Low,Low
2025-01-03 11:00:00,N009,5.8982399999999995,1.397,0.0,Normal,Low,Moderate
2025-01-03 11:00:00,N010,1.0941,1.075,0.0,Normal,Low,Low
2025-01-03 11:00:00,N011,3.7948000000000004,1.297,0.0,Normal,Low,Low
2025-01-03 11:00:00,N012,14.107752762789788,0.6763715346818023,2.283,Partial_Blockage,Moderate,Moderate
2025-01-03 11:00:00,N013,1.4467200000000002,1.115,0.0,Normal,Low,Low
2025-01-03 11:00:00,N014,2.2948399999999998,1.112,0.0,Normal,Low,Low
2025-01-03 11:00:00,N015,4.980800000000001,1.309,0.0,Normal,Low,Low
2025-01-03 11:00:00,N016,4.8645000000000005,1.378,0.0,Normal,Low,Low
2025-01-03 11:00:00,N017,4.46176,1.347,0.0,Normal,Low,Low
2025-01-03 11:00:00,N018,5.58606,1.338,0.0,Normal,Low,Moderate
2025-01-03 11:00:00,N019,4.37052,1.327,0.0,Normal,Low,Low
2025-01-03 11:00:00,N020,11.429863936103802,0.6735687685301965,1.866,Partial_Blockage,Moderate,Moderate
2025-01-03 12:00:00,N001,13.773146379879705,0.6857221167536663,2.164,Partial_Blockage,Moderate,Moderate
2025-01-03 12:00:00,N002,5.1455400000000004,1.52,0.0,Normal,Low,Moderate
2025-01-03 12:00:00,N003,5.7250000000000005,1.457,0.0,Normal,Low,Moderate
2025-01-03 12:00:00,N004,5.02492,1.42,0.0,Normal,Low,Moderate
2025-01-03 12:00:00,N005,13.139316153083403,0.6528058891199082,2.281,Partial_Blockage,Moderate,Moderate
2025-01-03 12:00:00,N006,4.8888,1.432,0.0,Normal,Low,Low
2025-01-03 12:00:00,N007,22.226943202595297,0.4925016366213036,5.64,Severe_Blockage,High,High
2025-01-03 12:00:00,N008,30.897650311062947,0.3586566247551354,9.908,Severe_Blockage,Critical,Critical
2025-01-03 12:00:00,N009,5.20192,1.389,0.0,Normal,Low,Moderate
2025-01-03 12:00:00,N010,2.06316,1.11,0.0,Normal,Low,Low
2025-01-03 12:00:00,N011,3.9114,1.289,0.0,Normal,Low,Low
2025-01-03 12:00:00,N012,12.721300046436138,0.6708947865029051,2.093,Partial_Blockage,Moderate,Moderate
2025-01-03 12:00:00,N013,8.624367931232108,0.5767248274005794,1.825,Severe_Blockage,High,Moderate
2025-01-03 12:00:00,N014,2.40624,1.129,0.0,Normal,Low,Low
2025-01-03 12:00:00,N015,11.23703738842227,0.571113035783782,2.41,Severe_Blockage,High,Moderate
2025-01-03 12:00:00,N016,3.1969999999999996,1.229,0.0,Normal,Low,Low
2025-01-03 12:00:00,N017,1.64688,1.086,0.0,Normal,Low,Low
2025-01-03 12:00:00,N018,17.380313595939462,0.41010087303817017,5.126,Severe_Blockage,High,High
2025-01-03 12:00:00,N019,28.191873880622662,0.3060161977800487,9.782,Severe_Blockage,Critical,Critical
2025-01-03 12:00:00,N020,4.54584,1.393,0.0,Normal,Low,Low
2025-01-03 13:00:00,N001,19.154091811485262,0.5535281710699902,4.276,Severe_Blockage,High,High
2025-01-03 13:00:00,N002,3.16994,1.401,0.0,Normal,Low,Low
2025-01-03 13:00:00,N003,1.5938400000000001,1.302,0.0,Normal,Low,Low
2025-01-03 13:00:00,N004,3.91346,1.432,0.0,Normal,Low,Low
2025-01-03 13:00:00,N005,5.50256,1.437,0.0,Normal,Low,Moderate
2025-01-03 13:00:00,N006,4.170999999999999,1.37,0.0,Normal,Low,Low
2025-01-03 13:00:00,N007,3.79392,1.499,0.0,Normal,Low,Low
2025-01-03 13:00:00,N008,17.833792654200643,0.5572242819646507,3.948,Severe_Blockage,High,High
2025-01-03 13:00:00,N009,3.38944,1.375,0.0,Normal,Low,Low
2025-01-03 13:00:00,N010,1.4171200000000002,1.088,0.0,Normal,Low,Low
2025-01-03 13:00:00,N011,3.5298000000000003,1.384,0.0,Normal,Low,Low
2025-01-03 13:00:00,N012,1.4014000000000002,1.114,0.0,Normal,Low,Low
2025-01-03 13:00:00,N013,5.9732,1.436,0.0,Normal,Low,Moderate
2025-01-03 13:00:00,N014,4.4559999999999995,1.319,0.0,Normal,Low,Low
2025-01-03 13:00:00,N015,0.6792,1.055,0.0,Normal,Low,Low
2025-01-03 13:00:00,N016,1.0924999999999998,1.056,0.0,Normal,Low,Low
2025-01-03 13:00:00,N017,5.4312000000000005,1.357,0.0,Normal,Low,Moderate
2025-01-03 13:00:00,N018,3.9849599999999996,1.196,0.0,Normal,Low,Low
2025-01-03 13:00:00,N019,2.2635199999999998,1.22,0.0,Normal,Low,Low
2025-01-03 13:00:00,N020,3.31162,1.409,0.0,Normal,Low,Low
2025-01-03 14:00:00,N001,2.508,1.224,0.0,Normal,Low,Low
2025-01-03 14:00:00,N002,5.037780000000001,1.526,0.0,Normal,Low,Moderate
2025-01-03 14:00:00,N003,3.0502800000000003,1.378,0.0,Normal,Low,Low
2025-01-03 14:00:00,N004,20.200493119940884,0.4780934988459727,5.271,Severe_Blockage,High,High
2025-01-03 14:00:00,N005,20.53819141654059,0.5937983468487864,4.171,Severe_Blockage,High,High
2025-01-03 14:00:00,N006,10.094610704211595,0.5746086492281981,2.147,Severe_Blockage,High,Moderate
2025-01-03 14:00:00,N007,4.5447999999999995,1.365,0.0,Normal,Low,Low
2025-01-03 14:00:00,N008,18.023386953524984,0.4708583499375843,4.768,Severe_Blockage,High,High
2025-01-03 14:00:00,N009,1.51552,1.143,0.0,Normal,Low,Low
2025-01-03 14:00:00,N010,5.9706600000000005,1.497,0.0,Normal,Low,Moderate
2025-01-03 14:00:00,N011,21.497420403007915,0.4329754202450138,6.095,Severe_Blockage,High,High
2025-01-03 14:00:00,N012,3.2124400000000004,1.33,0.0,Normal,Low,Low
2025-01-03 14:00:00,N013,4.0004,1.266,0.0,Normal,Low,Low
2025-01-03 14:00:00,N014,5.39176,1.483,0.0,Normal,Low,Moderate
2025-01-03 14:00:00,N015,3.97332,1.424,0.0,Normal,Low,Low
2025-01-03 14:00:00,N016,11.650809538130105,0.6277264312357876,2.169,Partial_Blockage,Moderate,Moderate
2025-01-03 14:00:00,N017,3.6208,1.249,0.0,Normal,Low,Low
2025-01-03 14:00:00,N018,6.831359999999999,1.478,0.0,Normal,Low,Moderate
2025-01-03 14:00:00,N019,2.7451199999999996,1.296,0.0,Normal,Low,Low
2025-01-03 14:00:00,N020,3.0061199999999997,1.156,0.0,Normal,Low,Low
2025-01-03 15:00:00,N001,30.89322993468103,0.33006734789933484,10.348,Severe_Blockage,Critical,Critical
2025-01-03 15:00:00,N002,37.699213092857725,0.3837575596008592,11.616,Severe_Blockage,Critical,Critical
2025-01-03 15:00:00,N003,5.16624,1.539,0.0,Normal,Low,Moderate
2025-01-03 15:00:00,N004,4.1096,1.398,0.0,Normal,Low,Low
2025-01-03 15:00:00,N005,8.396551535098743,0.7168470369658084,1.189,Partial_Blockage,Moderate,Moderate
2025-01-03 15:00:00,N006,4.7433,1.339,0.0,Normal,Low,Low
2025-01-03 15:00:00,N007,13.341230534299738,0.6232105553499218,2.513,Partial_Blockage,Moderate,Moderate
2025-01-03 15:00:00,N008,2.1126,1.112,0.0,Normal,Low,Low
2025-01-03 15:00:00,N009,3.6864000000000003,1.298,0.0,Normal,Low,Low
2025-01-03 15:00:00,N010,37.31787712286142,0.27249354239926127,13.574,Severe_Blockage,Critical,Critical
2025-01-03 15:00:00,N011,14.845263756932404,0.6756426519408342,2.408,Partial_Blockage,Moderate,Moderate
2025-01-03 15:00:00,N012,1.9404000000000001,1.104,0.0,Normal,Low,Low
2025-01-03 15:00:00,N013,5.4252,1.481,0.0,Normal,Low,Moderate
2025-01-03 15:00:00,N014,4.378019999999999,1.309,0.0,Normal,Low,Low
2025-01-03 15:00:00,N015,13.50686989203225,0.5723007010251678,2.888,Severe_Blockage,High,Moderate
2025-01-03 15:00:00,N016,7.210499999999999,1.473,0.0,Normal,Low,Moderate
2025-01-03 15:00:00,N017,1.15632,1.054,0.0,Normal,Low,Low
2025-01-03 15:00:00,N018,0.9488,1.118,0.0,Normal,Low,Low
2025-01-03 15:00:00,N019,2.03476,1.175,0.0,Normal,Low,Low
2025-01-03 15:00:00,N020,3.6782199999999996,1.344,0.0,Normal,Low,Low
2025-01-03 16:00:00,N001,9.57316208318326,0.6099425002927057,1.867,Partial_Blockage,Moderate,Moderate
2025-01-03 16:00:00,N002,1.53558,1.163,0.0,Normal,Low,Low
2025-01-03 16:00:00,N003,13.5142914653442,0.5878893719721416,2.785,Severe_Blockage,High,Moderate
2025-01-03 16:00:00,N004,4.408479999999999,1.416,0.0,Normal,Low,Low
2025-01-03 16:00:00,N005,5.9024,1.411,0.0,Normal,Low,Moderate
2025-01-03 16:00:00,N006,0.7081,1.066,0.0,Normal,Low,Low
2025-01-03 16:00:00,N007,24.854941257755847,0.5609178947248288,5.457,Severe_Blockage,High,High
2025-01-03 16:00:00,N008,4.0441199999999995,1.5,0.0,Normal,Low,Low
2025-01-03 16:00:00,N009,4.474880000000001,1.389,0.0,Normal,Low,Low
2025-01-03 16:00:00,N010,1.32334,1.116,0.0,Normal,Low,Low
2025-01-03 16:00:00,N011,4.3566,1.377,0.0,Normal,Low,Low
2025-01-03 16:00:00,N012,2.36082,1.198,0.0,Normal,Low,Low
2025-01-03 16:00:00,N013,3.4195200000000003,1.187,0.0,Normal,Low,Low
2025-01-03 16:00:00,N014,5.46974,1.415,0.0,Normal,Low,Moderate
2025-01-03 16:00:00,N015,1.4263200000000003,1.083,0.0,Normal,Low,Low
2025-01-03 16:00:00,N016,5.991499999999999,1.343,0.0,Normal,Low,Moderate
2025-01-03 16:00:00,N017,3.2236799999999994,1.301,0.0,Normal,Low,Low
2025-01-03 16:00:00,N018,4.73214,1.271,0.0,Normal,Low,Low
2025-01-03 16:00:00,N019,6.4414,1.458,0.0,Normal,Low,Moderate
2025-01-03 16:00:00,N020,1.06314,1.063,0.0,Normal,Low,Low
2025-01-03 17:00:00,N001,2.3056,1.248,0.0,Normal,Low,Low
2025-01-03 17:00:00,N002,1.9935600000000002,1.181,0.0,Normal,Low,Low
2025-01-03 17:00:00,N003,0.89768,1.092,0.0,Normal,Low,Low
2025-01-03 17:00:00,N004,2.17622,1.305,0.0,Normal,Low,Low
2025-01-03 17:00:00,N005,4.05552,1.495,0.0,Normal,Low,Low
2025-01-03 17:00:00,N006,1.3677,1.072,0.0,Normal,Low,Low
2025-01-03 17:00:00,N007,3.2999199999999997,1.26,0.0,Normal,Low,Low
2025-01-03 17:00:00,N008,2.7162,1.213,0.0,Normal,Low,Low
2025-01-03 17:00:00,N009,2.36544,1.303,0.0,Normal,Low,Low
2025-01-03 17:00:00,N010,9.242825865948292,0.6946579388695702,1.411,Partial_Blockage,Moderate,Moderate
2025-01-03 17:00:00,N011,4.038600000000001,1.215,0.0,Normal,Low,Low
2025-01-03 17:00:00,N012,9.279273369069738,0.6717739235698663,1.523,Partial_Blockage,Moderate,Moderate
2025-01-03 17:00:00,N013,1.0740800000000001,1.084,0.0,Normal,Low,Low
2025-01-03 17:00:00,N014,4.42258,1.353,0.0,Normal,Low,Low
2025-01-03 17:00:00,N015,2.8752800000000005,1.207,0.0,Normal,Low,Low
2025-01-03 17:00:00,N016,1.1615,1.073,0.0,Normal,Low,Low
2025-01-03 17:00:00,N017,6.28384,1.484,0.0,Normal,Low,Moderate
2025-01-03 17:00:00,N018,3.7121799999999996,1.192,0.0,Normal,Low,Low
2025-01-03 17:00:00,N019,8.489162544372405,0.6564255063794322,1.458,Partial_Blockage,Moderate,Moderate
2025-01-03 17:00:00,N020,1.78412,1.095,0.0,Normal,Low,Low
2025-01-03 18:00:00,N001,0.9856000000000001,1.074,0.0,Normal,Low,Low
2025-01-03 18:00:00,N002,1.3829200000000001,1.259,0.0,Normal,Low,Low
2025-01-03 18:00:00,N003,1.86864,1.187,0.0,Normal,Low,Low
2025-01-03 18:00:00,N004,4.296399999999999,1.502,0.0,Normal,Low,Low
2025-01-03 18:00:00,N005,4.76,1.399,0.0,Normal,Low,Low
2025-01-03 18:00:00,N006,15.69864425974811,0.40363529663379216,4.681,Severe_Blockage,High,High
2025-01-03 18:00:00,N007,3.9223600000000003,1.323,0.0,Normal,Low,Low
2025-01-03 18:00:00,N008,2.99788,1.225,0.0,Normal,Low,Low
2025-01-03 18:00:00,N009,2.85696,1.206,0.0,Normal,Low,Low
2025-01-03 18:00:00,N010,22.031854149056542,0.5656945180756395,4.784,Severe_Blockage,High,High
2025-01-03 18:00:00,N011,3.7524,1.194,0.0,Normal,Low,Low
2025-01-03 18:00:00,N012,5.61638,1.418,0.0,Normal,Low,Moderate
2025-01-03 18:00:00,N013,3.26608,1.24,0.0,Normal,Low,Low
2025-01-03 18:00:00,N014,2.20572,1.177,0.0,Normal,Low,Low
2025-01-03 18:00:00,N015,4.890240000000001,1.417,0.0,Normal,Low,Low
2025-01-03 18:00:00,N016,3.381,1.305,0.0,Normal,Low,Low
2025-01-03 18:00:00,N017,3.5039999999999996,1.258,0.0,Normal,Low,Low
2025-01-03 18:00:00,N018,1.5418,1.109,0.0,Normal,Low,Low
2025-01-03 18:00:00,N019,5.9598,1.49,0.0,Normal,Low,Moderate
2025-01-03 18:00:00,N020,2.52954,1.22,0.0,Normal,Low,Low
2025-01-03 19:00:00,N001,4.567200000000001,1.505,0.0,Normal,Low,Low
2025-01-03 19:00:00,N002,5.46882,1.508,0.0,Normal,Low,Moderate
2025-01-03 19:00:00,N003,4.7815199999999995,1.507,0.0,Normal,Low,Low
2025-01-03 19:00:00,N004,0.99004,1.107,0.0,Normal,Low,Low
2025-01-03 19:00:00,N005,4.05552,1.454,0.0,Normal,Low,Low
2025-01-03 19:00:00,N006,2.7063,1.242,0.0,Normal,Low,Low
2025-01-03 19:00:00,N007,1.83768,1.169,0.0,Normal,Low,Low
2025-01-03 19:00:00,N008,3.44052,1.443,0.0,Normal,Low,Low
2025-01-03 19:00:00,N009,6.4,1.535,0.0,Normal,Low,Moderate
2025-01-03 19:00:00,N010,1.4171200000000002,1.186,0.0,Normal,Low,Low
2025-01-03 19:00:00,N011,5.119800000000001,1.521,0.0,Normal,Low,Moderate
2025-01-03 19:00:00,N012,2.3931600000000004,1.42,0.0,Normal,Low,Low
2025-01-03 19:00:00,N013,17.546646913608928,0.4997649189864121,4.389,Severe_Blockage,High,High
2025-01-03 19:00:00,N014,6.082439999999999,1.473,0.0,Normal,Low,Moderate
2025-01-03 19:00:00,N015,3.4639200000000003,1.228,0.0,Normal,Low,Low
2025-01-03 19:00:00,N016,1.127,1.079,0.0,Normal,Low,Low
2025-01-03 19:00:00,N017,16.86789595557115,0.5811726711151881,3.532,Severe_Blockage,High,High
2025-01-03 19:00:00,N018,4.58982,1.385,0.0,Normal,Low,Low
2025-01-03 19:00:00,N019,4.18992,1.299,0.0,Normal,Low,Low
2025-01-03 19:00:00,N020,1.0387,1.06,0.0,Normal,Low,Low
2025-01-03 20:00:00,N001,1.9008,1.151,0.0,Normal,Low,Low
2025-01-03 20:00:00,N002,11.885580919362576,0.7489876285647248,1.492,Partial_Blockage,Moderate,Moderate
2025-01-03 20:00:00,N003,4.96472,1.497,0.0,Normal,Low,Low
2025-01-03 20:00:00,N004,4.7166999999999994,1.445,0.0,Normal,Low,Low
2025-01-03 20:00:00,N005,14.63824041892111,0.6409943601416331,2.628,Partial_Blockage,Moderate,Moderate
2025-01-03 20:00:00,N006,2.5026,1.447,0.0,Normal,Low,Low
2025-01-03 20:00:00,N007,3.61608,1.433,0.0,Normal,Low,Low
2025-01-03 20:00:00,N008,24.441269454117226,0.4900067911807532,6.232,Severe_Blockage,High,High
2025-01-03 20:00:00,N009,2.77504,1.257,0.0,Normal,Low,Low
2025-01-03 20:00:00,N010,2.9071800000000003,1.321,0.0,Normal,Low,Low
2025-01-03 20:00:00,N011,4.303599999999999,1.264,0.0,Normal,Low,Low
2025-01-03 20:00:00,N012,3.9670400000000003,1.217,0.0,Normal,Low,Low
2025-01-03 20:00:00,N013,4.559360000000001,1.322,0.0,Normal,Low,Low
2025-01-03 20:00:00,N014,2.5399199999999995,1.222,0.0,Normal,Low,Low
2025-01-03 20:00:00,N015,2.2300400000000002,1.125,0.0,Normal,Low,Low
2025-01-03 20:00:00,N016,2.2655,1.2,0.0,Normal,Low,Low
2025-01-03 20:00:00,N017,3.0484799999999996,1.288,0.0,Normal,Low,Low
2025-01-03 20:00:00,N018,3.4631199999999995,1.244,0.0,Normal,Low,Low
2025-01-03 20:00:00,N019,3.913,1.523,0.0,Normal,Low,Low
2025-01-03 20:00:00,N020,1.23422,1.072,0.0,Normal,Low,Low
2025-01-03 21:00:00,N001,2.1032,1.194,0.0,Normal,Low,Low
2025-01-03 21:00:00,N002,2.28092,1.296,0.0,Normal,Low,Low
2025-01-03 21:00:00,N003,21.684611177047124,0.5749636249958358,4.608,Severe_Blockage,High,High
2025-01-03 21:00:00,N004,2.51246,1.215,0.0,Normal,Low,Low
2025-01-03 21:00:00,N005,8.395758315204551,0.5663414490880292,1.82,Severe_Blockage,High,Moderate
2025-01-03 21:00:00,N006,1.3095,1.082,0.0,Normal,Low,Low
2025-01-03 21:00:00,N007,11.290122657574413,0.5926243027566744,2.3,Severe_Blockage,High,Moderate
2025-01-03 21:00:00,N008,21.051137046649252,0.5694103142905205,4.532,Severe_Blockage,High,High
2025-01-03 21:00:00,N009,14.21258550641347,0.6954577299671394,2.164,Partial_Blockage,Moderate,Moderate
2025-01-03 21:00:00,N010,6.4083000000000006,1.479,0.0,Normal,Low,Moderate
2025-01-03 21:00:00,N011,4.2824,1.361,0.0,Normal,Low,Low
2025-01-03 21:00:00,N012,1.28282,1.119,0.0,Normal,Low,Low
2025-01-03 21:00:00,N013,6.87192,1.525,0.0,Normal,Low,Moderate
2025-01-03 21:00:00,N014,1.5707399999999998,1.092,0.0,Normal,Low,Low
2025-01-03 21:00:00,N015,3.6337200000000003,1.172,0.0,Normal,Low,Low
2025-01-03 21:00:00,N016,0.621,1.054,0.0,Normal,Low,Low
2025-01-03 21:00:00,N017,4.7303999999999995,1.505,0.0,Normal,Low,Low
2025-01-03 21:00:00,N018,29.766571638092547,0.2648647886140156,10.941,Severe_Blockage,Critical,Critical
2025-01-03 21:00:00,N019,1.3966399999999999,1.102,0.0,Normal,Low,Low
2025-01-03 21:00:00,N020,8.535433046756628,0.6124086748709746,1.654,Partial_Blockage,Moderate,Moderate
2025-01-03 22:00:00,N001,3.9072000000000005,1.344,0.0,Normal,Low,Low
2025-01-03 22:00:00,N002,39.337288090260884,0.3520512055363575,12.744,Severe_Blockage,Critical,Critical
2025-01-03 22:00:00,N003,3.59072,1.35,0.0,Normal,Low,Low
2025-01-03 22:00:00,N004,1.7185599999999999,1.137,0.0,Normal,Low,Low
2025-01-03 22:00:00,N005,1.50416,1.15,0.0,Normal,Low,Low
2025-01-03 22:00:00,N006,14.69723857917932,0.7345463365540139,1.951,Partial_Blockage,Moderate,Moderate
2025-01-03 22:00:00,N007,1.3930799999999999,1.184,0.0,Normal,Low,Low
2025-01-03 22:00:00,N008,12.47327213641374,0.6751080703649572,2.026,Partial_Blockage,Moderate,Moderate
2025-01-03 22:00:00,N009,1.2185599999999999,1.129,0.0,Normal,Low,Low
2025-01-03 22:00:00,N010,3.26146,1.315,0.0,Normal,Low,Low
2025-01-03 22:00:00,N011,5.088,1.419,0.0,Normal,Low,Moderate
2025-01-03 22:00:00,N012,21.25582974538439,0.5904061011715467,4.353,Severe_Blockage,High,High
2025-01-03 22:00:00,N013,4.701840000000001,1.465,0.0,Normal,Low,Low
2025-01-03 22:00:00,N014,12.628474052790832,0.7242558631413021,1.741,Partial_Blockage,Moderate,Moderate
2025-01-03 22:00:00,N015,39.238481981865405,0.3522011594301262,12.709,Severe_Blockage,Critical,Critical
2025-01-03 22:00:00,N016,2.1734999999999998,1.137,0.0,Normal,Low,Low
2025-01-03 22:00:00,N017,2.76816,1.17,0.0,Normal,Low,Low
2025-01-03 22:00:00,N018,11.16847862129748,0.6942782875796522,1.707,Partial_Blockage,Moderate,Moderate
2025-01-03 22:00:00,N019,34.522414188172824,0.29512866218005684,12.167,Severe_Blockage,Critical,Critical
2025-01-03 22:00:00,N020,2.4195599999999997,1.101,0.0,Normal,Low,Low
2025-01-03 23:00:00,N001,1.7424,1.119,0.0,Normal,Low,Low
2025-01-03 23:00:00,N002,2.58624,1.345,0.0,Normal,Low,Low
2025-01-03 23:00:00,N003,4.54336,1.378,0.0,Normal,Low,Low
2025-01-03 23:00:00,N004,4.912839999999999,1.426,0.0,Normal,Low,Low
2025-01-03 23:00:00,N005,1.3899199999999998,1.106,0.0,Normal,Low,Low
2025-01-03 23:00:00,N006,21.558820518629005,0.4881156600356258,5.518,Severe_Blockage,High,High
2025-01-03 23:00:00,N007,2.05504,1.155,0.0,Normal,Low,Low
2025-01-03 23:00:00,N008,3.1689,1.203,0.0,Normal,Low,Low
2025-01-03 23:00:00,N009,2.6419200000000003,1.159,0.0,Normal,Low,Low
2025-01-03 23:00:00,N010,1.47964,1.109,0.0,Normal,Low,Low
2025-01-03 23:00:00,N011,1.6960000000000002,1.094,0.0,Normal,Low,Low
2025-01-03 23:00:00,N012,6.1985,1.463,0.0,Normal,Low,Moderate
2025-01-03 23:00:00,N013,1.1946400000000001,1.066,0.0,Normal,Low,Low
2025-01-03 23:00:00,N014,16.953749973059644,0.5156214196947508,4.106,Severe_Blockage,High,High
2025-01-03 23:00:00,N015,3.6110800000000003,1.353,0.0,Normal,Low,Low
2025-01-03 23:00:00,N016,22.09627491163786,0.560933506298742,4.851,Severe_Blockage,High,High
2025-01-03 23:00:00,N017,33.99998212839538,0.28488433503287347,12.157,Severe_Blockage,Critical,Critical
2025-01-03 23:00:00,N018,3.4631199999999995,1.24,0.0,Normal,Low,Low
2025-01-03 23:00:00,N019,4.29828,1.247,0.0,Normal,Low,Low
2025-01-03 23:00:00,N020,0.9776,1.058,0.0,Normal,Low,Low
2025-01-04 00:00:00,N001,2.1736,1.207,0.0,Normal,Low,Low
2025-01-04 00:00:00,N002,25.890443203883855,0.2565892215360077,9.624,Severe_Blockage,Critical,Critical
2025-01-04 00:00:00,N003,1.86864,1.184,0.0,Normal,Low,Low
2025-01-04 00:00:00,N004,3.32504,1.269,0.0,Normal,Low,Low
2025-01-04 00:00:00,N005,24.192326963027703,0.4436358409160614,6.73,Severe_Blockage,High,High
2025-01-04 00:00:00,N006,0.6305,1.054,0.0,Normal,Low,Low
2025-01-04 00:00:00,N007,20.249490457333,0.5534692541701759,4.521,Severe_Blockage,High,High
2025-01-04 00:00:00,N008,3.30974,1.289,0.0,Normal,Low,Low
2025-01-04 00:00:00,N009,4.352,1.493,0.0,Normal,Low,Low
2025-01-04 00:00:00,N010,1.23998,1.077,0.0,Normal,Low,Low
2025-01-04 00:00:00,N011,8.444723541977977,0.7253390963314944,1.16,Partial_Blockage,Moderate,Moderate
2025-01-04 00:00:00,N012,14.736659185451433,0.706287457497484,2.164,Partial_Blockage,Moderate,Moderate
2025-01-04 00:00:00,N013,0.75624,1.055,0.0,Normal,Low,Low
2025-01-04 00:00:00,N014,5.948759999999999,1.501,0.0,Normal,Low,Moderate
2025-01-04 00:00:00,N015,4.5959200000000004,1.277,0.0,Normal,Low,Low
2025-01-04 00:00:00,N016,3.105,1.247,0.0,Normal,Low,Low
2025-01-04 00:00:00,N017,0.9927999999999999,1.057,0.0,Normal,Low,Low
2025-01-04 00:00:00,N018,4.87446,1.38,0.0,Normal,Low,Low
2025-01-04 00:00:00,N019,6.05612,1.472,0.0,Normal,Low,Moderate
2025-01-04 00:00:00,N020,18.284281034547526,0.48681932524375054,4.692,Severe_Blockage,High,High
2025-01-04 01:00:00,N001,1.5136,1.113,0.0,Normal,Low,Low
2025-01-04 01:00:00,N002,3.08912,1.347,0.0,Normal,Low,Low
2025-01-04 01:00:00,N003,3.4075200000000003,1.416,0.0,Normal,Low,Low
2025-01-04 01:00:00,N004,3.11956,1.357,0.0,Normal,Low,Low
2025-01-04 01:00:00,N005,0.714,1.086,0.0,Normal,Low,Low
2025-01-04 01:00:00,N006,11.321679163617828,0.70551042686379,1.667,Partial_Blockage,Moderate,Moderate
2025-01-04 01:00:00,N007,32.73046523244081,0.32520922008752035,11.043,Severe_Blockage,Critical,Critical
2025-01-04 01:00:00,N008,1.62972,1.131,0.0,Normal,Low,Low
2025-01-04 01:00:00,N009,5.376,1.491,0.0,Normal,Low,Moderate
2025-01-04 01:00:00,N010,3.77204,1.414,0.0,Normal,Low,Low
2025-01-04 01:00:00,N011,16.842699986668215,0.4870140288660132,4.32,Severe_Blockage,High,High
2025-01-04 01:00:00,N012,1.87572,1.101,0.0,Normal,Low,Low
2025-01-04 01:00:00,N013,3.3866400000000003,1.244,0.0,Normal,Low,Low
2025-01-04 01:00:00,N014,1.10286,1.074,0.0,Normal,Low,Low
2025-01-04 01:00:00,N015,4.3242400000000005,1.358,0.0,Normal,Low,Low
2025-01-04 01:00:00,N016,4.174499999999999,1.302,0.0,Normal,Low,Low
2025-01-04 01:00:00,N017,23.153427297292126,0.4169516291429785,6.75,Severe_Blockage,High,High
2025-01-04 01:00:00,N018,3.6410199999999997,1.248,0.0,Normal,Low,Low
2025-01-04 01:00:00,N019,10.824640996123218,0.6763033499690254,1.752,Partial_Blockage,Moderate,Moderate
2025-01-04 01:00:00,N020,6.892079999999999,1.478,0.0,Normal,Low,Moderate
2025-01-04 02:00:00,N001,2.64,1.366,0.0,Normal,Low,Low
2025-01-04 02:00:00,N002,0.54778,1.068,0.0,Normal,Low,Low
2025-01-04 02:00:00,N003,8.753514251278903,0.6390898334513003,1.58,Partial_Blockage,Moderate,Moderate
2025-01-04 02:00:00,N004,4.202999999999999,1.444,0.0,Normal,Low,Low
2025-01-04 02:00:00,N005,3.094,1.309,0.0,Normal,Low,Low
2025-01-04 02:00:00,N006,3.8024,1.329,0.0,Normal,Low,Low
2025-01-04 02:00:00,N007,0.77064,1.073,0.0,Normal,Low,Low
2025-01-04 02:00:00,N008,1.38828,1.091,0.0,Normal,Low,Low
2025-01-04 02:00:00,N009,4.73088,1.332,0.0,Normal,Low,Low
2025-01-04 02:00:00,N010,2.7300400000000002,1.19,0.0,Normal,Low,Low
2025-01-04 02:00:00,N011,33.20225302407656,0.3392302922019102,10.97,Severe_Blockage,Critical,Critical
2025-01-04 02:00:00,N012,24.375324448125383,0.4753763359476033,6.394,Severe_Blockage,High,High
2025-01-04 02:00:00,N013,2.26872,1.187,0.0,Normal,Low,Low
2025-01-04 02:00:00,N014,2.01634,1.164,0.0,Normal,Low,Low
2025-01-04 02:00:00,N015,4.3242400000000005,1.265,0.0,Normal,Low,Low
2025-01-04 02:00:00,N016,4.622999999999999,1.419,0.0,Normal,Low,Low
2025-01-04 02:00:00,N017,3.1536,1.167,0.0,Normal,Low,Low
2025-01-04 02:00:00,N018,4.6254,1.501,0.0,Normal,Low,Low
2025-01-04 02:00:00,N019,4.25012,1.484,0.0,Normal,Low,Low
2025-01-04 02:00:00,N020,5.34014,1.352,0.0,Normal,Low,Moderate
2025-01-04 03:00:00,N001,3.388,1.346,0.0,Normal,Low,Low
2025-01-04 03:00:00,N002,3.8883400000000004,1.433,0.0,Normal,Low,Low
2025-01-04 03:00:00,N003,2.69304,1.226,0.0,Normal,Low,Low
2025-01-04 03:00:00,N004,5.43588,1.411,0.0,Normal,Low,Moderate
2025-01-04 03:00:00,N005,2.77032,1.33,0.0,Normal,Low,Low
2025-01-04 03:00:00,N006,14.949810454349205,0.5609920776283741,3.282,Severe_Blockage,High,Moderate
2025-01-04 03:00:00,N007,4.82144,1.376,0.0,Normal,Low,Low
2025-01-04 03:00:00,N008,4.466640000000001,1.393,0.0,Normal,Low,Low
2025-01-04 03:00:00,N009,4.02432,1.328,0.0,Normal,Low,Low
2025-01-04 03:00:00,N010,3.50112,1.276,0.0,Normal,Low,Low
2025-01-04 03:00:00,N011,1.6112000000000002,1.22,0.0,Normal,Low,Low
2025-01-04 03:00:00,N012,1.66012,1.119,0.0,Normal,Low,Low
2025-01-04 03:00:00,N013,24.846939348612196,0.5635932549674207,5.422,Severe_Blockage,High,High
2025-01-04 03:00:00,N014,0.7018199999999999,1.073,0.0,Normal,Low,Low
2025-01-04 03:00:00,N015,2.0828800000000003,1.106,0.0,Normal,Low,Low
2025-01-04 03:00:00,N016,6.5895,1.503,0.0,Normal,Low,Moderate
2025-01-04 03:00:00,N017,2.92,1.143,0.0,Normal,Low,Low
2025-01-04 03:00:00,N018,2.30084,1.189,0.0,Normal,Low,Low
2025-01-04 03:00:00,N019,5.82736,1.407,0.0,Normal,Low,Moderate
2025-01-04 03:00:00,N020,1.9552,1.143,0.0,Normal,Low,Low
2025-01-04 04:00:00,N001,1.2496,1.157,0.0,Normal,Low,Low
2025-01-04 04:00:00,N002,11.70514342870184,0.5792204369204024,2.463,Severe_Blockage,High,Moderate
2025-01-04 04:00:00,N003,2.2533600000000003,1.16,0.0,Normal,Low,Low
2025-01-04 04:00:00,N004,2.9794599999999996,1.275,0.0,Normal,Low,Low
2025-01-04 04:00:00,N005,4.569599999999999,1.51,0.0,Normal,Low,Low
2025-01-04 04:00:00,N006,3.7636,1.384,0.0,Normal,Low,Low
2025-01-04 04:00:00,N007,5.36484,1.436,0.0,Normal,Low,Moderate
2025-01-04 04:00:00,N008,2.80674,1.205,0.0,Normal,Low,Low
2025-01-04 04:00:00,N009,19.875173605656258,0.4066752451109871,5.896,Severe_Blockage,High,High
2025-01-04 04:00:00,N010,2.8029800000000002,1.184,0.0,Normal,Low,Low
2025-01-04 04:00:00,N011,2.5334000000000003,1.206,0.0,Normal,Low,Low
2025-01-04 04:00:00,N012,18.707378796850712,0.44581585375401417,5.184,Severe_Blockage,High,High
2025-01-04 04:00:00,N013,4.88816,1.478,0.0,Normal,Low,Low
2025-01-04 04:00:00,N014,16.67674387720166,0.5737984018638445,3.554,Severe_Blockage,High,High
2025-01-04 04:00:00,N015,2.2074000000000003,1.16,0.0,Normal,Low,Low
2025-01-04 04:00:00,N016,2.0469999999999997,1.19,0.0,Normal,Low,Low
2025-01-04 04:00:00,N017,3.9244799999999995,1.339,0.0,Normal,Low,Low
2025-01-04 04:00:00,N018,1.44692,1.102,0.0,Normal,Low,Low
2025-01-04 04:00:00,N019,31.39529867086536,0.3272751230521176,10.56,Severe_Blockage,Critical,Critical
2025-01-04 04:00:00,N020,4.839119999999999,1.237,0.0,Normal,Low,Low
2025-01-04 05:00:00,N001,2.2,1.235,0.0,Normal,Low,Low
2025-01-04 05:00:00,N002,21.93721572093172,0.5199510097432072,5.265,Severe_Blockage,High,High
2025-01-04 05:00:00,N003,0.7419600000000001,1.062,0.0,Normal,Low,Low
2025-01-04 05:00:00,N004,17.74020974541852,0.518352358098364,4.272,Severe_Blockage,High,High
2025-01-04 05:00:00,N005,2.35144,1.176,0.0,Normal,Low,Low
2025-01-04 05:00:00,N006,3.1719,1.204,0.0,Normal,Low,Low
2025-01-04 05:00:00,N007,4.693,1.241,0.0,Normal,Low,Low
2025-01-04 05:00:00,N008,1.26756,1.122,0.0,Normal,Low,Low
2025-01-04 05:00:00,N009,5.6832,1.365,0.0,Normal,Low,Moderate
2025-01-04 05:00:00,N010,20.20560874189276,0.4888854853030822,5.164,Severe_Blockage,High,High
2025-01-04 05:00:00,N011,17.78058469051151,0.43420784822250225,5.03,Severe_Blockage,High,High
2025-01-04 05:00:00,N012,12.273461370291617,0.6929504323498641,1.884,Partial_Blockage,Moderate,Moderate
2025-01-04 05:00:00,N013,7.08016,1.48,0.0,Normal,Low,Moderate
2025-01-04 05:00:00,N014,3.4868199999999994,1.242,0.0,Normal,Low,Low
2025-01-04 05:00:00,N015,2.73944,1.284,0.0,Normal,Low,Low
2025-01-04 05:00:00,N016,6.140999999999999,1.467,0.0,Normal,Low,Moderate
2025-01-04 05:00:00,N017,3.14192,1.248,0.0,Normal,Low,Low
2025-01-04 05:00:00,N018,6.65346,1.497,0.0,Normal,Low,Moderate
2025-01-04 05:00:00,N019,4.8400799999999995,1.501,0.0,Normal,Low,Low
2025-01-04 05:00:00,N020,6.00002,1.459,0.0,Normal,Low,Moderate
2025-01-04 06:00:00,N001,3.52,1.372,0.0,Normal,Low,Low
2025-01-04 06:00:00,N002,4.03202,1.511,0.0,Normal,Low,Low
2025-01-04 06:00:00,N003,4.9280800000000005,1.334,0.0,Normal,Low,Low
2025-01-04 06:00:00,N004,21.428102542887174,0.42135996458469316,6.2,Severe_Blockage,High,High
2025-01-04 06:00:00,N005,0.73304,1.064,0.0,Normal,Low,Low
2025-01-04 06:00:00,N006,1.2513,1.1,0.0,Normal,Low,Low
2025-01-04 06:00:00,N007,3.14184,1.191,0.0,Normal,Low,Low
2025-01-04 06:00:00,N008,3.59142,1.258,0.0,Normal,Low,Low
2025-01-04 06:00:00,N009,12.132686952583974,0.6224545613707968,2.29,Partial_Blockage,Moderate,Moderate
2025-01-04 06:00:00,N010,3.8033,1.256,0.0,Normal,Low,Low
2025-01-04 06:00:00,N011,4.5474000000000006,1.379,0.0,Normal,Low,Low
2025-01-04 06:00:00,N012,1.76792,1.104,0.0,Normal,Low,Low
2025-01-04 06:00:00,N013,6.477360000000001,1.528,0.0,Normal,Low,Moderate
2025-01-04 06:00:00,N014,6.182699999999999,1.31,0.0,Normal,Low,Moderate
2025-01-04 06:00:00,N015,17.22363102940453,0.5599575009271609,3.79,Severe_Blockage,High,High
2025-01-04 06:00:00,N016,13.01808121079776,0.709631862151173,1.89,Partial_Blockage,Moderate,Moderate
2025-01-04 06:00:00,N017,1.9505599999999998,1.094,0.0,Normal,Low,Low
2025-01-04 06:00:00,N018,1.5418,1.087,0.0,Normal,Low,Low
2025-01-04 06:00:00,N019,13.549255797468932,0.6622860231602536,2.288,Partial_Blockage,Moderate,Moderate
2025-01-04 06:00:00,N020,2.3829,1.139,0.0,Normal,Low,Low
2025-01-04 07:00:00,N001,1.2408,1.141,0.0,Normal,Low,Low
2025-01-04 07:00:00,N002,4.60674,1.394,0.0,Normal,Low,Low
2025-01-04 07:00:00,N003,2.61976,1.265,0.0,Normal,Low,Low
2025-01-04 07:00:00,N004,13.716179328238137,0.7068711692347479,2.01,Partial_Blockage,Moderate,Moderate
2025-01-04 07:00:00,N005,1.5707999999999998,1.135,0.0,Normal,Low,Low
2025-01-04 07:00:00,N006,2.4638,1.219,0.0,Normal,Low,Low
2025-01-04 07:00:00,N007,14.044036292391095,0.6197417577792967,2.67,Partial_Blockage,Moderate,Moderate
2025-01-04 07:00:00,N008,1.09654,1.083,0.0,Normal,Low,Low
2025-01-04 07:00:00,N009,1.30048,1.074,0.0,Normal,Low,Low
2025-01-04 07:00:00,N010,0.96906,1.072,0.0,Normal,Low,Low
2025-01-04 07:00:00,N011,23.20866691422914,0.40408435019301114,6.915,Severe_Blockage,High,High
2025-01-04 07:00:00,N012,2.89982,1.162,0.0,Normal,Low,Low
2025-01-04 07:00:00,N013,6.082800000000001,1.494,0.0,Normal,Low,Moderate
2025-01-04 07:00:00,N014,17.093143034206896,0.568564261999821,3.687,Severe_Blockage,High,High
2025-01-04 07:00:00,N015,24.474080939024965,0.4038314475756505,7.295,Severe_Blockage,High,High
2025-01-04 07:00:00,N016,4.462,1.282,0.0,Normal,Low,Low
2025-01-04 07:00:00,N017,4.777119999999999,1.397,0.0,Normal,Low,Low
2025-01-04 07:00:00,N018,16.40872796704779,0.41094398532941195,4.833,Severe_Blockage,High,High
2025-01-04 07:00:00,N019,3.01,1.146,0.0,Normal,Low,Low
2025-01-04 07:00:00,N020,4.22812,1.499,0.0,Normal,Low,Low
2025-01-04 08:00:00,N001,3.0624,1.323,0.0,Normal,Low,Low
2025-01-04 08:00:00,N002,14.437480508384027,0.6652886882161407,2.416,Partial_Blockage,Moderate,Moderate
2025-01-04 08:00:00,N003,2.78464,1.205,0.0,Normal,Low,Low
2025-01-04 08:00:00,N004,3.2783399999999996,1.29,0.0,Normal,Low,Low
2025-01-04 08:00:00,N005,4.24592,1.534,0.0,Normal,Low,Low
2025-01-04 08:00:00,N006,2.9391,1.179,0.0,Normal,Low,Low
2025-01-04 08:00:00,N007,3.25052,1.289,0.0,Normal,Low,Low
2025-01-04 08:00:00,N008,1.06636,1.083,0.0,Normal,Low,Low
2025-01-04 08:00:00,N009,1.5667200000000001,1.1,0.0,Normal,Low,Low
2025-01-04 08:00:00,N010,4.31388,1.262,0.0,Normal,Low,Low
2025-01-04 08:00:00,N011,5.565,1.481,0.0,Normal,Low,Moderate
2025-01-04 08:00:00,N012,3.26634,1.259,0.0,Normal,Low,Low
2025-01-04 08:00:00,N013,22.78743713862073,0.45004162208742404,6.266,Severe_Blockage,High,High
2025-01-04 08:00:00,N014,1.4482,1.114,0.0,Normal,Low,Low
2025-01-04 08:00:00,N015,19.28634650006233,0.566077671535101,4.184,Severe_Blockage,High,High
2025-01-04 08:00:00,N016,20.91737424457692,0.5018544150373367,5.21,Severe_Blockage,High,High
2025-01-04 08:00:00,N017,4.97568,1.452,0.0,Normal,Low,Low
2025-01-04 08:00:00,N018,2.3838599999999994,1.131,0.0,Normal,Low,Low
2025-01-04 08:00:00,N019,3.1183599999999996,1.334,0.0,Normal,Low,Low
2025-01-04 08:00:00,N020,4.37476,1.328,0.0,Normal,Low,Low
2025-01-04 09:00:00,N001,1.0824,1.09,0.0,Normal,Low,Low
2025-01-04 09:00:00,N002,1.94866,1.158,0.0,Normal,Low,Low
2025-01-04 09:00:00,N003,4.27772,1.417,0.0,Normal,Low,Low
2025-01-04 09:00:00,N004,4.31508,1.522,0.0,Normal,Low,Low
2025-01-04 09:00:00,N005,10.84349879805908,0.7101457118610807,1.572,Partial_Blockage,Moderate,Moderate
2025-01-04 09:00:00,N006,17.79365592948497,0.42398270616941364,5.125,Severe_Blockage,High,High
2025-01-04 09:00:00,N007,39.88977691749305,0.34967685102240736,12.971,Severe_Blockage,Critical,Critical
2025-01-04 09:00:00,N008,27.541609008175726,0.2500856584604758,10.327,Severe_Blockage,Critical,Critical
2025-01-04 09:00:00,N009,1.1468800000000001,1.066,0.0,Normal,Low,Low
2025-01-04 09:00:00,N010,2.30282,1.272,0.0,Normal,Low,Low
2025-01-04 09:00:00,N011,4.441400000000001,1.362,0.0,Normal,Low,Low
2025-01-04 09:00:00,N012,0.62524,1.052,0.0,Normal,Low,Low
2025-01-04 09:00:00,N013,5.096400000000001,1.435,0.0,Normal,Low,Moderate
2025-01-04 09:00:00,N014,2.8741199999999996,1.245,0.0,Normal,Low,Low
2025-01-04 09:00:00,N015,3.6450400000000007,1.35,0.0,Normal,Low,Low
2025-01-04 09:00:00,N016,24.322794475530866,0.5061355743024151,6.006,Severe_Blockage,High,High
2025-01-04 09:00:00,N017,7.078079999999999,1.534,0.0,Normal,Low,Moderate
2025-01-04 09:00:00,N018,0.72346,1.07,0.0,Normal,Low,Low
2025-01-04 09:00:00,N019,26.74490650426944,0.333544393605121,8.912,Severe_Blockage,Critical,Critical
2025-01-04 09:00:00,N020,2.89614,1.166,0.0,Normal,Low,Low
2025-01-04 10:00:00,N001,3.2119999999999997,1.296,0.0,Normal,Low,Low
2025-01-04 10:00:00,N002,13.164631764700395,0.7219599444189222,1.83,Partial_Blockage,Moderate,Moderate
2025-01-04 10:00:00,N003,16.54514900234287,0.4771148292391836,4.326,Severe_Blockage,High,High
2025-01-04 10:00:00,N004,2.44708,1.165,0.0,Normal,Low,Low
2025-01-04 10:00:00,N005,13.91394876686264,0.5806804674737349,2.917,Severe_Blockage,High,Moderate
2025-01-04 10:00:00,N006,16.13970587040698,0.4138575190694213,4.73,Severe_Blockage,High,High
2025-01-04 10:00:00,N007,1.1757199999999999,1.13,0.0,Normal,Low,Low
2025-01-04 10:00:00,N008,1.27762,1.125,0.0,Normal,Low,Low
2025-01-04 10:00:00,N009,2.70336,1.386,0.0,Normal,Low,Low
2025-01-04 10:00:00,N010,3.65742,1.248,0.0,Normal,Low,Low
2025-01-04 10:00:00,N011,24.676360731796006,0.5930194337237796,5.021,Severe_Blockage,High,High
2025-01-04 10:00:00,N012,2.12366,1.1,0.0,Normal,Low,Low
2025-01-04 10:00:00,N013,2.99208,1.212,0.0,Normal,Low,Low
2025-01-04 10:00:00,N014,16.237019819566804,0.5551644063969524,3.611,Severe_Blockage,High,High
2025-01-04 10:00:00,N015,1.4942400000000002,1.098,0.0,Normal,Low,Low
2025-01-04 10:00:00,N016,0.8394999999999999,1.063,0.0,Normal,Low,Low
2025-01-04 10:00:00,N017,21.036207627815518,0.4377473425806431,5.914,Severe_Blockage,High,High
2025-01-04 10:00:00,N018,20.267479465409565,0.5655945532973569,4.402,Severe_Blockage,High,High
2025-01-04 10:00:00,N019,24.360964673305496,0.5801532645074996,5.114,Severe_Blockage,High,High
2025-01-04 10:00:00,N020,5.09574,1.306,0.0,Normal,Low,Moderate
2025-01-04 11:00:00,N001,2.4463999999999997,1.341,0.0,Normal,Low,Low
2025-01-04 11:00:00,N002,2.7209399999999997,1.347,0.0,Normal,Low,Low
2025-01-04 11:00:00,N003,35.2461490173667,0.37592064238184,10.998,Severe_Blockage,Critical,Critical
2025-01-04 11:00:00,N004,4.17498,1.385,0.0,Normal,Low,Low
2025-01-04 11:00:00,N005,5.683439999999999,1.477,0.0,Normal,Low,Moderate
2025-01-04 11:00:00,N006,5.7520999999999995,1.494,0.0,Normal,Low,Moderate
2025-01-04 11:00:00,N007,1.8870799999999999,1.108,0.0,Normal,Low,Low
2025-01-04 11:00:00,N008,1.64984,1.108,0.0,Normal,Low,Low
2025-01-04 11:00:00,N009,11.160619421605327,0.6199361015762889,2.121,Partial_Blockage,Moderate,Moderate
2025-01-04 11:00:00,N010,4.34514,1.409,0.0,Normal,Low,Low
2025-01-04 11:00:00,N011,25.95666259691088,0.25127212967835966,9.717,Severe_Blockage,Critical,Critical
2025-01-04 11:00:00,N012,3.1262000000000003,1.384,0.0,Normal,Low,Low
2025-01-04 11:00:00,N013,4.296320000000001,1.399,0.0,Normal,Low,Low
2025-01-04 11:00:00,N014,2.82956,1.303,0.0,Normal,Low,Low
2025-01-04 11:00:00,N015,3.7808800000000002,1.343,0.0,Normal,Low,Low
2025-01-04 11:00:00,N016,16.595239338959793,0.4699370930700535,4.398,Severe_Blockage,High,High
2025-01-04 11:00:00,N017,4.66032,1.319,0.0,Normal,Low,Low
2025-01-04 11:00:00,N018,4.9100399999999995,1.345,0.0,Normal,Low,Low
2025-01-04 11:00:00,N019,4.226039999999999,1.294,0.0,Normal,Low,Low
2025-01-04 11:00:00,N020,2.4195599999999997,1.165,0.0,Normal,Low,Low
2025-01-04 12:00:00,N001,2.9304,1.355,0.0,Normal,Low,Low
2025-01-04 12:00:00,N002,2.14622,1.152,0.0,Normal,Low,Low
2025-01-04 12:00:00,N003,1.18164,1.082,0.0,Normal,Low,Low
2025-01-04 12:00:00,N004,1.34496,1.143,0.0,Normal,Low,Low
2025-01-04 12:00:00,N005,17.570700480472482,0.5695479005762828,3.782,Severe_Blockage,High,High
2025-01-04 12:00:00,N006,1.3385999999999998,1.091,0.0,Normal,Low,Low
2025-01-04 12:00:00,N007,6.896240000000001,1.503,0.0,Normal,Low,Moderate
2025-01-04 12:00:00,N008,3.68196,1.254,0.0,Normal,Low,Low
2025-01-04 12:00:00,N009,3.16416,1.34,0.0,Normal,Low,Low
2025-01-04 12:00:00,N010,2.92802,1.267,0.0,Normal,Low,Low
2025-01-04 12:00:00,N011,20.395003433218427,0.41941802797861805,5.92,Severe_Blockage,High,High
2025-01-04 12:00:00,N012,2.22068,1.136,0.0,Normal,Low,Low
2025-01-04 12:00:00,N013,3.09072,1.215,0.0,Normal,Low,Low
2025-01-04 12:00:00,N014,2.96324,1.269,0.0,Normal,Low,Low
2025-01-04 12:00:00,N015,4.946840000000001,1.482,0.0,Normal,Low,Low
2025-01-04 12:00:00,N016,4.553999999999999,1.356,0.0,Normal,Low,Low
2025-01-04 12:00:00,N017,1.5184,1.125,0.0,Normal,Low,Low
2025-01-04 12:00:00,N018,5.82326,1.467,0.0,Normal,Low,Moderate
2025-01-04 12:00:00,N019,1.48092,1.185,0.0,Normal,Low,Low
2025-01-04 12:00:00,N020,2.6273,1.113,0.0,Normal,Low,Low
2025-01-04 13:00:00,N001,3.8456,1.505,0.0,Normal,Low,Low
2025-01-04 13:00:00,N002,4.33734,1.448,0.0,Normal,Low,Low
2025-01-04 13:00:00,N003,1.9785600000000003,1.2,0.0,Normal,Low,Low
2025-01-04 13:00:00,N004,1.3729799999999999,1.159,0.0,Normal,Low,Low
2025-01-04 13:00:00,N005,2.41808,1.189,0.0,Normal,Low,Low
2025-01-04 13:00:00,N006,0.6596000000000001,1.053,0.0,Normal,Low,Low
2025-01-04 13:00:00,N007,4.15948,1.521,0.0,Normal,Low,Low
2025-01-04 13:00:00,N008,12.938613826564152,0.5979734157384923,2.601,Severe_Blockage,High,Moderate
2025-01-04 13:00:00,N009,5.25312,1.453,0.0,Normal,Low,Moderate
2025-01-04 13:00:00,N010,1.0524200000000001,1.058,0.0,Normal,Low,Low
2025-01-04 13:00:00,N011,3.7418,1.318,0.0,Normal,Low,Low
2025-01-04 13:00:00,N012,2.63032,1.162,0.0,Normal,Low,Low
2025-01-04 13:00:00,N013,2.9701600000000004,1.264,0.0,Normal,Low,Low
2025-01-04 13:00:00,N014,24.4107417024669,0.5251871609019414,5.795,Severe_Blockage,High,High
2025-01-04 13:00:00,N015,1.0414400000000001,1.062,0.0,Normal,Low,Low
2025-01-04 13:00:00,N016,2.1734999999999998,1.26,0.0,Normal,Low,Low
2025-01-04 13:00:00,N017,3.02512,1.157,0.0,Normal,Low,Low
2025-01-04 13:00:00,N018,11.577043760236712,0.5877295073821782,2.386,Severe_Blockage,High,Moderate
2025-01-04 13:00:00,N019,13.729621731781231,0.6168317861707783,2.63,Partial_Blockage,Moderate,Moderate
2025-01-04 13:00:00,N020,1.2586600000000001,1.091,0.0,Normal,Low,Low
2025-01-04 14:00:00,N001,22.668481929079558,0.5679321858823564,4.897,Severe_Blockage,High,High
2025-01-04 14:00:00,N002,2.05642,1.382,0.0,Normal,Low,Low
2025-01-04 14:00:00,N003,4.69908,1.383,0.0,Normal,Low,Low
2025-01-04 14:00:00,N004,3.8667599999999993,1.413,0.0,Normal,Low,Low
2025-01-04 14:00:00,N005,1.54224,1.108,0.0,Normal,Low,Low
2025-01-04 14:00:00,N006,4.083699999999999,1.329,0.0,Normal,Low,Low
2025-01-04 14:00:00,N007,2.13408,1.212,0.0,Normal,Low,Low
2025-01-04 14:00:00,N008,4.51694,1.415,0.0,Normal,Low,Low
2025-01-04 14:00:00,N009,11.100204591425387,0.652569034291319,1.928,Partial_Blockage,Moderate,Moderate
2025-01-04 14:00:00,N010,1.7193,1.116,0.0,Normal,Low,Low
2025-01-04 14:00:00,N011,17.602903097061912,0.4857287824986491,4.526,Severe_Blockage,High,High
2025-01-04 14:00:00,N012,1.5307600000000001,1.149,0.0,Normal,Low,Low
2025-01-04 14:00:00,N013,3.0140000000000002,1.173,0.0,Normal,Low,Low
2025-01-04 14:00:00,N014,5.60342,1.324,0.0,Normal,Low,Moderate
2025-01-04 14:00:00,N015,29.275794594421264,0.281820096313453,10.513,Severe_Blockage,Critical,Critical
2025-01-04 14:00:00,N016,5.956999999999999,1.467,0.0,Normal,Low,Moderate
2025-01-04 14:00:00,N017,27.188398296686774,0.30365169000655334,9.466,Severe_Blockage,Critical,Critical
2025-01-04 14:00:00,N018,13.471735438451333,0.6900351571606255,2.088,Partial_Blockage,Moderate,Moderate
2025-01-04 14:00:00,N019,4.18992,1.343,0.0,Normal,Low,Low
2025-01-04 14:00:00,N020,35.09830040625127,0.30223267810609766,12.245,Severe_Blockage,Critical,Critical
2025-01-04 15:00:00,N001,2.9832,1.422,0.0,Normal,Low,Low
2025-01-04 15:00:00,N002,19.104970626209884,0.48651390331417277,4.905,Severe_Blockage,High,High
2025-01-04 15:00:00,N003,11.618495059157935,0.6756590965486268,1.884,Partial_Blockage,Moderate,Moderate
2025-01-04 15:00:00,N004,1.9333799999999997,1.185,0.0,Normal,Low,Low
2025-01-04 15:00:00,N005,2.1705599999999996,1.208,0.0,Normal,Low,Low
2025-01-04 15:00:00,N006,10.251815362015343,0.7486669391021084,1.288,Partial_Blockage,Moderate,Moderate
2025-01-04 15:00:00,N007,2.19336,1.354,0.0,Normal,Low,Low
2025-01-04 15:00:00,N008,2.79668,1.321,0.0,Normal,Low,Low
2025-01-04 15:00:00,N009,2.84672,1.371,0.0,Normal,Low,Low
2025-01-04 15:00:00,N010,5.3975599999999995,1.467,0.0,Normal,Low,Moderate
2025-01-04 15:00:00,N011,1.0812000000000002,1.064,0.0,Normal,Low,Low
2025-01-04 15:00:00,N012,8.416135874742137,0.5863407600050434,1.741,Severe_Blockage,High,Moderate
2025-01-04 15:00:00,N013,3.2551200000000007,1.35,0.0,Normal,Low,Low
2025-01-04 15:00:00,N014,6.216119999999999,1.443,0.0,Normal,Low,Moderate
2025-01-04 15:00:00,N015,10.235562164550423,0.6216052499025083,1.937,Partial_Blockage,Moderate,Moderate
2025-01-04 15:00:00,N016,12.739691033173717,0.6776196156239753,2.054,Partial_Blockage,Moderate,Moderate
2025-01-04 15:00:00,N017,2.9783999999999997,1.232,0.0,Normal,Low,Low
2025-01-04 15:00:00,N018,3.13104,1.169,0.0,Normal,Low,Low
2025-01-04 15:00:00,N019,2.78124,1.271,0.0,Normal,Low,Low
2025-01-04 15:00:00,N020,3.7882000000000002,1.219,0.0,Normal,Low,Low
2025-01-04 16:00:00,N001,24.28706594887437,0.5033510483652918,6.031,Severe_Blockage,High,High
2025-01-04 16:00:00,N002,1.59844,1.169,0.0,Normal,Low,Low
2025-01-04 16:00:00,N003,1.832,1.131,0.0,Normal,Low,Low
2025-01-04 16:00:00,N004,2.86738,1.307,0.0,Normal,Low,Low
2025-01-04 16:00:00,N005,2.8940799999999998,1.345,0.0,Normal,Low,Low
2025-01-04 16:00:00,N006,1.3967999999999998,1.074,0.0,Normal,Low,Low
2025-01-04 16:00:00,N007,5.24628,1.492,0.0,Normal,Low,Moderate
2025-01-04 16:00:00,N008,1.27762,1.082,0.0,Normal,Low,Low
2025-01-04 16:00:00,N009,2.6419200000000003,1.155,0.0,Normal,Low,Low
2025-01-04 16:00:00,N010,8.124664504787694,0.5976926397732465,1.634,Severe_Blockage,High,Moderate
2025-01-04 16:00:00,N011,3.5404,1.387,0.0,Normal,Low,Low
2025-01-04 16:00:00,N012,3.9670400000000003,1.296,0.0,Normal,Low,Low
2025-01-04 16:00:00,N013,1.0412000000000001,1.083,0.0,Normal,Low,Low
2025-01-04 16:00:00,N014,1.8269599999999997,1.117,0.0,Normal,Low,Low
2025-01-04 16:00:00,N015,1.4942400000000002,1.081,0.0,Normal,Low,Low
2025-01-04 16:00:00,N016,1.4489999999999998,1.125,0.0,Normal,Low,Low
2025-01-04 16:00:00,N017,1.6351999999999998,1.118,0.0,Normal,Low,Low
2025-01-04 16:00:00,N018,5.40816,1.478,0.0,Normal,Low,Moderate
2025-01-04 16:00:00,N019,0.73444,1.057,0.0,Normal,Low,Low
2025-01-04 16:00:00,N020,6.635459999999999,1.361,0.0,Normal,Low,Moderate
2025-01-04 17:00:00,N001,2.7544,1.251,0.0,Normal,Low,Low
2025-01-04 17:00:00,N002,19.091403317693736,0.4670762543659297,5.087,Severe_Blockage,High,High
2025-01-04 17:00:00,N003,14.694818518342053,0.7376093745990844,1.928,Partial_Blockage,Moderate,Moderate
2025-01-04 17:00:00,N004,29.141948014789953,0.32777815084031275,9.795,Severe_Blockage,Critical,Critical
2025-01-04 17:00:00,N005,16.96871008564367,0.49705881926959505,4.267,Severe_Blockage,High,High
2025-01-04 17:00:00,N006,1.8235999999999999,1.283,0.0,Normal,Low,Low
2025-01-04 17:00:00,N007,3.64572,1.294,0.0,Normal,Low,Low
2025-01-04 17:00:00,N008,3.05824,1.192,0.0,Normal,Low,Low
2025-01-04 17:00:00,N009,4.1472,1.527,0.0,Normal,Low,Low
2025-01-04 17:00:00,N010,4.1367400000000005,1.387,0.0,Normal,Low,Low
2025-01-04 17:00:00,N011,3.5828,1.247,0.0,Normal,Low,Low
2025-01-04 17:00:00,N012,0.84084,1.067,0.0,Normal,Low,Low
2025-01-04 17:00:00,N013,11.42274852009988,0.6440473154185987,2.033,Partial_Blockage,Moderate,Moderate
2025-01-04 17:00:00,N014,2.6067599999999995,1.21,0.0,Normal,Low,Low
2025-01-04 17:00:00,N015,4.652520000000001,1.287,0.0,Normal,Low,Low
2025-01-04 17:00:00,N016,1.8859999999999997,1.279,0.0,Normal,Low,Low
2025-01-04 17:00:00,N017,23.4158859675307,0.5348286952416297,5.446,Severe_Blockage,High,High
2025-01-04 17:00:00,N018,5.72838,1.387,0.0,Normal,Low,Moderate
2025-01-04 17:00:00,N019,5.99592,1.374,0.0,Normal,Low,Moderate
2025-01-04 17:00:00,N020,2.96946,1.176,0.0,Normal,Low,Low
2025-01-04 18:00:00,N001,1.848,1.193,0.0,Normal,Low,Low
2025-01-04 18:00:00,N002,0.35022000000000003,1.055,0.0,Normal,Low,Low
2025-01-04 18:00:00,N003,0.6228800000000001,1.082,0.0,Normal,Low,Low
2025-01-04 18:00:00,N004,11.667546525931774,0.5606554465981625,2.563,Severe_Blockage,High,Moderate
2025-01-04 18:00:00,N005,17.311129442268545,0.4569426116424666,4.7,Severe_Blockage,High,High
2025-01-04 18:00:00,N006,5.305899999999999,1.381,0.0,Normal,Low,Moderate
2025-01-04 18:00:00,N007,24.493630502889857,0.5554013906198529,5.445,Severe_Blockage,High,High
2025-01-04 18:00:00,N008,10.04782433803647,0.6992563745493034,1.511,Partial_Blockage,Moderate,Moderate
2025-01-04 18:00:00,N009,30.27163921799299,0.3755110431429782,9.452,Severe_Blockage,Critical,Critical
2025-01-04 18:00:00,N010,1.47964,1.132,0.0,Normal,Low,Low
2025-01-04 18:00:00,N011,1.0176,1.078,0.0,Normal,Low,Low
2025-01-04 18:00:00,N012,3.27712,1.289,0.0,Normal,Low,Low
2025-01-04 18:00:00,N013,10.065882073392213,0.7174927259954398,1.422,Partial_Blockage,Moderate,Moderate
2025-01-04 18:00:00,N014,10.086833178976104,0.560783691110847,2.215,Severe_Blockage,High,Moderate
2025-01-04 18:00:00,N015,2.5130400000000006,1.156,0.0,Normal,Low,Low
2025-01-04 18:00:00,N016,2.0124999999999997,1.174,0.0,Normal,Low,Low
2025-01-04 18:00:00,N017,5.15088,1.335,0.0,Normal,Low,Moderate
2025-01-04 18:00:00,N018,0.9962399999999999,1.056,0.0,Normal,Low,Low
2025-01-04 18:00:00,N019,6.69424,1.402,0.0,Normal,Low,Moderate
2025-01-04 18:00:00,N020,4.17924,1.361,0.0,Normal,Low,Low
2025-01-04 19:00:00,N001,0.8096,1.094,0.0,Normal,Low,Low
2025-01-04 19:00:00,N002,3.01728,1.33,0.0,Normal,Low,Low
2025-01-04 19:00:00,N003,4.9280800000000005,1.432,0.0,Normal,Low,Low
2025-01-04 19:00:00,N004,2.54982,1.197,0.0,Normal,Low,Low
2025-01-04 19:00:00,N005,3.50336,1.314,0.0,Normal,Low,Low
2025-01-04 19:00:00,N006,1.4162,1.12,0.0,Normal,Low,Low
2025-01-04 19:00:00,N007,1.95624,1.134,0.0,Normal,Low,Low
2025-01-04 19:00:00,N008,1.1971399999999999,1.088,0.0,Normal,Low,Low
2025-01-04 19:00:00,N009,1.26976,1.104,0.0,Normal,Low,Low
2025-01-04 19:00:00,N010,1.1253600000000001,1.069,0.0,Normal,Low,Low
2025-01-04 19:00:00,N011,8.109,1.527,0.0,Normal,Low,Moderate
2025-01-04 19:00:00,N012,6.72672,1.507,0.0,Normal,Low,Moderate
2025-01-04 19:00:00,N013,1.93992,1.115,0.0,Normal,Low,Low
2025-01-04 19:00:00,N014,3.2083199999999996,1.231,0.0,Normal,Low,Low
2025-01-04 19:00:00,N015,2.41116,1.169,0.0,Normal,Low,Low
2025-01-04 19:00:00,N016,1.035,1.136,0.0,Normal,Low,Low
2025-01-04 19:00:00,N017,3.9828799999999998,1.424,0.0,Normal,Low,Low
2025-01-04 19:00:00,N018,16.889686063625636,0.5355046183680486,3.923,Severe_Blockage,High,High
2025-01-04 19:00:00,N019,37.0625700160446,0.33594665406988766,12.306,Severe_Blockage,Critical,Critical
2025-01-04 19:00:00,N020,14.763268386856502,0.6534257240440293,2.558,Partial_Blockage,Moderate,Moderate
2025-01-04 20:00:00,N001,1.6368,1.142,0.0,Normal,Low,Low
2025-01-04 20:00:00,N002,2.7029799999999997,1.228,0.0,Normal,Low,Low
2025-01-04 20:00:00,N003,1.07172,1.104,0.0,Normal,Low,Low
2025-01-04 20:00:00,N004,4.58594,1.472,0.0,Normal,Low,Low
2025-01-04 20:00:00,N005,4.24592,1.453,0.0,Normal,Low,Low
2025-01-04 20:00:00,N006,4.2777,1.47,0.0,Normal,Low,Low
2025-01-04 20:00:00,N007,2.9047199999999997,1.388,0.0,Normal,Low,Low
2025-01-04 20:00:00,N008,5.29156,1.388,0.0,Normal,Low,Moderate
2025-01-04 20:00:00,N009,1.5667200000000001,1.099,0.0,Normal,Low,Low
2025-01-04 20:00:00,N010,5.25168,1.453,0.0,Normal,Low,Moderate
2025-01-04 20:00:00,N011,26.80658490717262,0.3832316781894436,8.267,Severe_Blockage,Critical,Critical
2025-01-04 20:00:00,N012,3.03996,1.247,0.0,Normal,Low,Low
2025-01-04 20:00:00,N013,4.30728,1.302,0.0,Normal,Low,Low
2025-01-04 20:00:00,N014,22.452093619002333,0.49002423934826567,5.725,Severe_Blockage,High,High
2025-01-04 20:00:00,N015,29.00825744772746,0.39732423988570204,8.741,Severe_Blockage,Critical,Critical
2025-01-04 20:00:00,N016,38.635003031391186,0.2959831131217613,13.6,Severe_Blockage,Critical,Critical
2025-01-04 20:00:00,N017,3.02512,1.126,0.0,Normal,Low,Low
2025-01-04 20:00:00,N018,4.186579999999999,1.334,0.0,Normal,Low,Low
2025-01-04 20:00:00,N019,4.43072,1.349,0.0,Normal,Low,Low
2025-01-04 20:00:00,N020,23.65516606324468,0.5729195776038105,5.051,Severe_Blockage,High,High
2025-01-04 21:00:00,N001,3.52,1.322,0.0,Normal,Low,Low
2025-01-04 21:00:00,N002,0.49390000000000006,1.065,0.0,Normal,Low,Low
2025-01-04 21:00:00,N003,2.09764,1.269,0.0,Normal,Low,Low
2025-01-04 21:00:00,N004,3.46514,1.404,0.0,Normal,Low,Low
2025-01-04 21:00:00,N005,3.31296,1.22,0.0,Normal,Low,Low
2025-01-04 21:00:00,N006,1.6975,1.146,0.0,Normal,Low,Low
2025-01-04 21:00:00,N007,2.0846799999999996,1.153,0.0,Normal,Low,Low
2025-01-04 21:00:00,N008,1.1166600000000002,1.084,0.0,Normal,Low,Low
2025-01-04 21:00:00,N009,4.83328,1.482,0.0,Normal,Low,Low
2025-01-04 21:00:00,N010,1.00032,1.071,0.0,Normal,Low,Low
2025-01-04 21:00:00,N011,2.9255999999999998,1.229,0.0,Normal,Low,Low
2025-01-04 21:00:00,N012,2.36082,1.162,0.0,Normal,Low,Low
2025-01-04 21:00:00,N013,6.09376,1.462,0.0,Normal,Low,Moderate
2025-01-04 21:00:00,N014,0.6349799999999999,1.052,0.0,Normal,Low,Low
2025-01-04 21:00:00,N015,4.946840000000001,1.352,0.0,Normal,Low,Low
2025-01-04 21:00:00,N016,21.398434001228317,0.40841969956925395,6.329,Severe_Blockage,High,High
2025-01-04 21:00:00,N017,7.27664,1.485,0.0,Normal,Low,Moderate
2025-01-04 21:00:00,N018,4.93376,1.468,0.0,Normal,Low,Low
2025-01-04 21:00:00,N019,24.03920148198216,0.49052977926261027,6.124,Severe_Blockage,High,High
2025-01-04 21:00:00,N020,4.31366,1.319,0.0,Normal,Low,Low
2025-01-04 22:00:00,N001,2.3848,1.256,0.0,Normal,Low,Low
2025-01-04 22:00:00,N002,0.96984,1.07,0.0,Normal,Low,Low
2025-01-04 22:00:00,N003,5.61508,1.495,0.0,Normal,Low,Moderate
2025-01-04 22:00:00,N004,7.005,1.516,0.0,Normal,Low,Moderate
2025-01-04 22:00:00,N005,36.53667560226355,0.25891629599264643,13.538,Severe_Blockage,Critical,Critical
2025-01-04 22:00:00,N006,4.491099999999999,1.351,0.0,Normal,Low,Low
2025-01-04 22:00:00,N007,2.58856,1.254,0.0,Normal,Low,Low
2025-01-04 22:00:00,N008,0.58348,1.056,0.0,Normal,Low,Low
2025-01-04 22:00:00,N009,1.5667200000000001,1.11,0.0,Normal,Low,Low
2025-01-04 22:00:00,N010,2.6883600000000003,1.238,0.0,Normal,Low,Low
2025-01-04 22:00:00,N011,3.0316,1.341,0.0,Normal,Low,Low
2025-01-04 22:00:00,N012,4.851,1.402,0.0,Normal,Low,Low
2025-01-04 22:00:00,N013,20.926283244920114,0.5700035757627913,4.499,Severe_Blockage,High,High
2025-01-04 22:00:00,N014,12.016254794669893,0.6726855808186603,1.967,Partial_Blockage,Moderate,Moderate
2025-01-04 22:00:00,N015,10.932132067276708,0.716218004599602,1.551,Partial_Blockage,Moderate,Moderate
2025-01-04 22:00:00,N016,11.2486274638336,0.7476045262753683,1.42,Partial_Blockage,Moderate,Moderate
2025-01-04 22:00:00,N017,2.30096,1.183,0.0,Normal,Low,Low
2025-01-04 22:00:00,N018,1.5418,1.07,0.0,Normal,Low,Low
2025-01-04 22:00:00,N019,5.0568,1.504,0.0,Normal,Low,Moderate
2025-01-04 22:00:00,N020,4.35032,1.457,0.0,Normal,Low,Low
2025-01-04 23:00:00,N001,0.9504,1.122,0.0,Normal,Low,Low
2025-01-04 23:00:00,N002,2.50542,1.315,0.0,Normal,Low,Low
2025-01-04 23:00:00,N003,1.5114,1.161,0.0,Normal,Low,Low
2025-01-04 23:00:00,N004,3.11022,1.316,0.0,Normal,Low,Low
2025-01-04 23:00:00,N005,0.8091999999999999,1.057,0.0,Normal,Low,Low
2025-01-04 23:00:00,N006,2.8227,1.303,0.0,Normal,Low,Low
2025-01-04 23:00:00,N007,5.14748,1.424,0.0,Normal,Low,Moderate
2025-01-04 23:00:00,N008,1.509,1.107,0.0,Normal,Low,Low
2025-01-04 23:00:00,N009,1.5974400000000002,1.089,0.0,Normal,Low,Low
2025-01-04 23:00:00,N010,6.324940000000001,1.474,0.0,Normal,Low,Moderate
2025-01-04 23:00:00,N011,29.798283860605235,0.26108689447928557,11.009,Severe_Blockage,Critical,Critical
2025-01-04 23:00:00,N012,1.90806,1.125,0.0,Normal,Low,Low
2025-01-04 23:00:00,N013,4.4497599999999995,1.424,0.0,Normal,Low,Low
2025-01-04 23:00:00,N014,6.0378799999999995,1.525,0.0,Normal,Low,Moderate
2025-01-04 23:00:00,N015,3.12432,1.178,0.0,Normal,Low,Low
2025-01-04 23:00:00,N016,18.621736758293405,0.453397491596603,5.089,Severe_Blockage,High,High
2025-01-04 23:00:00,N017,32.67553258560491,0.27200318052722294,11.894,Severe_Blockage,Critical,Critical
2025-01-04 23:00:00,N018,20.66523670035713,0.5270601488845398,4.887,Severe_Blockage,High,High
2025-01-04 23:00:00,N019,36.54010676382383,0.388144585350374,11.179,Severe_Blockage,Critical,Critical
2025-01-04 23:00:00,N020,38.16452195209609,0.3119307723347723,13.13,Severe_Blockage,Critical,Critical
2025-01-05 00:00:00,N001,15.83501695386565,0.4489003719321659,4.363,Severe_Blockage,High,High
2025-01-05 00:00:00,N002,1.796,1.222,0.0,Normal,Low,Low
2025-01-05 00:00:00,N003,2.85792,1.219,0.0,Normal,Low,Low
2025-01-05 00:00:00,N004,3.67996,1.282,0.0,Normal,Low,Low
2025-01-05 00:00:00,N005,3.29392,1.304,0.0,Normal,Low,Low
2025-01-05 00:00:00,N006,4.074,1.341,0.0,Normal,Low,Low
2025-01-05 00:00:00,N007,9.66906030761045,0.6665889458901743,1.612,Partial_Blockage,Moderate,Moderate
2025-01-05 00:00:00,N008,10.839245497070664,0.6610772503159322,1.837,Partial_Blockage,Moderate,Moderate
2025-01-05 00:00:00,N009,4.352,1.277,0.0,Normal,Low,Low
2025-01-05 00:00:00,N010,3.68868,1.316,0.0,Normal,Low,Low
2025-01-05 00:00:00,N011,3.9114,1.239,0.0,Normal,Low,Low
2025-01-05 00:00:00,N012,4.44136,1.368,0.0,Normal,Low,Low
2025-01-05 00:00:00,N013,3.0797600000000003,1.215,0.0,Normal,Low,Low
2025-01-05 00:00:00,N014,5.52544,1.517,0.0,Normal,Low,Moderate
2025-01-05 00:00:00,N015,4.2789600000000005,1.32,0.0,Normal,Low,Low
2025-01-05 00:00:00,N016,7.452,1.413,0.0,Normal,Low,Moderate
2025-01-05 00:00:00,N017,5.7348799999999995,1.503,0.0,Normal,Low,Moderate
2025-01-05 00:00:00,N018,2.6685,1.156,0.0,Normal,Low,Low
2025-01-05 00:00:00,N019,14.953333110222026,0.5844437022043508,3.107,Severe_Blockage,High,Moderate
2025-01-05 00:00:00,N020,12.635140607709843,0.6345522730045793,2.309,Partial_Blockage,Moderate,Moderate
2025-01-05 01:00:00,N001,1.32,1.185,0.0,Normal,Low,Low
2025-01-05 01:00:00,N002,1.29312,1.115,0.0,Normal,Low,Low
2025-01-05 01:00:00,N003,0.65952,1.06,0.0,Normal,Low,Low
2025-01-05 01:00:00,N004,1.8679999999999999,1.159,0.0,Normal,Low,Low
2025-01-05 01:00:00,N005,2.5704000000000002,1.219,0.0,Normal,Low,Low
2025-01-05 01:00:00,N006,16.11383089519288,0.5036937425562846,3.999,Severe_Blockage,High,High
2025-01-05 01:00:00,N007,9.513668095120103,0.7165037048152492,1.349,Partial_Blockage,Moderate,Moderate
2025-01-05 01:00:00,N008,33.76209370663767,0.3881429781213587,10.329,Severe_Blockage,Critical,Critical
2025-01-05 01:00:00,N009,11.095495469621644,0.7345672074496936,1.473,Partial_Blockage,Moderate,Moderate
2025-01-05 01:00:00,N010,3.18852,1.429,0.0,Normal,Low,Low
2025-01-05 01:00:00,N011,4.982,1.331,0.0,Normal,Low,Low
2025-01-05 01:00:00,N012,1.25048,1.083,0.0,Normal,Low,Low
2025-01-05 01:00:00,N013,1.5563200000000001,1.09,0.0,Normal,Low,Low
2025-01-05 01:00:00,N014,3.5425199999999997,1.237,0.0,Normal,Low,Low
2025-01-05 01:00:00,N015,3.1130000000000004,1.146,0.0,Normal,Low,Low
2025-01-05 01:00:00,N016,2.691,1.221,0.0,Normal,Low,Low
2025-01-05 01:00:00,N017,2.4060799999999998,1.165,0.0,Normal,Low,Low
2025-01-05 01:00:00,N018,3.9612399999999997,1.363,0.0,Normal,Low,Low
2025-01-05 01:00:00,N019,13.528253759466557,0.6163423558922507,2.595,Partial_Blockage,Moderate,Moderate
2025-01-05 01:00:00,N020,1.55194,1.093,0.0,Normal,Low,Low
2025-01-05 02:00:00,N001,1.1704,1.091,0.0,Normal,Low,Low
2025-01-05 02:00:00,N002,3.25974,1.344,0.0,Normal,Low,Low
2025-01-05 02:00:00,N003,8.716190475581344,0.5516278987447886,1.954,Severe_Blockage,High,Moderate
2025-01-05 02:00:00,N004,16.150428153622023,0.5303962430119046,3.792,Severe_Blockage,High,High
2025-01-05 02:00:00,N005,0.9996,1.081,0.0,Normal,Low,Low
2025-01-05 02:00:00,N006,24.72835948318037,0.5291433115883077,5.822,Severe_Blockage,High,High
2025-01-05 02:00:00,N007,4.001399999999999,1.372,0.0,Normal,Low,Low
2025-01-05 02:00:00,N008,4.8288,1.434,0.0,Normal,Low,Low
2025-01-05 02:00:00,N009,1.16736,1.073,0.0,Normal,Low,Low
2025-01-05 02:00:00,N010,2.1152599999999997,1.244,0.0,Normal,Low,Low
2025-01-05 02:00:00,N011,5.353,1.462,0.0,Normal,Low,Moderate
2025-01-05 02:00:00,N012,4.010160000000001,1.237,0.0,Normal,Low,Low
2025-01-05 02:00:00,N013,4.011360000000001,1.258,0.0,Normal,Low,Low
2025-01-05 02:00:00,N014,4.511699999999999,1.226,0.0,Normal,Low,Low
2025-01-05 02:00:00,N015,3.1582800000000004,1.413,0.0,Normal,Low,Low
2025-01-05 02:00:00,N016,3.381,1.296,0.0,Normal,Low,Low
2025-01-05 02:00:00,N017,2.4644799999999996,1.169,0.0,Normal,Low,Low
2025-01-05 02:00:00,N018,4.459359999999999,1.369,0.0,Normal,Low,Low
2025-01-05 02:00:00,N019,1.84212,1.137,0.0,Normal,Low,Low
2025-01-05 02:00:00,N020,12.289958956922991,0.638242223909528,2.223,Partial_Blockage,Moderate,Moderate
2025-01-05 03:00:00,N001,1.0031999999999999,1.078,0.0,Normal,Low,Low
2025-01-05 03:00:00,N002,39.97229500919039,0.3962450922857087,12.067,Severe_Blockage,Critical,Critical
2025-01-05 03:00:00,N003,21.3699038149435,0.4471642976995701,5.907,Severe_Blockage,High,High
2025-01-05 03:00:00,N004,4.94086,1.532,0.0,Normal,Low,Low
2025-01-05 03:00:00,N005,8.789882403221489,0.7168014010602473,1.245,Partial_Blockage,Moderate,Moderate
2025-01-05 03:00:00,N006,1.4162,1.156,0.0,Normal,Low,Low
2025-01-05 03:00:00,N007,23.663629629420733,0.4814901322234257,6.135,Severe_Blockage,High,High
2025-01-05 03:00:00,N008,5.45252,1.45,0.0,Normal,Low,Moderate
2025-01-05 03:00:00,N009,17.3224615799247,0.5320997007565185,4.053,Severe_Blockage,High,High
2025-01-05 03:00:00,N010,5.01202,1.483,0.0,Normal,Low,Moderate
2025-01-05 03:00:00,N011,1.6218000000000001,1.121,0.0,Normal,Low,Low
2025-01-05 03:00:00,N012,35.413558031671975,0.3277826839244473,11.903,Severe_Blockage,Critical,Critical
2025-01-05 03:00:00,N013,9.45142399153505,0.6265504591106532,1.765,Partial_Blockage,Moderate,Moderate
2025-01-05 03:00:00,N014,2.1611599999999997,1.124,0.0,Normal,Low,Low
2025-01-05 03:00:00,N015,1.5282000000000002,1.152,0.0,Normal,Low,Low
2025-01-05 03:00:00,N016,5.278499999999999,1.435,0.0,Normal,Low,Moderate
2025-01-05 03:00:00,N017,11.696336201251466,0.5805151229120046,2.453,Severe_Blockage,High,Moderate
2025-01-05 03:00:00,N018,0.78276,1.053,0.0,Normal,Low,Low
2025-01-05 03:00:00,N019,19.491261235369294,0.48013417797126107,5.066,Severe_Blockage,High,High
2025-01-05 03:00:00,N020,5.85338,1.532,0.0,Normal,Low,Moderate
2025-01-05 04:00:00,N001,1.0735999999999999,1.091,0.0,Normal,Low,Low
2025-01-05 04:00:00,N002,2.17316,1.202,0.0,Normal,Low,Low
2025-01-05 04:00:00,N003,4.0853600000000005,1.368,0.0,Normal,Low,Low
2025-01-05 04:00:00,N004,15.141087592845087,0.5669908748319751,3.278,Severe_Blockage,High,High
2025-01-05 04:00:00,N005,3.17968,1.277,0.0,Normal,Low,Low
2025-01-05 04:00:00,N006,4.4523,1.239,0.0,Normal,Low,Low
2025-01-05 04:00:00,N007,14.648215999106586,0.5589561425040473,3.23,Severe_Blockage,High,Moderate
2025-01-05 04:00:00,N008,5.06018,1.501,0.0,Normal,Low,Moderate
2025-01-05 04:00:00,N009,32.97922683928093,0.3454465909993862,10.793,Severe_Blockage,Critical,Critical
2025-01-05 04:00:00,N010,2.93844,1.321,0.0,Normal,Low,Low
2025-01-05 04:00:00,N011,3.9644000000000004,1.289,0.0,Normal,Low,Low
2025-01-05 04:00:00,N012,18.971394463995985,0.5919138153303876,3.871,Severe_Blockage,High,High
2025-01-05 04:00:00,N013,15.182845410702832,0.5605648742607936,3.336,Severe_Blockage,High,High
2025-01-05 04:00:00,N014,9.485171094513067,0.6734369850893018,1.549,Partial_Blockage,Moderate,Moderate
2025-01-05 04:00:00,N015,18.058291556648268,0.45300026722813247,4.939,Severe_Blockage,High,High
2025-01-05 04:00:00,N016,18.977615585822747,0.5961356364926689,3.832,Severe_Blockage,High,High
2025-01-05 04:00:00,N017,5.04576,1.35,0.0,Normal,Low,Moderate
2025-01-05 04:00:00,N018,1.47064,1.104,0.0,Normal,Low,Low
2025-01-05 04:00:00,N019,12.440248394527426,0.6417738916102939,2.228,Partial_Blockage,Moderate,Moderate
2025-01-05 04:00:00,N020,13.800309739819003,0.7018623354203583,2.057,Partial_Blockage,Moderate,Moderate
2025-01-05 05:00:00,N001,2.1032,1.121,0.0,Normal,Low,Low
2025-01-05 05:00:00,N002,4.939,1.46,0.0,Normal,Low,Low
2025-01-05 05:00:00,N003,10.348903881624015,0.5597131377636158,2.278,Severe_Blockage,High,Moderate
2025-01-05 05:00:00,N004,1.32628,1.138,0.0,Normal,Low,Low
2025-01-05 05:00:00,N005,3.5985599999999995,1.313,0.0,Normal,Low,Low
2025-01-05 05:00:00,N006,11.72840392768035,0.7189967182120426,1.648,Partial_Blockage,Moderate,Moderate
2025-01-05 05:00:00,N007,2.65772,1.231,0.0,Normal,Low,Low
2025-01-05 05:00:00,N008,16.50023797109817,0.5146523601546986,4.004,Severe_Blockage,High,High
2025-01-05 05:00:00,N009,2.4064,1.163,0.0,Normal,Low,Low
2025-01-05 05:00:00,N010,5.75184,1.447,0.0,Normal,Low,Moderate
2025-01-05 05:00:00,N011,4.1976,1.331,0.0,Normal,Low,Low
2025-01-05 05:00:00,N012,3.9778200000000004,1.211,0.0,Normal,Low,Low
2025-01-05 05:00:00,N013,11.254625385845761,0.5792255751117137,2.368,Severe_Blockage,High,Moderate
2025-01-05 05:00:00,N014,1.13628,1.089,0.0,Normal,Low,Low
2025-01-05 05:00:00,N015,1.19992,1.088,0.0,Normal,Low,Low
2025-01-05 05:00:00,N016,1.1039999999999999,1.103,0.0,Normal,Low,Low
2025-01-05 05:00:00,N017,20.739810639442688,0.5533114387019795,4.632,Severe_Blockage,High,High
2025-01-05 05:00:00,N018,4.02054,1.339,0.0,Normal,Low,Low
2025-01-05 05:00:00,N019,3.612,1.279,0.0,Normal,Low,Low
2025-01-05 05:00:00,N020,1.9552,1.144,0.0,Normal,Low,Low
2025-01-05 06:00:00,N001,24.00480746505921,0.46193445512638254,6.458,Severe_Blockage,High,High
2025-01-05 06:00:00,N002,21.993686798620455,0.5381203445893369,5.079,Severe_Blockage,High,High
2025-01-05 06:00:00,N003,10.282699227120997,0.6756952393865835,1.667,Partial_Blockage,Moderate,Moderate
2025-01-05 06:00:00,N004,1.14882,1.101,0.0,Normal,Low,Low
2025-01-05 06:00:00,N005,21.73645536616215,0.436644425279742,6.123,Severe_Blockage,High,High
2025-01-05 06:00:00,N006,4.665699999999999,1.39,0.0,Normal,Low,Low
2025-01-05 06:00:00,N007,4.693,1.527,0.0,Normal,Low,Low
2025-01-05 06:00:00,N008,15.35458726948939,0.5623849720115274,3.36,Severe_Blockage,High,High
2025-01-05 06:00:00,N009,29.711153759943574,0.2815103720589107,10.674,Severe_Blockage,Critical,Critical
2025-01-05 06:00:00,N010,1.74014,1.123,0.0,Normal,Low,Low
2025-01-05 06:00:00,N011,11.08210803702752,0.5654444844837336,2.408,Severe_Blockage,High,Moderate
2025-01-05 06:00:00,N012,4.5815,1.354,0.0,Normal,Low,Low
2025-01-05 06:00:00,N013,5.6115200000000005,1.35,0.0,Normal,Low,Moderate
2025-01-05 06:00:00,N014,18.00250383537863,0.43625772449769457,5.074,Severe_Blockage,High,High
2025-01-05 06:00:00,N015,1.3584,1.085,0.0,Normal,Low,Low
2025-01-05 06:00:00,N016,5.566,1.39,0.0,Normal,Low,Moderate
2025-01-05 06:00:00,N017,4.62528,1.291,0.0,Normal,Low,Low
2025-01-05 06:00:00,N018,4.3289,1.28,0.0,Normal,Low,Low
2025-01-05 06:00:00,N019,5.02068,1.488,0.0,Normal,Low,Moderate
2025-01-05 06:00:00,N020,3.26274,1.284,0.0,Normal,Low,Low
2025-01-05 07:00:00,N001,3.5727999999999995,1.477,0.0,Normal,Low,Low
2025-01-05 07:00:00,N002,1.50864,1.121,0.0,Normal,Low,Low
2025-01-05 07:00:00,N003,2.36328,1.327,0.0,Normal,Low,Low
2025-01-05 07:00:00,N004,8.169868918951432,0.6865944972425899,1.28,Partial_Blockage,Moderate,Moderate
2025-01-05 07:00:00,N005,0.9043999999999999,1.055,0.0,Normal,Low,Low
2025-01-05 07:00:00,N006,21.592643070226565,0.5863077265112651,4.466,Severe_Blockage,High,High
2025-01-05 07:00:00,N007,5.25616,1.48,0.0,Normal,Low,Moderate
2025-01-05 07:00:00,N008,2.1126,1.274,0.0,Normal,Low,Low
2025-01-05 07:00:00,N009,9.955231462413161,0.7403713302433881,1.292,Partial_Blockage,Moderate,Moderate
2025-01-05 07:00:00,N010,5.84562,1.432,0.0,Normal,Low,Moderate
2025-01-05 07:00:00,N011,1.1130000000000002,1.085,0.0,Normal,Low,Low
2025-01-05 07:00:00,N012,11.869950788272801,0.669772340745613,1.96,Partial_Blockage,Moderate,Moderate
2025-01-05 07:00:00,N013,1.35904,1.098,0.0,Normal,Low,Low
2025-01-05 07:00:00,N014,5.803939999999999,1.43,0.0,Normal,Low,Moderate
2025-01-05 07:00:00,N015,2.38852,1.272,0.0,Normal,Low,Low
2025-01-05 07:00:00,N016,5.106,1.5,0.0,Normal,Low,Moderate
2025-01-05 07:00:00,N017,4.22816,1.342,0.0,Normal,Low,Low
2025-01-05 07:00:00,N018,9.410637059571213,0.6776810603837596,1.517,Partial_Blockage,Moderate,Moderate
2025-01-05 07:00:00,N019,4.8400799999999995,1.35,0.0,Normal,Low,Low
2025-01-05 07:00:00,N020,5.7556199999999995,1.342,0.0,Normal,Low,Moderate
2025-01-05 08:00:00,N001,2.1648,1.345,0.0,Normal,Low,Low
2025-01-05 08:00:00,N002,2.43358,1.237,0.0,Normal,Low,Low
2025-01-05 08:00:00,N003,1.4564400000000002,1.124,0.0,Normal,Low,Low
2025-01-05 08:00:00,N004,2.1855599999999997,1.286,0.0,Normal,Low,Low
2025-01-05 08:00:00,N005,3.5795199999999996,1.501,0.0,Normal,Low,Low
2025-01-05 08:00:00,N006,8.365345417338542,0.6613216515173282,1.417,Partial_Blockage,Moderate,Moderate
2025-01-05 08:00:00,N007,0.82004,1.076,0.0,Normal,Low,Low
2025-01-05 08:00:00,N008,2.0421799999999997,1.159,0.0,Normal,Low,Low
2025-01-05 08:00:00,N009,1.39264,1.064,0.0,Normal,Low,Low
2025-01-05 08:00:00,N010,0.9273800000000001,1.12,0.0,Normal,Low,Low
2025-01-05 08:00:00,N011,3.2117999999999998,1.297,0.0,Normal,Low,Low
2025-01-05 08:00:00,N012,13.780388109352915,0.5604209071375652,3.029,Severe_Blockage,High,Moderate
2025-01-05 08:00:00,N013,12.251330690210409,0.7193835345428672,1.719,Partial_Blockage,Moderate,Moderate
2025-01-05 08:00:00,N014,2.75158,1.196,0.0,Normal,Low,Low
2025-01-05 08:00:00,N015,4.097840000000001,1.489,0.0,Normal,Low,Low
2025-01-05 08:00:00,N016,0.69,1.076,0.0,Normal,Low,Low
2025-01-05 08:00:00,N017,4.4967999999999995,1.336,0.0,Normal,Low,Low
2025-01-05 08:00:00,N018,8.240000138374326,0.6897622575977043,1.278,Partial_Blockage,Moderate,Moderate
2025-01-05 08:00:00,N019,13.182526360937967,0.7074409994792544,1.928,Partial_Blockage,Moderate,Moderate
2025-01-05 08:00:00,N020,8.82747887491171,0.7387270077290142,1.153,Partial_Blockage,Moderate,Moderate
2025-01-05 09:00:00,N001,2.4288,1.421,0.0,Normal,Low,Low
2025-01-05 09:00:00,N002,18.23463424415089,0.4618777832901747,4.906,Severe_Blockage,High,High
2025-01-05 09:00:00,N003,24.521925363959,0.5895348293750712,5.033,Severe_Blockage,High,High
2025-01-05 09:00:00,N004,3.0822,1.282,0.0,Normal,Low,Low
2025-01-05 09:00:00,N005,10.825611392094174,0.5790156863839482,2.279,Severe_Blockage,High,Moderate
2025-01-05 09:00:00,N006,18.615980223075297,0.5372938315844753,4.307,Severe_Blockage,High,High
2025-01-05 09:00:00,N007,0.96824,1.076,0.0,Normal,Low,Low
2025-01-05 09:00:00,N008,2.22326,1.321,0.0,Normal,Low,Low
2025-01-05 09:00:00,N009,1.2288,1.086,0.0,Normal,Low,Low
2025-01-05 09:00:00,N010,12.671594060084981,0.7484399082345294,1.594,Partial_Blockage,Moderate,Moderate
2025-01-05 09:00:00,N011,6.614400000000001,1.535,0.0,Normal,Low,Moderate
2025-01-05 09:00:00,N012,3.60052,1.288,0.0,Normal,Low,Low
2025-01-05 09:00:00,N013,2.2248799999999997,1.185,0.0,Normal,Low,Low
2025-01-05 09:00:00,N014,4.9016,1.502,0.0,Normal,Low,Low
2025-01-05 09:00:00,N015,3.9620000000000006,1.257,0.0,Normal,Low,Low
2025-01-05 09:00:00,N016,0.8624999999999999,1.06,0.0,Normal,Low,Low
2025-01-05 09:00:00,N017,4.59024,1.424,0.0,Normal,Low,Low
2025-01-05 09:00:00,N018,1.19786,1.083,0.0,Normal,Low,Low
2025-01-05 09:00:00,N019,4.43072,1.505,0.0,Normal,Low,Low
2025-01-05 09:00:00,N020,4.47252,1.22,0.0,Normal,Low,Low
2025-01-05 10:00:00,N001,1.8743999999999998,1.184,0.0,Normal,Low,Low
2025-01-05 10:00:00,N002,9.022221372759619,0.6783851523218639,1.451,Partial_Blockage,Moderate,Moderate
2025-01-05 10:00:00,N003,15.834923780160576,0.5372332704703767,3.664,Severe_Blockage,High,High
2025-01-05 10:00:00,N004,20.48752877725271,0.4294122251169469,5.845,Severe_Blockage,High,High
2025-01-05 10:00:00,N005,19.12943530232906,0.5662880414501918,4.148,Severe_Blockage,High,High
2025-01-05 10:00:00,N006,9.864100824071814,0.7052714681535664,1.454,Partial_Blockage,Moderate,Moderate
2025-01-05 10:00:00,N007,1.6697199999999999,1.137,0.0,Normal,Low,Low
2025-01-05 10:00:00,N008,4.3459200000000004,1.391,0.0,Normal,Low,Low
2025-01-05 10:00:00,N009,5.16096,1.533,0.0,Normal,Low,Moderate
2025-01-05 10:00:00,N010,5.01202,1.319,0.0,Normal,Low,Moderate
2025-01-05 10:00:00,N011,1.3992000000000002,1.067,0.0,Normal,Low,Low
2025-01-05 10:00:00,N012,4.05328,1.299,0.0,Normal,Low,Low
2025-01-05 10:00:00,N013,5.260800000000001,1.453,0.0,Normal,Low,Moderate
2025-01-05 10:00:00,N014,4.378019999999999,1.318,0.0,Normal,Low,Low
2025-01-05 10:00:00,N015,2.6602000000000006,1.205,0.0,Normal,Low,Low
2025-01-05 10:00:00,N016,5.52,1.292,0.0,Normal,Low,Moderate
2025-01-05 10:00:00,N017,0.9927999999999999,1.113,0.0,Normal,Low,Low
2025-01-05 10:00:00,N018,7.95806,1.512,0.0,Normal,Low,Moderate
2025-01-05 10:00:00,N019,1.85416,1.111,0.0,Normal,Low,Low
2025-01-05 10:00:00,N020,3.4460399999999995,1.351,0.0,Normal,Low,Low
2025-01-05 11:00:00,N001,3.5552,1.516,0.0,Normal,Low,Low
2025-01-05 11:00:00,N002,1.8678400000000002,1.385,0.0,Normal,Low,Low
2025-01-05 11:00:00,N003,2.30832,1.213,0.0,Normal,Low,Low
2025-01-05 11:00:00,N004,1.03674,1.082,0.0,Normal,Low,Low
2025-01-05 11:00:00,N005,10.135861441658758,0.7316676306490896,1.36,Partial_Blockage,Moderate,Moderate
2025-01-05 11:00:00,N006,1.2027999999999999,1.135,0.0,Normal,Low,Low
2025-01-05 11:00:00,N007,3.8927199999999997,1.538,0.0,Normal,Low,Low
2025-01-05 11:00:00,N008,3.02806,1.404,0.0,Normal,Low,Low
2025-01-05 11:00:00,N009,5.1712,1.414,0.0,Normal,Low,Moderate
2025-01-05 11:00:00,N010,1.23998,1.099,0.0,Normal,Low,Low
2025-01-05 11:00:00,N011,1.9186,1.144,0.0,Normal,Low,Low
2025-01-05 11:00:00,N012,1.66012,1.118,0.0,Normal,Low,Low
2025-01-05 11:00:00,N013,0.8768000000000001,1.058,0.0,Normal,Low,Low
2025-01-05 11:00:00,N014,7.619759999999999,1.437,0.0,Normal,Low,Moderate
2025-01-05 11:00:00,N015,2.2300400000000002,1.21,0.0,Normal,Low,Low
2025-01-05 11:00:00,N016,2.0355,1.11,0.0,Normal,Low,Low
2025-01-05 11:00:00,N017,9.847605289609977,0.6998972562718656,1.478,Partial_Blockage,Moderate,Moderate
2025-01-05 11:00:00,N018,2.7396599999999998,1.301,0.0,Normal,Low,Low
2025-01-05 11:00:00,N019,16.46587391020761,0.4386287664710181,4.622,Severe_Blockage,High,High
2025-01-05 11:00:00,N020,6.81876,1.525,0.0,Normal,Low,Moderate
2025-01-05 12:00:00,N001,22.44340259012654,0.5103215431637882,5.495,Severe_Blockage,High,High
2025-01-05 12:00:00,N002,32.929028255349685,0.35300716845325164,10.652,Severe_Blockage,Critical,Critical
2025-01-05 12:00:00,N003,13.0533292668459,0.6797516751255064,2.09,Partial_Blockage,Moderate,Moderate
2025-01-05 12:00:00,N004,1.06476,1.083,0.0,Normal,Low,Low
2025-01-05 12:00:00,N005,14.641909627509992,0.5709596399627064,3.141,Severe_Blockage,High,Moderate
2025-01-05 12:00:00,N006,2.8129999999999997,1.204,0.0,Normal,Low,Low
2025-01-05 12:00:00,N007,14.993416043145174,0.6402540659809883,2.697,Partial_Blockage,Moderate,Moderate
2025-01-05 12:00:00,N008,35.745052001944046,0.3902874332159794,10.897,Severe_Blockage,Critical,Critical
2025-01-05 12:00:00,N009,3.93216,1.42,0.0,Normal,Low,Low
2025-01-05 12:00:00,N010,2.5737400000000004,1.189,0.0,Normal,Low,Low
2025-01-05 12:00:00,N011,2.544,1.137,0.0,Normal,Low,Low
2025-01-05 12:00:00,N012,3.5681800000000004,1.258,0.0,Normal,Low,Low
2025-01-05 12:00:00,N013,6.58696,1.48,0.0,Normal,Low,Moderate
2025-01-05 12:00:00,N014,1.6041599999999998,1.079,0.0,Normal,Low,Low
2025-01-05 12:00:00,N015,9.233555156445611,0.5649208616315372,2.009,Severe_Blockage,High,Moderate
2025-01-05 12:00:00,N016,6.2675,1.508,0.0,Normal,Low,Moderate
2025-01-05 12:00:00,N017,11.483667791393778,0.5961785890261885,2.319,Severe_Blockage,High,Moderate
2025-01-05 12:00:00,N018,30.389175189943597,0.3700240479098429,9.572,Severe_Blockage,Critical,Critical
2025-01-05 12:00:00,N019,4.80396,1.382,0.0,Normal,Low,Low
2025-01-05 12:00:00,N020,4.0325999999999995,1.29,0.0,Normal,Low,Low
2025-01-05 13:00:00,N001,4.18,1.413,0.0,Normal,Low,Low
2025-01-05 13:00:00,N002,1.09556,1.084,0.0,Normal,Low,Low
2025-01-05 13:00:00,N003,4.87312,1.457,0.0,Normal,Low,Low
2025-01-05 13:00:00,N004,1.6344999999999998,1.095,0.0,Normal,Low,Low
2025-01-05 13:00:00,N005,3.40816,1.363,0.0,Normal,Low,Low
2025-01-05 13:00:00,N006,0.4753,1.071,0.0,Normal,Low,Low
2025-01-05 13:00:00,N007,4.17924,1.431,0.0,Normal,Low,Low
2025-01-05 13:00:00,N008,1.24744,1.148,0.0,Normal,Low,Low
2025-01-05 13:00:00,N009,5.12,1.454,0.0,Normal,Low,Moderate
2025-01-05 13:00:00,N010,5.77268,1.449,0.0,Normal,Low,Moderate
2025-01-05 13:00:00,N011,24.54773329547704,0.4419851019985949,6.849,Severe_Blockage,High,High
2025-01-05 13:00:00,N012,5.390000000000001,1.396,0.0,Normal,Low,Moderate
2025-01-05 13:00:00,N013,7.430880000000001,1.468,0.0,Normal,Low,Moderate
2025-01-05 13:00:00,N014,1.10286,1.09,0.0,Normal,Low,Low
2025-01-05 13:00:00,N015,4.165760000000001,1.269,0.0,Normal,Low,Low
2025-01-05 13:00:00,N016,11.668062262331473,0.7083717407203605,1.701,Partial_Blockage,Moderate,Moderate
2025-01-05 13:00:00,N017,2.14912,1.163,0.0,Normal,Low,Low
2025-01-05 13:00:00,N018,7.8038799999999995,1.502,0.0,Normal,Low,Moderate
2025-01-05 13:00:00,N019,4.8762,1.384,0.0,Normal,Low,Low
2025-01-05 13:00:00,N020,1.88188,1.092,0.0,Normal,Low,Low
2025-01-05 14:00:00,N001,3.4848,1.261,0.0,Normal,Low,Low
2025-01-05 14:00:00,N002,1.3829200000000001,1.135,0.0,Normal,Low,Low
2025-01-05 14:00:00,N003,14.720142434514464,0.6190959356028133,2.803,Partial_Blockage,Moderate,Moderate
2025-01-05 14:00:00,N004,14.016481485564812,0.6849370487529041,2.208,Partial_Blockage,Moderate,Moderate
2025-01-05 14:00:00,N005,1.5707999999999998,1.202,0.0,Normal,Low,Low
2025-01-05 14:00:00,N006,3.7636,1.257,0.0,Normal,Low,Low
2025-01-05 14:00:00,N007,2.0451599999999996,1.231,0.0,Normal,Low,Low
2025-01-05 14:00:00,N008,1.8208600000000001,1.137,0.0,Normal,Low,Low
2025-01-05 14:00:00,N009,3.93216,1.462,0.0,Normal,Low,Low
2025-01-05 14:00:00,N010,4.29304,1.419,0.0,Normal,Low,Low
2025-01-05 14:00:00,N011,28.2413580750579,0.2515878019041672,10.568,Severe_Blockage,Critical,Critical
2025-01-05 14:00:00,N012,8.96676832829411,0.628450799165181,1.666,Partial_Blockage,Moderate,Moderate
2025-01-05 14:00:00,N013,2.78384,1.2,0.0,Normal,Low,Low
2025-01-05 14:00:00,N014,1.47048,1.156,0.0,Normal,Low,Low
2025-01-05 14:00:00,N015,0.9169200000000002,1.062,0.0,Normal,Low,Low
2025-01-05 14:00:00,N016,4.6575,1.465,0.0,Normal,Low,Low
2025-01-05 14:00:00,N017,3.72592,1.278,0.0,Normal,Low,Low
2025-01-05 14:00:00,N018,3.7358999999999996,1.23,0.0,Normal,Low,Low
2025-01-05 14:00:00,N019,35.086552041350174,0.36884884732613676,11.072,Severe_Blockage,Critical,Critical
2025-01-05 14:00:00,N020,2.34624,1.281,0.0,Normal,Low,Low
2025-01-05 15:00:00,N001,4.5144,1.507,0.0,Normal,Low,Low
2025-01-05 15:00:00,N002,0.96984,1.1,0.0,Normal,Low,Low
2025-01-05 15:00:00,N003,1.1266800000000001,1.082,0.0,Normal,Low,Low
2025-01-05 15:00:00,N004,1.00872,1.085,0.0,Normal,Low,Low
2025-01-05 15:00:00,N005,5.34072,1.507,0.0,Normal,Low,Moderate
2025-01-05 15:00:00,N006,1.9496999999999998,1.276,0.0,Normal,Low,Low
2025-01-05 15:00:00,N007,4.38672,1.537,0.0,Normal,Low,Low
2025-01-05 15:00:00,N008,17.100066078122268,0.5336388146900688,3.987,Severe_Blockage,High,High
2025-01-05 15:00:00,N009,3.40992,1.323,0.0,Normal,Low,Low
2025-01-05 15:00:00,N010,0.71898,1.065,0.0,Normal,Low,Low
2025-01-05 15:00:00,N011,1.3462,1.096,0.0,Normal,Low,Low
2025-01-05 15:00:00,N012,12.480366164425455,0.6523659601757044,2.169,Partial_Blockage,Moderate,Moderate
2025-01-05 15:00:00,N013,6.12664,1.502,0.0,Normal,Low,Moderate
2025-01-05 15:00:00,N014,3.4868199999999994,1.195,0.0,Normal,Low,Low
2025-01-05 15:00:00,N015,4.516680000000001,1.36,0.0,Normal,Low,Low
2025-01-05 15:00:00,N016,1.1844999999999999,1.108,0.0,Normal,Low,Low
2025-01-05 15:00:00,N017,3.2820799999999997,1.254,0.0,Normal,Low,Low
2025-01-05 15:00:00,N018,1.05554,1.06,0.0,Normal,Low,Low
2025-01-05 15:00:00,N019,2.8294,1.188,0.0,Normal,Low,Low
2025-01-05 15:00:00,N020,3.04278,1.283,0.0,Normal,Low,Low
2025-01-05 16:00:00,N001,13.403477989031401,0.7274118567274959,1.827,Partial_Blockage,Moderate,Moderate
2025-01-05 16:00:00,N002,3.28668,1.354,0.0,Normal,Low,Low
2025-01-05 16:00:00,N003,3.3434,1.318,0.0,Normal,Low,Low
2025-01-05 16:00:00,N004,0.83126,1.057,0.0,Normal,Low,Low
2025-01-05 16:00:00,N005,0.9615199999999999,1.07,0.0,Normal,Low,Low
2025-01-05 16:00:00,N006,2.5898999999999996,1.235,0.0,Normal,Low,Low
2025-01-05 16:00:00,N007,5.9576400000000005,1.412,0.0,Normal,Low,Moderate
2025-01-05 16:00:00,N008,1.8711600000000002,1.147,0.0,Normal,Low,Low
2025-01-05 16:00:00,N009,1.49504,1.101,0.0,Normal,Low,Low
2025-01-05 16:00:00,N010,2.2507200000000003,1.242,0.0,Normal,Low,Low
2025-01-05 16:00:00,N011,3.2224000000000004,1.369,0.0,Normal,Low,Low
2025-01-05 16:00:00,N012,2.6518800000000002,1.235,0.0,Normal,Low,Low
2025-01-05 16:00:00,N013,3.2551200000000007,1.256,0.0,Normal,Low,Low
2025-01-05 16:00:00,N014,5.024139999999999,1.368,0.0,Normal,Low,Moderate
2025-01-05 16:00:00,N015,20.931083088978355,0.5339298619115695,4.878,Severe_Blockage,High,High
2025-01-05 16:00:00,N016,2.921,1.511,0.0,Normal,Low,Low
2025-01-05 16:00:00,N017,3.45728,1.138,0.0,Normal,Low,Low
2025-01-05 16:00:00,N018,1.1266999999999998,1.071,0.0,Normal,Low,Low
2025-01-05 16:00:00,N019,4.08156,1.271,0.0,Normal,Low,Low
2025-01-05 16:00:00,N020,24.471414668162197,0.4138813016594995,7.172,Severe_Blockage,High,High
2025-01-05 17:00:00,N001,1.2496,1.214,0.0,Normal,Low,Low
2025-01-05 17:00:00,N002,0.9967800000000001,1.087,0.0,Normal,Low,Low
2025-01-05 17:00:00,N003,2.83044,1.203,0.0,Normal,Low,Low
2025-01-05 17:00:00,N004,5.8842,1.484,0.0,Normal,Low,Moderate
2025-01-05 17:00:00,N005,2.37048,1.478,0.0,Normal,Low,Low
2025-01-05 17:00:00,N006,4.9179,1.423,0.0,Normal,Low,Low
2025-01-05 17:00:00,N007,3.76428,1.337,0.0,Normal,Low,Low
2025-01-05 17:00:00,N008,0.9054,1.06,0.0,Normal,Low,Low
2025-01-05 17:00:00,N009,4.63872,1.522,0.0,Normal,Low,Low
2025-01-05 17:00:00,N010,1.96938,1.234,0.0,Normal,Low,Low
2025-01-05 17:00:00,N011,19.34953463290401,0.4483840622949622,5.337,Severe_Blockage,High,High
2025-01-05 17:00:00,N012,4.333559999999999,1.379,0.0,Normal,Low,Low
2025-01-05 17:00:00,N013,3.9017600000000003,1.296,0.0,Normal,Low,Low
2025-01-05 17:00:00,N014,10.55407758183041,0.5707703242581502,2.265,Severe_Blockage,High,Moderate
2025-01-05 17:00:00,N015,3.93936,1.276,0.0,Normal,Low,Low
2025-01-05 17:00:00,N016,1.3455,1.114,0.0,Normal,Low,Low
2025-01-05 17:00:00,N017,8.199359999999999,1.419,0.0,Normal,Low,Moderate
2025-01-05 17:00:00,N018,1.9450399999999999,1.158,0.0,Normal,Low,Low
2025-01-05 17:00:00,N019,35.2724780905146,0.33139545327742137,11.792,Severe_Blockage,Critical,Critical
2025-01-05 17:00:00,N020,3.5437999999999996,1.316,0.0,Normal,Low,Low
2025-01-05 18:00:00,N001,1.8568,1.176,0.0,Normal,Low,Low
2025-01-05 18:00:00,N002,14.606493261174304,0.6790444273959525,2.344,Partial_Blockage,Moderate,Moderate
2025-01-05 18:00:00,N003,0.9892800000000002,1.088,0.0,Normal,Low,Low
2025-01-05 18:00:00,N004,3.47448,1.392,0.0,Normal,Low,Low
2025-01-05 18:00:00,N005,22.279543666724777,0.41533597064368755,6.513,Severe_Blockage,High,High
2025-01-05 18:00:00,N006,2.1048999999999998,1.186,0.0,Normal,Low,Low
2025-01-05 18:00:00,N007,12.330211041487965,0.6073385407163895,2.421,Partial_Blockage,Moderate,Moderate
2025-01-05 18:00:00,N008,20.08659343522792,0.4480980163412346,5.543,Severe_Blockage,High,High
2025-01-05 18:00:00,N009,1.35168,1.204,0.0,Normal,Low,Low
2025-01-05 18:00:00,N010,1.00032,1.053,0.0,Normal,Low,Low
2025-01-05 18:00:00,N011,3.0528,1.375,0.0,Normal,Low,Low
2025-01-05 18:00:00,N012,5.1744,1.316,0.0,Normal,Low,Moderate
2025-01-05 18:00:00,N013,3.68256,1.307,0.0,Normal,Low,Low
2025-01-05 18:00:00,N014,10.119527700342012,0.6932707922661882,1.552,Partial_Blockage,Moderate,Moderate
2025-01-05 18:00:00,N015,3.93936,1.511,0.0,Normal,Low,Low
2025-01-05 18:00:00,N016,12.712158002776256,0.5945926668972493,2.577,Severe_Blockage,High,Moderate
2025-01-05 18:00:00,N017,5.98016,1.529,0.0,Normal,Low,Moderate
2025-01-05 18:00:00,N018,1.9213200000000001,1.276,0.0,Normal,Low,Low
2025-01-05 18:00:00,N019,2.9738800000000003,1.252,0.0,Normal,Low,Low
2025-01-05 18:00:00,N020,2.48066,1.172,0.0,Normal,Low,Low
2025-01-05 19:00:00,N001,1.5664,1.121,0.0,Normal,Low,Low
2025-01-05 19:00:00,N002,3.06218,1.3,0.0,Normal,Low,Low
2025-01-05 19:00:00,N003,12.616586804839331,0.7030692703607654,1.873,Partial_Blockage,Moderate,Moderate
2025-01-05 19:00:00,N004,0.83126,1.104,0.0,Normal,Low,Low
2025-01-05 19:00:00,N005,23.933738088159103,0.5148546230135549,5.806,Severe_Blockage,High,High
2025-01-05 19:00:00,N006,3.5404999999999998,1.453,0.0,Normal,Low,Low
2025-01-05 19:00:00,N007,4.20888,1.336,0.0,Normal,Low,Low
2025-01-05 19:00:00,N008,1.0864800000000001,1.076,0.0,Normal,Low,Low
2025-01-05 19:00:00,N009,5.2838400000000005,1.386,0.0,Normal,Low,Moderate
2025-01-05 19:00:00,N010,5.6268,1.499,0.0,Normal,Low,Moderate
2025-01-05 19:00:00,N011,25.940568811047637,0.30188065348533033,9.055,Severe_Blockage,Critical,Critical
2025-01-05 19:00:00,N012,1.4337400000000002,1.199,0.0,Normal,Low,Low
2025-01-05 19:00:00,N013,5.5896,1.374,0.0,Normal,Low,Moderate
2025-01-05 19:00:00,N014,7.586339999999999,1.458,0.0,Normal,Low,Moderate
2025-01-05 19:00:00,N015,2.3772,1.163,0.0,Normal,Low,Low
2025-01-05 19:00:00,N016,2.921,1.324,0.0,Normal,Low,Low
2025-01-05 19:00:00,N017,3.8660799999999997,1.496,0.0,Normal,Low,Low
2025-01-05 19:00:00,N018,0.6523,1.056,0.0,Normal,Low,Low
2025-01-05 19:00:00,N019,2.14312,1.161,0.0,Normal,Low,Low
2025-01-05 19:00:00,N020,25.68313649981679,0.26657892841274705,9.418,Severe_Blockage,Critical,Critical
2025-01-05 20:00:00,N001,2.5872,1.274,0.0,Normal,Low,Low
2025-01-05 20:00:00,N002,3.7626200000000005,1.246,0.0,Normal,Low,Low
2025-01-05 20:00:00,N003,2.63808,1.177,0.0,Normal,Low,Low
2025-01-05 20:00:00,N004,1.92404,1.154,0.0,Normal,Low,Low
2025-01-05 20:00:00,N005,36.53225939896238,0.3397576112428975,12.06,Severe_Blockage,Critical,Critical
2025-01-05 20:00:00,N006,4.9276,1.513,0.0,Normal,Low,Low
2025-01-05 20:00:00,N007,2.1242,1.144,0.0,Normal,Low,Low
2025-01-05 20:00:00,N008,17.104930897717058,0.555331197996809,3.803,Severe_Blockage,High,High
2025-01-05 20:00:00,N009,2.82624,1.16,0.0,Normal,Low,Low
2025-01-05 20:00:00,N010,4.08464,1.302,0.0,Normal,Low,Low
2025-01-05 20:00:00,N011,23.670968154805113,0.44605214312292113,6.556,Severe_Blockage,High,High
2025-01-05 20:00:00,N012,5.72418,1.488,0.0,Normal,Low,Moderate
2025-01-05 20:00:00,N013,1.45768,1.089,0.0,Normal,Low,Low
2025-01-05 20:00:00,N014,13.189218552168693,0.7112101743707198,1.904,Partial_Blockage,Moderate,Moderate
2025-01-05 20:00:00,N015,1.0754000000000001,1.085,0.0,Normal,Low,Low
2025-01-05 20:00:00,N016,2.8289999999999997,1.174,0.0,Normal,Low,Low
2025-01-05 20:00:00,N017,5.5012799999999995,1.403,0.0,Normal,Low,Moderate
2025-01-05 20:00:00,N018,4.04426,1.421,0.0,Normal,Low,Low
2025-01-05 20:00:00,N019,3.72036,1.274,0.0,Normal,Low,Low
2025-01-05 20:00:00,N020,2.7128400000000004,1.145,0.0,Normal,Low,Low
2025-01-05 21:00:00,N001,2.3496,1.22,0.0,Normal,Low,Low
2025-01-05 21:00:00,N002,2.10132,1.167,0.0,Normal,Low,Low
2025-01-05 21:00:00,N003,4.3052,1.279,0.0,Normal,Low,Low
2025-01-05 21:00:00,N004,1.8213,1.143,0.0,Normal,Low,Low
2025-01-05 21:00:00,N005,1.17096,1.058,0.0,Normal,Low,Low
2025-01-05 21:00:00,N006,4.626899999999999,1.507,0.0,Normal,Low,Low
2025-01-05 21:00:00,N007,22.023776599719717,0.5512097269071192,4.942,Severe_Blockage,High,High
2025-01-05 21:00:00,N008,2.63572,1.334,0.0,Normal,Low,Low
2025-01-05 21:00:00,N009,1.4745599999999999,1.166,0.0,Normal,Low,Low
2025-01-05 21:00:00,N010,20.031338927912408,0.5888442307043109,4.118,Severe_Blockage,High,High
2025-01-05 21:00:00,N011,18.83449679219413,0.5293363389407677,4.432,Severe_Blockage,High,High
2025-01-05 21:00:00,N012,1.1319000000000001,1.118,0.0,Normal,Low,Low
2025-01-05 21:00:00,N013,2.86056,1.176,0.0,Normal,Low,Low
2025-01-05 21:00:00,N014,20.169779889596,0.45653754706906263,5.481,Severe_Blockage,High,High
2025-01-05 21:00:00,N015,11.67553544627693,0.6578497297880743,1.997,Partial_Blockage,Moderate,Moderate
2025-01-05 21:00:00,N016,4.232,1.365,0.0,Normal,Low,Low
2025-01-05 21:00:00,N017,5.51296,1.328,0.0,Normal,Low,Moderate
2025-01-05 21:00:00,N018,20.71116101872159,0.4331658937699246,5.87,Severe_Blockage,High,High
2025-01-05 21:00:00,N019,31.414090109334037,0.2701519291605544,11.464,Severe_Blockage,Critical,Critical
2025-01-05 21:00:00,N020,1.3319800000000002,1.064,0.0,Normal,Low,Low
2025-01-05 22:00:00,N001,2.728,1.258,0.0,Normal,Low,Low
2025-01-05 22:00:00,N002,1.8498800000000002,1.136,0.0,Normal,Low,Low
2025-01-05 22:00:00,N003,18.94028780183854,0.5950037391722073,3.835,Severe_Blockage,High,High
2025-01-05 22:00:00,N004,1.45704,1.093,0.0,Normal,Low,Low
2025-01-05 22:00:00,N005,2.32288,1.171,0.0,Normal,Low,Low
2025-01-05 22:00:00,N006,1.455,1.167,0.0,Normal,Low,Low
2025-01-05 22:00:00,N007,1.3832,1.143,0.0,Normal,Low,Low
2025-01-05 22:00:00,N008,37.60512067020338,0.37311810018466407,11.787,Severe_Blockage,Critical,Critical
2025-01-05 22:00:00,N009,1.96608,1.108,0.0,Normal,Low,Low
2025-01-05 22:00:00,N010,8.232970989157556,0.6939295570028852,1.26,Partial_Blockage,Moderate,Moderate
2025-01-05 22:00:00,N011,0.9540000000000001,1.068,0.0,Normal,Low,Low
2025-01-05 22:00:00,N012,0.83006,1.08,0.0,Normal,Low,Low
2025-01-05 22:00:00,N013,1.2165600000000003,1.076,0.0,Normal,Low,Low
2025-01-05 22:00:00,N014,2.0943199999999997,1.144,0.0,Normal,Low,Low
2025-01-05 22:00:00,N015,13.436640222474598,0.5594178887508638,2.96,Severe_Blockage,High,Moderate
2025-01-05 22:00:00,N016,18.33913553780803,0.5605614107468344,4.029,Severe_Blockage,High,High
2025-01-05 22:00:00,N017,5.2676799999999995,1.403,0.0,Normal,Low,Moderate
2025-01-05 22:00:00,N018,4.96934,1.484,0.0,Normal,Low,Low
2025-01-05 22:00:00,N019,3.6240399999999995,1.351,0.0,Normal,Low,Low
2025-01-05 22:00:00,N020,13.413791335662069,0.6514092425933836,2.338,Partial_Blockage,Moderate,Moderate
2025-01-05 23:00:00,N001,2.2,1.178,0.0,Normal,Low,Low
2025-01-05 23:00:00,N002,15.144641146019728,0.4341082874714201,4.285,Severe_Blockage,High,High
2025-01-05 23:00:00,N003,1.6488,1.143,0.0,Normal,Low,Low
2025-01-05 23:00:00,N004,0.95268,1.094,0.0,Normal,Low,Low
2025-01-05 23:00:00,N005,4.51248,1.478,0.0,Normal,Low,Low
2025-01-05 23:00:00,N006,2.037,1.157,0.0,Normal,Low,Low
2025-01-05 23:00:00,N007,4.32744,1.31,0.0,Normal,Low,Low
2025-01-05 23:00:00,N008,2.63572,1.156,0.0,Normal,Low,Low
2025-01-05 23:00:00,N009,5.33504,1.338,0.0,Normal,Low,Moderate
2025-01-05 23:00:00,N010,5.3975599999999995,1.521,0.0,Normal,Low,Moderate
2025-01-05 23:00:00,N011,3.7736,1.242,0.0,Normal,Low,Low
2025-01-05 23:00:00,N012,4.8833400000000005,1.517,0.0,Normal,Low,Low
2025-01-05 23:00:00,N013,1.1946400000000001,1.079,0.0,Normal,Low,Low
2025-01-05 23:00:00,N014,16.078138450304202,0.5562069594558409,3.568,Severe_Blockage,High,High
2025-01-05 23:00:00,N015,1.8564800000000001,1.183,0.0,Normal,Low,Low
2025-01-05 23:00:00,N016,6.347999999999999,1.538,0.0,Normal,Low,Moderate
2025-01-05 23:00:00,N017,4.63696,1.457,0.0,Normal,Low,Low
2025-01-05 23:00:00,N018,23.01357712516183,0.522239460280554,5.497,Severe_Blockage,High,High
2025-01-05 23:00:00,N019,7.11564,1.525,0.0,Normal,Low,Moderate
2025-01-05 23:00:00,N020,6.6599,1.499,0.0,Normal,Low,Moderate
2025-01-06 00:00:00,N001,2.4904,1.243,0.0,Normal,Low,Low
2025-01-06 00:00:00,N002,0.74534,1.072,0.0,Normal,Low,Low
2025-01-06 00:00:00,N003,3.32508,1.307,0.0,Normal,Low,Low
2025-01-06 00:00:00,N004,2.17622,1.152,0.0,Normal,Low,Low
2025-01-06 00:00:00,N005,4.36968,1.332,0.0,Normal,Low,Low
2025-01-06 00:00:00,N006,4.539599999999999,1.475,0.0,Normal,Low,Low
2025-01-06 00:00:00,N007,1.1856,1.095,0.0,Normal,Low,Low
2025-01-06 00:00:00,N008,2.3641,1.271,0.0,Normal,Low,Low
2025-01-06 00:00:00,N009,1.81248,1.098,0.0,Normal,Low,Low
2025-01-06 00:00:00,N010,30.86918876349058,0.3588998435722075,9.895,Severe_Blockage,Critical,Critical
2025-01-06 00:00:00,N011,21.948596195427843,0.5652801005616785,4.771,Severe_Blockage,High,High
2025-01-06 00:00:00,N012,18.70621620210435,0.5122628966817232,4.562,Severe_Blockage,High,High
2025-01-06 00:00:00,N013,5.22792,1.354,0.0,Normal,Low,Moderate
2025-01-06 00:00:00,N014,20.88766699620218,0.49960883353024343,5.226,Severe_Blockage,High,High
2025-01-06 00:00:00,N015,3.5318400000000003,1.411,0.0,Normal,Low,Low
2025-01-06 00:00:00,N016,4.531,1.41,0.0,Normal,Low,Low
2025-01-06 00:00:00,N017,5.407839999999999,1.532,0.0,Normal,Low,Moderate
2025-01-06 00:00:00,N018,4.73214,1.517,0.0,Normal,Low,Low
2025-01-06 00:00:00,N019,8.961775145206936,0.5862411749676776,1.854,Severe_Blockage,High,Moderate
2025-01-06 00:00:00,N020,24.08874056523729,0.5856316905103353,4.991,Severe_Blockage,High,High
2025-01-06 01:00:00,N001,1.0912,1.092,0.0,Normal,Low,Low
2025-01-06 01:00:00,N002,13.923372299234423,0.7471078638598861,1.761,Partial_Blockage,Moderate,Moderate
2025-01-06 01:00:00,N003,33.09878215901365,0.3540279959807314,10.69,Severe_Blockage,Critical,Critical
2025-01-06 01:00:00,N004,2.0641399999999996,1.248,0.0,Normal,Low,Low
2025-01-06 01:00:00,N005,1.2852000000000001,1.105,0.0,Normal,Low,Low
2025-01-06 01:00:00,N006,33.261816344961034,0.299820919757697,11.645,Severe_Blockage,Critical,Critical
2025-01-06 01:00:00,N007,4.6436,1.396,0.0,Normal,Low,Low
2025-01-06 01:00:00,N008,1.53918,1.123,0.0,Normal,Low,Low
2025-01-06 01:00:00,N009,12.602425102074413,0.6828649164495805,1.998,Partial_Blockage,Moderate,Moderate
2025-01-06 01:00:00,N010,3.2823,1.293,0.0,Normal,Low,Low
2025-01-06 01:00:00,N011,3.8478,1.383,0.0,Normal,Low,Low
2025-01-06 01:00:00,N012,5.120500000000001,1.457,0.0,Normal,Low,Moderate
2025-01-06 01:00:00,N013,17.766640642664854,0.5675984811489734,3.841,Severe_Blockage,High,High
2025-01-06 01:00:00,N014,10.945125985178166,0.6550295382683973,1.888,Partial_Blockage,Moderate,Moderate
2025-01-06 01:00:00,N015,8.838255790450532,0.685957129324037,1.388,Partial_Blockage,Moderate,Moderate
2025-01-06 01:00:00,N016,4.7265,1.332,0.0,Normal,Low,Low
2025-01-06 01:00:00,N017,2.72144,1.212,0.0,Normal,Low,Low
2025-01-06 01:00:00,N018,22.428622208492758,0.587546192901504,4.625,Severe_Blockage,High,High
2025-01-06 01:00:00,N019,6.93504,1.43,0.0,Normal,Low,Moderate
2025-01-06 01:00:00,N020,14.945889500706304,0.6052809658180848,2.95,Partial_Blockage,Moderate,Moderate
2025-01-06 02:00:00,N001,4.5144,1.363,0.0,Normal,Low,Low
2025-01-06 02:00:00,N002,5.1455400000000004,1.494,0.0,Normal,Low,Moderate
2025-01-06 02:00:00,N003,2.30832,1.236,0.0,Normal,Low,Low
2025-01-06 02:00:00,N004,1.4383599999999999,1.111,0.0,Normal,Low,Low
2025-01-06 02:00:00,N005,14.49640317189898,0.6536843957427427,2.51,Partial_Blockage,Moderate,Moderate
2025-01-06 02:00:00,N006,5.6939,1.517,0.0,Normal,Low,Moderate
2025-01-06 02:00:00,N007,2.7861599999999997,1.189,0.0,Normal,Low,Low
2025-01-06 02:00:00,N008,1.1267200000000002,1.084,0.0,Normal,Low,Low
2025-01-06 02:00:00,N009,1.4336,1.14,0.0,Normal,Low,Low
2025-01-06 02:00:00,N010,2.16736,1.159,0.0,Normal,Low,Low
2025-01-06 02:00:00,N011,3.975,1.396,0.0,Normal,Low,Low
2025-01-06 02:00:00,N012,21.152640878438532,0.4830552861035408,5.467,Severe_Blockage,High,High
2025-01-06 02:00:00,N013,1.54536,1.11,0.0,Normal,Low,Low
2025-01-06 02:00:00,N014,6.082439999999999,1.392,0.0,Normal,Low,Moderate
2025-01-06 02:00:00,N015,3.7016400000000003,1.366,0.0,Normal,Low,Low
2025-01-06 02:00:00,N016,2.8405,1.271,0.0,Normal,Low,Low
2025-01-06 02:00:00,N017,1.5184,1.079,0.0,Normal,Low,Low
2025-01-06 02:00:00,N018,5.253979999999999,1.317,0.0,Normal,Low,Moderate
2025-01-06 02:00:00,N019,5.117,1.51,0.0,Normal,Low,Moderate
2025-01-06 02:00:00,N020,4.61916,1.274,0.0,Normal,Low,Low
2025-01-06 03:00:00,N001,23.589683296186706,0.49100052169831565,6.004,Severe_Blockage,High,High
2025-01-06 03:00:00,N002,2.4964399999999998,1.197,0.0,Normal,Low,Low
2025-01-06 03:00:00,N003,1.5938400000000001,1.108,0.0,Normal,Low,Low
2025-01-06 03:00:00,N004,3.11022,1.293,0.0,Normal,Low,Low
2025-01-06 03:00:00,N005,38.66277023564544,0.3006480338318311,13.519,Severe_Blockage,Critical,Critical
2025-01-06 03:00:00,N006,25.038679157298795,0.28155153931341403,8.995,Severe_Blockage,Critical,Critical
2025-01-06 03:00:00,N007,5.93788,1.465,0.0,Normal,Low,Moderate
2025-01-06 03:00:00,N008,12.178219890568698,0.6060052821740947,2.399,Partial_Blockage,Moderate,Moderate
2025-01-06 03:00:00,N009,21.800476495692706,0.5637794787814886,4.755,Severe_Blockage,High,High
2025-01-06 03:00:00,N010,3.84498,1.37,0.0,Normal,Low,Low
2025-01-06 03:00:00,N011,18.046273881091555,0.4146134373990535,5.282,Severe_Blockage,High,High
2025-01-06 03:00:00,N012,13.999074686655831,0.7197734362118724,1.961,Partial_Blockage,Moderate,Moderate
2025-01-06 03:00:00,N013,2.26872,1.166,0.0,Normal,Low,Low
2025-01-06 03:00:00,N014,3.7207599999999994,1.3,0.0,Normal,Low,Low
2025-01-06 03:00:00,N015,2.38852,1.226,0.0,Normal,Low,Low
2025-01-06 03:00:00,N016,4.036499999999999,1.376,0.0,Normal,Low,Low
2025-01-06 03:00:00,N017,22.030555670505294,0.40626820829197113,6.54,Severe_Blockage,High,High
2025-01-06 03:00:00,N018,3.81892,1.291,0.0,Normal,Low,Low
2025-01-06 03:00:00,N019,5.87552,1.38,0.0,Normal,Low,Moderate
2025-01-06 03:00:00,N020,9.642377260357023,0.5875916075927925,1.988,Severe_Blockage,High,Moderate
2025-01-06 04:00:00,N001,3.8544,1.443,0.0,Normal,Low,Low
2025-01-06 04:00:00,N002,34.79687001330912,0.300330576560929,12.173,Severe_Blockage,Critical,Critical
2025-01-06 04:00:00,N003,25.725511392987272,0.2963019414479002,9.051,Severe_Blockage,Critical,Critical
2025-01-06 04:00:00,N004,1.48506,1.092,0.0,Normal,Low,Low
2025-01-06 04:00:00,N005,0.79016,1.06,0.0,Normal,Low,Low
2025-01-06 04:00:00,N006,1.3967999999999998,1.085,0.0,Normal,Low,Low
2025-01-06 04:00:00,N007,1.12632,1.057,0.0,Normal,Low,Low
2025-01-06 04:00:00,N008,3.60148,1.505,0.0,Normal,Low,Low
2025-01-06 04:00:00,N009,3.36896,1.252,0.0,Normal,Low,Low
2025-01-06 04:00:00,N010,2.3236600000000003,1.135,0.0,Normal,Low,Low
2025-01-06 04:00:00,N011,1.4627999999999999,1.177,0.0,Normal,Low,Low
2025-01-06 04:00:00,N012,4.301220000000001,1.363,0.0,Normal,Low,Low
2025-01-06 04:00:00,N013,38.52843715764041,0.3925215828389872,11.703,Severe_Blockage,Critical,Critical
2025-01-06 04:00:00,N014,3.13034,1.192,0.0,Normal,Low,Low
2025-01-06 04:00:00,N015,6.32788,1.538,0.0,Normal,Low,Moderate
2025-01-06 04:00:00,N016,1.0234999999999999,1.076,0.0,Normal,Low,Low
2025-01-06 04:00:00,N017,2.72144,1.201,0.0,Normal,Low,Low
2025-01-06 04:00:00,N018,4.66098,1.312,0.0,Normal,Low,Low
2025-01-06 04:00:00,N019,0.9993199999999999,1.064,0.0,Normal,Low,Low
2025-01-06 04:00:00,N020,4.99798,1.358,0.0,Normal,Low,Low
2025-01-06 05:00:00,N001,3.8544,1.312,0.0,Normal,Low,Low
2025-01-06 05:00:00,N002,4.6875599999999995,1.522,0.0,Normal,Low,Low
2025-01-06 05:00:00,N003,4.70824,1.378,0.0,Normal,Low,Low
2025-01-06 05:00:00,N004,1.6158199999999998,1.115,0.0,Normal,Low,Low
2025-01-06 05:00:00,N005,24.733540725740365,0.5042011614457241,6.131,Severe_Blockage,High,High
2025-01-06 05:00:00,N006,11.829721460987393,0.6425052903146103,2.115,Partial_Blockage,Moderate,Moderate
2025-01-06 05:00:00,N007,8.340037164809003,0.5808868104841406,1.748,Severe_Blockage,High,Moderate
2025-01-06 05:00:00,N008,14.889785821029502,0.5658323152762956,3.232,Severe_Blockage,High,Moderate
2025-01-06 05:00:00,N009,1.49504,1.122,0.0,Normal,Low,Low
2025-01-06 05:00:00,N010,4.47018,1.352,0.0,Normal,Low,Low
2025-01-06 05:00:00,N011,1.8338,1.15,0.0,Normal,Low,Low
2025-01-06 05:00:00,N012,6.9207600000000005,1.474,0.0,Normal,Low,Moderate
2025-01-06 05:00:00,N013,1.1617600000000001,1.074,0.0,Normal,Low,Low
2025-01-06 05:00:00,N014,4.26662,1.317,0.0,Normal,Low,Low
2025-01-06 05:00:00,N015,24.324140636453325,0.44906626925667953,6.7,Severe_Blockage,High,High
2025-01-06 05:00:00,N016,5.933999999999999,1.343,0.0,Normal,Low,Moderate
2025-01-06 05:00:00,N017,5.29104,1.493,0.0,Normal,Low,Moderate
2025-01-06 05:00:00,N018,5.46746,1.294,0.0,Normal,Low,Moderate
2025-01-06 05:00:00,N019,5.51432,1.376,0.0,Normal,Low,Moderate
2025-01-06 05:00:00,N020,7.7474799999999995,1.499,0.0,Normal,Low,Moderate
2025-01-06 06:00:00,N001,1.3376000000000001,1.139,0.0,Normal,Low,Low
2025-01-06 06:00:00,N002,2.2180600000000004,1.224,0.0,Normal,Low,Low
2025-01-06 06:00:00,N003,3.6090400000000002,1.345,0.0,Normal,Low,Low
2025-01-06 06:00:00,N004,0.95268,1.149,0.0,Normal,Low,Low
2025-01-06 06:00:00,N005,1.10432,1.088,0.0,Normal,Low,Low
2025-01-06 06:00:00,N006,2.8324,1.226,0.0,Normal,Low,Low
2025-01-06 06:00:00,N007,2.34156,1.238,0.0,Normal,Low,Low
2025-01-06 06:00:00,N008,3.018,1.273,0.0,Normal,Low,Low
2025-01-06 06:00:00,N009,3.072,1.227,0.0,Normal,Low,Low
2025-01-06 06:00:00,N010,10.860771556297271,0.6194417233414358,2.067,Partial_Blockage,Moderate,Moderate
2025-01-06 06:00:00,N011,1.855,1.173,0.0,Normal,Low,Low
2025-01-06 06:00:00,N012,3.9454800000000003,1.293,0.0,Normal,Low,Low
2025-01-06 06:00:00,N013,3.5291200000000007,1.209,0.0,Normal,Low,Low
2025-01-06 06:00:00,N014,1.4036399999999998,1.125,0.0,Normal,Low,Low
2025-01-06 06:00:00,N015,1.15464,1.059,0.0,Normal,Low,Low
2025-01-06 06:00:00,N016,1.8285,1.126,0.0,Normal,Low,Low
2025-01-06 06:00:00,N017,1.8688,1.165,0.0,Normal,Low,Low
2025-01-06 06:00:00,N018,7.258319999999999,1.465,0.0,Normal,Low,Moderate
2025-01-06 06:00:00,N019,2.37188,1.146,0.0,Normal,Low,Low
2025-01-06 06:00:00,N020,3.51936,1.288,0.0,Normal,Low,Low
2025-01-06 07:00:00,N001,0.7040000000000001,1.06,0.0,Normal,Low,Low
2025-01-06 07:00:00,N002,3.33158,1.335,0.0,Normal,Low,Low
2025-01-06 07:00:00,N003,16.286277991212895,0.501680691307604,4.058,Severe_Blockage,High,High
2025-01-06 07:00:00,N004,2.91408,1.245,0.0,Normal,Low,Low
2025-01-06 07:00:00,N005,32.25098541831902,0.33236607940366947,10.766,Severe_Blockage,Critical,Critical
2025-01-06 07:00:00,N006,1.6199,1.113,0.0,Normal,Low,Low
2025-01-06 07:00:00,N007,3.64572,1.399,0.0,Normal,Low,Low
2025-01-06 07:00:00,N008,25.324793125480554,0.3002295090196968,8.861,Severe_Blockage,Critical,Critical
2025-01-06 07:00:00,N009,2.72384,1.246,0.0,Normal,Low,Low
2025-01-06 07:00:00,N010,3.34482,1.368,0.0,Normal,Low,Low
2025-01-06 07:00:00,N011,4.208200000000001,1.353,0.0,Normal,Low,Low
2025-01-06 07:00:00,N012,13.21064110844404,0.5852295329560923,2.74,Severe_Blockage,High,Moderate
2025-01-06 07:00:00,N013,2.31256,1.165,0.0,Normal,Low,Low
2025-01-06 07:00:00,N014,17.422284109731603,0.531864127391719,4.078,Severe_Blockage,High,High
2025-01-06 07:00:00,N015,2.73944,1.197,0.0,Normal,Low,Low
2025-01-06 07:00:00,N016,4.646,1.282,0.0,Normal,Low,Low
2025-01-06 07:00:00,N017,3.4339199999999996,1.256,0.0,Normal,Low,Low
2025-01-06 07:00:00,N018,2.63292,1.129,0.0,Normal,Low,Low
2025-01-06 07:00:00,N019,3.96116,1.265,0.0,Normal,Low,Low
2025-01-06 07:00:00,N020,2.8594799999999996,1.142,0.0,Normal,Low,Low
2025-01-06 08:00:00,N001,6.3272,1.504,0.0,Normal,Low,Moderate
2025-01-06 08:00:00,N002,2.26296,1.228,0.0,Normal,Low,Low
2025-01-06 08:00:00,N003,2.29,1.235,0.0,Normal,Low,Low
2025-01-06 08:00:00,N004,10.199354192391137,0.7197665879577891,1.429,Partial_Blockage,Moderate,Moderate
2025-01-06 08:00:00,N005,22.890261215631288,0.4480180226885058,6.318,Severe_Blockage,High,High
2025-01-06 08:00:00,N006,1.8526999999999998,1.138,0.0,Normal,Low,Low
2025-01-06 08:00:00,N007,6.01692,1.461,0.0,Normal,Low,Moderate
2025-01-06 08:00:00,N008,18.5617277143541,0.5365671739062846,4.301,Severe_Blockage,High,High
2025-01-06 08:00:00,N009,4.63872,1.304,0.0,Normal,Low,Low
2025-01-06 08:00:00,N010,3.8658200000000003,1.393,0.0,Normal,Low,Low
2025-01-06 08:00:00,N011,15.573991258205597,0.5434267675202713,3.555,Severe_Blockage,High,High
2025-01-06 08:00:00,N012,2.05898,1.104,0.0,Normal,Low,Low
2025-01-06 08:00:00,N013,4.06616,1.333,0.0,Normal,Low,Low
2025-01-06 08:00:00,N014,3.5536599999999994,1.477,0.0,Normal,Low,Low
2025-01-06 08:00:00,N015,23.107048838416247,0.5156480269929324,5.596,Severe_Blockage,High,High
2025-01-06 08:00:00,N016,2.484,1.161,0.0,Normal,Low,Low
2025-01-06 08:00:00,N017,16.79682015379635,0.5520631572430055,3.762,Severe_Blockage,High,High
2025-01-06 08:00:00,N018,1.8145799999999999,1.076,0.0,Normal,Low,Low
2025-01-06 08:00:00,N019,6.321,1.403,0.0,Normal,Low,Moderate
2025-01-06 08:00:00,N020,7.49086,1.384,0.0,Normal,Low,Moderate
2025-01-06 09:00:00,N001,0.3784,1.059,0.0,Normal,Low,Low
2025-01-06 09:00:00,N002,2.99932,1.273,0.0,Normal,Low,Low
2025-01-06 09:00:00,N003,4.5067200000000005,1.439,0.0,Normal,Low,Low
2025-01-06 09:00:00,N004,12.776671421273317,0.7480016440745874,1.61,Partial_Blockage,Moderate,Moderate
2025-01-06 09:00:00,N005,0.714,1.057,0.0,Normal,Low,Low
2025-01-06 09:00:00,N006,3.8411999999999997,1.452,0.0,Normal,Low,Low
2025-01-06 09:00:00,N007,1.4523599999999999,1.1,0.0,Normal,Low,Low
2025-01-06 09:00:00,N008,3.07836,1.382,0.0,Normal,Low,Low
2025-01-06 09:00:00,N009,3.1948800000000004,1.292,0.0,Normal,Low,Low
2025-01-06 09:00:00,N010,4.47018,1.405,0.0,Normal,Low,Low
2025-01-06 09:00:00,N011,1.8232000000000002,1.167,0.0,Normal,Low,Low
2025-01-06 09:00:00,N012,2.03742,1.102,0.0,Normal,Low,Low
2025-01-06 09:00:00,N013,5.458080000000001,1.462,0.0,Normal,Low,Moderate
2025-01-06 09:00:00,N014,3.38656,1.279,0.0,Normal,Low,Low
2025-01-06 09:00:00,N015,22.084801187126534,0.5634023267265591,4.821,Severe_Blockage,High,High
2025-01-06 09:00:00,N016,1.7939999999999998,1.086,0.0,Normal,Low,Low
2025-01-06 09:00:00,N017,9.972627386394949,0.6140295089294994,1.925,Partial_Blockage,Moderate,Moderate
2025-01-06 09:00:00,N018,3.0242999999999998,1.241,0.0,Normal,Low,Low
2025-01-06 09:00:00,N019,11.976006826386955,0.6330063461310274,2.198,Partial_Blockage,Moderate,Moderate
2025-01-06 09:00:00,N020,2.06518,1.161,0.0,Normal,Low,Low
2025-01-06 10:00:00,N001,0.8712,1.067,0.0,Normal,Low,Low
2025-01-06 10:00:00,N002,3.21484,1.381,0.0,Normal,Low,Low
2025-01-06 10:00:00,N003,3.1876800000000003,1.243,0.0,Normal,Low,Low
2025-01-06 10:00:00,N004,4.78208,1.419,0.0,Normal,Low,Low
2025-01-06 10:00:00,N005,0.91392,1.073,0.0,Normal,Low,Low
2025-01-06 10:00:00,N006,0.873,1.06,0.0,Normal,Low,Low
2025-01-06 10:00:00,N007,3.79392,1.343,0.0,Normal,Low,Low
2025-01-06 10:00:00,N008,3.9938200000000004,1.347,0.0,Normal,Low,Low
2025-01-06 10:00:00,N009,2.87744,1.206,0.0,Normal,Low,Low
2025-01-06 10:00:00,N010,3.5323800000000003,1.357,0.0,Normal,Low,Low
2025-01-06 10:00:00,N011,17.863596223572976,0.5129299086066731,4.35,Severe_Blockage,High,High
2025-01-06 10:00:00,N012,20.37077355666801,0.4958068103698386,5.135,Severe_Blockage,High,High
2025-01-06 10:00:00,N013,4.53744,1.287,0.0,Normal,Low,Low
2025-01-06 10:00:00,N014,3.6093599999999997,1.286,0.0,Normal,Low,Low
2025-01-06 10:00:00,N015,13.035373458383305,0.7272092088889752,1.778,Partial_Blockage,Moderate,Moderate
2025-01-06 10:00:00,N016,2.76,1.189,0.0,Normal,Low,Low
2025-01-06 10:00:00,N017,5.699839999999999,1.338,0.0,Normal,Low,Moderate
2025-01-06 10:00:00,N018,1.57738,1.092,0.0,Normal,Low,Low
2025-01-06 10:00:00,N019,12.349439084696517,0.67979985162981,1.977,Partial_Blockage,Moderate,Moderate
2025-01-06 10:00:00,N020,2.7495,1.18,0.0,Normal,Low,Low
2025-01-06 11:00:00,N001,3.3528000000000002,1.312,0.0,Normal,Low,Low
2025-01-06 11:00:00,N002,2.17316,1.474,0.0,Normal,Low,Low
2025-01-06 11:00:00,N003,9.754910004074754,0.6519614811857144,1.698,Partial_Blockage,Moderate,Moderate
2025-01-06 11:00:00,N004,3.2689999999999997,1.207,0.0,Normal,Low,Low
2025-01-06 11:00:00,N005,1.29472,1.088,0.0,Normal,Low,Low
2025-01-06 11:00:00,N006,1.3677,1.093,0.0,Normal,Low,Low
2025-01-06 11:00:00,N007,1.8870799999999999,1.087,0.0,Normal,Low,Low
2025-01-06 11:00:00,N008,3.20914,1.367,0.0,Normal,Low,Low
2025-01-06 11:00:00,N009,2.84672,1.369,0.0,Normal,Low,Low
2025-01-06 11:00:00,N010,14.36537082385459,0.5736319268851274,3.062,Severe_Blockage,High,Moderate
2025-01-06 11:00:00,N011,12.140341387492583,0.56144963391833,2.662,Severe_Blockage,High,Moderate
2025-01-06 11:00:00,N012,2.13444,1.136,0.0,Normal,Low,Low
2025-01-06 11:00:00,N013,3.2551200000000007,1.264,0.0,Normal,Low,Low
2025-01-06 11:00:00,N014,29.983667731031318,0.2964021008119988,10.548,Severe_Blockage,Critical,Critical
2025-01-06 11:00:00,N015,8.34284,1.533,0.0,Normal,Low,Moderate
2025-01-06 11:00:00,N016,1.38,1.084,0.0,Normal,Low,Low
2025-01-06 11:00:00,N017,8.407168239263095,0.5904610087355117,1.722,Severe_Blockage,High,Moderate
2025-01-06 11:00:00,N018,3.6291599999999997,1.181,0.0,Normal,Low,Low
2025-01-06 11:00:00,N019,7.296239999999999,1.436,0.0,Normal,Low,Moderate
2025-01-06 11:00:00,N020,3.6415599999999997,1.295,0.0,Normal,Low,Low
2025-01-06 12:00:00,N001,18.419033058093564,0.522190608266301,4.4,Severe_Blockage,High,High
2025-01-06 12:00:00,N002,1.1943400000000002,1.083,0.0,Normal,Low,Low
2025-01-06 12:00:00,N003,16.095247292820723,0.5422989543577327,3.683,Severe_Blockage,High,High
2025-01-06 12:00:00,N004,1.27024,1.1,0.0,Normal,Low,Low
2025-01-06 12:00:00,N005,4.83616,1.396,0.0,Normal,Low,Low
2025-01-06 12:00:00,N006,2.5608,1.294,0.0,Normal,Low,Low
2025-01-06 12:00:00,N007,3.71488,1.271,0.0,Normal,Low,Low
2025-01-06 12:00:00,N008,37.341877725223114,0.2874603578328836,13.304,Severe_Blockage,Critical,Critical
2025-01-06 12:00:00,N009,3.91168,1.37,0.0,Normal,Low,Low
2025-01-06 12:00:00,N010,19.002685521485922,0.4243969730506636,5.469,Severe_Blockage,High,High
2025-01-06 12:00:00,N011,3.7524,1.399,0.0,Normal,Low,Low
2025-01-06 12:00:00,N012,16.968901438900346,0.5990112677512078,3.402,Severe_Blockage,High,High
2025-01-06 12:00:00,N013,11.77486872871091,0.7418934940533057,1.52,Partial_Blockage,Moderate,Moderate
2025-01-06 12:00:00,N014,3.4422599999999997,1.406,0.0,Normal,Low,Low
2025-01-06 12:00:00,N015,33.17767963989661,0.3263774174292883,11.175,Severe_Blockage,Critical,Critical
2025-01-06 12:00:00,N016,18.714716901680333,0.467056604105785,4.987,Severe_Blockage,High,High
2025-01-06 12:00:00,N017,1.54176,1.119,0.0,Normal,Low,Low
2025-01-06 12:00:00,N018,6.11976,1.449,0.0,Normal,Low,Moderate
2025-01-06 12:00:00,N019,3.20264,1.338,0.0,Normal,Low,Low
2025-01-06 12:00:00,N020,2.5173200000000002,1.159,0.0,Normal,Low,Low
2025-01-06 13:00:00,N001,24.245925533186487,0.44489841017437926,6.729,Severe_Blockage,High,High
2025-01-06 13:00:00,N002,11.90170354707487,0.60794881771385,2.333,Partial_Blockage,Moderate,Moderate
2025-01-06 13:00:00,N003,5.27616,1.479,0.0,Normal,Low,Moderate
2025-01-06 13:00:00,N004,2.6618999999999997,1.417,0.0,Normal,Low,Low
2025-01-06 13:00:00,N005,6.79728,1.53,0.0,Normal,Low,Moderate
2025-01-06 13:00:00,N006,2.037,1.203,0.0,Normal,Low,Low
2025-01-06 13:00:00,N007,2.67748,1.216,0.0,Normal,Low,Low
2025-01-06 13:00:00,N008,1.6800199999999998,1.113,0.0,Normal,Low,Low
2025-01-06 13:00:00,N009,2.36544,1.248,0.0,Normal,Low,Low
2025-01-06 13:00:00,N010,24.094683959294905,0.40216322697579154,7.202,Severe_Blockage,High,High
2025-01-06 13:00:00,N011,4.303599999999999,1.357,0.0,Normal,Low,Low
2025-01-06 13:00:00,N012,3.37414,1.286,0.0,Normal,Low,Low
2025-01-06 13:00:00,N013,4.592240000000001,1.252,0.0,Normal,Low,Low
2025-01-06 13:00:00,N014,2.1723,1.141,0.0,Normal,Low,Low
2025-01-06 13:00:00,N015,2.0149600000000003,1.153,0.0,Normal,Low,Low
2025-01-06 13:00:00,N016,16.496892244781307,0.513562629111909,4.012,Severe_Blockage,High,High
2025-01-06 13:00:00,N017,30.366288428692364,0.2909160372688418,10.766,Severe_Blockage,Critical,Critical
2025-01-06 13:00:00,N018,3.10732,1.271,0.0,Normal,Low,Low
2025-01-06 13:00:00,N019,6.10428,1.484,0.0,Normal,Low,Moderate
2025-01-06 13:00:00,N020,3.12832,1.209,0.0,Normal,Low,Low
2025-01-06 14:00:00,N001,20.514309272875533,0.5975281017535972,4.128,Severe_Blockage,High,High
2025-01-06 14:00:00,N002,3.6369,1.247,0.0,Normal,Low,Low
2025-01-06 14:00:00,N003,3.07776,1.425,0.0,Normal,Low,Low
2025-01-06 14:00:00,N004,14.736131735026166,0.7040065765580323,2.181,Partial_Blockage,Moderate,Moderate
2025-01-06 14:00:00,N005,2.46568,1.253,0.0,Normal,Low,Low
2025-01-06 14:00:00,N006,1.6683999999999999,1.174,0.0,Normal,Low,Low
2025-01-06 14:00:00,N007,1.91672,1.122,0.0,Normal,Low,Low
2025-01-06 14:00:00,N008,15.086049555671831,0.5937561182736755,3.064,Severe_Blockage,High,High
2025-01-06 14:00:00,N009,3.1948800000000004,1.372,0.0,Normal,Low,Low
2025-01-06 14:00:00,N010,3.2823,1.292,0.0,Normal,Low,Low
2025-01-06 14:00:00,N011,1.272,1.102,0.0,Normal,Low,Low
2025-01-06 14:00:00,N012,3.03996,1.18,0.0,Normal,Low,Low
2025-01-06 14:00:00,N013,1.6768800000000001,1.15,0.0,Normal,Low,Low
2025-01-06 14:00:00,N014,24.438679297519798,0.5545714844877317,5.443,Severe_Blockage,High,High
2025-01-06 14:00:00,N015,18.214214749646484,0.4284084429835954,5.206,Severe_Blockage,High,High
2025-01-06 14:00:00,N016,2.9324999999999997,1.247,0.0,Normal,Low,Low
2025-01-06 14:00:00,N017,4.718719999999999,1.375,0.0,Normal,Low,Low
2025-01-06 14:00:00,N018,0.72346,1.055,0.0,Normal,Low,Low
2025-01-06 14:00:00,N019,2.54044,1.136,0.0,Normal,Low,Low
2025-01-06 14:00:00,N020,6.2933,1.456,0.0,Normal,Low,Moderate
2025-01-06 15:00:00,N001,2.9743999999999997,1.327,0.0,Normal,Low,Low
2025-01-06 15:00:00,N002,1.3739400000000002,1.16,0.0,Normal,Low,Low
2025-01-06 15:00:00,N003,18.783876012524015,0.41088400574195383,5.533,Severe_Blockage,High,High
2025-01-06 15:00:00,N004,0.8872999999999999,1.055,0.0,Normal,Low,Low
2025-01-06 15:00:00,N005,3.332,1.336,0.0,Normal,Low,Low
2025-01-06 15:00:00,N006,4.5105,1.373,0.0,Normal,Low,Low
2025-01-06 15:00:00,N007,2.3218,1.244,0.0,Normal,Low,Low
2025-01-06 15:00:00,N008,3.30974,1.509,0.0,Normal,Low,Low
2025-01-06 15:00:00,N009,23.339999609284042,0.5431959361607932,5.331,Severe_Blockage,High,High
2025-01-06 15:00:00,N010,1.50048,1.104,0.0,Normal,Low,Low
2025-01-06 15:00:00,N011,2.279,1.149,0.0,Normal,Low,Low
2025-01-06 15:00:00,N012,12.04992262926172,0.6769929924555136,1.946,Partial_Blockage,Moderate,Moderate
2025-01-06 15:00:00,N013,3.04688,1.265,0.0,Normal,Low,Low
2025-01-06 15:00:00,N014,2.3505399999999996,1.167,0.0,Normal,Low,Low
2025-01-06 15:00:00,N015,15.698060993712307,0.4850131739745916,4.042,Severe_Blockage,High,High
2025-01-06 15:00:00,N016,2.7944999999999998,1.196,0.0,Normal,Low,Low
2025-01-06 15:00:00,N017,3.6792,1.198,0.0,Normal,Low,Low
2025-01-06 15:00:00,N018,38.45982653705951,0.34776017125048003,12.543,Severe_Blockage,Critical,Critical
2025-01-06 15:00:00,N019,5.791239999999999,1.324,0.0,Normal,Low,Moderate
2025-01-06 15:00:00,N020,3.45826,1.449,0.0,Normal,Low,Low
2025-01-06 16:00:00,N001,3.564,1.4,0.0,Normal,Low,Low
2025-01-06 16:00:00,N002,2.5323599999999997,1.277,0.0,Normal,Low,Low
2025-01-06 16:00:00,N003,12.273103616768875,0.715237924503711,1.747,Partial_Blockage,Moderate,Moderate
2025-01-06 16:00:00,N004,21.593276777642526,0.5017829365159935,5.379,Severe_Blockage,High,High
2025-01-06 16:00:00,N005,1.25664,1.112,0.0,Normal,Low,Low
2025-01-06 16:00:00,N006,2.7645,1.253,0.0,Normal,Low,Low
2025-01-06 16:00:00,N007,1.1559599999999999,1.072,0.0,Normal,Low,Low
2025-01-06 16:00:00,N008,16.729868080494825,0.594410759728861,3.393,Severe_Blockage,High,High
2025-01-06 16:00:00,N009,2.84672,1.194,0.0,Normal,Low,Low
2025-01-06 16:00:00,N010,2.9071800000000003,1.192,0.0,Normal,Low,Low
2025-01-06 16:00:00,N011,15.259775599465609,0.5233107375347519,3.637,Severe_Blockage,High,High
2025-01-06 16:00:00,N012,14.648080786163263,0.5898448830141402,3.004,Severe_Blockage,High,Moderate
2025-01-06 16:00:00,N013,16.409873403966603,0.4046139906978656,4.885,Severe_Blockage,High,High
2025-01-06 16:00:00,N014,16.65305147537523,0.43311440038917215,4.72,Severe_Blockage,High,High
2025-01-06 16:00:00,N015,12.180106608333604,0.7428735803944836,1.566,Partial_Blockage,Moderate,Moderate
2025-01-06 16:00:00,N016,2.9784999999999995,1.207,0.0,Normal,Low,Low
2025-01-06 16:00:00,N017,0.7592,1.059,0.0,Normal,Low,Low
2025-01-06 16:00:00,N018,5.337,1.392,0.0,Normal,Low,Moderate
2025-01-06 16:00:00,N019,3.1183599999999996,1.187,0.0,Normal,Low,Low
2025-01-06 16:00:00,N020,1.2097799999999999,1.089,0.0,Normal,Low,Low
2025-01-06 17:00:00,N001,2.112,1.304,0.0,Normal,Low,Low
2025-01-06 17:00:00,N002,20.136710573476506,0.5237592454675212,4.795,Severe_Blockage,High,High
2025-01-06 17:00:00,N003,13.417991754662545,0.7420164215970729,1.731,Partial_Blockage,Moderate,Moderate
2025-01-06 17:00:00,N004,2.26962,1.215,0.0,Normal,Low,Low
2025-01-06 17:00:00,N005,2.9797599999999997,1.22,0.0,Normal,Low,Low
2025-01-06 17:00:00,N006,3.2786,1.339,0.0,Normal,Low,Low
2025-01-06 17:00:00,N007,9.448180516307469,0.5714373019424396,2.025,Severe_Blockage,High,Moderate
2025-01-06 17:00:00,N008,3.1689,1.241,0.0,Normal,Low,Low
2025-01-06 17:00:00,N009,12.182343176596186,0.57933066419416,2.562,Severe_Blockage,High,Moderate
2025-01-06 17:00:00,N010,2.00064,1.148,0.0,Normal,Low,Low
2025-01-06 17:00:00,N011,36.75296037400346,0.3679225658174867,11.615,Severe_Blockage,Critical,Critical
2025-01-06 17:00:00,N012,5.40078,1.485,0.0,Normal,Low,Moderate
2025-01-06 17:00:00,N013,2.91536,1.155,0.0,Normal,Low,Low
2025-01-06 17:00:00,N014,2.4396599999999995,1.333,0.0,Normal,Low,Low
2025-01-06 17:00:00,N015,3.5884400000000003,1.226,0.0,Normal,Low,Low
2025-01-06 17:00:00,N016,3.036,1.164,0.0,Normal,Low,Low
2025-01-06 17:00:00,N017,3.3871999999999995,1.21,0.0,Normal,Low,Low
2025-01-06 17:00:00,N018,4.9812,1.406,0.0,Normal,Low,Low
2025-01-06 17:00:00,N019,3.311,1.242,0.0,Normal,Low,Low
2025-01-06 17:00:00,N020,0.59878,1.06,0.0,Normal,Low,Low
2025-01-06 18:00:00,N001,2.9304,1.281,0.0,Normal,Low,Low
2025-01-06 18:00:00,N002,14.835657507933105,0.7433917157962842,1.903,Partial_Blockage,Moderate,Moderate
2025-01-06 18:00:00,N003,2.748,1.214,0.0,Normal,Low,Low
2025-01-06 18:00:00,N004,2.21358,1.317,0.0,Normal,Low,Low
2025-01-06 18:00:00,N005,1.4470399999999999,1.118,0.0,Normal,Low,Low
2025-01-06 18:00:00,N006,9.034184847396524,0.6906677136002117,1.397,Partial_Blockage,Moderate,Moderate
2025-01-06 18:00:00,N007,4.31756,1.348,0.0,Normal,Low,Low
2025-01-06 18:00:00,N008,3.2695,1.308,0.0,Normal,Low,Low
2025-01-06 18:00:00,N009,23.55069930253995,0.4722571683244894,6.214,Severe_Blockage,High,High
2025-01-06 18:00:00,N010,2.19862,1.158,0.0,Normal,Low,Low
2025-01-06 18:00:00,N011,17.73365150235278,0.5363601885483592,4.111,Severe_Blockage,High,High
2025-01-06 18:00:00,N012,1.4229600000000002,1.107,0.0,Normal,Low,Low
2025-01-06 18:00:00,N013,3.4852800000000004,1.342,0.0,Normal,Low,Low
2025-01-06 18:00:00,N014,5.1800999999999995,1.375,0.0,Normal,Low,Moderate
2025-01-06 18:00:00,N015,11.43868627557401,0.6684533778314723,1.896,Partial_Blockage,Moderate,Moderate
2025-01-06 18:00:00,N016,3.3349999999999995,1.242,0.0,Normal,Low,Low
2025-01-06 18:00:00,N017,4.63696,1.342,0.0,Normal,Low,Low
2025-01-06 18:00:00,N018,1.45878,1.069,0.0,Normal,Low,Low
2025-01-06 18:00:00,N019,4.816,1.408,0.0,Normal,Low,Low
2025-01-06 18:00:00,N020,1.90632,1.104,0.0,Normal,Low,Low
2025-01-06 19:00:00,N001,21.482193349014224,0.5130977908028228,5.23,Severe_Blockage,High,High
2025-01-06 19:00:00,N002,3.39444,1.247,0.0,Normal,Low,Low
2025-01-06 19:00:00,N003,2.8396000000000003,1.242,0.0,Normal,Low,Low
2025-01-06 19:00:00,N004,1.9614,1.147,0.0,Normal,Low,Low
2025-01-06 19:00:00,N005,4.68384,1.405,0.0,Normal,Low,Low
2025-01-06 19:00:00,N006,3.492,1.264,0.0,Normal,Low,Low
2025-01-06 19:00:00,N007,5.64148,1.447,0.0,Normal,Low,Moderate
2025-01-06 19:00:00,N008,0.7041999999999999,1.059,0.0,Normal,Low,Low
2025-01-06 19:00:00,N009,5.60128,1.49,0.0,Normal,Low,Moderate
2025-01-06 19:00:00,N010,1.59426,1.162,0.0,Normal,Low,Low
2025-01-06 19:00:00,N011,6.264600000000001,1.479,0.0,Normal,Low,Moderate
2025-01-06 19:00:00,N012,3.84846,1.309,0.0,Normal,Low,Low
2025-01-06 19:00:00,N013,2.8276800000000004,1.156,0.0,Normal,Low,Low
2025-01-06 19:00:00,N014,4.71222,1.357,0.0,Normal,Low,Low
2025-01-06 19:00:00,N015,2.4338,1.155,0.0,Normal,Low,Low
2025-01-06 19:00:00,N016,3.0704999999999996,1.237,0.0,Normal,Low,Low
2025-01-06 19:00:00,N017,2.13744,1.262,0.0,Normal,Low,Low
2025-01-06 19:00:00,N018,1.3757599999999999,1.057,0.0,Normal,Low,Low
2025-01-06 19:00:00,N019,1.4447999999999999,1.088,0.0,Normal,Low,Low
2025-01-06 19:00:00,N020,11.889032449420636,0.6786348726779463,1.91,Partial_Blockage,Moderate,Moderate
2025-01-06 20:00:00,N001,1.1616,1.069,0.0,Normal,Low,Low
2025-01-06 20:00:00,N002,1.1943400000000002,1.145,0.0,Normal,Low,Low
2025-01-06 20:00:00,N003,8.113926278658306,0.5757674456953906,1.721,Severe_Blockage,High,Moderate
2025-01-06 20:00:00,N004,3.6612799999999996,1.339,0.0,Normal,Low,Low
2025-01-06 20:00:00,N005,6.11184,1.41,0.0,Normal,Low,Moderate
2025-01-06 20:00:00,N006,2.6481,1.245,0.0,Normal,Low,Low
2025-01-06 20:00:00,N007,2.97388,1.295,0.0,Normal,Low,Low
2025-01-06 20:00:00,N008,3.70208,1.23,0.0,Normal,Low,Low
2025-01-06 20:00:00,N009,2.9696,1.252,0.0,Normal,Low,Low
2025-01-06 20:00:00,N010,7.929620000000001,1.454,0.0,Normal,Low,Moderate
2025-01-06 20:00:00,N011,3.7736,1.298,0.0,Normal,Low,Low
2025-01-06 20:00:00,N012,2.9106000000000005,1.189,0.0,Normal,Low,Low
2025-01-06 20:00:00,N013,1.4905600000000003,1.116,0.0,Normal,Low,Low
2025-01-06 20:00:00,N014,6.26068,1.425,0.0,Normal,Low,Moderate
2025-01-06 20:00:00,N015,1.29048,1.103,0.0,Normal,Low,Low
2025-01-06 20:00:00,N016,17.068523617015153,0.40060539797514827,5.115,Severe_Blockage,High,High
2025-01-06 20:00:00,N017,1.6118399999999997,1.125,0.0,Normal,Low,Low
2025-01-06 20:00:00,N018,5.38444,1.533,0.0,Normal,Low,Moderate
2025-01-06 20:00:00,N019,1.63744,1.173,0.0,Normal,Low,Low
2025-01-06 20:00:00,N020,1.7230199999999998,1.154,0.0,Normal,Low,Low
2025-01-06 21:00:00,N001,3.2736,1.277,0.0,Normal,Low,Low
2025-01-06 21:00:00,N002,20.354940940343432,0.5366412272456259,4.716,Severe_Blockage,High,High
2025-01-06 21:00:00,N003,11.654739473208261,0.6625745722068958,1.966,Partial_Blockage,Moderate,Moderate
2025-01-06 21:00:00,N004,21.7227354767466,0.5402575361929287,4.993,Severe_Blockage,High,High
2025-01-06 21:00:00,N005,3.48432,1.336,0.0,Normal,Low,Low
2025-01-06 21:00:00,N006,19.920884850539966,0.5551081803728227,4.431,Severe_Blockage,High,High
2025-01-06 21:00:00,N007,20.593213336534095,0.4731858328534971,5.424,Severe_Blockage,High,High
2025-01-06 21:00:00,N008,0.9054,1.078,0.0,Normal,Low,Low
2025-01-06 21:00:00,N009,20.78039247919932,0.5051978235488992,5.141,Severe_Blockage,High,High
2025-01-06 21:00:00,N010,4.67858,1.456,0.0,Normal,Low,Low
2025-01-06 21:00:00,N011,3.7524,1.316,0.0,Normal,Low,Low
2025-01-06 21:00:00,N012,20.840680448932037,0.5314611236655908,4.882,Severe_Blockage,High,High
2025-01-06 21:00:00,N013,30.097215040649395,0.37522178937158535,9.402,Severe_Blockage,Critical,Critical
2025-01-06 21:00:00,N014,2.3059799999999995,1.162,0.0,Normal,Low,Low
2025-01-06 21:00:00,N015,4.2789600000000005,1.274,0.0,Normal,Low,Low
2025-01-06 21:00:00,N016,4.427499999999999,1.347,0.0,Normal,Low,Low
2025-01-06 21:00:00,N017,4.63696,1.349,0.0,Normal,Low,Low
2025-01-06 21:00:00,N018,26.804688513945234,0.371922592479455,8.418,Severe_Blockage,Critical,Critical
2025-01-06 21:00:00,N019,12.184424036226154,0.5742499512915102,2.594,Severe_Blockage,High,Moderate
2025-01-06 21:00:00,N020,3.26274,1.248,0.0,Normal,Low,Low
2025-01-06 22:00:00,N001,5.341600000000001,1.507,0.0,Normal,Low,Moderate
2025-01-06 22:00:00,N002,16.87591118820479,0.440194047853794,4.724,Severe_Blockage,High,High
2025-01-06 22:00:00,N003,2.4182400000000004,1.24,0.0,Normal,Low,Low
2025-01-06 22:00:00,N004,2.8019999999999996,1.308,0.0,Normal,Low,Low
2025-01-06 22:00:00,N005,2.18008,1.231,0.0,Normal,Low,Low
2025-01-06 22:00:00,N006,5.9267,1.483,0.0,Normal,Low,Moderate
2025-01-06 22:00:00,N007,5.40436,1.479,0.0,Normal,Low,Moderate
2025-01-06 22:00:00,N008,1.92146,1.15,0.0,Normal,Low,Low
2025-01-06 22:00:00,N009,5.376,1.395,0.0,Normal,Low,Moderate
2025-01-06 22:00:00,N010,17.64546528017427,0.5232622666502186,4.206,Severe_Blockage,High,High
2025-01-06 22:00:00,N011,1.855,1.086,0.0,Normal,Low,Low
2025-01-06 22:00:00,N012,2.2638000000000003,1.123,0.0,Normal,Low,Low
2025-01-06 22:00:00,N013,12.240830681322993,0.563271776149221,2.673,Severe_Blockage,High,Moderate
2025-01-06 22:00:00,N014,3.3531399999999993,1.446,0.0,Normal,Low,Low
2025-01-06 22:00:00,N015,10.924080514764475,0.623064641166098,2.059,Partial_Blockage,Moderate,Moderate
2025-01-06 22:00:00,N016,3.4499999999999997,1.324,0.0,Normal,Low,Low
2025-01-06 22:00:00,N017,4.59024,1.47,0.0,Normal,Low,Low
2025-01-06 22:00:00,N018,33.75461012252214,0.29783109151344533,11.851,Severe_Blockage,Critical,Critical
2025-01-06 22:00:00,N019,1.9264000000000001,1.093,0.0,Normal,Low,Low
2025-01-06 22:00:00,N020,21.010503145354413,0.5100751025175637,5.147,Severe_Blockage,High,High
2025-01-06 23:00:00,N001,1.1968,1.12,0.0,Normal,Low,Low
2025-01-06 23:00:00,N002,1.83192,1.136,0.0,Normal,Low,Low
2025-01-06 23:00:00,N003,5.303640000000001,1.402,0.0,Normal,Low,Moderate
2025-01-06 23:00:00,N004,0.72852,1.061,0.0,Normal,Low,Low
2025-01-06 23:00:00,N005,2.46568,1.231,0.0,Normal,Low,Low
2025-01-06 23:00:00,N006,1.0864,1.138,0.0,Normal,Low,Low
2025-01-06 23:00:00,N007,1.54128,1.103,0.0,Normal,Low,Low
2025-01-06 23:00:00,N008,32.4592903631651,0.3369726868704574,10.761,Severe_Blockage,Critical,Critical
2025-01-06 23:00:00,N009,20.51080102079216,0.48974323685584936,5.233,Severe_Blockage,High,High
2025-01-06 23:00:00,N010,5.0016,1.431,0.0,Normal,Low,Moderate
2025-01-06 23:00:00,N011,1.7489999999999999,1.112,0.0,Normal,Low,Low
2025-01-06 23:00:00,N012,5.519360000000001,1.413,0.0,Normal,Low,Moderate
2025-01-06 23:00:00,N013,1.79744,1.121,0.0,Normal,Low,Low
2025-01-06 23:00:00,N014,1.8603799999999997,1.213,0.0,Normal,Low,Low
2025-01-06 23:00:00,N015,24.67156644016167,0.47757061471973516,6.445,Severe_Blockage,High,High
2025-01-06 23:00:00,N016,5.313,1.382,0.0,Normal,Low,Moderate
2025-01-06 23:00:00,N017,14.140674839424964,0.6477952259147952,2.49,Partial_Blockage,Moderate,Moderate
2025-01-06 23:00:00,N018,6.15534,1.351,0.0,Normal,Low,Moderate
2025-01-06 23:00:00,N019,0.97524,1.095,0.0,Normal,Low,Low
2025-01-06 23:00:00,N020,6.1222199999999996,1.37,0.0,Normal,Low,Moderate
2025-01-07 00:00:00,N001,11.128610207750134,0.5912485544003315,2.274,Severe_Blockage,High,Moderate
2025-01-07 00:00:00,N002,1.14046,1.151,0.0,Normal,Low,Low
2025-01-07 00:00:00,N003,4.69908,1.523,0.0,Normal,Low,Low
2025-01-07 00:00:00,N004,3.49316,1.355,0.0,Normal,Low,Low
2025-01-07 00:00:00,N005,2.08488,1.295,0.0,Normal,Low,Low
2025-01-07 00:00:00,N006,3.0555,1.234,0.0,Normal,Low,Low
2025-01-07 00:00:00,N007,2.223,1.175,0.0,Normal,Low,Low
2025-01-07 00:00:00,N008,3.43046,1.465,0.0,Normal,Low,Low
2025-01-07 00:00:00,N009,8.017074962836872,0.7296296743239631,1.084,Partial_Blockage,Moderate,Moderate
2025-01-07 00:00:00,N010,21.81016966626975,0.5858309650302402,4.517,Severe_Blockage,High,High
2025-01-07 00:00:00,N011,17.37103851798923,0.5229359775475004,4.144,Severe_Blockage,High,High
2025-01-07 00:00:00,N012,2.1883399999999997,1.132,0.0,Normal,Low,Low
2025-01-07 00:00:00,N013,1.9180000000000001,1.113,0.0,Normal,Low,Low
2025-01-07 00:00:00,N014,4.42258,1.415,0.0,Normal,Low,Low
2025-01-07 00:00:00,N015,3.4752400000000003,1.352,0.0,Normal,Low,Low
2025-01-07 00:00:00,N016,8.34890480824179,0.6680390142899916,1.386,Partial_Blockage,Moderate,Moderate
2025-01-07 00:00:00,N017,24.58352813150418,0.48675629540567716,6.309,Severe_Blockage,High,High
2025-01-07 00:00:00,N018,1.75528,1.157,0.0,Normal,Low,Low
2025-01-07 00:00:00,N019,2.23944,1.194,0.0,Normal,Low,Low
2025-01-07 00:00:00,N020,38.88173301555786,0.38873740267325174,11.883,Severe_Blockage,Critical,Critical
2025-01-07 01:00:00,N001,12.536817635169317,0.5989008636269069,2.514,Severe_Blockage,High,Moderate
2025-01-07 01:00:00,N002,4.25652,1.328,0.0,Normal,Low,Low
2025-01-07 01:00:00,N003,19.591236170635476,0.5046152024977153,4.853,Severe_Blockage,High,High
2025-01-07 01:00:00,N004,1.64384,1.084,0.0,Normal,Low,Low
2025-01-07 01:00:00,N005,1.4470399999999999,1.167,0.0,Normal,Low,Low
2025-01-07 01:00:00,N006,31.912853144396536,0.30050509716089413,11.161,Severe_Blockage,Critical,Critical
2025-01-07 01:00:00,N007,4.0508,1.357,0.0,Normal,Low,Low
2025-01-07 01:00:00,N008,37.730990859875014,0.2973719158174127,13.255,Severe_Blockage,Critical,Critical
2025-01-07 01:00:00,N009,5.4272,1.417,0.0,Normal,Low,Moderate
2025-01-07 01:00:00,N010,4.9495000000000005,1.317,0.0,Normal,Low,Low
2025-01-07 01:00:00,N011,4.844200000000001,1.42,0.0,Normal,Low,Low
2025-01-07 01:00:00,N012,3.9454800000000003,1.267,0.0,Normal,Low,Low
2025-01-07 01:00:00,N013,2.8057600000000003,1.401,0.0,Normal,Low,Low
2025-01-07 01:00:00,N014,2.4396599999999995,1.148,0.0,Normal,Low,Low
2025-01-07 01:00:00,N015,4.67516,1.268,0.0,Normal,Low,Low
2025-01-07 01:00:00,N016,3.3925,1.2,0.0,Normal,Low,Low
2025-01-07 01:00:00,N017,21.985143678678206,0.41274709751497596,6.455,Severe_Blockage,High,High
2025-01-07 01:00:00,N018,2.64478,1.163,0.0,Normal,Low,Low
2025-01-07 01:00:00,N019,2.2274,1.154,0.0,Normal,Low,Low
2025-01-07 01:00:00,N020,5.29126,1.301,0.0,Normal,Low,Moderate
2025-01-07 02:00:00,N001,11.24846220931336,0.5905410746892163,2.303,Severe_Blockage,High,Moderate
2025-01-07 02:00:00,N002,2.39766,1.269,0.0,Normal,Low,Low
2025-01-07 02:00:00,N003,15.433317534605003,0.40391054990718694,4.6,Severe_Blockage,High,High
2025-01-07 02:00:00,N004,1.7932799999999998,1.134,0.0,Normal,Low,Low
2025-01-07 02:00:00,N005,4.12216,1.327,0.0,Normal,Low,Low
2025-01-07 02:00:00,N006,3.2495,1.265,0.0,Normal,Low,Low
2025-01-07 02:00:00,N007,23.637195199080857,0.587447858062816,4.876,Severe_Blockage,High,High
2025-01-07 02:00:00,N008,1.0764200000000002,1.068,0.0,Normal,Low,Low
2025-01-07 02:00:00,N009,2.08896,1.114,0.0,Normal,Low,Low
2025-01-07 02:00:00,N010,4.418080000000001,1.247,0.0,Normal,Low,Low
2025-01-07 02:00:00,N011,6.784000000000001,1.49,0.0,Normal,Low,Moderate
2025-01-07 02:00:00,N012,4.5815,1.235,0.0,Normal,Low,Low
2025-01-07 02:00:00,N013,1.1727200000000002,1.09,0.0,Normal,Low,Low
2025-01-07 02:00:00,N014,1.6041599999999998,1.114,0.0,Normal,Low,Low
2025-01-07 02:00:00,N015,5.546800000000001,1.503,0.0,Normal,Low,Moderate
2025-01-07 02:00:00,N016,22.312123485982134,0.5601445942922262,4.907,Severe_Blockage,High,High
2025-01-07 02:00:00,N017,11.547591228059236,0.6895806114687615,1.792,Partial_Blockage,Moderate,Moderate
2025-01-07 02:00:00,N018,4.41192,1.229,0.0,Normal,Low,Low
2025-01-07 02:00:00,N019,2.2274,1.128,0.0,Normal,Low,Low
2025-01-07 02:00:00,N020,13.316604611351691,0.6757021725185547,2.159,Partial_Blockage,Moderate,Moderate
2025-01-07 03:00:00,N001,2.728,1.311,0.0,Normal,Low,Low
2025-01-07 03:00:00,N002,4.3104,1.328,0.0,Normal,Low,Low
2025-01-07 03:00:00,N003,1.4472800000000001,1.134,0.0,Normal,Low,Low
2025-01-07 03:00:00,N004,21.338468673535772,0.49963847068766293,5.338,Severe_Blockage,High,High
2025-01-07 03:00:00,N005,3.57,1.253,0.0,Normal,Low,Low
2025-01-07 03:00:00,N006,2.1243,1.148,0.0,Normal,Low,Low
2025-01-07 03:00:00,N007,3.7346399999999997,1.467,0.0,Normal,Low,Low
2025-01-07 03:00:00,N008,1.6096000000000001,1.101,0.0,Normal,Low,Low
2025-01-07 03:00:00,N009,4.85376,1.414,0.0,Normal,Low,Low
2025-01-07 03:00:00,N010,28.808247420531217,0.3881249943587636,8.814,Severe_Blockage,Critical,Critical
2025-01-07 03:00:00,N011,5.1304,1.334,0.0,Normal,Low,Moderate
2025-01-07 03:00:00,N012,13.667818154657585,0.7272320343115581,1.864,Partial_Blockage,Moderate,Moderate
2025-01-07 03:00:00,N013,2.26872,1.165,0.0,Normal,Low,Low
2025-01-07 03:00:00,N014,2.2614199999999993,1.177,0.0,Normal,Low,Low
2025-01-07 03:00:00,N015,25.293249574644594,0.37213643964525245,7.94,Severe_Blockage,Critical,Critical
2025-01-07 03:00:00,N016,5.175,1.524,0.0,Normal,Low,Moderate
2025-01-07 03:00:00,N017,13.150747957857298,0.5671267905073439,2.846,Severe_Blockage,High,Moderate
2025-01-07 03:00:00,N018,1.31646,1.174,0.0,Normal,Low,Low
2025-01-07 03:00:00,N019,5.40596,1.407,0.0,Normal,Low,Moderate
2025-01-07 03:00:00,N020,36.900974807336084,0.3231528868185086,12.488,Severe_Blockage,Critical,Critical
2025-01-07 04:00:00,N001,3.1328,1.221,0.0,Normal,Low,Low
2025-01-07 04:00:00,N002,14.02140954008106,0.7470842369064241,1.773,Partial_Blockage,Moderate,Moderate
2025-01-07 04:00:00,N003,6.2929200000000005,1.376,0.0,Normal,Low,Moderate
2025-01-07 04:00:00,N004,37.51606067070255,0.2633217823021012,13.819,Severe_Blockage,Critical,Critical
2025-01-07 04:00:00,N005,6.76872,1.397,0.0,Normal,Low,Moderate
2025-01-07 04:00:00,N006,2.2213,1.131,0.0,Normal,Low,Low
2025-01-07 04:00:00,N007,8.151,1.432,0.0,Normal,Low,Moderate
2025-01-07 04:00:00,N008,3.68196,1.213,0.0,Normal,Low,Low
2025-01-07 04:00:00,N009,17.46235242683708,0.4131950555146819,5.123,Severe_Blockage,High,High
2025-01-07 04:00:00,N010,22.25404510352618,0.5555267476480596,4.946,Severe_Blockage,High,High
2025-01-07 04:00:00,N011,4.4838000000000005,1.353,0.0,Normal,Low,Low
2025-01-07 04:00:00,N012,3.0723000000000003,1.11,0.0,Normal,Low,Low
2025-01-07 04:00:00,N013,2.36736,1.106,0.0,Normal,Low,Low
2025-01-07 04:00:00,N014,4.823619999999999,1.226,0.0,Normal,Low,Low
2025-01-07 04:00:00,N015,38.40063723825628,0.3957591600066353,11.602,Severe_Blockage,Critical,Critical
2025-01-07 04:00:00,N016,6.324999999999999,1.399,0.0,Normal,Low,Moderate
2025-01-07 04:00:00,N017,8.538079999999999,1.425,0.0,Normal,Low,Moderate
2025-01-07 04:00:00,N018,6.08418,1.274,0.0,Normal,Low,Moderate
2025-01-07 04:00:00,N019,2.75716,1.101,0.0,Normal,Low,Low
2025-01-07 04:00:00,N020,5.45012,1.394,0.0,Normal,Low,Moderate
2025-01-07 05:00:00,N001,3.9335999999999998,1.367,0.0,Normal,Low,Low
2025-01-07 05:00:00,N002,0.9429000000000001,1.155,0.0,Normal,Low,Low
2025-01-07 05:00:00,N003,11.896474210172515,0.6927644704351458,1.828,Partial_Blockage,Moderate,Moderate
2025-01-07 05:00:00,N004,1.25156,1.064,0.0,Normal,Low,Low
2025-01-07 05:00:00,N005,29.83959601515796,0.3790938424233467,9.264,Severe_Blockage,Critical,Critical
2025-01-07 05:00:00,N006,2.328,1.144,0.0,Normal,Low,Low
2025-01-07 05:00:00,N007,3.64572,1.203,0.0,Normal,Low,Low
2025-01-07 05:00:00,N008,5.80462,1.525,0.0,Normal,Low,Moderate
2025-01-07 05:00:00,N009,7.07584,1.515,0.0,Normal,Low,Moderate
2025-01-07 05:00:00,N010,2.00064,1.17,0.0,Normal,Low,Low
2025-01-07 05:00:00,N011,5.469600000000001,1.348,0.0,Normal,Low,Moderate
2025-01-07 05:00:00,N012,14.949724269274977,0.6937784170482912,2.289,Partial_Blockage,Moderate,Moderate
2025-01-07 05:00:00,N013,1.9837600000000002,1.135,0.0,Normal,Low,Low
2025-01-07 05:00:00,N014,4.912739999999999,1.368,0.0,Normal,Low,Low
2025-01-07 05:00:00,N015,19.55696860021184,0.48347771042855525,5.051,Severe_Blockage,High,High
2025-01-07 05:00:00,N016,1.0465,1.071,0.0,Normal,Low,Low
2025-01-07 05:00:00,N017,17.047219425410432,0.42028825421172855,4.941,Severe_Blockage,High,High
2025-01-07 05:00:00,N018,9.497452966152832,0.7150553123965904,1.353,Partial_Blockage,Moderate,Moderate
2025-01-07 05:00:00,N019,4.06952,1.287,0.0,Normal,Low,Low
2025-01-07 05:00:00,N020,5.364579999999999,1.267,0.0,Normal,Low,Moderate
2025-01-07 06:00:00,N001,17.027033609198124,0.569422772578696,3.666,Severe_Blockage,High,High
2025-01-07 06:00:00,N002,3.6189400000000003,1.303,0.0,Normal,Low,Low
2025-01-07 06:00:00,N003,16.4972204929646,0.403334413657668,4.922,Severe_Blockage,High,High
2025-01-07 06:00:00,N004,4.75406,1.402,0.0,Normal,Low,Low
2025-01-07 06:00:00,N005,38.26315062347506,0.2501910619376336,14.345,Severe_Blockage,Critical,Critical
2025-01-07 06:00:00,N006,4.5299,1.371,0.0,Normal,Low,Low
2025-01-07 06:00:00,N007,3.9322399999999997,1.185,0.0,Normal,Low,Low
2025-01-07 06:00:00,N008,1.36816,1.076,0.0,Normal,Low,Low
2025-01-07 06:00:00,N009,17.801383876314066,0.5054031833655431,4.402,Severe_Blockage,High,High
2025-01-07 06:00:00,N010,20.92278524822019,0.45856642680608634,5.664,Severe_Blockage,High,High
2025-01-07 06:00:00,N011,3.9432000000000005,1.235,0.0,Normal,Low,Low
2025-01-07 06:00:00,N012,13.222340379694213,0.5898030221910923,2.712,Severe_Blockage,High,Moderate
2025-01-07 06:00:00,N013,3.0688,1.164,0.0,Normal,Low,Low
2025-01-07 06:00:00,N014,3.5759399999999997,1.268,0.0,Normal,Low,Low
2025-01-07 06:00:00,N015,1.8678000000000001,1.142,0.0,Normal,Low,Low
2025-01-07 06:00:00,N016,8.529802108473799,0.5672154694815765,1.846,Severe_Blockage,High,Moderate
2025-01-07 06:00:00,N017,4.788799999999999,1.233,0.0,Normal,Low,Low
2025-01-07 06:00:00,N018,3.10732,1.178,0.0,Normal,Low,Low
2025-01-07 06:00:00,N019,1.27624,1.054,0.0,Normal,Low,Low
2025-01-07 06:00:00,N020,9.672458989546268,0.6332394266004023,1.774,Partial_Blockage,Moderate,Moderate
2025-01-07 07:00:00,N001,1.5664,1.12,0.0,Normal,Low,Low
2025-01-07 07:00:00,N002,0.91596,1.056,0.0,Normal,Low,Low
2025-01-07 07:00:00,N003,24.463154273679507,0.46776526350439607,6.51,Severe_Blockage,High,High
2025-01-07 07:00:00,N004,3.1942799999999996,1.316,0.0,Normal,Low,Low
2025-01-07 07:00:00,N005,1.00912,1.062,0.0,Normal,Low,Low
2025-01-07 07:00:00,N006,4.3456,1.217,0.0,Normal,Low,Low
2025-01-07 07:00:00,N007,22.261373830764086,0.5171164026888486,5.375,Severe_Blockage,High,High
2025-01-07 07:00:00,N008,6.30762,1.435,0.0,Normal,Low,Moderate
2025-01-07 07:00:00,N009,1.96608,1.121,0.0,Normal,Low,Low
2025-01-07 07:00:00,N010,7.5545,1.534,0.0,Normal,Low,Moderate
2025-01-07 07:00:00,N011,4.1764,1.423,0.0,Normal,Low,Low
2025-01-07 07:00:00,N012,3.43882,1.242,0.0,Normal,Low,Low
2025-01-07 07:00:00,N013,5.21696,1.477,0.0,Normal,Low,Moderate
2025-01-07 07:00:00,N014,4.0549599999999995,1.313,0.0,Normal,Low,Low
2025-01-07 07:00:00,N015,10.41907366758243,0.6343866317336441,1.905,Partial_Blockage,Moderate,Moderate
2025-01-07 07:00:00,N016,1.817,1.074,0.0,Normal,Low,Low
2025-01-07 07:00:00,N017,2.2892799999999998,1.122,0.0,Normal,Low,Low
2025-01-07 07:00:00,N018,4.9812,1.353,0.0,Normal,Low,Low
2025-01-07 07:00:00,N019,2.5886,1.155,0.0,Normal,Low,Low
2025-01-07 07:00:00,N020,7.01428,1.47,0.0,Normal,Low,Moderate
2025-01-07 08:00:00,N001,5.984,1.51,0.0,Normal,Low,Moderate
2025-01-07 08:00:00,N002,4.4451,1.312,0.0,Normal,Low,Low
2025-01-07 08:00:00,N003,3.8014000000000006,1.302,0.0,Normal,Low,Low
2025-01-07 08:00:00,N004,4.51122,1.538,0.0,Normal,Low,Low
2025-01-07 08:00:00,N005,3.07496,1.202,0.0,Normal,Low,Low
2025-01-07 08:00:00,N006,1.1155,1.073,0.0,Normal,Low,Low
2025-01-07 08:00:00,N007,3.57656,1.282,0.0,Normal,Low,Low
2025-01-07 08:00:00,N008,1.46876,1.097,0.0,Normal,Low,Low
2025-01-07 08:00:00,N009,7.2703999999999995,1.476,0.0,Normal,Low,Moderate
2025-01-07 08:00:00,N010,1.16704,1.053,0.0,Normal,Low,Low
2025-01-07 08:00:00,N011,10.971485234837742,0.5918410295531604,2.239,Severe_Blockage,High,Moderate
2025-01-07 08:00:00,N012,2.2314599999999998,1.143,0.0,Normal,Low,Low
2025-01-07 08:00:00,N013,9.320982586498003,0.7073172531536731,1.364,Partial_Blockage,Moderate,Moderate
2025-01-07 08:00:00,N014,9.2672581444128,0.5580850766419329,2.048,Severe_Blockage,High,Moderate
2025-01-07 08:00:00,N015,18.183862470428128,0.5697180640455155,3.912,Severe_Blockage,High,High
2025-01-07 08:00:00,N016,4.991,1.324,0.0,Normal,Low,Low
2025-01-07 08:00:00,N017,6.494079999999999,1.389,0.0,Normal,Low,Moderate
2025-01-07 08:00:00,N018,4.19844,1.218,0.0,Normal,Low,Low
2025-01-07 08:00:00,N019,15.01874847873253,0.541726052977028,3.441,Severe_Blockage,High,High
2025-01-07 08:00:00,N020,5.63342,1.464,0.0,Normal,Low,Moderate
2025-01-07 09:00:00,N001,0.8184,1.061,0.0,Normal,Low,Low
2025-01-07 09:00:00,N002,5.50474,1.498,0.0,Normal,Low,Moderate
2025-01-07 09:00:00,N003,15.334283127119043,0.4470344971697836,4.24,Severe_Blockage,High,High
2025-01-07 09:00:00,N004,2.4937799999999997,1.19,0.0,Normal,Low,Low
2025-01-07 09:00:00,N005,1.5517599999999998,1.083,0.0,Normal,Low,Low
2025-01-07 09:00:00,N006,2.1921999999999997,1.223,0.0,Normal,Low,Low
2025-01-07 09:00:00,N007,16.60768704602594,0.4501729614914461,4.566,Severe_Blockage,High,High
2025-01-07 09:00:00,N008,19.60269344136053,0.4218430329222382,5.667,Severe_Blockage,High,High
2025-01-07 09:00:00,N009,2.048,1.103,0.0,Normal,Low,Low
2025-01-07 09:00:00,N010,1.1983,1.071,0.0,Normal,Low,Low
2025-01-07 09:00:00,N011,3.5298000000000003,1.334,0.0,Normal,Low,Low
2025-01-07 09:00:00,N012,15.507485708249863,0.5012867080719815,3.867,Severe_Blockage,High,High
2025-01-07 09:00:00,N013,3.5620000000000003,1.186,0.0,Normal,Low,Low
2025-01-07 09:00:00,N014,2.3505399999999996,1.139,0.0,Normal,Low,Low
2025-01-07 09:00:00,N015,5.173240000000001,1.333,0.0,Normal,Low,Moderate
2025-01-07 09:00:00,N016,7.532499999999999,1.529,0.0,Normal,Low,Moderate
2025-01-07 09:00:00,N017,6.540799999999999,1.518,0.0,Normal,Low,Moderate
2025-01-07 09:00:00,N018,6.534859999999999,1.532,0.0,Normal,Low,Moderate
2025-01-07 09:00:00,N019,1.52908,1.089,0.0,Normal,Low,Low
2025-01-07 09:00:00,N020,3.40938,1.174,0.0,Normal,Low,Low
2025-01-07 10:00:00,N001,24.73633766248023,0.4536199813180202,6.758,Severe_Blockage,High,High
2025-01-07 10:00:00,N002,5.42392,1.471,0.0,Normal,Low,Moderate
2025-01-07 10:00:00,N003,14.157641967256943,0.7296312384363405,1.914,Partial_Blockage,Moderate,Moderate
2025-01-07 10:00:00,N004,3.4464599999999996,1.538,0.0,Normal,Low,Low
2025-01-07 10:00:00,N005,14.633504776366724,0.6728662349720284,2.394,Partial_Blockage,Moderate,Moderate
2025-01-07 10:00:00,N006,20.310056670617502,0.5987828424346093,4.074,Severe_Blockage,High,High
2025-01-07 10:00:00,N007,4.90048,1.342,0.0,Normal,Low,Low
2025-01-07 10:00:00,N008,4.81874,1.511,0.0,Normal,Low,Low
2025-01-07 10:00:00,N009,1.67936,1.181,0.0,Normal,Low,Low
2025-01-07 10:00:00,N010,9.916086371236425,0.7007569928664383,1.484,Partial_Blockage,Moderate,Moderate
2025-01-07 10:00:00,N011,2.0564,1.121,0.0,Normal,Low,Low
2025-01-07 10:00:00,N012,4.18264,1.349,0.0,Normal,Low,Low
2025-01-07 10:00:00,N013,0.8768000000000001,1.059,0.0,Normal,Low,Low
2025-01-07 10:00:00,N014,2.20572,1.224,0.0,Normal,Low,Low
2025-01-07 10:00:00,N015,2.7960400000000005,1.2,0.0,Normal,Low,Low
2025-01-07 10:00:00,N016,5.5545,1.29,0.0,Normal,Low,Moderate
2025-01-07 10:00:00,N017,4.46176,1.433,0.0,Normal,Low,Low
2025-01-07 10:00:00,N018,19.48362160824762,0.42688839420593594,5.583,Severe_Blockage,High,High
2025-01-07 10:00:00,N019,2.21536,1.155,0.0,Normal,Low,Low
2025-01-07 10:00:00,N020,6.745439999999999,1.428,0.0,Normal,Low,Moderate
2025-01-07 11:00:00,N001,3.3352,1.332,0.0,Normal,Low,Low
2025-01-07 11:00:00,N002,4.04998,1.394,0.0,Normal,Low,Low
2025-01-07 11:00:00,N003,4.186120000000001,1.428,0.0,Normal,Low,Low
2025-01-07 11:00:00,N004,10.553854032874245,0.635574632246725,1.923,Partial_Blockage,Moderate,Moderate
2025-01-07 11:00:00,N005,15.598012092725392,0.5526853070324244,3.489,Severe_Blockage,High,High
2025-01-07 11:00:00,N006,3.3367999999999998,1.199,0.0,Normal,Low,Low
2025-01-07 11:00:00,N007,4.2484,1.379,0.0,Normal,Low,Low
2025-01-07 11:00:00,N008,1.8912799999999999,1.155,0.0,Normal,Low,Low
2025-01-07 11:00:00,N009,14.304516281437467,0.6497673187646718,2.505,Partial_Blockage,Moderate,Moderate
2025-01-07 11:00:00,N010,4.36598,1.39,0.0,Normal,Low,Low
2025-01-07 11:00:00,N011,18.983482084436467,0.5948296506041377,3.846,Severe_Blockage,High,High
2025-01-07 11:00:00,N012,15.396272614584158,0.5537376303608629,3.435,Severe_Blockage,High,High
2025-01-07 11:00:00,N013,4.570320000000001,1.264,0.0,Normal,Low,Low
2025-01-07 11:00:00,N014,5.46974,1.3,0.0,Normal,Low,Moderate
2025-01-07 11:00:00,N015,4.143120000000001,1.241,0.0,Normal,Low,Low
2025-01-07 11:00:00,N016,4.462,1.303,0.0,Normal,Low,Low
2025-01-07 11:00:00,N017,10.755168188454004,0.7242187242870967,1.483,Partial_Blockage,Moderate,Moderate
2025-01-07 11:00:00,N018,29.24126058977963,0.33922073439058925,9.661,Severe_Blockage,Critical,Critical
2025-01-07 11:00:00,N019,20.741368068116216,0.5633140790379445,4.529,Severe_Blockage,High,High
2025-01-07 11:00:00,N020,2.57842,1.198,0.0,Normal,Low,Low
2025-01-07 12:00:00,N001,2.1471999999999998,1.453,0.0,Normal,Low,Low
2025-01-07 12:00:00,N002,2.9544200000000003,1.328,0.0,Normal,Low,Low
2025-01-07 12:00:00,N003,2.1159600000000003,1.445,0.0,Normal,Low,Low
2025-01-07 12:00:00,N004,14.25962808259926,0.6895367656615281,2.214,Partial_Blockage,Moderate,Moderate
2025-01-07 12:00:00,N005,1.72312,1.152,0.0,Normal,Low,Low
2025-01-07 12:00:00,N006,3.9576,1.265,0.0,Normal,Low,Low
2025-01-07 12:00:00,N007,2.05504,1.253,0.0,Normal,Low,Low
2025-01-07 12:00:00,N008,0.9557,1.096,0.0,Normal,Low,Low
2025-01-07 12:00:00,N009,3.8297600000000003,1.35,0.0,Normal,Low,Low
2025-01-07 12:00:00,N010,1.2504,1.091,0.0,Normal,Low,Low
2025-01-07 12:00:00,N011,12.923841527340489,0.6804581770654949,2.065,Partial_Blockage,Moderate,Moderate
2025-01-07 12:00:00,N012,5.59482,1.426,0.0,Normal,Low,Moderate
2025-01-07 12:00:00,N013,3.7154400000000005,1.405,0.0,Normal,Low,Low
2025-01-07 12:00:00,N014,3.8321599999999996,1.427,0.0,Normal,Low,Low
2025-01-07 12:00:00,N015,4.3242400000000005,1.335,0.0,Normal,Low,Low
2025-01-07 12:00:00,N016,2.921,1.219,0.0,Normal,Low,Low
2025-01-07 12:00:00,N017,4.5785599999999995,1.343,0.0,Normal,Low,Low
2025-01-07 12:00:00,N018,5.906280000000001,1.476,0.0,Normal,Low,Moderate
2025-01-07 12:00:00,N019,6.05612,1.373,0.0,Normal,Low,Moderate
2025-01-07 12:00:00,N020,4.04482,1.229,0.0,Normal,Low,Low
2025-01-07 13:00:00,N001,11.135315618804375,0.680809463210679,1.777,Partial_Blockage,Moderate,Moderate
2025-01-07 13:00:00,N002,3.84344,1.335,0.0,Normal,Low,Low
2025-01-07 13:00:00,N003,2.37244,1.214,0.0,Normal,Low,Low
2025-01-07 13:00:00,N004,39.767871710129775,0.36565494949800625,12.613,Severe_Blockage,Critical,Critical
2025-01-07 13:00:00,N005,3.65568,1.401,0.0,Normal,Low,Low
2025-01-07 13:00:00,N006,4.2777,1.341,0.0,Normal,Low,Low
2025-01-07 13:00:00,N007,5.54268,1.524,0.0,Normal,Low,Moderate
2025-01-07 13:00:00,N008,3.7121399999999998,1.378,0.0,Normal,Low,Low
2025-01-07 13:00:00,N009,5.20192,1.53,0.0,Normal,Low,Moderate
2025-01-07 13:00:00,N010,23.56822335376944,0.5234158352296836,5.616,Severe_Blockage,High,High
2025-01-07 13:00:00,N011,21.37104073288972,0.594977056059776,4.328,Severe_Blockage,High,High
2025-01-07 13:00:00,N012,6.72672,1.509,0.0,Normal,Low,Moderate
2025-01-07 13:00:00,N013,1.84128,1.274,0.0,Normal,Low,Low
2025-01-07 13:00:00,N014,3.1748999999999996,1.282,0.0,Normal,Low,Low
2025-01-07 13:00:00,N015,1.6980000000000002,1.112,0.0,Normal,Low,Low
2025-01-07 13:00:00,N016,4.427499999999999,1.283,0.0,Normal,Low,Low
2025-01-07 13:00:00,N017,1.15632,1.113,0.0,Normal,Low,Low
2025-01-07 13:00:00,N018,4.22216,1.466,0.0,Normal,Low,Low
2025-01-07 13:00:00,N019,4.55112,1.442,0.0,Normal,Low,Low
2025-01-07 13:00:00,N020,6.1711,1.534,0.0,Normal,Low,Moderate
2025-01-07 14:00:00,N001,31.368340562407603,0.26579277134959334,11.515,Severe_Blockage,Critical,Critical
2025-01-07 14:00:00,N002,2.4964399999999998,1.32,0.0,Normal,Low,Low
2025-01-07 14:00:00,N003,4.5067200000000005,1.387,0.0,Normal,Low,Low
2025-01-07 14:00:00,N004,2.9234199999999997,1.347,0.0,Normal,Low,Low
2025-01-07 14:00:00,N005,4.27448,1.395,0.0,Normal,Low,Low
2025-01-07 14:00:00,N006,5.82,1.414,0.0,Normal,Low,Moderate
2025-01-07 14:00:00,N007,3.4184799999999997,1.518,0.0,Normal,Low,Low
2025-01-07 14:00:00,N008,4.466640000000001,1.383,0.0,Normal,Low,Low
2025-01-07 14:00:00,N009,16.568149023244366,0.5505979630946751,3.723,Severe_Blockage,High,High
2025-01-07 14:00:00,N010,2.5008,1.214,0.0,Normal,Low,Low
2025-01-07 14:00:00,N011,11.398510082400458,0.5531375054566608,2.547,Severe_Blockage,High,Moderate
2025-01-07 14:00:00,N012,3.234,1.291,0.0,Normal,Low,Low
2025-01-07 14:00:00,N013,3.5181600000000004,1.22,0.0,Normal,Low,Low
2025-01-07 14:00:00,N014,2.13888,1.161,0.0,Normal,Low,Low
2025-01-07 14:00:00,N015,1.1886,1.078,0.0,Normal,Low,Low
2025-01-07 14:00:00,N016,4.14,1.256,0.0,Normal,Low,Low
2025-01-07 14:00:00,N017,2.4528,1.116,0.0,Normal,Low,Low
2025-01-07 14:00:00,N018,6.689039999999999,1.489,0.0,Normal,Low,Moderate
2025-01-07 14:00:00,N019,2.56452,1.19,0.0,Normal,Low,Low
2025-01-07 14:00:00,N020,14.206774741429276,0.7455349333005833,1.808,Partial_Blockage,Moderate,Moderate
2025-01-07 15:00:00,N001,2.0063999999999997,1.202,0.0,Normal,Low,Low
2025-01-07 15:00:00,N002,1.29312,1.085,0.0,Normal,Low,Low
2025-01-07 15:00:00,N003,31.3568414564352,0.2678224863838112,11.479,Severe_Blockage,Critical,Critical
2025-01-07 15:00:00,N004,2.91408,1.244,0.0,Normal,Low,Low
2025-01-07 15:00:00,N005,2.18008,1.16,0.0,Normal,Low,Low
2025-01-07 15:00:00,N006,1.4938,1.101,0.0,Normal,Low,Low
2025-01-07 15:00:00,N007,24.010086291707083,0.5524757634134183,5.373,Severe_Blockage,High,High
2025-01-07 15:00:00,N008,1.26756,1.09,0.0,Normal,Low,Low
2025-01-07 15:00:00,N009,2.9184,1.228,0.0,Normal,Low,Low
2025-01-07 15:00:00,N010,2.37576,1.145,0.0,Normal,Low,Low
2025-01-07 15:00:00,N011,4.6428,1.254,0.0,Normal,Low,Low
2025-01-07 15:00:00,N012,4.3766799999999995,1.364,0.0,Normal,Low,Low
2025-01-07 15:00:00,N013,39.35828723814009,0.37929348225031834,12.215,Severe_Blockage,Critical,Critical
2025-01-07 15:00:00,N014,24.878941735623734,0.522523748497217,5.94,Severe_Blockage,High,High
2025-01-07 15:00:00,N015,24.809030681270524,0.4815388485222398,6.431,Severe_Blockage,High,High
2025-01-07 15:00:00,N016,4.8645000000000005,1.358,0.0,Normal,Low,Low
2025-01-07 15:00:00,N017,9.778194083072323,0.7366477511769312,1.288,Partial_Blockage,Moderate,Moderate
2025-01-07 15:00:00,N018,4.02054,1.275,0.0,Normal,Low,Low
2025-01-07 15:00:00,N019,1.19196,1.109,0.0,Normal,Low,Low
2025-01-07 15:00:00,N020,2.1385,1.109,0.0,Normal,Low,Low
2025-01-07 16:00:00,N001,21.452815277610775,0.5010679662274985,5.352,Severe_Blockage,High,High
2025-01-07 16:00:00,N002,3.8613999999999997,1.25,0.0,Normal,Low,Low
2025-01-07 16:00:00,N003,0.9892800000000002,1.139,0.0,Normal,Low,Low
2025-01-07 16:00:00,N004,0.7191799999999999,1.061,0.0,Normal,Low,Low
2025-01-07 16:00:00,N005,2.48472,1.172,0.0,Normal,Low,Low
2025-01-07 16:00:00,N006,0.6111,1.055,0.0,Normal,Low,Low
2025-01-07 16:00:00,N007,16.031388527302724,0.5152568641397506,3.886,Severe_Blockage,High,High
2025-01-07 16:00:00,N008,10.973299823869212,0.6012411413565532,2.188,Partial_Blockage,Moderate,Moderate
2025-01-07 16:00:00,N009,1.96608,1.083,0.0,Normal,Low,Low
2025-01-07 16:00:00,N010,8.482669489720895,0.6035583439090101,1.681,Partial_Blockage,Moderate,Moderate
2025-01-07 16:00:00,N011,1.9080000000000001,1.238,0.0,Normal,Low,Low
2025-01-07 16:00:00,N012,1.2073600000000002,1.104,0.0,Normal,Low,Low
2025-01-07 16:00:00,N013,3.36472,1.281,0.0,Normal,Low,Low
2025-01-07 16:00:00,N014,5.893059999999999,1.504,0.0,Normal,Low,Moderate
2025-01-07 16:00:00,N015,1.34708,1.165,0.0,Normal,Low,Low
2025-01-07 16:00:00,N016,17.497928086050138,0.43508250083941863,4.942,Severe_Blockage,High,High
2025-01-07 16:00:00,N017,17.317418640916983,0.45584052253656615,4.712,Severe_Blockage,High,High
2025-01-07 16:00:00,N018,6.65346,1.446,0.0,Normal,Low,Moderate
2025-01-07 16:00:00,N019,2.4200399999999997,1.209,0.0,Normal,Low,Low
2025-01-07 16:00:00,N020,6.68434,1.513,0.0,Normal,Low,Moderate
2025-01-07 17:00:00,N001,2.4024,1.282,0.0,Normal,Low,Low
2025-01-07 17:00:00,N002,3.25076,1.244,0.0,Normal,Low,Low
2025-01-07 17:00:00,N003,31.51223176540559,0.29370697874503815,11.128,Severe_Blockage,Critical,Critical
2025-01-07 17:00:00,N004,3.6145799999999997,1.277,0.0,Normal,Low,Low
2025-01-07 17:00:00,N005,2.618,1.229,0.0,Normal,Low,Low
2025-01-07 17:00:00,N006,2.8906,1.16,0.0,Normal,Low,Low
2025-01-07 17:00:00,N007,4.5447999999999995,1.282,0.0,Normal,Low,Low
2025-01-07 17:00:00,N008,1.9617,1.138,0.0,Normal,Low,Low
2025-01-07 17:00:00,N009,4.48512,1.518,0.0,Normal,Low,Low
2025-01-07 17:00:00,N010,1.96938,1.14,0.0,Normal,Low,Low
2025-01-07 17:00:00,N011,3.6676,1.477,0.0,Normal,Low,Low
2025-01-07 17:00:00,N012,4.613840000000001,1.26,0.0,Normal,Low,Low
2025-01-07 17:00:00,N013,2.07144,1.137,0.0,Normal,Low,Low
2025-01-07 17:00:00,N014,3.1526199999999998,1.295,0.0,Normal,Low,Low
2025-01-07 17:00:00,N015,3.2601600000000004,1.299,0.0,Normal,Low,Low
2025-01-07 17:00:00,N016,2.7255,1.213,0.0,Normal,Low,Low
2025-01-07 17:00:00,N017,1.64688,1.102,0.0,Normal,Low,Low
2025-01-07 17:00:00,N018,1.3876199999999999,1.062,0.0,Normal,Low,Low
2025-01-07 17:00:00,N019,2.4200399999999997,1.161,0.0,Normal,Low,Low
2025-01-07 17:00:00,N020,24.80382101559774,0.5931339513793032,5.046,Severe_Blockage,High,High
2025-01-07 18:00:00,N001,1.3024,1.106,0.0,Normal,Low,Low
2025-01-07 18:00:00,N002,3.74466,1.322,0.0,Normal,Low,Low
2025-01-07 18:00:00,N003,15.114291052315492,0.5321584487696822,3.536,Severe_Blockage,High,High
2025-01-07 18:00:00,N004,2.4937799999999997,1.226,0.0,Normal,Low,Low
2025-01-07 18:00:00,N005,0.6949599999999999,1.089,0.0,Normal,Low,Low
2025-01-07 18:00:00,N006,4.7724,1.444,0.0,Normal,Low,Low
2025-01-07 18:00:00,N007,4.53492,1.377,0.0,Normal,Low,Low
2025-01-07 18:00:00,N008,2.65584,1.163,0.0,Normal,Low,Low
2025-01-07 18:00:00,N009,4.59776,1.262,0.0,Normal,Low,Low
2025-01-07 18:00:00,N010,5.34546,1.403,0.0,Normal,Low,Moderate
2025-01-07 18:00:00,N011,5.1728000000000005,1.403,0.0,Normal,Low,Moderate
2025-01-07 18:00:00,N012,20.77137440450963,0.4788104381973059,5.413,Severe_Blockage,High,High
2025-01-07 18:00:00,N013,14.705061274707244,0.736077394087556,1.94,Partial_Blockage,Moderate,Moderate
2025-01-07 18:00:00,N014,18.614217925586452,0.4814846341542287,4.826,Severe_Blockage,High,High
2025-01-07 18:00:00,N015,1.56216,1.096,0.0,Normal,Low,Low
2025-01-07 18:00:00,N016,12.273606586062773,0.5764418673981738,2.599,Severe_Blockage,High,Moderate
2025-01-07 18:00:00,N017,20.84587991168422,0.5368860082789788,4.827,Severe_Blockage,High,High
2025-01-07 18:00:00,N018,2.2296799999999997,1.181,0.0,Normal,Low,Low
2025-01-07 18:00:00,N019,18.105803825773187,0.43468900346213796,5.118,Severe_Blockage,High,High
2025-01-07 18:00:00,N020,2.92058,1.146,0.0,Normal,Low,Low
2025-01-07 19:00:00,N001,0.7303999999999999,1.067,0.0,Normal,Low,Low
2025-01-07 19:00:00,N002,21.859876565745175,0.5690375254981982,4.71,Severe_Blockage,High,High
2025-01-07 19:00:00,N003,16.278145359221337,0.5918329648000344,3.322,Severe_Blockage,High,High
2025-01-07 19:00:00,N004,1.0927799999999999,1.071,0.0,Normal,Low,Low
2025-01-07 19:00:00,N005,8.35966174364874,0.5993161056159453,1.675,Severe_Blockage,High,Moderate
2025-01-07 19:00:00,N006,3.3756,1.232,0.0,Normal,Low,Low
2025-01-07 19:00:00,N007,7.014799999999999,1.505,0.0,Normal,Low,Moderate
2025-01-07 19:00:00,N008,14.300077689676991,0.6193058416853479,2.722,Partial_Blockage,Moderate,Moderate
2025-01-07 19:00:00,N009,3.34848,1.382,0.0,Normal,Low,Low
2025-01-07 19:00:00,N010,5.2621,1.471,0.0,Normal,Low,Moderate
2025-01-07 19:00:00,N011,4.6428,1.42,0.0,Normal,Low,Low
2025-01-07 19:00:00,N012,1.9511800000000001,1.135,0.0,Normal,Low,Low
2025-01-07 19:00:00,N013,15.63424599303338,0.5997743379528577,3.129,Severe_Blockage,High,High
2025-01-07 19:00:00,N014,1.2699599999999998,1.068,0.0,Normal,Low,Low
2025-01-07 19:00:00,N015,5.16192,1.353,0.0,Normal,Low,Moderate
2025-01-07 19:00:00,N016,4.646,1.489,0.0,Normal,Low,Low
2025-01-07 19:00:00,N017,5.04576,1.492,0.0,Normal,Low,Moderate
2025-01-07 19:00:00,N018,5.96558,1.412,0.0,Normal,Low,Moderate
2025-01-07 19:00:00,N019,23.995301701785017,0.4133607527193879,7.038,Severe_Blockage,High,High
2025-01-07 19:00:00,N020,4.54584,1.314,0.0,Normal,Low,Low
2025-01-07 20:00:00,N001,21.228591700219326,0.45954412076425794,5.737,Severe_Blockage,High,High
2025-01-07 20:00:00,N002,1.72416,1.21,0.0,Normal,Low,Low
2025-01-07 20:00:00,N003,4.9006,1.46,0.0,Normal,Low,Low
2025-01-07 20:00:00,N004,22.188020785373226,0.523237349477166,5.289,Severe_Blockage,High,High
2025-01-07 20:00:00,N005,3.2558399999999996,1.383,0.0,Normal,Low,Low
2025-01-07 20:00:00,N006,3.5793,1.391,0.0,Normal,Low,Low
2025-01-07 20:00:00,N007,4.11996,1.301,0.0,Normal,Low,Low
2025-01-07 20:00:00,N008,10.750908333256572,0.6805486184198813,1.717,Partial_Blockage,Moderate,Moderate
2025-01-07 20:00:00,N009,1.5769600000000001,1.104,0.0,Normal,Low,Low
2025-01-07 20:00:00,N010,2.0319,1.2,0.0,Normal,Low,Low
2025-01-07 20:00:00,N011,2.4698,1.257,0.0,Normal,Low,Low
2025-01-07 20:00:00,N012,4.18264,1.412,0.0,Normal,Low,Low
2025-01-07 20:00:00,N013,3.4524000000000004,1.237,0.0,Normal,Low,Low
2025-01-07 20:00:00,N014,24.236773739902503,0.5862899514757004,5.013,Severe_Blockage,High,High
2025-01-07 20:00:00,N015,2.6602000000000006,1.202,0.0,Normal,Low,Low
2025-01-07 20:00:00,N016,13.624374324041554,0.7220520449464572,1.893,Partial_Blockage,Moderate,Moderate
2025-01-07 20:00:00,N017,12.868090186472298,0.6521859073422754,2.238,Partial_Blockage,Moderate,Moderate
2025-01-07 20:00:00,N018,32.612569234150584,0.38448879442928746,10.037,Severe_Blockage,Critical,Critical
2025-01-07 20:00:00,N019,4.96048,1.392,0.0,Normal,Low,Low
2025-01-07 20:00:00,N020,2.6273,1.192,0.0,Normal,Low,Low
2025-01-07 21:00:00,N001,1.452,1.206,0.0,Normal,Low,Low
2025-01-07 21:00:00,N002,2.2899,1.163,0.0,Normal,Low,Low
2025-01-07 21:00:00,N003,3.4716400000000003,1.535,0.0,Normal,Low,Low
2025-01-07 21:00:00,N004,1.6531799999999999,1.144,0.0,Normal,Low,Low
2025-01-07 21:00:00,N005,2.49424,1.248,0.0,Normal,Low,Low
2025-01-07 21:00:00,N006,22.95754786786808,0.4208232350623057,6.648,Severe_Blockage,High,High
2025-01-07 21:00:00,N007,4.693,1.531,0.0,Normal,Low,Low
2025-01-07 21:00:00,N008,3.8932200000000003,1.327,0.0,Normal,Low,Low
2025-01-07 21:00:00,N009,4.157439999999999,1.45,0.0,Normal,Low,Low
2025-01-07 21:00:00,N010,36.44986542318019,0.3506954774483485,11.834,Severe_Blockage,Critical,Critical
2025-01-07 21:00:00,N011,3.3178,1.473,0.0,Normal,Low,Low
2025-01-07 21:00:00,N012,9.580960386468645,0.6164487114734079,1.837,Partial_Blockage,Moderate,Moderate
2025-01-07 21:00:00,N013,2.31256,1.206,0.0,Normal,Low,Low
2025-01-07 21:00:00,N014,1.4482,1.139,0.0,Normal,Low,Low
2025-01-07 21:00:00,N015,2.6828400000000006,1.163,0.0,Normal,Low,Low
2025-01-07 21:00:00,N016,5.106,1.284,0.0,Normal,Low,Moderate
2025-01-07 21:00:00,N017,4.718719999999999,1.453,0.0,Normal,Low,Low
2025-01-07 21:00:00,N018,38.30396753947281,0.32254063776311814,12.975,Severe_Blockage,Critical,Critical
2025-01-07 21:00:00,N019,5.76716,1.458,0.0,Normal,Low,Moderate
2025-01-07 21:00:00,N020,6.19554,1.376,0.0,Normal,Low,Moderate
2025-01-07 22:00:00,N001,11.837804468028782,0.7346218947271588,1.571,Partial_Blockage,Moderate,Moderate
2025-01-07 22:00:00,N002,2.8017600000000003,1.262,0.0,Normal,Low,Low
2025-01-07 22:00:00,N003,3.5449200000000003,1.357,0.0,Normal,Low,Low
2025-01-07 22:00:00,N004,1.60648,1.103,0.0,Normal,Low,Low
2025-01-07 22:00:00,N005,5.65488,1.501,0.0,Normal,Low,Moderate
2025-01-07 22:00:00,N006,3.5987,1.311,0.0,Normal,Low,Low
2025-01-07 22:00:00,N007,3.3789599999999997,1.224,0.0,Normal,Low,Low
2025-01-07 22:00:00,N008,5.16078,1.448,0.0,Normal,Low,Moderate
2025-01-07 22:00:00,N009,4.116479999999999,1.329,0.0,Normal,Low,Low
2025-01-07 22:00:00,N010,3.84498,1.247,0.0,Normal,Low,Low
2025-01-07 22:00:00,N011,1.4310000000000003,1.196,0.0,Normal,Low,Low
2025-01-07 22:00:00,N012,4.66774,1.363,0.0,Normal,Low,Low
2025-01-07 22:00:00,N013,2.91536,1.23,0.0,Normal,Low,Low
2025-01-07 22:00:00,N014,17.869639366123344,0.4093944734068763,5.277,Severe_Blockage,High,High
2025-01-07 22:00:00,N015,2.47908,1.204,0.0,Normal,Low,Low
2025-01-07 22:00:00,N016,2.3459999999999996,1.165,0.0,Normal,Low,Low
2025-01-07 22:00:00,N017,38.70746634239066,0.2749255282803445,14.033,Severe_Blockage,Critical,Critical
2025-01-07 22:00:00,N018,5.5149,1.477,0.0,Normal,Low,Moderate
2025-01-07 22:00:00,N019,39.47701597420013,0.2777704184408224,14.256,Severe_Blockage,Critical,Critical
2025-01-07 22:00:00,N020,6.32996,1.399,0.0,Normal,Low,Moderate
2025-01-07 23:00:00,N001,2.112,1.21,0.0,Normal,Low,Low
2025-01-07 23:00:00,N002,13.692630409274035,0.7093195301347703,1.99,Partial_Blockage,Moderate,Moderate
2025-01-07 23:00:00,N003,2.22588,1.292,0.0,Normal,Low,Low
2025-01-07 23:00:00,N004,5.31446,1.39,0.0,Normal,Low,Moderate
2025-01-07 23:00:00,N005,4.8742399999999995,1.485,0.0,Normal,Low,Low
2025-01-07 23:00:00,N006,2.8324,1.253,0.0,Normal,Low,Low
2025-01-07 23:00:00,N007,30.344546271524656,0.28562370758533806,10.839,Severe_Blockage,Critical,Critical
2025-01-07 23:00:00,N008,5.91528,1.521,0.0,Normal,Low,Moderate
2025-01-07 23:00:00,N009,2.89792,1.289,0.0,Normal,Low,Low
2025-01-07 23:00:00,N010,8.70962557880143,0.6478820522475611,1.533,Partial_Blockage,Moderate,Moderate
2025-01-07 23:00:00,N011,1.7384,1.132,0.0,Normal,Low,Low
2025-01-07 23:00:00,N012,5.648720000000001,1.414,0.0,Normal,Low,Moderate
2025-01-07 23:00:00,N013,5.43616,1.341,0.0,Normal,Low,Moderate
2025-01-07 23:00:00,N014,2.9966599999999994,1.17,0.0,Normal,Low,Low
2025-01-07 23:00:00,N015,6.090160000000001,1.483,0.0,Normal,Low,Moderate
2025-01-07 23:00:00,N016,28.17314840475749,0.3691231777171301,8.887,Severe_Blockage,Critical,Critical
2025-01-07 23:00:00,N017,2.1958399999999996,1.104,0.0,Normal,Low,Low
2025-01-07 23:00:00,N018,2.89384,1.239,0.0,Normal,Low,Low
2025-01-07 23:00:00,N019,32.68720543400541,0.26547474891085426,12.005,Severe_Blockage,Critical,Critical
2025-01-07 23:00:00,N020,28.33668126087512,0.3846322657698107,8.719,Severe_Blockage,Critical,Critical
2025-01-08 00:00:00,N001,0.6864,1.071,0.0,Normal,Low,Low
2025-01-08 00:00:00,N002,2.2360200000000003,1.175,0.0,Normal,Low,Low
2025-01-08 00:00:00,N003,26.982144537720078,0.37758105811922177,8.397,Severe_Blockage,Critical,Critical
2025-01-08 00:00:00,N004,3.3343799999999995,1.218,0.0,Normal,Low,Low
2025-01-08 00:00:00,N005,4.02696,1.322,0.0,Normal,Low,Low
2025-01-08 00:00:00,N006,5.5386999999999995,1.4,0.0,Normal,Low,Moderate
2025-01-08 00:00:00,N007,24.66694244102937,0.4737578818792562,6.49,Severe_Blockage,High,High
2025-01-08 00:00:00,N008,3.60148,1.26,0.0,Normal,Low,Low
2025-01-08 00:00:00,N009,2.01728,1.164,0.0,Normal,Low,Low
2025-01-08 00:00:00,N010,3.32398,1.22,0.0,Normal,Low,Low
2025-01-08 00:00:00,N011,3.1482000000000006,1.343,0.0,Normal,Low,Low
2025-01-08 00:00:00,N012,1.08878,1.07,0.0,Normal,Low,Low
2025-01-08 00:00:00,N013,4.690880000000001,1.321,0.0,Normal,Low,Low
2025-01-08 00:00:00,N014,2.6178999999999997,1.173,0.0,Normal,Low,Low
2025-01-08 00:00:00,N015,1.19992,1.069,0.0,Normal,Low,Low
2025-01-08 00:00:00,N016,6.0489999999999995,1.509,0.0,Normal,Low,Moderate
2025-01-08 00:00:00,N017,3.14192,1.22,0.0,Normal,Low,Low
2025-01-08 00:00:00,N018,4.40006,1.264,0.0,Normal,Low,Low
2025-01-08 00:00:00,N019,1.58928,1.072,0.0,Normal,Low,Low
2025-01-08 00:00:00,N020,4.42364,1.376,0.0,Normal,Low,Low
2025-01-08 01:00:00,N001,2.4288,1.158,0.0,Normal,Low,Low
2025-01-08 01:00:00,N002,9.558363546769327,0.684144580353488,1.51,Partial_Blockage,Moderate,Moderate
2025-01-08 01:00:00,N003,8.181036817664488,0.6474032289828863,1.442,Partial_Blockage,Moderate,Moderate
2025-01-08 01:00:00,N004,3.95082,1.45,0.0,Normal,Low,Low
2025-01-08 01:00:00,N005,4.29352,1.327,0.0,Normal,Low,Low
2025-01-08 01:00:00,N006,1.1252,1.074,0.0,Normal,Low,Low
2025-01-08 01:00:00,N007,5.285799999999999,1.477,0.0,Normal,Low,Moderate
2025-01-08 01:00:00,N008,1.3379800000000002,1.119,0.0,Normal,Low,Low
2025-01-08 01:00:00,N009,20.50485603278338,0.4272688406155375,5.872,Severe_Blockage,High,High
2025-01-08 01:00:00,N010,10.395738981814524,0.7287176281365169,1.41,Partial_Blockage,Moderate,Moderate
2025-01-08 01:00:00,N011,2.7666,1.236,0.0,Normal,Low,Low
2025-01-08 01:00:00,N012,4.22576,1.366,0.0,Normal,Low,Low
2025-01-08 01:00:00,N013,4.296320000000001,1.335,0.0,Normal,Low,Low
2025-01-08 01:00:00,N014,2.6178999999999997,1.197,0.0,Normal,Low,Low
2025-01-08 01:00:00,N015,2.6375600000000006,1.223,0.0,Normal,Low,Low
2025-01-08 01:00:00,N016,3.4959999999999996,1.184,0.0,Normal,Low,Low
2025-01-08 01:00:00,N017,4.391679999999999,1.344,0.0,Normal,Low,Low
2025-01-08 01:00:00,N018,16.571019027384533,0.5208606858854898,3.97,Severe_Blockage,High,High
2025-01-08 01:00:00,N019,4.88824,1.318,0.0,Normal,Low,Low
2025-01-08 01:00:00,N020,39.030230429951914,0.38310789119562383,12.039,Severe_Blockage,Critical,Critical
2025-01-08 02:00:00,N001,2.0856,1.181,0.0,Normal,Low,Low
2025-01-08 02:00:00,N002,4.9928799999999995,1.403,0.0,Normal,Low,Low
2025-01-08 02:00:00,N003,31.275843319952525,0.37214940337001934,9.818,Severe_Blockage,Critical,Critical
2025-01-08 02:00:00,N004,2.43774,1.237,0.0,Normal,Low,Low
2025-01-08 02:00:00,N005,17.679668744568026,0.5973258786574304,3.56,Severe_Blockage,High,High
2025-01-08 02:00:00,N006,3.0555,1.19,0.0,Normal,Low,Low
2025-01-08 02:00:00,N007,1.30416,1.104,0.0,Normal,Low,Low
2025-01-08 02:00:00,N008,22.305277955729572,0.53621180593029,5.172,Severe_Blockage,High,High
2025-01-08 02:00:00,N009,5.72416,1.432,0.0,Normal,Low,Moderate
2025-01-08 02:00:00,N010,11.141189794019773,0.6042593796656738,2.205,Partial_Blockage,Moderate,Moderate
2025-01-08 02:00:00,N011,2.6924,1.175,0.0,Normal,Low,Low
2025-01-08 02:00:00,N012,3.41726,1.326,0.0,Normal,Low,Low
2025-01-08 02:00:00,N013,21.859990603718135,0.4726103403583264,5.764,Severe_Blockage,High,High
2025-01-08 02:00:00,N014,4.0661,1.346,0.0,Normal,Low,Low
2025-01-08 02:00:00,N015,5.365680000000001,1.338,0.0,Normal,Low,Moderate
2025-01-08 02:00:00,N016,2.5875,1.138,0.0,Normal,Low,Low
2025-01-08 02:00:00,N017,5.4312000000000005,1.403,0.0,Normal,Low,Moderate
2025-01-08 02:00:00,N018,3.45126,1.481,0.0,Normal,Low,Low
2025-01-08 02:00:00,N019,12.87205237547014,0.7219628562636405,1.789,Partial_Blockage,Moderate,Moderate
2025-01-08 02:00:00,N020,3.8859600000000003,1.225,0.0,Normal,Low,Low
2025-01-08 03:00:00,N001,4.7783999999999995,1.516,0.0,Normal,Low,Low
2025-01-08 03:00:00,N002,13.29798693770482,0.6513634894137337,2.318,Partial_Blockage,Moderate,Moderate
2025-01-08 03:00:00,N003,0.7786,1.056,0.0,Normal,Low,Low
2025-01-08 03:00:00,N004,2.6618999999999997,1.176,0.0,Normal,Low,Low
2025-01-08 03:00:00,N005,5.11224,1.437,0.0,Normal,Low,Moderate
2025-01-08 03:00:00,N006,8.225642103607475,0.6111807777826233,1.599,Partial_Blockage,Moderate,Moderate
2025-01-08 03:00:00,N007,9.119350398083231,0.6838348002664925,1.442,Partial_Blockage,Moderate,Moderate
2025-01-08 03:00:00,N008,0.89534,1.072,0.0,Normal,Low,Low
2025-01-08 03:00:00,N009,1.6896,1.141,0.0,Normal,Low,Low
2025-01-08 03:00:00,N010,8.25242388847483,0.6084252782376289,1.616,Partial_Blockage,Moderate,Moderate
2025-01-08 03:00:00,N011,3.2117999999999998,1.307,0.0,Normal,Low,Low
2025-01-08 03:00:00,N012,2.5333,1.159,0.0,Normal,Low,Low
2025-01-08 03:00:00,N013,4.20864,1.379,0.0,Normal,Low,Low
2025-01-08 03:00:00,N014,2.5510599999999997,1.176,0.0,Normal,Low,Low
2025-01-08 03:00:00,N015,2.59228,1.298,0.0,Normal,Low,Low
2025-01-08 03:00:00,N016,21.552896152643868,0.4951577210115036,5.44,Severe_Blockage,High,High
2025-01-08 03:00:00,N017,0.8059199999999999,1.073,0.0,Normal,Low,Low
2025-01-08 03:00:00,N018,2.46688,1.279,0.0,Normal,Low,Low
2025-01-08 03:00:00,N019,3.20264,1.193,0.0,Normal,Low,Low
2025-01-08 03:00:00,N020,4.53362,1.245,0.0,Normal,Low,Low
2025-01-08 04:00:00,N001,4.2592,1.363,0.0,Normal,Low,Low
2025-01-08 04:00:00,N002,9.141339741439305,0.7140009389800903,1.307,Partial_Blockage,Moderate,Moderate
2025-01-08 04:00:00,N003,1.53888,1.134,0.0,Normal,Low,Low
2025-01-08 04:00:00,N004,2.5965199999999995,1.325,0.0,Normal,Low,Low
2025-01-08 04:00:00,N005,8.37677781709128,0.732695138203139,1.12,Partial_Blockage,Moderate,Moderate
2025-01-08 04:00:00,N006,1.0573000000000001,1.086,0.0,Normal,Low,Low
2025-01-08 04:00:00,N007,3.74452,1.31,0.0,Normal,Low,Low
2025-01-08 04:00:00,N008,3.94352,1.366,0.0,Normal,Low,Low
2025-01-08 04:00:00,N009,30.684016172132083,0.2683964271456847,11.224,Severe_Blockage,Critical,Critical
2025-01-08 04:00:00,N010,1.00032,1.089,0.0,Normal,Low,Low
2025-01-08 04:00:00,N011,3.3814,1.37,0.0,Normal,Low,Low
2025-01-08 04:00:00,N012,5.875100000000001,1.476,0.0,Normal,Low,Moderate
2025-01-08 04:00:00,N013,3.43048,1.351,0.0,Normal,Low,Low
2025-01-08 04:00:00,N014,2.9075399999999996,1.203,0.0,Normal,Low,Low
2025-01-08 04:00:00,N015,5.22984,1.383,0.0,Normal,Low,Moderate
2025-01-08 04:00:00,N016,6.819499999999999,1.532,0.0,Normal,Low,Moderate
2025-01-08 04:00:00,N017,4.13472,1.328,0.0,Normal,Low,Low
2025-01-08 04:00:00,N018,2.59734,1.16,0.0,Normal,Low,Low
2025-01-08 04:00:00,N019,1.55316,1.151,0.0,Normal,Low,Low
2025-01-08 04:00:00,N020,14.177666292885707,0.6335201599954512,2.598,Partial_Blockage,Moderate,Moderate
2025-01-08 05:00:00,N001,2.9392,1.399,0.0,Normal,Low,Low
2025-01-08 05:00:00,N002,3.8165,1.409,0.0,Normal,Low,Low
2025-01-08 05:00:00,N003,3.664,1.502,0.0,Normal,Low,Low
2025-01-08 05:00:00,N004,4.408479999999999,1.444,0.0,Normal,Low,Low
2025-01-08 05:00:00,N005,2.618,1.246,0.0,Normal,Low,Low
2025-01-08 05:00:00,N006,23.319822742026012,0.4428885003556931,6.496,Severe_Blockage,High,High
2025-01-08 05:00:00,N007,0.7904,1.071,0.0,Normal,Low,Low
2025-01-08 05:00:00,N008,3.84292,1.214,0.0,Normal,Low,Low
2025-01-08 05:00:00,N009,35.50384598308489,0.3513948860132595,11.514,Severe_Blockage,Critical,Critical
2025-01-08 05:00:00,N010,5.69974,1.518,0.0,Normal,Low,Moderate
2025-01-08 05:00:00,N011,8.538119712716602,0.5619300263725501,1.87,Severe_Blockage,High,Moderate
2025-01-08 05:00:00,N012,27.503066792626377,0.39946524858463356,8.258,Severe_Blockage,Critical,Critical
2025-01-08 05:00:00,N013,3.05784,1.297,0.0,Normal,Low,Low
2025-01-08 05:00:00,N014,4.444859999999999,1.426,0.0,Normal,Low,Low
2025-01-08 05:00:00,N015,1.31312,1.069,0.0,Normal,Low,Low
2025-01-08 05:00:00,N016,4.968,1.442,0.0,Normal,Low,Low
2025-01-08 05:00:00,N017,6.41232,1.534,0.0,Normal,Low,Moderate
2025-01-08 05:00:00,N018,2.89384,1.206,0.0,Normal,Low,Low
2025-01-08 05:00:00,N019,18.547936072393824,0.5610590714390122,4.071,Severe_Blockage,High,High
2025-01-08 05:00:00,N020,3.3605,1.209,0.0,Normal,Low,Low
2025-01-08 06:00:00,N001,2.904,1.313,0.0,Normal,Low,Low
2025-01-08 06:00:00,N002,2.2899,1.151,0.0,Normal,Low,Low
2025-01-08 06:00:00,N003,1.07172,1.079,0.0,Normal,Low,Low
2025-01-08 06:00:00,N004,36.55138808438633,0.3250906337140131,12.334,Severe_Blockage,Critical,Critical
2025-01-08 06:00:00,N005,8.314674306879452,0.6758064262986785,1.348,Partial_Blockage,Moderate,Moderate
2025-01-08 06:00:00,N006,3.88,1.265,0.0,Normal,Low,Low
2025-01-08 06:00:00,N007,8.172727880030491,0.6566984349560789,1.403,Partial_Blockage,Moderate,Moderate
2025-01-08 06:00:00,N008,1.9013399999999998,1.168,0.0,Normal,Low,Low
2025-01-08 06:00:00,N009,1.55648,1.116,0.0,Normal,Low,Low
2025-01-08 06:00:00,N010,2.26114,1.295,0.0,Normal,Low,Low
2025-01-08 06:00:00,N011,5.374200000000001,1.378,0.0,Normal,Low,Moderate
2025-01-08 06:00:00,N012,3.0507400000000002,1.167,0.0,Normal,Low,Low
2025-01-08 06:00:00,N013,3.87984,1.273,0.0,Normal,Low,Low
2025-01-08 06:00:00,N014,2.2948399999999998,1.288,0.0,Normal,Low,Low
2025-01-08 06:00:00,N015,3.1582800000000004,1.213,0.0,Normal,Low,Low
2025-01-08 06:00:00,N016,4.887499999999999,1.299,0.0,Normal,Low,Low
2025-01-08 06:00:00,N017,5.372799999999999,1.472,0.0,Normal,Low,Moderate
2025-01-08 06:00:00,N018,3.70032,1.348,0.0,Normal,Low,Low
2025-01-08 06:00:00,N019,3.311,1.235,0.0,Normal,Low,Low
2025-01-08 06:00:00,N020,11.203799056911695,0.6583774302248767,1.914,Partial_Blockage,Moderate,Moderate
2025-01-08 07:00:00,N001,3.2119999999999997,1.317,0.0,Normal,Low,Low
2025-01-08 07:00:00,N002,16.056729203618296,0.5372425760072324,3.715,Severe_Blockage,High,High
2025-01-08 07:00:00,N003,2.21672,1.192,0.0,Normal,Low,Low
2025-01-08 07:00:00,N004,2.8113399999999995,1.268,0.0,Normal,Low,Low
2025-01-08 07:00:00,N005,1.00912,1.076,0.0,Normal,Low,Low
2025-01-08 07:00:00,N006,2.1048999999999998,1.129,0.0,Normal,Low,Low
2025-01-08 07:00:00,N007,3.4678799999999996,1.276,0.0,Normal,Low,Low
2025-01-08 07:00:00,N008,24.64541566693439,0.45882353885633026,6.669,Severe_Blockage,High,High
2025-01-08 07:00:00,N009,1.35168,1.101,0.0,Normal,Low,Low
2025-01-08 07:00:00,N010,3.0218,1.196,0.0,Normal,Low,Low
2025-01-08 07:00:00,N011,5.0032,1.469,0.0,Normal,Low,Moderate
2025-01-08 07:00:00,N012,3.9023600000000003,1.348,0.0,Normal,Low,Low
2025-01-08 07:00:00,N013,3.9456,1.332,0.0,Normal,Low,Low
2025-01-08 07:00:00,N014,5.569999999999999,1.517,0.0,Normal,Low,Moderate
2025-01-08 07:00:00,N015,1.6980000000000002,1.102,0.0,Normal,Low,Low
2025-01-08 07:00:00,N016,4.14,1.399,0.0,Normal,Low,Low
2025-01-08 07:00:00,N017,1.9155199999999997,1.153,0.0,Normal,Low,Low
2025-01-08 07:00:00,N018,20.469993414022955,0.4528027141675667,5.601,Severe_Blockage,High,High
2025-01-08 07:00:00,N019,2.1672,1.214,0.0,Normal,Low,Low
2025-01-08 07:00:00,N020,5.45012,1.297,0.0,Normal,Low,Moderate
2025-01-08 08:00:00,N001,8.538777178627129,0.7334611472819436,1.138,Partial_Blockage,Moderate,Moderate
2025-01-08 08:00:00,N002,2.3437799999999998,1.356,0.0,Normal,Low,Low
2025-01-08 08:00:00,N003,12.50370027123267,0.7145152482593999,1.785,Partial_Blockage,Moderate,Moderate
2025-01-08 08:00:00,N004,2.97012,1.3,0.0,Normal,Low,Low
2025-01-08 08:00:00,N005,4.02696,1.329,0.0,Normal,Low,Low
2025-01-08 08:00:00,N006,1.3192000000000002,1.108,0.0,Normal,Low,Low
2025-01-08 08:00:00,N007,1.8870799999999999,1.205,0.0,Normal,Low,Low
2025-01-08 08:00:00,N008,2.68602,1.309,0.0,Normal,Low,Low
2025-01-08 08:00:00,N009,5.41696,1.445,0.0,Normal,Low,Moderate
2025-01-08 08:00:00,N010,1.8547600000000002,1.103,0.0,Normal,Low,Low
2025-01-08 08:00:00,N011,2.0564,1.11,0.0,Normal,Low,Low
2025-01-08 08:00:00,N012,2.51174,1.167,0.0,Normal,Low,Low
2025-01-08 08:00:00,N013,3.9456,1.247,0.0,Normal,Low,Low
2025-01-08 08:00:00,N014,2.1611599999999997,1.16,0.0,Normal,Low,Low
2025-01-08 08:00:00,N015,3.7242800000000003,1.287,0.0,Normal,Low,Low
2025-01-08 08:00:00,N016,1.4605,1.071,0.0,Normal,Low,Low
2025-01-08 08:00:00,N017,2.60464,1.153,0.0,Normal,Low,Low
2025-01-08 08:00:00,N018,2.63292,1.171,0.0,Normal,Low,Low
2025-01-08 08:00:00,N019,2.33576,1.116,0.0,Normal,Low,Low
2025-01-08 08:00:00,N020,2.4562199999999996,1.106,0.0,Normal,Low,Low
2025-01-08 09:00:00,N001,35.26077311826381,0.2781836863294977,12.726,Severe_Blockage,Critical,Critical
2025-01-08 09:00:00,N002,14.964459114574492,0.7422138585849732,1.929,Partial_Blockage,Moderate,Moderate
2025-01-08 09:00:00,N003,1.7037600000000002,1.142,0.0,Normal,Low,Low
2025-01-08 09:00:00,N004,2.9234199999999997,1.276,0.0,Normal,Low,Low
2025-01-08 09:00:00,N005,4.12216,1.437,0.0,Normal,Low,Low
2025-01-08 09:00:00,N006,0.9894,1.081,0.0,Normal,Low,Low
2025-01-08 09:00:00,N007,4.88072,1.378,0.0,Normal,Low,Low
2025-01-08 09:00:00,N008,2.28362,1.157,0.0,Normal,Low,Low
2025-01-08 09:00:00,N009,28.317421288109568,0.3118967646318254,9.743,Severe_Blockage,Critical,Critical
2025-01-08 09:00:00,N010,2.82382,1.171,0.0,Normal,Low,Low
2025-01-08 09:00:00,N011,4.950200000000001,1.355,0.0,Normal,Low,Low
2025-01-08 09:00:00,N012,1.76792,1.124,0.0,Normal,Low,Low
2025-01-08 09:00:00,N013,1.9508800000000002,1.18,0.0,Normal,Low,Low
2025-01-08 09:00:00,N014,1.6709999999999998,1.11,0.0,Normal,Low,Low
2025-01-08 09:00:00,N015,6.361840000000001,1.428,0.0,Normal,Low,Moderate
2025-01-08 09:00:00,N016,3.5994999999999995,1.306,0.0,Normal,Low,Low
2025-01-08 09:00:00,N017,0.9927999999999999,1.063,0.0,Normal,Low,Low
2025-01-08 09:00:00,N018,2.17038,1.129,0.0,Normal,Low,Low
2025-01-08 09:00:00,N019,5.38188,1.446,0.0,Normal,Low,Moderate
2025-01-08 09:00:00,N020,4.839119999999999,1.365,0.0,Normal,Low,Low
2025-01-08 10:00:00,N001,2.904,1.289,0.0,Normal,Low,Low
2025-01-08 10:00:00,N002,1.36496,1.083,0.0,Normal,Low,Low
2025-01-08 10:00:00,N003,3.6365200000000004,1.308,0.0,Normal,Low,Low
2025-01-08 10:00:00,N004,2.43774,1.194,0.0,Normal,Low,Low
2025-01-08 10:00:00,N005,18.928591518569807,0.4205187144527683,5.484,Severe_Blockage,High,High
2025-01-08 10:00:00,N006,1.746,1.152,0.0,Normal,Low,Low
2025-01-08 10:00:00,N007,3.0628,1.298,0.0,Normal,Low,Low
2025-01-08 10:00:00,N008,21.661313639129716,0.598697815010452,4.346,Severe_Blockage,High,High
2025-01-08 10:00:00,N009,5.5296,1.423,0.0,Normal,Low,Moderate
2025-01-08 10:00:00,N010,1.6567800000000001,1.202,0.0,Normal,Low,Low
2025-01-08 10:00:00,N011,39.174952418415074,0.34696740812933924,12.791,Severe_Blockage,Critical,Critical
2025-01-08 10:00:00,N012,1.4660800000000003,1.126,0.0,Normal,Low,Low
2025-01-08 10:00:00,N013,20.84079292245412,0.41083440870026877,6.139,Severe_Blockage,High,High
2025-01-08 10:00:00,N014,7.118459999999999,1.523,0.0,Normal,Low,Moderate
2025-01-08 10:00:00,N015,11.474408630254501,0.7077038315780673,1.677,Partial_Blockage,Moderate,Moderate
2025-01-08 10:00:00,N016,4.484999999999999,1.396,0.0,Normal,Low,Low
2025-01-08 10:00:00,N017,5.92176,1.398,0.0,Normal,Low,Moderate
2025-01-08 10:00:00,N018,3.45126,1.388,0.0,Normal,Low,Low
2025-01-08 10:00:00,N019,2.45616,1.267,0.0,Normal,Low,Low
2025-01-08 10:00:00,N020,36.70770009364409,0.3888537156222116,11.217,Severe_Blockage,Critical,Critical
2025-01-08 11:00:00,N001,2.9128000000000003,1.218,0.0,Normal,Low,Low
2025-01-08 11:00:00,N002,18.589726137830937,0.5854847137154131,3.853,Severe_Blockage,High,High
2025-01-08 11:00:00,N003,0.8244,1.078,0.0,Normal,Low,Low
2025-01-08 11:00:00,N004,12.91509896697739,0.620294483789777,2.452,Partial_Blockage,Moderate,Moderate
2025-01-08 11:00:00,N005,3.51288,1.328,0.0,Normal,Low,Low
2025-01-08 11:00:00,N006,1.8042,1.189,0.0,Normal,Low,Low
2025-01-08 11:00:00,N007,25.295415303979514,0.3587617004708035,8.11,Severe_Blockage,Critical,Critical
2025-01-08 11:00:00,N008,2.28362,1.294,0.0,Normal,Low,Low
2025-01-08 11:00:00,N009,1.9865599999999999,1.165,0.0,Normal,Low,Low
2025-01-08 11:00:00,N010,2.9488600000000003,1.345,0.0,Normal,Low,Low
2025-01-08 11:00:00,N011,5.6074,1.294,0.0,Normal,Low,Moderate
2025-01-08 11:00:00,N012,1.9404000000000001,1.145,0.0,Normal,Low,Low
2025-01-08 11:00:00,N013,2.78384,1.262,0.0,Normal,Low,Low
2025-01-08 11:00:00,N014,2.6067599999999995,1.159,0.0,Normal,Low,Low
2025-01-08 11:00:00,N015,5.795840000000001,1.356,0.0,Normal,Low,Moderate
2025-01-08 11:00:00,N016,4.7379999999999995,1.28,0.0,Normal,Low,Low
2025-01-08 11:00:00,N017,5.407839999999999,1.51,0.0,Normal,Low,Moderate
2025-01-08 11:00:00,N018,6.0723199999999995,1.461,0.0,Normal,Low,Moderate
2025-01-08 11:00:00,N019,6.33304,1.4,0.0,Normal,Low,Moderate
2025-01-08 11:00:00,N020,20.882609716331707,0.4805974430258757,5.423,Severe_Blockage,High,High
2025-01-08 12:00:00,N001,33.28818830425478,0.31318729131827916,11.431,Severe_Blockage,Critical,Critical
2025-01-08 12:00:00,N002,4.59776,1.463,0.0,Normal,Low,Low
2025-01-08 12:00:00,N003,1.5114,1.191,0.0,Normal,Low,Low
2025-01-08 12:00:00,N004,5.0622799999999994,1.501,0.0,Normal,Low,Moderate
2025-01-08 12:00:00,N005,3.1320799999999998,1.348,0.0,Normal,Low,Low
2025-01-08 12:00:00,N006,11.589345415112644,0.7110592289780604,1.674,Partial_Blockage,Moderate,Moderate
2025-01-08 12:00:00,N007,2.92448,1.222,0.0,Normal,Low,Low
2025-01-08 12:00:00,N008,32.689285247011725,0.39048650205677604,9.962,Severe_Blockage,Critical,Critical
2025-01-08 12:00:00,N009,20.972808707754837,0.5089560475641277,5.149,Severe_Blockage,High,High
2025-01-08 12:00:00,N010,2.64668,1.187,0.0,Normal,Low,Low
2025-01-08 12:00:00,N011,4.0068,1.261,0.0,Normal,Low,Low
2025-01-08 12:00:00,N012,3.68676,1.302,0.0,Normal,Low,Low
2025-01-08 12:00:00,N013,0.7672,1.055,0.0,Normal,Low,Low
2025-01-08 12:00:00,N014,4.110659999999999,1.461,0.0,Normal,Low,Low
2025-01-08 12:00:00,N015,3.02244,1.243,0.0,Normal,Low,Low
2025-01-08 12:00:00,N016,14.902352496785614,0.5639159536147639,3.249,Severe_Blockage,High,Moderate
2025-01-08 12:00:00,N017,2.26592,1.181,0.0,Normal,Low,Low
2025-01-08 12:00:00,N018,2.4431599999999998,1.127,0.0,Normal,Low,Low
2025-01-08 12:00:00,N019,1.10768,1.074,0.0,Normal,Low,Low
2025-01-08 12:00:00,N020,7.25868,1.509,0.0,Normal,Low,Moderate
2025-01-08 13:00:00,N001,1.2496,1.08,0.0,Normal,Low,Low
2025-01-08 13:00:00,N002,4.1308,1.472,0.0,Normal,Low,Low
2025-01-08 13:00:00,N003,5.23036,1.424,0.0,Normal,Low,Moderate
2025-01-08 13:00:00,N004,2.62454,1.207,0.0,Normal,Low,Low
2025-01-08 13:00:00,N005,5.03608,1.495,0.0,Normal,Low,Moderate
2025-01-08 13:00:00,N006,23.018719328635214,0.5772290174035569,4.866,Severe_Blockage,High,High
2025-01-08 13:00:00,N007,39.95379358314285,0.3809556679540991,12.367,Severe_Blockage,Critical,Critical
2025-01-08 13:00:00,N008,4.4264,1.457,0.0,Normal,Low,Low
2025-01-08 13:00:00,N009,18.26633132428422,0.42345790288335844,5.266,Severe_Blockage,High,High
2025-01-08 13:00:00,N010,5.928980000000001,1.528,0.0,Normal,Low,Moderate
2025-01-08 13:00:00,N011,5.035,1.525,0.0,Normal,Low,Moderate
2025-01-08 13:00:00,N012,2.7596800000000004,1.192,0.0,Normal,Low,Low
2025-01-08 13:00:00,N013,2.6632800000000003,1.195,0.0,Normal,Low,Low
2025-01-08 13:00:00,N014,20.102872691763626,0.4767779816452277,5.259,Severe_Blockage,High,High
2025-01-08 13:00:00,N015,1.4716000000000002,1.103,0.0,Normal,Low,Low
2025-01-08 13:00:00,N016,24.625876285149047,0.43516316527705695,6.955,Severe_Blockage,High,High
2025-01-08 13:00:00,N017,12.37750698304269,0.7088487985718658,1.802,Partial_Blockage,Moderate,Moderate
2025-01-08 13:00:00,N018,4.37634,1.3,0.0,Normal,Low,Low
2025-01-08 13:00:00,N019,28.213837344001927,0.3027021834083081,9.837,Severe_Blockage,Critical,Critical
2025-01-08 13:00:00,N020,4.93688,1.353,0.0,Normal,Low,Low
2025-01-08 14:00:00,N001,0.6424,1.061,0.0,Normal,Low,Low
2025-01-08 14:00:00,N002,3.25076,1.29,0.0,Normal,Low,Low
2025-01-08 14:00:00,N003,3.4258400000000004,1.26,0.0,Normal,Low,Low
2025-01-08 14:00:00,N004,5.64136,1.531,0.0,Normal,Low,Moderate
2025-01-08 14:00:00,N005,10.637282642603092,0.735193169522128,1.408,Partial_Blockage,Moderate,Moderate
2025-01-08 14:00:00,N006,23.33362649336408,0.43577467000816905,6.583,Severe_Blockage,High,High
2025-01-08 14:00:00,N007,38.48418190498974,0.30339217940531404,13.404,Severe_Blockage,Critical,Critical
2025-01-08 14:00:00,N008,12.055426160692267,0.5849547453450097,2.502,Severe_Blockage,High,Moderate
2025-01-08 14:00:00,N009,6.041600000000001,1.524,0.0,Normal,Low,Moderate
2025-01-08 14:00:00,N010,4.00128,1.385,0.0,Normal,Low,Low
2025-01-08 14:00:00,N011,5.3848,1.431,0.0,Normal,Low,Moderate
2025-01-08 14:00:00,N012,6.47878,1.418,0.0,Normal,Low,Moderate
2025-01-08 14:00:00,N013,3.1016800000000004,1.258,0.0,Normal,Low,Low
2025-01-08 14:00:00,N014,6.61716,1.453,0.0,Normal,Low,Moderate
2025-01-08 14:00:00,N015,21.757637576855416,0.4125040698958218,6.391,Severe_Blockage,High,High
2025-01-08 14:00:00,N016,4.2665,1.368,0.0,Normal,Low,Low
2025-01-08 14:00:00,N017,7.323359999999999,1.45,0.0,Normal,Low,Moderate
2025-01-08 14:00:00,N018,2.71594,1.166,0.0,Normal,Low,Low
2025-01-08 14:00:00,N019,1.21604,1.068,0.0,Normal,Low,Low
2025-01-08 14:00:00,N020,13.263908217178528,0.6905137399100134,2.052,Partial_Blockage,Moderate,Moderate
2025-01-08 15:00:00,N001,2.2704,1.272,0.0,Normal,Low,Low
2025-01-08 15:00:00,N002,3.78058,1.471,0.0,Normal,Low,Low
2025-01-08 15:00:00,N003,4.09452,1.341,0.0,Normal,Low,Low
2025-01-08 15:00:00,N004,1.90536,1.195,0.0,Normal,Low,Low
2025-01-08 15:00:00,N005,12.411782649113949,0.640585214663717,2.23,Partial_Blockage,Moderate,Moderate
2025-01-08 15:00:00,N006,3.8121,1.366,0.0,Normal,Low,Low
2025-01-08 15:00:00,N007,2.0748,1.21,0.0,Normal,Low,Low
2025-01-08 15:00:00,N008,39.20593962837143,0.293760693971897,13.844,Severe_Blockage,Critical,Critical
2025-01-08 15:00:00,N009,3.62496,1.343,0.0,Normal,Low,Low
2025-01-08 15:00:00,N010,12.904988061878603,0.713782028164011,1.847,Partial_Blockage,Moderate,Moderate
2025-01-08 15:00:00,N011,19.155024624318003,0.4443690729497329,5.322,Severe_Blockage,High,High
2025-01-08 15:00:00,N012,1.22892,1.098,0.0,Normal,Low,Low
2025-01-08 15:00:00,N013,19.33926206810264,0.5921534637757773,3.944,Severe_Blockage,High,High
2025-01-08 15:00:00,N014,11.78660534598072,0.6718308163556188,1.934,Partial_Blockage,Moderate,Moderate
2025-01-08 15:00:00,N015,1.8678000000000001,1.11,0.0,Normal,Low,Low
2025-01-08 15:00:00,N016,4.2665,1.491,0.0,Normal,Low,Low
2025-01-08 15:00:00,N017,1.29648,1.061,0.0,Normal,Low,Low
2025-01-08 15:00:00,N018,9.501146580343763,0.6594943589200918,1.618,Partial_Blockage,Moderate,Moderate
2025-01-08 15:00:00,N019,5.02068,1.346,0.0,Normal,Low,Moderate
2025-01-08 15:00:00,N020,6.00002,1.331,0.0,Normal,Low,Moderate
2025-01-08 16:00:00,N001,2.6048,1.23,0.0,Normal,Low,Low
2025-01-08 16:00:00,N002,1.68824,1.105,0.0,Normal,Low,Low
2025-01-08 16:00:00,N003,2.3907599999999998,1.32,0.0,Normal,Low,Low
2025-01-08 16:00:00,N004,3.16626,1.273,0.0,Normal,Low,Low
2025-01-08 16:00:00,N005,20.39646051401347,0.5514079901890223,4.575,Severe_Blockage,High,High
2025-01-08 16:00:00,N006,4.626899999999999,1.432,0.0,Normal,Low,Low
2025-01-08 16:00:00,N007,1.482,1.14,0.0,Normal,Low,Low
2025-01-08 16:00:00,N008,2.24338,1.245,0.0,Normal,Low,Low
2025-01-08 16:00:00,N009,2.62144,1.221,0.0,Normal,Low,Low
2025-01-08 16:00:00,N010,2.2194599999999998,1.126,0.0,Normal,Low,Low
2025-01-08 16:00:00,N011,4.8124,1.284,0.0,Normal,Low,Low
2025-01-08 16:00:00,N012,1.09956,1.06,0.0,Normal,Low,Low
2025-01-08 16:00:00,N013,3.3976,1.291,0.0,Normal,Low,Low
2025-01-08 16:00:00,N014,17.1249560522202,0.5697705963071499,3.684,Severe_Blockage,High,High
2025-01-08 16:00:00,N015,3.7695600000000007,1.228,0.0,Normal,Low,Low
2025-01-08 16:00:00,N016,30.541364271317214,0.2861607057270035,10.901,Severe_Blockage,Critical,Critical
2025-01-08 16:00:00,N017,17.49500197033275,0.4969997486434936,4.4,Severe_Blockage,High,High
2025-01-08 16:00:00,N018,10.52411283013458,0.7328779005001204,1.406,Partial_Blockage,Moderate,Moderate
2025-01-08 16:00:00,N019,4.02136,1.227,0.0,Normal,Low,Low
2025-01-08 16:00:00,N020,7.07538,1.382,0.0,Normal,Low,Moderate
2025-01-08 17:00:00,N001,0.8888,1.096,0.0,Normal,Low,Low
2025-01-08 17:00:00,N002,35.39707051981645,0.38355021021555386,10.91,Severe_Blockage,Critical,Critical
2025-01-08 17:00:00,N003,1.06256,1.125,0.0,Normal,Low,Low
2025-01-08 17:00:00,N004,1.1768399999999999,1.105,0.0,Normal,Low,Low
2025-01-08 17:00:00,N005,3.53192,1.417,0.0,Normal,Low,Low
2025-01-08 17:00:00,N006,2.328,1.153,0.0,Normal,Low,Low
2025-01-08 17:00:00,N007,9.171872462859868,0.6968691483162787,1.39,Partial_Blockage,Moderate,Moderate
2025-01-08 17:00:00,N008,1.46876,1.123,0.0,Normal,Low,Low
2025-01-08 17:00:00,N009,3.71712,1.271,0.0,Normal,Low,Low
2025-01-08 17:00:00,N010,12.406497145414358,0.6473026498806704,2.188,Partial_Blockage,Moderate,Moderate
2025-01-08 17:00:00,N011,0.9434,1.056,0.0,Normal,Low,Low
2025-01-08 17:00:00,N012,3.24478,1.267,0.0,Normal,Low,Low
2025-01-08 17:00:00,N013,3.6606400000000003,1.462,0.0,Normal,Low,Low
2025-01-08 17:00:00,N014,4.71222,1.326,0.0,Normal,Low,Low
2025-01-08 17:00:00,N015,24.64089974659666,0.5791956301448096,5.184,Severe_Blockage,High,High
2025-01-08 17:00:00,N016,1.3684999999999998,1.066,0.0,Normal,Low,Low
2025-01-08 17:00:00,N017,22.52469118333819,0.44075411958848454,6.298,Severe_Blockage,High,High
2025-01-08 17:00:00,N018,18.925350068974208,0.4975259425121821,4.755,Severe_Blockage,High,High
2025-01-08 17:00:00,N019,8.828055357259204,0.6473937245691924,1.556,Partial_Blockage,Moderate,Moderate
2025-01-08 17:00:00,N020,2.40734,1.173,0.0,Normal,Low,Low
2025-01-08 18:00:00,N001,2.9304,1.487,0.0,Normal,Low,Low
2025-01-08 18:00:00,N002,4.7145,1.437,0.0,Normal,Low,Low
2025-01-08 18:00:00,N003,4.9922,1.39,0.0,Normal,Low,Low
2025-01-08 18:00:00,N004,1.66252,1.199,0.0,Normal,Low,Low
2025-01-08 18:00:00,N005,3.7318399999999996,1.318,0.0,Normal,Low,Low
2025-01-08 18:00:00,N006,1.3967999999999998,1.094,0.0,Normal,Low,Low
2025-01-08 18:00:00,N007,15.523022501815992,0.4318924686586597,4.409,Severe_Blockage,High,High
2025-01-08 18:00:00,N008,27.07092593427857,0.2690049144573142,9.894,Severe_Blockage,Critical,Critical
2025-01-08 18:00:00,N009,3.87072,1.292,0.0,Normal,Low,Low
2025-01-08 18:00:00,N010,1.9902199999999999,1.157,0.0,Normal,Low,Low
2025-01-08 18:00:00,N011,13.501485736834773,0.6062150049680762,2.658,Partial_Blockage,Moderate,Moderate
2025-01-08 18:00:00,N012,13.606686695531593,0.7295299981463317,1.84,Partial_Blockage,Moderate,Moderate
2025-01-08 18:00:00,N013,3.6277600000000003,1.275,0.0,Normal,Low,Low
2025-01-08 18:00:00,N014,5.681399999999999,1.432,0.0,Normal,Low,Moderate
2025-01-08 18:00:00,N015,2.2979600000000002,1.126,0.0,Normal,Low,Low
2025-01-08 18:00:00,N016,1.6099999999999999,1.138,0.0,Normal,Low,Low
2025-01-08 18:00:00,N017,5.080799999999999,1.389,0.0,Normal,Low,Moderate
2025-01-08 18:00:00,N018,4.12728,1.245,0.0,Normal,Low,Low
2025-01-08 18:00:00,N019,9.250400332623697,0.7159957270324447,1.314,Partial_Blockage,Moderate,Moderate
2025-01-08 18:00:00,N020,6.48882,1.336,0.0,Normal,Low,Moderate
2025-01-08 19:00:00,N001,20.75919276322766,0.4528121178306929,5.68,Severe_Blockage,High,High
2025-01-08 19:00:00,N002,3.15198,1.482,0.0,Normal,Low,Low
2025-01-08 19:00:00,N003,0.52212,1.061,0.0,Normal,Low,Low
2025-01-08 19:00:00,N004,4.31508,1.402,0.0,Normal,Low,Low
2025-01-08 19:00:00,N005,1.26616,1.088,0.0,Normal,Low,Low
2025-01-08 19:00:00,N006,0.7566,1.055,0.0,Normal,Low,Low
2025-01-08 19:00:00,N007,3.43824,1.234,0.0,Normal,Low,Low
2025-01-08 19:00:00,N008,2.92746,1.206,0.0,Normal,Low,Low
2025-01-08 19:00:00,N009,1.76128,1.114,0.0,Normal,Low,Low
2025-01-08 19:00:00,N010,2.2403,1.292,0.0,Normal,Low,Low
2025-01-08 19:00:00,N011,3.5298000000000003,1.313,0.0,Normal,Low,Low
2025-01-08 19:00:00,N012,4.07484,1.318,0.0,Normal,Low,Low
2025-01-08 19:00:00,N013,22.683172348427828,0.4522872516331816,6.212,Severe_Blockage,High,High
2025-01-08 19:00:00,N014,2.4173799999999996,1.16,0.0,Normal,Low,Low
2025-01-08 19:00:00,N015,17.128130502014017,0.5209704384209455,4.102,Severe_Blockage,High,High
2025-01-08 19:00:00,N016,2.7485,1.305,0.0,Normal,Low,Low
2025-01-08 19:00:00,N017,24.449541361107222,0.42572863833669494,7.02,Severe_Blockage,High,High
2025-01-08 19:00:00,N018,2.1348,1.137,0.0,Normal,Low,Low
2025-01-08 19:00:00,N019,5.2976,1.532,0.0,Normal,Low,Moderate
2025-01-08 19:00:00,N020,19.52119792427346,0.41416635932746787,5.718,Severe_Blockage,High,High
2025-01-08 20:00:00,N001,30.239041283061624,0.25696271136869586,11.234,Severe_Blockage,Critical,Critical
2025-01-08 20:00:00,N002,2.4246000000000003,1.205,0.0,Normal,Low,Low
2025-01-08 20:00:00,N003,30.84871048965315,0.3483266441107441,10.052,Severe_Blockage,Critical,Critical
2025-01-08 20:00:00,N004,1.90536,1.193,0.0,Normal,Low,Low
2025-01-08 20:00:00,N005,0.8472799999999999,1.066,0.0,Normal,Low,Low
2025-01-08 20:00:00,N006,39.289333898379155,0.30312383888392314,13.69,Severe_Blockage,Critical,Critical
2025-01-08 20:00:00,N007,16.3565415803575,0.5469405824774749,3.705,Severe_Blockage,High,High
2025-01-08 20:00:00,N008,5.16078,1.399,0.0,Normal,Low,Moderate
2025-01-08 20:00:00,N009,17.66908309630968,0.42990540176293984,5.037,Severe_Blockage,High,High
2025-01-08 20:00:00,N010,0.86486,1.063,0.0,Normal,Low,Low
2025-01-08 20:00:00,N011,1.8868,1.128,0.0,Normal,Low,Low
2025-01-08 20:00:00,N012,18.762726516860837,0.4972325186203108,4.717,Severe_Blockage,High,High
2025-01-08 20:00:00,N013,36.71550111328634,0.3261835033586935,12.37,Severe_Blockage,Critical,Critical
2025-01-08 20:00:00,N014,5.347199999999999,1.467,0.0,Normal,Low,Moderate
2025-01-08 20:00:00,N015,5.173240000000001,1.439,0.0,Normal,Low,Moderate
2025-01-08 20:00:00,N016,3.1624999999999996,1.338,0.0,Normal,Low,Low
2025-01-08 20:00:00,N017,2.336,1.119,0.0,Normal,Low,Low
2025-01-08 20:00:00,N018,1.50622,1.128,0.0,Normal,Low,Low
2025-01-08 20:00:00,N019,5.38188,1.336,0.0,Normal,Low,Moderate
2025-01-08 20:00:00,N020,10.8115720259096,0.7089615612082607,1.573,Partial_Blockage,Moderate,Moderate
2025-01-08 21:00:00,N001,3.1064,1.267,0.0,Normal,Low,Low
2025-01-08 21:00:00,N002,3.78058,1.331,0.0,Normal,Low,Low
2025-01-08 21:00:00,N003,3.7739200000000004,1.438,0.0,Normal,Low,Low
2025-01-08 21:00:00,N004,3.5025,1.321,0.0,Normal,Low,Low
2025-01-08 21:00:00,N005,3.808,1.301,0.0,Normal,Low,Low
2025-01-08 21:00:00,N006,3.4629,1.359,0.0,Normal,Low,Low
2025-01-08 21:00:00,N007,2.0846799999999996,1.157,0.0,Normal,Low,Low
2025-01-08 21:00:00,N008,1.27762,1.087,0.0,Normal,Low,Low
2025-01-08 21:00:00,N009,14.060805012727442,0.6334502866968615,2.577,Partial_Blockage,Moderate,Moderate
2025-01-08 21:00:00,N010,2.9071800000000003,1.405,0.0,Normal,Low,Low
2025-01-08 21:00:00,N011,4.0492,1.372,0.0,Normal,Low,Low
2025-01-08 21:00:00,N012,8.88662947737729,0.7125664039466306,1.277,Partial_Blockage,Moderate,Moderate
2025-01-08 21:00:00,N013,4.636080000000001,1.319,0.0,Normal,Low,Low
2025-01-08 21:00:00,N014,5.447459999999999,1.436,0.0,Normal,Low,Moderate
2025-01-08 21:00:00,N015,21.881493314756177,0.4293164205804602,6.244,Severe_Blockage,High,High
2025-01-08 21:00:00,N016,4.83,1.368,0.0,Normal,Low,Low
2025-01-08 21:00:00,N017,1.19136,1.062,0.0,Normal,Low,Low
2025-01-08 21:00:00,N018,6.0723199999999995,1.47,0.0,Normal,Low,Moderate
2025-01-08 21:00:00,N019,4.50296,1.316,0.0,Normal,Low,Low
2025-01-08 21:00:00,N020,3.26274,1.282,0.0,Normal,Low,Low
2025-01-08 22:00:00,N001,23.565932858687802,0.4981319230913213,5.913,Severe_Blockage,High,High
2025-01-08 22:00:00,N002,39.294197710372174,0.3040586867698295,13.673,Severe_Blockage,Critical,Critical
2025-01-08 22:00:00,N003,5.37692,1.505,0.0,Normal,Low,Moderate
2025-01-08 22:00:00,N004,1.8773399999999998,1.222,0.0,Normal,Low,Low
2025-01-08 22:00:00,N005,2.31336,1.382,0.0,Normal,Low,Low
2025-01-08 22:00:00,N006,2.3183000000000002,1.199,0.0,Normal,Low,Low
2025-01-08 22:00:00,N007,5.01904,1.535,0.0,Normal,Low,Moderate
2025-01-08 22:00:00,N008,0.8048000000000001,1.054,0.0,Normal,Low,Low
2025-01-08 22:00:00,N009,1.3824,1.13,0.0,Normal,Low,Low
2025-01-08 22:00:00,N010,36.525287587757205,0.3059901126431056,12.674,Severe_Blockage,Critical,Critical
2025-01-08 22:00:00,N011,2.7984000000000004,1.265,0.0,Normal,Low,Low
2025-01-08 22:00:00,N012,3.8592400000000002,1.357,0.0,Normal,Low,Low
2025-01-08 22:00:00,N013,33.48153548241017,0.38711031163500004,10.26,Severe_Blockage,Critical,Critical
2025-01-08 22:00:00,N014,4.0104,1.382,0.0,Normal,Low,Low
2025-01-08 22:00:00,N015,2.59228,1.202,0.0,Normal,Low,Low
2025-01-08 22:00:00,N016,2.3459999999999996,1.172,0.0,Normal,Low,Low
2025-01-08 22:00:00,N017,3.4339199999999996,1.325,0.0,Normal,Low,Low
2025-01-08 22:00:00,N018,10.997362903617793,0.6889896804187586,1.71,Partial_Blockage,Moderate,Moderate
2025-01-08 22:00:00,N019,1.55316,1.104,0.0,Normal,Low,Low
2025-01-08 22:00:00,N020,5.76784,1.495,0.0,Normal,Low,Moderate
2025-01-08 23:00:00,N001,3.6431999999999998,1.495,0.0,Normal,Low,Low
2025-01-08 23:00:00,N002,8.631378699056857,0.6326123658863496,1.586,Partial_Blockage,Moderate,Moderate
2025-01-08 23:00:00,N003,3.7647600000000003,1.448,0.0,Normal,Low,Low
2025-01-08 23:00:00,N004,0.83126,1.056,0.0,Normal,Low,Low
2025-01-08 23:00:00,N005,1.5612799999999998,1.109,0.0,Normal,Low,Low
2025-01-08 23:00:00,N006,17.59146515710205,0.42844985086845944,5.027,Severe_Blockage,High,High
2025-01-08 23:00:00,N007,0.90896,1.058,0.0,Normal,Low,Low
2025-01-08 23:00:00,N008,0.73438,1.067,0.0,Normal,Low,Low
2025-01-08 23:00:00,N009,0.8704,1.056,0.0,Normal,Low,Low
2025-01-08 23:00:00,N010,2.8655,1.242,0.0,Normal,Low,Low
2025-01-08 23:00:00,N011,0.8162,1.058,0.0,Normal,Low,Low
2025-01-08 23:00:00,N012,3.4927200000000003,1.203,0.0,Normal,Low,Low
2025-01-08 23:00:00,N013,2.20296,1.208,0.0,Normal,Low,Low
2025-01-08 23:00:00,N014,12.37876844709466,0.6010616949952088,2.469,Partial_Blockage,Moderate,Moderate
2025-01-08 23:00:00,N015,1.9810000000000003,1.182,0.0,Normal,Low,Low
2025-01-08 23:00:00,N016,24.78454830478504,0.4522874449405471,6.787,Severe_Blockage,High,High
2025-01-08 23:00:00,N017,21.92183898643993,0.5065617536915854,5.409,Severe_Blockage,High,High
2025-01-08 23:00:00,N018,11.28858955281988,0.6885800810231876,1.758,Partial_Blockage,Moderate,Moderate
2025-01-08 23:00:00,N019,5.00864,1.398,0.0,Normal,Low,Moderate
2025-01-08 23:00:00,N020,4.9491,1.47,0.0,Normal,Low,Low
2025-01-09 00:00:00,N001,1.5928,1.101,0.0,Normal,Low,Low
2025-01-09 00:00:00,N002,4.95696,1.448,0.0,Normal,Low,Low
2025-01-09 00:00:00,N003,3.13272,1.236,0.0,Normal,Low,Low
2025-01-09 00:00:00,N004,16.937714715207672,0.49713850144475275,4.259,Severe_Blockage,High,High
2025-01-09 00:00:00,N005,4.11264,1.381,0.0,Normal,Low,Low
2025-01-09 00:00:00,N006,1.3774,1.086,0.0,Normal,Low,Low
2025-01-09 00:00:00,N007,38.6250572478145,0.2688794731555099,14.12,Severe_Blockage,Critical,Critical
2025-01-09 00:00:00,N008,4.18496,1.45,0.0,Normal,Low,Low
2025-01-09 00:00:00,N009,1.88416,1.231,0.0,Normal,Low,Low
2025-01-09 00:00:00,N010,6.033180000000001,1.469,0.0,Normal,Low,Moderate
2025-01-09 00:00:00,N011,4.897200000000001,1.371,0.0,Normal,Low,Low
2025-01-09 00:00:00,N012,2.1667799999999997,1.137,0.0,Normal,Low,Low
2025-01-09 00:00:00,N013,2.6304000000000003,1.188,0.0,Normal,Low,Low
2025-01-09 00:00:00,N014,3.8098799999999997,1.286,0.0,Normal,Low,Low
2025-01-09 00:00:00,N015,19.127548510363862,0.490923564812786,4.869,Severe_Blockage,High,High
2025-01-09 00:00:00,N016,8.044533806337201,0.7185371445832212,1.132,Partial_Blockage,Moderate,Moderate
2025-01-09 00:00:00,N017,1.99728,1.273,0.0,Normal,Low,Low
2025-01-09 00:00:00,N018,1.25716,1.088,0.0,Normal,Low,Low
2025-01-09 00:00:00,N019,14.943303783331459,0.6560130120270362,2.57,Partial_Blockage,Moderate,Moderate
2025-01-09 00:00:00,N020,4.5825,1.448,0.0,Normal,Low,Low
2025-01-09 01:00:00,N001,1.3024,1.101,0.0,Normal,Low,Low
2025-01-09 01:00:00,N002,28.023338915070106,0.25694793267510513,10.411,Severe_Blockage,Critical,Critical
2025-01-09 01:00:00,N003,0.8152400000000001,1.081,0.0,Normal,Low,Low
2025-01-09 01:00:00,N004,1.51308,1.147,0.0,Normal,Low,Low
2025-01-09 01:00:00,N005,2.4275999999999995,1.232,0.0,Normal,Low,Low
2025-01-09 01:00:00,N006,4.1516,1.4,0.0,Normal,Low,Low
2025-01-09 01:00:00,N007,2.18348,1.144,0.0,Normal,Low,Low
2025-01-09 01:00:00,N008,23.646653380310923,0.5580093580283703,5.226,Severe_Blockage,High,High
2025-01-09 01:00:00,N009,3.5328000000000004,1.406,0.0,Normal,Low,Low
2025-01-09 01:00:00,N010,0.76066,1.082,0.0,Normal,Low,Low
2025-01-09 01:00:00,N011,2.5758,1.27,0.0,Normal,Low,Low
2025-01-09 01:00:00,N012,4.171860000000001,1.389,0.0,Normal,Low,Low
2025-01-09 01:00:00,N013,3.5839200000000004,1.204,0.0,Normal,Low,Low
2025-01-09 01:00:00,N014,2.66246,1.181,0.0,Normal,Low,Low
2025-01-09 01:00:00,N015,1.2338800000000003,1.139,0.0,Normal,Low,Low
2025-01-09 01:00:00,N016,16.19433086792306,0.5168982871588021,3.912,Severe_Blockage,High,High
2025-01-09 01:00:00,N017,1.9155199999999997,1.141,0.0,Normal,Low,Low
2025-01-09 01:00:00,N018,29.823386640801726,0.30821235251705686,10.316,Severe_Blockage,Critical,Critical
2025-01-09 01:00:00,N019,8.682404445762582,0.5976073319462969,1.747,Severe_Blockage,High,Moderate
2025-01-09 01:00:00,N020,14.84396619139185,0.5689287824579384,3.199,Severe_Blockage,High,Moderate
2025-01-09 02:00:00,N001,4.5848,1.424,0.0,Normal,Low,Low
2025-01-09 02:00:00,N002,3.01728,1.286,0.0,Normal,Low,Low
2025-01-09 02:00:00,N003,1.89612,1.118,0.0,Normal,Low,Low
2025-01-09 02:00:00,N004,2.60586,1.199,0.0,Normal,Low,Low
2025-01-09 02:00:00,N005,4.62672,1.447,0.0,Normal,Low,Low
2025-01-09 02:00:00,N006,13.54730865891144,0.5528107375840173,3.029,Severe_Blockage,High,Moderate
2025-01-09 02:00:00,N007,1.50176,1.095,0.0,Normal,Low,Low
2025-01-09 02:00:00,N008,1.99188,1.125,0.0,Normal,Low,Low
2025-01-09 02:00:00,N009,2.77504,1.427,0.0,Normal,Low,Low
2025-01-09 02:00:00,N010,2.605,1.228,0.0,Normal,Low,Low
2025-01-09 02:00:00,N011,14.739651992931996,0.5817682981458734,3.082,Severe_Blockage,High,Moderate
2025-01-09 02:00:00,N012,15.901182436758289,0.5111226040263163,3.887,Severe_Blockage,High,High
2025-01-09 02:00:00,N013,21.92852954896258,0.52216686391786,5.239,Severe_Blockage,High,High
2025-01-09 02:00:00,N014,4.500559999999999,1.348,0.0,Normal,Low,Low
2025-01-09 02:00:00,N015,4.380840000000001,1.424,0.0,Normal,Low,Low
2025-01-09 02:00:00,N016,2.8289999999999997,1.266,0.0,Normal,Low,Low
2025-01-09 02:00:00,N017,18.667125162912097,0.4370575158208046,5.254,Severe_Blockage,High,High
2025-01-09 02:00:00,N018,2.2296799999999997,1.213,0.0,Normal,Low,Low
2025-01-09 02:00:00,N019,28.87806950186353,0.327315284371516,9.713,Severe_Blockage,Critical,Critical
2025-01-09 02:00:00,N020,2.27292,1.143,0.0,Normal,Low,Low
2025-01-09 03:00:00,N001,3.7224000000000004,1.448,0.0,Normal,Low,Low
2025-01-09 03:00:00,N002,3.48424,1.5,0.0,Normal,Low,Low
2025-01-09 03:00:00,N003,1.4472800000000001,1.096,0.0,Normal,Low,Low
2025-01-09 03:00:00,N004,8.821918217458892,0.6166617391623967,1.691,Partial_Blockage,Moderate,Moderate
2025-01-09 03:00:00,N005,8.679050479062823,0.5952967312988002,1.756,Severe_Blockage,High,Moderate
2025-01-09 03:00:00,N006,2.1534,1.23,0.0,Normal,Low,Low
2025-01-09 03:00:00,N007,21.881256130961884,0.4589913621328506,5.919,Severe_Blockage,High,High
2025-01-09 03:00:00,N008,37.48761134315241,0.26127993581177134,13.846,Severe_Blockage,Critical,Critical
2025-01-09 03:00:00,N009,3.1334400000000002,1.288,0.0,Normal,Low,Low
2025-01-09 03:00:00,N010,0.87528,1.078,0.0,Normal,Low,Low
2025-01-09 03:00:00,N011,1.2614,1.088,0.0,Normal,Low,Low
2025-01-09 03:00:00,N012,36.57411400158803,0.3859321175202667,11.229,Severe_Blockage,Critical,Critical
2025-01-09 03:00:00,N013,1.1508,1.058,0.0,Normal,Low,Low
2025-01-09 03:00:00,N014,20.5408924562159,0.4692776078061511,5.451,Severe_Blockage,High,High
2025-01-09 03:00:00,N015,0.8829600000000001,1.067,0.0,Normal,Low,Low
2025-01-09 03:00:00,N016,0.9774999999999999,1.068,0.0,Normal,Low,Low
2025-01-09 03:00:00,N017,3.78432,1.281,0.0,Normal,Low,Low
2025-01-09 03:00:00,N018,14.696756089264383,0.5670838022848778,3.181,Severe_Blockage,High,Moderate
2025-01-09 03:00:00,N019,1.7578399999999998,1.115,0.0,Normal,Low,Low
2025-01-09 03:00:00,N020,4.741359999999999,1.338,0.0,Normal,Low,Low
2025-01-09 04:00:00,N001,3.4144,1.209,0.0,Normal,Low,Low
2025-01-09 04:00:00,N002,4.04998,1.5,0.0,Normal,Low,Low
2025-01-09 04:00:00,N003,2.77548,1.226,0.0,Normal,Low,Low
2025-01-09 04:00:00,N004,1.1581599999999999,1.199,0.0,Normal,Low,Low
2025-01-09 04:00:00,N005,3.53192,1.424,0.0,Normal,Low,Low
2025-01-09 04:00:00,N006,14.895321129796525,0.7183313526837897,2.098,Partial_Blockage,Moderate,Moderate
2025-01-09 04:00:00,N007,16.946084008037538,0.485915531009086,4.356,Severe_Blockage,High,High
2025-01-09 04:00:00,N008,2.99788,1.367,0.0,Normal,Low,Low
2025-01-09 04:00:00,N009,4.90496,1.439,0.0,Normal,Low,Low
2025-01-09 04:00:00,N010,5.09538,1.363,0.0,Normal,Low,Moderate
2025-01-09 04:00:00,N011,3.6252,1.293,0.0,Normal,Low,Low
2025-01-09 04:00:00,N012,2.57642,1.237,0.0,Normal,Low,Low
2025-01-09 04:00:00,N013,2.09336,1.194,0.0,Normal,Low,Low
2025-01-09 04:00:00,N014,4.16636,1.398,0.0,Normal,Low,Low
2025-01-09 04:00:00,N015,35.29136606753397,0.34075112978831745,11.633,Severe_Blockage,Critical,Critical
2025-01-09 04:00:00,N016,8.66714623162397,0.579487670918047,1.822,Severe_Blockage,High,Moderate
2025-01-09 04:00:00,N017,2.07904,1.176,0.0,Normal,Low,Low
2025-01-09 04:00:00,N018,14.079501133732203,0.6252998285060438,2.638,Partial_Blockage,Moderate,Moderate
2025-01-09 04:00:00,N019,3.44344,1.282,0.0,Normal,Low,Low
2025-01-09 04:00:00,N020,12.94444223514391,0.6805489329096279,2.068,Partial_Blockage,Moderate,Moderate
2025-01-09 05:00:00,N001,1.0295999999999998,1.122,0.0,Normal,Low,Low
2025-01-09 05:00:00,N002,19.79135092462912,0.5392018008154205,4.56,Severe_Blockage,High,High
2025-01-09 05:00:00,N003,1.18164,1.131,0.0,Normal,Low,Low
2025-01-09 05:00:00,N004,2.12952,1.241,0.0,Normal,Low,Low
2025-01-09 05:00:00,N005,1.03768,1.096,0.0,Normal,Low,Low
2025-01-09 05:00:00,N006,4.7724,1.53,0.0,Normal,Low,Low
2025-01-09 05:00:00,N007,1.31404,1.105,0.0,Normal,Low,Low
2025-01-09 05:00:00,N008,2.8671,1.206,0.0,Normal,Low,Low
2025-01-09 05:00:00,N009,1.5974400000000002,1.09,0.0,Normal,Low,Low
2025-01-09 05:00:00,N010,0.9899,1.063,0.0,Normal,Low,Low
2025-01-09 05:00:00,N011,2.6394,1.199,0.0,Normal,Low,Low
2025-01-09 05:00:00,N012,11.572976747533339,0.6847789167169338,1.824,Partial_Blockage,Moderate,Moderate
2025-01-09 05:00:00,N013,8.12354912157786,0.7499894514909067,1.015,Partial_Blockage,Moderate,Moderate
2025-01-09 05:00:00,N014,4.378019999999999,1.32,0.0,Normal,Low,Low
2025-01-09 05:00:00,N015,2.1960800000000003,1.123,0.0,Normal,Low,Low
2025-01-09 05:00:00,N016,22.935820118319683,0.4902170592316953,5.846,Severe_Blockage,High,High
2025-01-09 05:00:00,N017,1.3899199999999998,1.155,0.0,Normal,Low,Low
2025-01-09 05:00:00,N018,6.439979999999999,1.5,0.0,Normal,Low,Moderate
2025-01-09 05:00:00,N019,2.38392,1.173,0.0,Normal,Low,Low
2025-01-09 05:00:00,N020,1.88188,1.141,0.0,Normal,Low,Low
2025-01-09 06:00:00,N001,39.78453568770782,0.2926829498294509,14.07,Severe_Blockage,Critical,Critical
2025-01-09 06:00:00,N002,3.40342,1.481,0.0,Normal,Low,Low
2025-01-09 06:00:00,N003,14.917344846980303,0.6531653837924463,2.587,Partial_Blockage,Moderate,Moderate
2025-01-09 06:00:00,N004,36.13349606536641,0.2946541585413827,12.743,Severe_Blockage,Critical,Critical
2025-01-09 06:00:00,N005,3.5985599999999995,1.387,0.0,Normal,Low,Low
2025-01-09 06:00:00,N006,2.0952,1.15,0.0,Normal,Low,Low
2025-01-09 06:00:00,N007,0.7904,1.078,0.0,Normal,Low,Low
2025-01-09 06:00:00,N008,4.305680000000001,1.339,0.0,Normal,Low,Low
2025-01-09 06:00:00,N009,3.3280000000000003,1.244,0.0,Normal,Low,Low
2025-01-09 06:00:00,N010,0.96906,1.079,0.0,Normal,Low,Low
2025-01-09 06:00:00,N011,6.296400000000001,1.534,0.0,Normal,Low,Moderate
2025-01-09 06:00:00,N012,5.26064,1.522,0.0,Normal,Low,Moderate
2025-01-09 06:00:00,N013,21.55555112388866,0.5793108544370323,4.534,Severe_Blockage,High,High
2025-01-09 06:00:00,N014,1.3367999999999998,1.073,0.0,Normal,Low,Low
2025-01-09 06:00:00,N015,12.747338525325297,0.6809603363925911,2.033,Partial_Blockage,Moderate,Moderate
2025-01-09 06:00:00,N016,10.524593076063706,0.7145351052287463,1.502,Partial_Blockage,Moderate,Moderate
2025-01-09 06:00:00,N017,2.42944,1.167,0.0,Normal,Low,Low
2025-01-09 06:00:00,N018,1.17414,1.064,0.0,Normal,Low,Low
2025-01-09 06:00:00,N019,2.66084,1.188,0.0,Normal,Low,Low
2025-01-09 06:00:00,N020,4.99798,1.421,0.0,Normal,Low,Low
2025-01-09 07:00:00,N001,11.181619481074996,0.677091051846473,1.805,Partial_Blockage,Moderate,Moderate
2025-01-09 07:00:00,N002,0.82616,1.06,0.0,Normal,Low,Low
2025-01-09 07:00:00,N003,39.65005550209099,0.265845071430009,14.555,Severe_Blockage,Critical,Critical
2025-01-09 07:00:00,N004,5.10898,1.535,0.0,Normal,Low,Moderate
2025-01-09 07:00:00,N005,3.05592,1.32,0.0,Normal,Low,Low
2025-01-09 07:00:00,N006,3.9576,1.471,0.0,Normal,Low,Low
2025-01-09 07:00:00,N007,3.27028,1.276,0.0,Normal,Low,Low
2025-01-09 07:00:00,N008,1.44864,1.113,0.0,Normal,Low,Low
2025-01-09 07:00:00,N009,2.0787199999999997,1.108,0.0,Normal,Low,Low
2025-01-09 07:00:00,N010,1.96938,1.186,0.0,Normal,Low,Low
2025-01-09 07:00:00,N011,3.2436000000000003,1.242,0.0,Normal,Low,Low
2025-01-09 07:00:00,N012,2.7489,1.296,0.0,Normal,Low,Low
2025-01-09 07:00:00,N013,18.343258622441276,0.5390021052773749,4.228,Severe_Blockage,High,High
2025-01-09 07:00:00,N014,3.9881199999999994,1.364,0.0,Normal,Low,Low
2025-01-09 07:00:00,N015,0.8490000000000001,1.061,0.0,Normal,Low,Low
2025-01-09 07:00:00,N016,3.4614999999999996,1.205,0.0,Normal,Low,Low
2025-01-09 07:00:00,N017,3.1652799999999996,1.173,0.0,Normal,Low,Low
2025-01-09 07:00:00,N018,2.30084,1.101,0.0,Normal,Low,Low
2025-01-09 07:00:00,N019,3.03408,1.194,0.0,Normal,Low,Low
2025-01-09 07:00:00,N020,2.06518,1.181,0.0,Normal,Low,Low
2025-01-09 08:00:00,N001,17.61310115456363,0.42227452190356884,5.088,Severe_Blockage,High,High
2025-01-09 08:00:00,N002,4.19366,1.534,0.0,Normal,Low,Low
2025-01-09 08:00:00,N003,3.2792800000000004,1.298,0.0,Normal,Low,Low
2025-01-09 08:00:00,N004,3.3624,1.321,0.0,Normal,Low,Low
2025-01-09 08:00:00,N005,8.842880751155604,0.6910514789130373,1.366,Partial_Blockage,Moderate,Moderate
2025-01-09 08:00:00,N006,1.0282,1.134,0.0,Normal,Low,Low
2025-01-09 08:00:00,N007,1.34368,1.084,0.0,Normal,Low,Low
2025-01-09 08:00:00,N008,5.74426,1.424,0.0,Normal,Low,Moderate
2025-01-09 08:00:00,N009,3.4611199999999998,1.28,0.0,Normal,Low,Low
2025-01-09 08:00:00,N010,8.401361823952008,0.6900605914287431,1.302,Partial_Blockage,Moderate,Moderate
2025-01-09 08:00:00,N011,5.035,1.405,0.0,Normal,Low,Moderate
2025-01-09 08:00:00,N012,3.27712,1.509,0.0,Normal,Low,Low
2025-01-09 08:00:00,N013,5.743040000000001,1.522,0.0,Normal,Low,Moderate
2025-01-09 08:00:00,N014,2.57334,1.22,0.0,Normal,Low,Low
2025-01-09 08:00:00,N015,4.052560000000001,1.418,0.0,Normal,Low,Low
2025-01-09 08:00:00,N016,39.45486163916189,0.359855076537496,12.628,Severe_Blockage,Critical,Critical
2025-01-09 08:00:00,N017,1.9622399999999998,1.153,0.0,Normal,Low,Low
2025-01-09 08:00:00,N018,2.83454,1.2,0.0,Normal,Low,Low
2025-01-09 08:00:00,N019,37.95226664946179,0.3576552356334092,12.189,Severe_Blockage,Critical,Critical
2025-01-09 08:00:00,N020,23.253103794941005,0.4132430639220272,6.822,Severe_Blockage,High,High
2025-01-09 09:00:00,N001,3.9248,1.444,0.0,Normal,Low,Low
2025-01-09 09:00:00,N002,2.245,1.208,0.0,Normal,Low,Low
2025-01-09 09:00:00,N003,3.74644,1.503,0.0,Normal,Low,Low
2025-01-09 09:00:00,N004,12.566044312416132,0.5833109698576352,2.618,Severe_Blockage,High,Moderate
2025-01-09 09:00:00,N005,4.27448,1.281,0.0,Normal,Low,Low
2025-01-09 09:00:00,N006,19.002066276748632,0.4654322135455951,5.079,Severe_Blockage,High,High
2025-01-09 09:00:00,N007,3.79392,1.289,0.0,Normal,Low,Low
2025-01-09 09:00:00,N008,2.60554,1.264,0.0,Normal,Low,Low
2025-01-09 09:00:00,N009,1.44384,1.105,0.0,Normal,Low,Low
2025-01-09 09:00:00,N010,1.06284,1.074,0.0,Normal,Low,Low
2025-01-09 09:00:00,N011,2.6076,1.218,0.0,Normal,Low,Low
2025-01-09 09:00:00,N012,1.85416,1.105,0.0,Normal,Low,Low
2025-01-09 09:00:00,N013,4.8552800000000005,1.418,0.0,Normal,Low,Low
2025-01-09 09:00:00,N014,25.419798388133504,0.3116129304951012,8.749,Severe_Blockage,Critical,Critical
2025-01-09 09:00:00,N015,1.59612,1.081,0.0,Normal,Low,Low
2025-01-09 09:00:00,N016,1.7594999999999998,1.108,0.0,Normal,Low,Low
2025-01-09 09:00:00,N017,5.255999999999999,1.427,0.0,Normal,Low,Moderate
2025-01-09 09:00:00,N018,13.207688085402054,0.7239512106334725,1.823,Partial_Blockage,Moderate,Moderate
2025-01-09 09:00:00,N019,2.68492,1.177,0.0,Normal,Low,Low
2025-01-09 09:00:00,N020,17.699887373491585,0.44586812568710116,4.904,Severe_Blockage,High,High
2025-01-09 10:00:00,N001,1.1352,1.088,0.0,Normal,Low,Low
2025-01-09 10:00:00,N002,3.7356800000000003,1.388,0.0,Normal,Low,Low
2025-01-09 10:00:00,N003,4.89144,1.368,0.0,Normal,Low,Low
2025-01-09 10:00:00,N004,2.6712399999999996,1.282,0.0,Normal,Low,Low
2025-01-09 10:00:00,N005,17.607359977567146,0.5208346892395437,4.218,Severe_Blockage,High,High
2025-01-09 10:00:00,N006,10.780894328023468,0.6810815599169131,1.719,Partial_Blockage,Moderate,Moderate
2025-01-09 10:00:00,N007,1.9265999999999999,1.162,0.0,Normal,Low,Low
2025-01-09 10:00:00,N008,2.1226599999999998,1.173,0.0,Normal,Low,Low
2025-01-09 10:00:00,N009,2.51904,1.257,0.0,Normal,Low,Low
2025-01-09 10:00:00,N010,3.06348,1.278,0.0,Normal,Low,Low
2025-01-09 10:00:00,N011,3.2117999999999998,1.371,0.0,Normal,Low,Low
2025-01-09 10:00:00,N012,3.1908800000000004,1.326,0.0,Normal,Low,Low
2025-01-09 10:00:00,N013,1.85224,1.156,0.0,Normal,Low,Low
2025-01-09 10:00:00,N014,1.2922399999999998,1.067,0.0,Normal,Low,Low
2025-01-09 10:00:00,N015,2.59228,1.205,0.0,Normal,Low,Low
2025-01-09 10:00:00,N016,3.5534999999999997,1.342,0.0,Normal,Low,Low
2025-01-09 10:00:00,N017,2.26592,1.103,0.0,Normal,Low,Low
2025-01-09 10:00:00,N018,21.07136195021009,0.435194402784918,5.951,Severe_Blockage,High,High
2025-01-09 10:00:00,N019,30.51786592045604,0.37395944564359435,9.553,Severe_Blockage,Critical,Critical
2025-01-09 10:00:00,N020,11.288167554073095,0.6680291185361242,1.874,Partial_Blockage,Moderate,Moderate
2025-01-09 11:00:00,N001,3.3528000000000002,1.463,0.0,Normal,Low,Low
2025-01-09 11:00:00,N002,23.27509509807026,0.44292494982415503,6.483,Severe_Blockage,High,High
2025-01-09 11:00:00,N003,16.569654311488456,0.46045744309418,4.47,Severe_Blockage,High,High
2025-01-09 11:00:00,N004,3.89478,1.475,0.0,Normal,Low,Low
2025-01-09 11:00:00,N005,0.9996,1.111,0.0,Normal,Low,Low
2025-01-09 11:00:00,N006,2.3668,1.191,0.0,Normal,Low,Low
2025-01-09 11:00:00,N007,16.40158434277953,0.5463535326148012,3.72,Severe_Blockage,High,High
2025-01-09 11:00:00,N008,13.738373120331666,0.5707832329737719,2.948,Severe_Blockage,High,Moderate
2025-01-09 11:00:00,N009,5.376,1.468,0.0,Normal,Low,Moderate
2025-01-09 11:00:00,N010,2.5008,1.261,0.0,Normal,Low,Low
2025-01-09 11:00:00,N011,4.0704,1.329,0.0,Normal,Low,Low
2025-01-09 11:00:00,N012,4.1503000000000005,1.275,0.0,Normal,Low,Low
2025-01-09 11:00:00,N013,10.091623530205853,0.5991829191991862,2.022,Severe_Blockage,High,Moderate
2025-01-09 11:00:00,N014,1.06944,1.066,0.0,Normal,Low,Low
2025-01-09 11:00:00,N015,1.38104,1.1,0.0,Normal,Low,Low
2025-01-09 11:00:00,N016,1.771,1.145,0.0,Normal,Low,Low
2025-01-09 11:00:00,N017,3.88944,1.321,0.0,Normal,Low,Low
2025-01-09 11:00:00,N018,6.97368,1.508,0.0,Normal,Low,Moderate
2025-01-09 11:00:00,N019,38.13996009023997,0.3136022013795539,13.09,Severe_Blockage,Critical,Critical
2025-01-09 11:00:00,N020,4.08148,1.411,0.0,Normal,Low,Low
2025-01-09 12:00:00,N001,15.888100867857451,0.5863410272133001,3.286,Severe_Blockage,High,High
2025-01-09 12:00:00,N002,1.05066,1.185,0.0,Normal,Low,Low
2025-01-09 12:00:00,N003,2.9770000000000003,1.307,0.0,Normal,Low,Low
2025-01-09 12:00:00,N004,3.81072,1.312,0.0,Normal,Low,Low
2025-01-09 12:00:00,N005,1.65648,1.107,0.0,Normal,Low,Low
2025-01-09 12:00:00,N006,2.0952,1.26,0.0,Normal,Low,Low
2025-01-09 12:00:00,N007,2.223,1.197,0.0,Normal,Low,Low
2025-01-09 12:00:00,N008,3.04818,1.22,0.0,Normal,Low,Low
2025-01-09 12:00:00,N009,5.8368,1.433,0.0,Normal,Low,Moderate
2025-01-09 12:00:00,N010,3.8970800000000003,1.282,0.0,Normal,Low,Low
2025-01-09 12:00:00,N011,2.9574000000000003,1.419,0.0,Normal,Low,Low
2025-01-09 12:00:00,N012,13.112031875880412,0.5880417268088503,2.701,Severe_Blockage,High,Moderate
2025-01-09 12:00:00,N013,1.3152000000000001,1.091,0.0,Normal,Low,Low
2025-01-09 12:00:00,N014,4.500559999999999,1.424,0.0,Normal,Low,Low
2025-01-09 12:00:00,N015,4.61856,1.533,0.0,Normal,Low,Low
2025-01-09 12:00:00,N016,14.780862331912742,0.5852878332639572,3.065,Severe_Blockage,High,Moderate
2025-01-09 12:00:00,N017,3.9011199999999997,1.328,0.0,Normal,Low,Low
2025-01-09 12:00:00,N018,0.8301999999999999,1.092,0.0,Normal,Low,Low
2025-01-09 12:00:00,N019,5.56248,1.399,0.0,Normal,Low,Moderate
2025-01-09 12:00:00,N020,14.332725334526607,0.6833605269394925,2.269,Partial_Blockage,Moderate,Moderate
2025-01-09 13:00:00,N001,21.62688239103272,0.5169456309625887,5.223,Severe_Blockage,High,High
2025-01-09 13:00:00,N002,22.961171005483735,0.4545889625894451,6.262,Severe_Blockage,High,High
2025-01-09 13:00:00,N003,1.6762800000000002,1.125,0.0,Normal,Low,Low
2025-01-09 13:00:00,N004,1.94272,1.134,0.0,Normal,Low,Low
2025-01-09 13:00:00,N005,36.85974194051286,0.3935882572689684,11.176,Severe_Blockage,Critical,Critical
2025-01-09 13:00:00,N006,2.1534,1.241,0.0,Normal,Low,Low
2025-01-09 13:00:00,N007,1.8870799999999999,1.132,0.0,Normal,Low,Low
2025-01-09 13:00:00,N008,3.22926,1.28,0.0,Normal,Low,Low
2025-01-09 13:00:00,N009,12.68677497827889,0.5827545453183491,2.647,Severe_Blockage,High,Moderate
2025-01-09 13:00:00,N010,1.1253600000000001,1.091,0.0,Normal,Low,Low
2025-01-09 13:00:00,N011,12.78295795981284,0.7117682282399368,1.842,Partial_Blockage,Moderate,Moderate
2025-01-09 13:00:00,N012,1.71402,1.205,0.0,Normal,Low,Low
2025-01-09 13:00:00,N013,6.44448,1.462,0.0,Normal,Low,Moderate
2025-01-09 13:00:00,N014,4.1886399999999995,1.363,0.0,Normal,Low,Low
2025-01-09 13:00:00,N015,3.7469200000000003,1.213,0.0,Normal,Low,Low
2025-01-09 13:00:00,N016,1.426,1.107,0.0,Normal,Low,Low
2025-01-09 13:00:00,N017,2.8032,1.207,0.0,Normal,Low,Low
2025-01-09 13:00:00,N018,3.0717399999999997,1.332,0.0,Normal,Low,Low
2025-01-09 13:00:00,N019,2.37188,1.169,0.0,Normal,Low,Low
2025-01-09 13:00:00,N020,11.923760632865534,0.6144775879399464,2.298,Partial_Blockage,Moderate,Moderate
2025-01-09 14:00:00,N001,0.5808,1.055,0.0,Normal,Low,Low
2025-01-09 14:00:00,N002,2.04744,1.17,0.0,Normal,Low,Low
2025-01-09 14:00:00,N003,3.8197200000000002,1.428,0.0,Normal,Low,Low
2025-01-09 14:00:00,N004,2.1014999999999997,1.275,0.0,Normal,Low,Low
2025-01-09 14:00:00,N005,11.01913031783982,0.7394282079813325,1.436,Partial_Blockage,Moderate,Moderate
2025-01-09 14:00:00,N006,2.5802,1.159,0.0,Normal,Low,Low
2025-01-09 14:00:00,N007,5.60196,1.499,0.0,Normal,Low,Moderate
2025-01-09 14:00:00,N008,0.81486,1.076,0.0,Normal,Low,Low
2025-01-09 14:00:00,N009,3.38944,1.208,0.0,Normal,Low,Low
2025-01-09 14:00:00,N010,24.74097224946203,0.5513434853647075,5.55,Severe_Blockage,High,High
2025-01-09 14:00:00,N011,3.4450000000000003,1.228,0.0,Normal,Low,Low
2025-01-09 14:00:00,N012,1.3690600000000002,1.077,0.0,Normal,Low,Low
2025-01-09 14:00:00,N013,3.7702400000000003,1.384,0.0,Normal,Low,Low
2025-01-09 14:00:00,N014,12.625819079949077,0.7412859220834496,1.633,Partial_Blockage,Moderate,Moderate
2025-01-09 14:00:00,N015,5.501520000000001,1.361,0.0,Normal,Low,Moderate
2025-01-09 14:00:00,N016,5.807499999999999,1.482,0.0,Normal,Low,Moderate
2025-01-09 14:00:00,N017,4.38,1.35,0.0,Normal,Low,Low
2025-01-09 14:00:00,N018,5.6335,1.378,0.0,Normal,Low,Moderate
2025-01-09 14:00:00,N019,5.791239999999999,1.349,0.0,Normal,Low,Moderate
2025-01-09 14:00:00,N020,1.4541799999999998,1.096,0.0,Normal,Low,Low
2025-01-09 15:00:00,N001,2.7544,1.225,0.0,Normal,Low,Low
2025-01-09 15:00:00,N002,27.92680083180587,0.2867497899039489,9.959,Severe_Blockage,Critical,Critical
2025-01-09 15:00:00,N003,11.95522776185987,0.6185220762323805,2.28,Partial_Blockage,Moderate,Moderate
2025-01-09 15:00:00,N004,15.629207058993808,0.45915160126487786,4.227,Severe_Blockage,High,High
2025-01-09 15:00:00,N005,12.013179735000126,0.6108237617755397,2.338,Partial_Blockage,Moderate,Moderate
2025-01-09 15:00:00,N006,3.0361,1.322,0.0,Normal,Low,Low
2025-01-09 15:00:00,N007,4.04092,1.284,0.0,Normal,Low,Low
2025-01-09 15:00:00,N008,31.411374209093406,0.3552493153246629,10.126,Severe_Blockage,Critical,Critical
2025-01-09 15:00:00,N009,1.792,1.131,0.0,Normal,Low,Low
2025-01-09 15:00:00,N010,3.68868,1.258,0.0,Normal,Low,Low
2025-01-09 15:00:00,N011,4.9608,1.45,0.0,Normal,Low,Low
2025-01-09 15:00:00,N012,1.9727400000000002,1.137,0.0,Normal,Low,Low
2025-01-09 15:00:00,N013,24.327148731652056,0.5695686060794052,5.236,Severe_Blockage,High,High
2025-01-09 15:00:00,N014,2.6735999999999995,1.294,0.0,Normal,Low,Low
2025-01-09 15:00:00,N015,0.7924,1.074,0.0,Normal,Low,Low
2025-01-09 15:00:00,N016,5.3475,1.41,0.0,Normal,Low,Moderate
2025-01-09 15:00:00,N017,4.29824,1.439,0.0,Normal,Low,Low
2025-01-09 15:00:00,N018,1.28088,1.168,0.0,Normal,Low,Low
2025-01-09 15:00:00,N019,1.3966399999999999,1.092,0.0,Normal,Low,Low
2025-01-09 15:00:00,N020,4.0325999999999995,1.45,0.0,Normal,Low,Low
2025-01-09 16:00:00,N001,3.9248,1.286,0.0,Normal,Low,Low
2025-01-09 16:00:00,N002,4.51694,1.515,0.0,Normal,Low,Low
2025-01-09 16:00:00,N003,1.4472800000000001,1.203,0.0,Normal,Low,Low
2025-01-09 16:00:00,N004,3.0822,1.294,0.0,Normal,Low,Low
2025-01-09 16:00:00,N005,0.64736,1.054,0.0,Normal,Low,Low
2025-01-09 16:00:00,N006,4.5687,1.458,0.0,Normal,Low,Low
2025-01-09 16:00:00,N007,12.572570134826698,0.6150382626855527,2.42,Partial_Blockage,Moderate,Moderate
2025-01-09 16:00:00,N008,9.401622757656705,0.6569547111461637,1.613,Partial_Blockage,Moderate,Moderate
2025-01-09 16:00:00,N009,4.17792,1.262,0.0,Normal,Low,Low
2025-01-09 16:00:00,N010,3.3865000000000003,1.224,0.0,Normal,Low,Low
2025-01-09 16:00:00,N011,38.25800000217754,0.38864476195217057,11.695,Severe_Blockage,Critical,Critical
2025-01-09 16:00:00,N012,13.951288889286243,0.5796484353907186,2.932,Severe_Blockage,High,Moderate
2025-01-09 16:00:00,N013,2.06048,1.223,0.0,Normal,Low,Low
2025-01-09 16:00:00,N014,0.9246199999999999,1.062,0.0,Normal,Low,Low
2025-01-09 16:00:00,N015,4.19972,1.49,0.0,Normal,Low,Low
2025-01-09 16:00:00,N016,3.1969999999999996,1.378,0.0,Normal,Low,Low
2025-01-09 16:00:00,N017,2.0089599999999996,1.096,0.0,Normal,Low,Low
2025-01-09 16:00:00,N018,5.5742,1.36,0.0,Normal,Low,Moderate
2025-01-09 16:00:00,N019,3.1183599999999996,1.223,0.0,Normal,Low,Low
2025-01-09 16:00:00,N020,1.36864,1.091,0.0,Normal,Low,Low
2025-01-09 17:00:00,N001,0.7832,1.105,0.0,Normal,Low,Low
2025-01-09 17:00:00,N002,2.3886800000000004,1.244,0.0,Normal,Low,Low
2025-01-09 17:00:00,N003,0.66868,1.059,0.0,Normal,Low,Low
2025-01-09 17:00:00,N004,22.55937416951415,0.4384085954500239,6.335,Severe_Blockage,High,High
2025-01-09 17:00:00,N005,3.77944,1.427,0.0,Normal,Low,Low
2025-01-09 17:00:00,N006,4.7142,1.481,0.0,Normal,Low,Low
2025-01-09 17:00:00,N007,4.51516,1.452,0.0,Normal,Low,Low
2025-01-09 17:00:00,N008,2.1427799999999997,1.158,0.0,Normal,Low,Low
2025-01-09 17:00:00,N009,4.864,1.465,0.0,Normal,Low,Low
2025-01-09 17:00:00,N010,20.835653219000633,0.4642450863117731,5.581,Severe_Blockage,High,High
2025-01-09 17:00:00,N011,3.869,1.455,0.0,Normal,Low,Low
2025-01-09 17:00:00,N012,38.59323604821078,0.3964732856063544,11.646,Severe_Blockage,Critical,Critical
2025-01-09 17:00:00,N013,6.87192,1.481,0.0,Normal,Low,Moderate
2025-01-09 17:00:00,N014,2.2279999999999998,1.144,0.0,Normal,Low,Low
2025-01-09 17:00:00,N015,0.9395600000000001,1.068,0.0,Normal,Low,Low
2025-01-09 17:00:00,N016,1.6099999999999999,1.121,0.0,Normal,Low,Low
2025-01-09 17:00:00,N017,3.9828799999999998,1.342,0.0,Normal,Low,Low
2025-01-09 17:00:00,N018,1.779,1.128,0.0,Normal,Low,Low
2025-01-09 17:00:00,N019,13.902780541785631,0.6353588971182517,2.535,Partial_Blockage,Moderate,Moderate
2025-01-09 17:00:00,N020,1.80856,1.097,0.0,Normal,Low,Low
2025-01-09 18:00:00,N001,1.8743999999999998,1.182,0.0,Normal,Low,Low
2025-01-09 18:00:00,N002,3.28668,1.341,0.0,Normal,Low,Low
2025-01-09 18:00:00,N003,35.709164476209814,0.3679546893314213,11.285,Severe_Blockage,Critical,Critical
2025-01-09 18:00:00,N004,4.47386,1.389,0.0,Normal,Low,Low
2025-01-09 18:00:00,N005,10.194567244692717,0.6223325598388495,1.925,Partial_Blockage,Moderate,Moderate
2025-01-09 18:00:00,N006,2.2601,1.266,0.0,Normal,Low,Low
2025-01-09 18:00:00,N007,14.497622572716313,0.6362225099764838,2.637,Partial_Blockage,Moderate,Moderate
2025-01-09 18:00:00,N008,2.8671,1.255,0.0,Normal,Low,Low
2025-01-09 18:00:00,N009,4.64896,1.413,0.0,Normal,Low,Low
2025-01-09 18:00:00,N010,24.804289125051184,0.5868852231310032,5.124,Severe_Blockage,High,High
2025-01-09 18:00:00,N011,1.2402,1.074,0.0,Normal,Low,Low
2025-01-09 18:00:00,N012,3.24478,1.218,0.0,Normal,Low,Low
2025-01-09 18:00:00,N013,6.44448,1.529,0.0,Normal,Low,Moderate
2025-01-09 18:00:00,N014,28.37186652802107,0.320721589302879,9.636,Severe_Blockage,Critical,Critical
2025-01-09 18:00:00,N015,17.402587459890746,0.5294978085247172,4.094,Severe_Blockage,High,High
2025-01-09 18:00:00,N016,2.0814999999999997,1.165,0.0,Normal,Low,Low
2025-01-09 18:00:00,N017,12.635418440087925,0.6346564217331544,2.308,Partial_Blockage,Moderate,Moderate
2025-01-09 18:00:00,N018,1.3876199999999999,1.104,0.0,Normal,Low,Low
2025-01-09 18:00:00,N019,28.09136768376566,0.33463955676625506,9.345,Severe_Blockage,Critical,Critical
2025-01-09 18:00:00,N020,6.953180000000001,1.529,0.0,Normal,Low,Moderate
2025-01-09 19:00:00,N001,4.0920000000000005,1.453,0.0,Normal,Low,Low
2025-01-09 19:00:00,N002,4.00508,1.368,0.0,Normal,Low,Low
2025-01-09 19:00:00,N003,4.122,1.531,0.0,Normal,Low,Low
2025-01-09 19:00:00,N004,3.84808,1.423,0.0,Normal,Low,Low
2025-01-09 19:00:00,N005,2.02776,1.256,0.0,Normal,Low,Low
2025-01-09 19:00:00,N006,19.194033492976374,0.4144327326417444,5.62,Severe_Blockage,High,High
2025-01-09 19:00:00,N007,9.97721390728893,0.6150269325379394,1.92,Partial_Blockage,Moderate,Moderate
2025-01-09 19:00:00,N008,3.60148,1.384,0.0,Normal,Low,Low
2025-01-09 19:00:00,N009,2.70336,1.265,0.0,Normal,Low,Low
2025-01-09 19:00:00,N010,4.81404,1.448,0.0,Normal,Low,Low
2025-01-09 19:00:00,N011,2.12,1.112,0.0,Normal,Low,Low
2025-01-09 19:00:00,N012,1.51998,1.148,0.0,Normal,Low,Low
2025-01-09 19:00:00,N013,4.9977599999999995,1.432,0.0,Normal,Low,Low
2025-01-09 19:00:00,N014,4.0661,1.45,0.0,Normal,Low,Low
2025-01-09 19:00:00,N015,4.765720000000001,1.44,0.0,Normal,Low,Low
2025-01-09 19:00:00,N016,4.14,1.212,0.0,Normal,Low,Low
2025-01-09 19:00:00,N017,1.72864,1.095,0.0,Normal,Low,Low
2025-01-09 19:00:00,N018,3.7121799999999996,1.294,0.0,Normal,Low,Low
2025-01-09 19:00:00,N019,1.19196,1.093,0.0,Normal,Low,Low
2025-01-09 19:00:00,N020,2.16294,1.176,0.0,Normal,Low,Low
2025-01-09 20:00:00,N001,2.4463999999999997,1.27,0.0,Normal,Low,Low
2025-01-09 20:00:00,N002,4.01406,1.346,0.0,Normal,Low,Low
2025-01-09 20:00:00,N003,5.303640000000001,1.493,0.0,Normal,Low,Moderate
2025-01-09 20:00:00,N004,3.67062,1.327,0.0,Normal,Low,Low
2025-01-09 20:00:00,N005,3.2177599999999997,1.266,0.0,Normal,Low,Low
2025-01-09 20:00:00,N006,12.227831627308012,0.5604610051595218,2.687,Severe_Blockage,High,Moderate
2025-01-09 20:00:00,N007,5.42412,1.529,0.0,Normal,Low,Moderate
2025-01-09 20:00:00,N008,2.1126,1.169,0.0,Normal,Low,Low
2025-01-09 20:00:00,N009,11.06448686799597,0.6113388395860304,2.15,Partial_Blockage,Moderate,Moderate
2025-01-09 20:00:00,N010,19.28597533555637,0.47100934254493765,5.101,Severe_Blockage,High,High
2025-01-09 20:00:00,N011,4.0068,1.455,0.0,Normal,Low,Low
2025-01-09 20:00:00,N012,1.80026,1.118,0.0,Normal,Low,Low
2025-01-09 20:00:00,N013,4.74568,1.311,0.0,Normal,Low,Low
2025-01-09 20:00:00,N014,6.093579999999999,1.513,0.0,Normal,Low,Moderate
2025-01-09 20:00:00,N015,14.813682377029346,0.591549788342419,3.025,Severe_Blockage,High,Moderate
2025-01-09 20:00:00,N016,1.6099999999999999,1.092,0.0,Normal,Low,Low
2025-01-09 20:00:00,N017,16.10415458282522,0.49248122896486773,4.087,Severe_Blockage,High,High
2025-01-09 20:00:00,N018,10.579748273350418,0.5810402288587654,2.216,Severe_Blockage,High,Moderate
2025-01-09 20:00:00,N019,4.67152,1.416,0.0,Normal,Low,Low
2025-01-09 20:00:00,N020,5.682300000000001,1.512,0.0,Normal,Low,Moderate
2025-01-09 21:00:00,N001,1.1440000000000001,1.089,0.0,Normal,Low,Low
2025-01-09 21:00:00,N002,0.9249400000000001,1.059,0.0,Normal,Low,Low
2025-01-09 21:00:00,N003,1.2640799999999999,1.137,0.0,Normal,Low,Low
2025-01-09 21:00:00,N004,1.38232,1.1,0.0,Normal,Low,Low
2025-01-09 21:00:00,N005,3.7127999999999997,1.402,0.0,Normal,Low,Low
2025-01-09 21:00:00,N006,0.9311999999999999,1.081,0.0,Normal,Low,Low
2025-01-09 21:00:00,N007,1.1559599999999999,1.087,0.0,Normal,Low,Low
2025-01-09 21:00:00,N008,1.58948,1.142,0.0,Normal,Low,Low
2025-01-09 21:00:00,N009,3.62496,1.324,0.0,Normal,Low,Low
2025-01-09 21:00:00,N010,2.3445,1.214,0.0,Normal,Low,Low
2025-01-09 21:00:00,N011,17.127048054644575,0.4659290215750765,4.574,Severe_Blockage,High,High
2025-01-09 21:00:00,N012,3.7191000000000005,1.241,0.0,Normal,Low,Low
2025-01-09 21:00:00,N013,1.39192,1.089,0.0,Normal,Low,Low
2025-01-09 21:00:00,N014,10.9387388001674,0.5956894890969114,2.211,Severe_Blockage,High,Moderate
2025-01-09 21:00:00,N015,3.2828000000000004,1.408,0.0,Normal,Low,Low
2025-01-09 21:00:00,N016,2.001,1.107,0.0,Normal,Low,Low
2025-01-09 21:00:00,N017,3.41056,1.31,0.0,Normal,Low,Low
2025-01-09 21:00:00,N018,13.666709697663155,0.6528946682928453,2.372,Partial_Blockage,Moderate,Moderate
2025-01-09 21:00:00,N019,4.515,1.319,0.0,Normal,Low,Low
2025-01-09 21:00:00,N020,3.4827,1.287,0.0,Normal,Low,Low
2025-01-09 22:00:00,N001,1.6543999999999999,1.143,0.0,Normal,Low,Low
2025-01-09 22:00:00,N002,5.1096200000000005,1.478,0.0,Normal,Low,Moderate
2025-01-09 22:00:00,N003,13.489380780400479,0.6654781184703287,2.256,Partial_Blockage,Moderate,Moderate
2025-01-09 22:00:00,N004,3.4371199999999997,1.206,0.0,Normal,Low,Low
2025-01-09 22:00:00,N005,1.17096,1.082,0.0,Normal,Low,Low
2025-01-09 22:00:00,N006,1.7168999999999999,1.134,0.0,Normal,Low,Low
2025-01-09 22:00:00,N007,22.6392050681463,0.4123053807625089,6.652,Severe_Blockage,High,High
2025-01-09 22:00:00,N008,20.693138084114125,0.5614751779674241,4.537,Severe_Blockage,High,High
2025-01-09 22:00:00,N009,29.317454446590617,0.2556273183369162,10.912,Severe_Blockage,Critical,Critical
2025-01-09 22:00:00,N010,10.251806671285873,0.7101485488975949,1.486,Partial_Blockage,Moderate,Moderate
2025-01-09 22:00:00,N011,5.522600000000001,1.383,0.0,Normal,Low,Moderate
2025-01-09 22:00:00,N012,10.192671113524074,0.594465785517056,2.067,Severe_Blockage,High,Moderate
2025-01-09 22:00:00,N013,4.3730400000000005,1.448,0.0,Normal,Low,Low
2025-01-09 22:00:00,N014,3.4422599999999997,1.438,0.0,Normal,Low,Low
2025-01-09 22:00:00,N015,3.6676800000000007,1.331,0.0,Normal,Low,Low
2025-01-09 22:00:00,N016,5.243999999999999,1.414,0.0,Normal,Low,Moderate
2025-01-09 22:00:00,N017,2.336,1.21,0.0,Normal,Low,Low
2025-01-09 22:00:00,N018,2.2415399999999996,1.106,0.0,Normal,Low,Low
2025-01-09 22:00:00,N019,1.24012,1.058,0.0,Normal,Low,Low
2025-01-09 22:00:00,N020,1.0998,1.064,0.0,Normal,Low,Low
2025-01-09 23:00:00,N001,11.696256532586558,0.5706708092258034,2.511,Severe_Blockage,High,Moderate
2025-01-09 23:00:00,N002,16.546844496585756,0.4993634793492827,4.142,Severe_Blockage,High,High
2025-01-09 23:00:00,N003,3.59072,1.421,0.0,Normal,Low,Low
2025-01-09 23:00:00,N004,20.92397672491815,0.47199318543153845,5.524,Severe_Blockage,High,High
2025-01-09 23:00:00,N005,4.8076,1.457,0.0,Normal,Low,Low
2025-01-09 23:00:00,N006,2.1048999999999998,1.221,0.0,Normal,Low,Low
2025-01-09 23:00:00,N007,17.530641316977203,0.5160837274421766,4.242,Severe_Blockage,High,High
2025-01-09 23:00:00,N008,2.8671,1.271,0.0,Normal,Low,Low
2025-01-09 23:00:00,N009,23.277149047454003,0.5928611742387935,4.739,Severe_Blockage,High,High
2025-01-09 23:00:00,N010,4.34514,1.304,0.0,Normal,Low,Low
2025-01-09 23:00:00,N011,2.3214,1.155,0.0,Normal,Low,Low
2025-01-09 23:00:00,N012,0.9163,1.061,0.0,Normal,Low,Low
2025-01-09 23:00:00,N013,10.358427746141878,0.5974529632001495,2.085,Severe_Blockage,High,Moderate
2025-01-09 23:00:00,N014,4.5896799999999995,1.349,0.0,Normal,Low,Low
2025-01-09 23:00:00,N015,14.607853849004544,0.5653022497660507,3.175,Severe_Blockage,High,Moderate
2025-01-09 23:00:00,N016,6.5435,1.464,0.0,Normal,Low,Moderate
2025-01-09 23:00:00,N017,3.5156799999999997,1.231,0.0,Normal,Low,Low
2025-01-09 23:00:00,N018,5.550479999999999,1.339,0.0,Normal,Low,Moderate
2025-01-09 23:00:00,N019,5.490239999999999,1.517,0.0,Normal,Low,Moderate
2025-01-09 23:00:00,N020,4.2159,1.314,0.0,Normal,Low,Low
2025-01-10 00:00:00,N001,1.2671999999999999,1.15,0.0,Normal,Low,Low
2025-01-10 00:00:00,N002,5.39698,1.462,0.0,Normal,Low,Moderate
2025-01-10 00:00:00,N003,2.30832,1.291,0.0,Normal,Low,Low
2025-01-10 00:00:00,N004,13.438453317572971,0.5836565431988847,2.798,Severe_Blockage,High,Moderate
2025-01-10 00:00:00,N005,3.75088,1.497,0.0,Normal,Low,Low
2025-01-10 00:00:00,N006,3.2009999999999996,1.219,0.0,Normal,Low,Low
2025-01-10 00:00:00,N007,3.9223600000000003,1.265,0.0,Normal,Low,Low
2025-01-10 00:00:00,N008,1.93152,1.189,0.0,Normal,Low,Low
2025-01-10 00:00:00,N009,3.4713600000000002,1.435,0.0,Normal,Low,Low
2025-01-10 00:00:00,N010,14.263414284949617,0.7214719816541856,1.986,Partial_Blockage,Moderate,Moderate
2025-01-10 00:00:00,N011,1.2084,1.111,0.0,Normal,Low,Low
2025-01-10 00:00:00,N012,2.5333,1.202,0.0,Normal,Low,Low
2025-01-10 00:00:00,N013,3.1784000000000003,1.263,0.0,Normal,Low,Low
2025-01-10 00:00:00,N014,1.5373199999999998,1.097,0.0,Normal,Low,Low
2025-01-10 00:00:00,N015,5.241160000000001,1.517,0.0,Normal,Low,Moderate
2025-01-10 00:00:00,N016,11.676153214415947,0.6414182743215165,2.093,Partial_Blockage,Moderate,Moderate
2025-01-10 00:00:00,N017,5.571359999999999,1.375,0.0,Normal,Low,Moderate
2025-01-10 00:00:00,N018,2.965,1.342,0.0,Normal,Low,Low
2025-01-10 00:00:00,N019,3.69628,1.282,0.0,Normal,Low,Low
2025-01-10 00:00:00,N020,1.2586600000000001,1.063,0.0,Normal,Low,Low
2025-01-10 01:00:00,N001,5.1744,1.497,0.0,Normal,Low,Moderate
2025-01-10 01:00:00,N002,1.0057600000000002,1.118,0.0,Normal,Low,Low
2025-01-10 01:00:00,N003,2.71136,1.221,0.0,Normal,Low,Low
2025-01-10 01:00:00,N004,1.03674,1.092,0.0,Normal,Low,Low
2025-01-10 01:00:00,N005,10.558015368299394,0.5840492968436025,2.196,Severe_Blockage,High,Moderate
2025-01-10 01:00:00,N006,1.4744,1.1,0.0,Normal,Low,Low
2025-01-10 01:00:00,N007,5.24628,1.457,0.0,Normal,Low,Moderate
2025-01-10 01:00:00,N008,4.2252,1.435,0.0,Normal,Low,Low
2025-01-10 01:00:00,N009,0.8192,1.057,0.0,Normal,Low,Low
2025-01-10 01:00:00,N010,2.0319,1.242,0.0,Normal,Low,Low
2025-01-10 01:00:00,N011,8.5224,1.532,0.0,Normal,Low,Moderate
2025-01-10 01:00:00,N012,6.737500000000001,1.472,0.0,Normal,Low,Moderate
2025-01-10 01:00:00,N013,1.4248,1.089,0.0,Normal,Low,Low
2025-01-10 01:00:00,N014,0.8354999999999999,1.06,0.0,Normal,Low,Low
2025-01-10 01:00:00,N015,4.95816,1.424,0.0,Normal,Low,Low
2025-01-10 01:00:00,N016,1.4834999999999998,1.091,0.0,Normal,Low,Low
2025-01-10 01:00:00,N017,16.717956934133355,0.47820450964074024,4.362,Severe_Blockage,High,High
2025-01-10 01:00:00,N018,2.70408,1.141,0.0,Normal,Low,Low
2025-01-10 01:00:00,N019,1.7096799999999999,1.082,0.0,Normal,Low,Low
2025-01-10 01:00:00,N020,1.17312,1.07,0.0,Normal,Low,Low
2025-01-10 02:00:00,N001,21.888140971991618,0.5767338812833334,4.632,Severe_Blockage,High,High
2025-01-10 02:00:00,N002,3.66384,1.402,0.0,Normal,Low,Low
2025-01-10 02:00:00,N003,25.816606410916116,0.3459165930979401,8.443,Severe_Blockage,Critical,Critical
2025-01-10 02:00:00,N004,3.82006,1.321,0.0,Normal,Low,Low
2025-01-10 02:00:00,N005,2.57992,1.256,0.0,Normal,Low,Low
2025-01-10 02:00:00,N006,2.3183000000000002,1.219,0.0,Normal,Low,Low
2025-01-10 02:00:00,N007,17.647152176894068,0.5873479299770372,3.641,Severe_Blockage,High,High
2025-01-10 02:00:00,N008,2.5049400000000004,1.167,0.0,Normal,Low,Low
2025-01-10 02:00:00,N009,4.54656,1.529,0.0,Normal,Low,Low
2025-01-10 02:00:00,N010,5.9706600000000005,1.493,0.0,Normal,Low,Moderate
2025-01-10 02:00:00,N011,6.3282,1.535,0.0,Normal,Low,Moderate
2025-01-10 02:00:00,N012,2.5872,1.161,0.0,Normal,Low,Low
2025-01-10 02:00:00,N013,18.627063591798905,0.47620710937975824,4.878,Severe_Blockage,High,High
2025-01-10 02:00:00,N014,2.07204,1.182,0.0,Normal,Low,Low
2025-01-10 02:00:00,N015,4.4374400000000005,1.386,0.0,Normal,Low,Low
2025-01-10 02:00:00,N016,23.388827619642882,0.4967949996931107,5.885,Severe_Blockage,High,High
2025-01-10 02:00:00,N017,1.97392,1.155,0.0,Normal,Low,Low
2025-01-10 02:00:00,N018,8.29014,1.504,0.0,Normal,Low,Moderate
2025-01-10 02:00:00,N019,1.87824,1.092,0.0,Normal,Low,Low
2025-01-10 02:00:00,N020,5.97558,1.313,0.0,Normal,Low,Moderate
2025-01-10 03:00:00,N001,3.432,1.449,0.0,Normal,Low,Low
2025-01-10 03:00:00,N002,3.39444,1.385,0.0,Normal,Low,Low
2025-01-10 03:00:00,N003,3.0502800000000003,1.27,0.0,Normal,Low,Low
2025-01-10 03:00:00,N004,4.16564,1.418,0.0,Normal,Low,Low
2025-01-10 03:00:00,N005,26.7681320613544,0.360701271653251,8.556,Severe_Blockage,Critical,Critical
2025-01-10 03:00:00,N006,32.63311261135038,0.3819291339572171,10.085,Severe_Blockage,Critical,Critical
2025-01-10 03:00:00,N007,2.72688,1.285,0.0,Normal,Low,Low
2025-01-10 03:00:00,N008,2.79668,1.335,0.0,Normal,Low,Low
2025-01-10 03:00:00,N009,3.8297600000000003,1.267,0.0,Normal,Low,Low
2025-01-10 03:00:00,N010,28.709849103096513,0.2500674289111383,10.765,Severe_Blockage,Critical,Critical
2025-01-10 03:00:00,N011,3.3072000000000004,1.24,0.0,Normal,Low,Low
2025-01-10 03:00:00,N012,21.940664292072583,0.44737161551302906,6.063,Severe_Blockage,High,High
2025-01-10 03:00:00,N013,6.09376,1.515,0.0,Normal,Low,Moderate
2025-01-10 03:00:00,N014,3.4422599999999997,1.211,0.0,Normal,Low,Low
2025-01-10 03:00:00,N015,1.40368,1.109,0.0,Normal,Low,Low
2025-01-10 03:00:00,N016,2.4494999999999996,1.185,0.0,Normal,Low,Low
2025-01-10 03:00:00,N017,1.23808,1.11,0.0,Normal,Low,Low
2025-01-10 03:00:00,N018,11.602384283495509,0.6295842812809601,2.149,Partial_Blockage,Moderate,Moderate
2025-01-10 03:00:00,N019,10.30624,1.517,0.0,Normal,Low,Moderate
2025-01-10 03:00:00,N020,6.76988,1.503,0.0,Normal,Low,Moderate
2025-01-10 04:00:00,N001,1.4696,1.127,0.0,Normal,Low,Low
2025-01-10 04:00:00,N002,4.12182,1.518,0.0,Normal,Low,Low
2025-01-10 04:00:00,N003,11.548991726012336,0.6002882217674772,2.308,Partial_Blockage,Moderate,Moderate
2025-01-10 04:00:00,N004,1.4009999999999998,1.124,0.0,Normal,Low,Low
2025-01-10 04:00:00,N005,1.6850399999999999,1.192,0.0,Normal,Low,Low
2025-01-10 04:00:00,N006,2.6287,1.195,0.0,Normal,Low,Low
2025-01-10 04:00:00,N007,4.80168,1.472,0.0,Normal,Low,Low
2025-01-10 04:00:00,N008,2.0220599999999997,1.135,0.0,Normal,Low,Low
2025-01-10 04:00:00,N009,1.03424,1.088,0.0,Normal,Low,Low
2025-01-10 04:00:00,N010,1.46922,1.102,0.0,Normal,Low,Low
2025-01-10 04:00:00,N011,3.3072000000000004,1.278,0.0,Normal,Low,Low
2025-01-10 04:00:00,N012,4.5276000000000005,1.329,0.0,Normal,Low,Low
2025-01-10 04:00:00,N013,1.39192,1.112,0.0,Normal,Low,Low
2025-01-10 04:00:00,N014,2.46194,1.298,0.0,Normal,Low,Low
2025-01-10 04:00:00,N015,1.0754000000000001,1.067,0.0,Normal,Low,Low
2025-01-10 04:00:00,N016,6.152499999999999,1.426,0.0,Normal,Low,Moderate
2025-01-10 04:00:00,N017,4.5785599999999995,1.313,0.0,Normal,Low,Low
2025-01-10 04:00:00,N018,5.58606,1.461,0.0,Normal,Low,Moderate
2025-01-10 04:00:00,N019,2.4922799999999996,1.134,0.0,Normal,Low,Low
2025-01-10 04:00:00,N020,7.12426,1.51,0.0,Normal,Low,Moderate
2025-01-10 05:00:00,N001,4.224,1.4,0.0,Normal,Low,Low
2025-01-10 05:00:00,N002,0.65554,1.055,0.0,Normal,Low,Low
2025-01-10 05:00:00,N003,0.87936,1.061,0.0,Normal,Low,Low
2025-01-10 05:00:00,N004,2.08282,1.399,0.0,Normal,Low,Low
2025-01-10 05:00:00,N005,10.153130800953509,0.6226438780613398,1.916,Partial_Blockage,Moderate,Moderate
2025-01-10 05:00:00,N006,2.7935999999999996,1.297,0.0,Normal,Low,Low
2025-01-10 05:00:00,N007,13.6071893054169,0.5665664185928606,2.949,Severe_Blockage,High,Moderate
2025-01-10 05:00:00,N008,3.8731,1.488,0.0,Normal,Low,Low
2025-01-10 05:00:00,N009,2.816,1.276,0.0,Normal,Low,Low
2025-01-10 05:00:00,N010,4.3764,1.273,0.0,Normal,Low,Low
2025-01-10 05:00:00,N011,23.263581900713568,0.45306851744307547,6.362,Severe_Blockage,High,High
2025-01-10 05:00:00,N012,22.756550036839215,0.5550200373794707,5.063,Severe_Blockage,High,High
2025-01-10 05:00:00,N013,2.4879200000000004,1.191,0.0,Normal,Low,Low
2025-01-10 05:00:00,N014,2.3951,1.14,0.0,Normal,Low,Low
2025-01-10 05:00:00,N015,13.99223115544157,0.5503142101636509,3.146,Severe_Blockage,High,Moderate
2025-01-10 05:00:00,N016,3.3465,1.263,0.0,Normal,Low,Low
2025-01-10 05:00:00,N017,29.419841332831126,0.3766273827140466,9.17,Severe_Blockage,Critical,Critical
2025-01-10 05:00:00,N018,38.448435098804616,0.30392356726634895,13.382,Severe_Blockage,Critical,Critical
2025-01-10 05:00:00,N019,21.62192489128076,0.5735059492712585,4.611,Severe_Blockage,High,High
2025-01-10 05:00:00,N020,8.143768198201803,0.6615558349416988,1.378,Partial_Blockage,Moderate,Moderate
2025-01-10 06:00:00,N001,2.8952,1.256,0.0,Normal,Low,Low
2025-01-10 06:00:00,N002,22.15232829954771,0.5174288682310196,5.345,Severe_Blockage,High,High
2025-01-10 06:00:00,N003,2.50068,1.336,0.0,Normal,Low,Low
2025-01-10 06:00:00,N004,29.756965207557997,0.3125567398877609,10.228,Severe_Blockage,Critical,Critical
2025-01-10 06:00:00,N005,22.292632791647325,0.503991925285045,5.529,Severe_Blockage,High,High
2025-01-10 06:00:00,N006,2.0467,1.205,0.0,Normal,Low,Low
2025-01-10 06:00:00,N007,6.40224,1.454,0.0,Normal,Low,Moderate
2025-01-10 06:00:00,N008,11.323192191950394,0.6999291528771846,1.699,Partial_Blockage,Moderate,Moderate
2025-01-10 06:00:00,N009,21.673440238039472,0.4586245960250247,5.867,Severe_Blockage,High,High
2025-01-10 06:00:00,N010,3.68868,1.511,0.0,Normal,Low,Low
2025-01-10 06:00:00,N011,1.5476,1.114,0.0,Normal,Low,Low
2025-01-10 06:00:00,N012,10.494262163505537,0.7202656943432771,1.468,Partial_Blockage,Moderate,Moderate
2025-01-10 06:00:00,N013,1.00832,1.072,0.0,Normal,Low,Low
2025-01-10 06:00:00,N014,27.410934147665394,0.30092535548524385,9.581,Severe_Blockage,Critical,Critical
2025-01-10 06:00:00,N015,2.4451200000000006,1.24,0.0,Normal,Low,Low
2025-01-10 06:00:00,N016,20.041813233656853,0.44996041986125,5.512,Severe_Blockage,High,High
2025-01-10 06:00:00,N017,3.46896,1.29,0.0,Normal,Low,Low
2025-01-10 06:00:00,N018,15.505944128991032,0.41888390982282936,4.505,Severe_Blockage,High,High
2025-01-10 06:00:00,N019,0.7826,1.054,0.0,Normal,Low,Low
2025-01-10 06:00:00,N020,3.4827,1.225,0.0,Normal,Low,Low
2025-01-10 07:00:00,N001,0.8888,1.056,0.0,Normal,Low,Low
2025-01-10 07:00:00,N002,0.7004400000000001,1.056,0.0,Normal,Low,Low
2025-01-10 07:00:00,N003,3.3434,1.367,0.0,Normal,Low,Low
2025-01-10 07:00:00,N004,1.14882,1.104,0.0,Normal,Low,Low
2025-01-10 07:00:00,N005,2.1991199999999997,1.16,0.0,Normal,Low,Low
2025-01-10 07:00:00,N006,1.7751000000000001,1.108,0.0,Normal,Low,Low
2025-01-10 07:00:00,N007,1.54128,1.092,0.0,Normal,Low,Low
2025-01-10 07:00:00,N008,23.484566781151088,0.43992300755086006,6.577,Severe_Blockage,High,High
2025-01-10 07:00:00,N009,3.74784,1.326,0.0,Normal,Low,Low
2025-01-10 07:00:00,N010,1.70888,1.091,0.0,Normal,Low,Low
2025-01-10 07:00:00,N011,5.353,1.364,0.0,Normal,Low,Moderate
2025-01-10 07:00:00,N012,10.806484678595401,0.7235660780227942,1.494,Partial_Blockage,Moderate,Moderate
2025-01-10 07:00:00,N013,2.466,1.165,0.0,Normal,Low,Low
2025-01-10 07:00:00,N014,5.313779999999999,1.418,0.0,Normal,Low,Moderate
2025-01-10 07:00:00,N015,10.043604555660027,0.5904268806518082,2.057,Severe_Blockage,High,Moderate
2025-01-10 07:00:00,N016,1.4144999999999999,1.136,0.0,Normal,Low,Low
2025-01-10 07:00:00,N017,4.91728,1.333,0.0,Normal,Low,Low
2025-01-10 07:00:00,N018,3.7596199999999995,1.198,0.0,Normal,Low,Low
2025-01-10 07:00:00,N019,3.50364,1.23,0.0,Normal,Low,Low
2025-01-10 07:00:00,N020,10.829611630530009,0.5610736168667088,2.377,Severe_Blockage,High,Moderate
2025-01-10 08:00:00,N001,3.0008000000000004,1.169,0.0,Normal,Low,Low
2025-01-10 08:00:00,N002,0.9967800000000001,1.058,0.0,Normal,Low,Low
2025-01-10 08:00:00,N003,3.62736,1.233,0.0,Normal,Low,Low
2025-01-10 08:00:00,N004,3.7359999999999998,1.232,0.0,Normal,Low,Low
2025-01-10 08:00:00,N005,13.026721388063699,0.5586253133524967,2.875,Severe_Blockage,High,Moderate
2025-01-10 08:00:00,N006,1.4162,1.096,0.0,Normal,Low,Low
2025-01-10 08:00:00,N007,6.7184,1.513,0.0,Normal,Low,Moderate
2025-01-10 08:00:00,N008,2.3238600000000003,1.137,0.0,Normal,Low,Low
2025-01-10 08:00:00,N009,7.89504,1.523,0.0,Normal,Low,Moderate
2025-01-10 08:00:00,N010,6.1999,1.464,0.0,Normal,Low,Moderate
2025-01-10 08:00:00,N011,2.3638,1.138,0.0,Normal,Low,Low
2025-01-10 08:00:00,N012,21.463162261289312,0.4672514775976907,5.717,Severe_Blockage,High,High
2025-01-10 08:00:00,N013,3.1016800000000004,1.18,0.0,Normal,Low,Low
2025-01-10 08:00:00,N014,16.020429984746343,0.5147038626465433,3.887,Severe_Blockage,High,High
2025-01-10 08:00:00,N015,20.827309566809795,0.5699844440332754,4.478,Severe_Blockage,High,High
2025-01-10 08:00:00,N016,6.6125,1.531,0.0,Normal,Low,Moderate
2025-01-10 08:00:00,N017,6.178719999999999,1.247,0.0,Normal,Low,Moderate
2025-01-10 08:00:00,N018,25.57625403653567,0.27146409246687914,9.317,Severe_Blockage,Critical,Critical
2025-01-10 08:00:00,N019,5.5263599999999995,1.348,0.0,Normal,Low,Moderate
2025-01-10 08:00:00,N020,7.24646,1.448,0.0,Normal,Low,Moderate
2025-01-10 09:00:00,N001,14.595270183502318,0.7209859026947834,2.036,Partial_Blockage,Moderate,Moderate
2025-01-10 09:00:00,N002,16.383904286496684,0.4530404806714979,4.481,Severe_Blockage,High,High
2025-01-10 09:00:00,N003,1.79536,1.076,0.0,Normal,Low,Low
2025-01-10 09:00:00,N004,9.283959999999999,1.454,0.0,Normal,Low,Moderate
2025-01-10 09:00:00,N005,8.33952,1.525,0.0,Normal,Low,Moderate
2025-01-10 09:00:00,N006,1.843,1.091,0.0,Normal,Low,Low
2025-01-10 09:00:00,N007,3.98164,1.208,0.0,Normal,Low,Low
2025-01-10 09:00:00,N008,21.94217059687991,0.5974793836967061,4.416,Severe_Blockage,High,High
2025-01-10 09:00:00,N009,4.52608,1.227,0.0,Normal,Low,Low
2025-01-10 09:00:00,N010,1.2920800000000001,1.055,0.0,Normal,Low,Low
2025-01-10 09:00:00,N011,4.4308,1.233,0.0,Normal,Low,Low
2025-01-10 09:00:00,N012,2.94294,1.134,0.0,Normal,Low,Low
2025-01-10 09:00:00,N013,11.738160000000002,1.521,0.0,Normal,Low,Moderate
2025-01-10 09:00:00,N014,2.5065,1.092,0.0,Normal,Low,Low
2025-01-10 09:00:00,N015,6.633520000000001,1.323,0.0,Normal,Low,Moderate
2025-01-10 09:00:00,N016,1.6329999999999998,1.059,0.0,Normal,Low,Low
2025-01-10 09:00:00,N017,4.391679999999999,1.147,0.0,Normal,Low,Low
2025-01-10 09:00:00,N018,6.1672,1.526,0.0,Normal,Low,Moderate
2025-01-10 09:00:00,N019,2.2274,1.067,0.0,Normal,Low,Low
2025-01-10 09:00:00,N020,10.713095437925976,0.645210119073346,1.9,Partial_Blockage,Moderate,Moderate
2025-01-10 10:00:00,N001,3.6256,1.233,0.0,Normal,Low,Low
2025-01-10 10:00:00,N002,25.357073167545078,0.2566920957542599,9.424,Severe_Blockage,Critical,Critical
2025-01-10 10:00:00,N003,1.49308,1.173,0.0,Normal,Low,Low
2025-01-10 10:00:00,N004,1.4196799999999998,1.109,0.0,Normal,Low,Low
2025-01-10 10:00:00,N005,1.8373599999999999,1.15,0.0,Normal,Low,Low
2025-01-10 10:00:00,N006,1.6393,1.12,0.0,Normal,Low,Low
2025-01-10 10:00:00,N007,1.78828,1.113,0.0,Normal,Low,Low
2025-01-10 10:00:00,N008,18.272058489525364,0.5433124756565486,4.172,Severe_Blockage,High,High
2025-01-10 10:00:00,N009,4.83328,1.385,0.0,Normal,Low,Low
2025-01-10 10:00:00,N010,2.78214,1.278,0.0,Normal,Low,Low
2025-01-10 10:00:00,N011,2.279,1.239,0.0,Normal,Low,Low
2025-01-10 10:00:00,N012,5.59482,1.537,0.0,Normal,Low,Moderate
2025-01-10 10:00:00,N013,4.74568,1.45,0.0,Normal,Low,Low
2025-01-10 10:00:00,N014,2.3059799999999995,1.166,0.0,Normal,Low,Low
2025-01-10 10:00:00,N015,15.492877463857214,0.4630417380711046,4.16,Severe_Blockage,High,High
2025-01-10 10:00:00,N016,4.8069999999999995,1.285,0.0,Normal,Low,Low
2025-01-10 10:00:00,N017,2.2425599999999997,1.138,0.0,Normal,Low,Low
2025-01-10 10:00:00,N018,6.6415999999999995,1.33,0.0,Normal,Low,Moderate
2025-01-10 10:00:00,N019,3.28692,1.214,0.0,Normal,Low,Low
2025-01-10 10:00:00,N020,1.9185400000000001,1.129,0.0,Normal,Low,Low
2025-01-10 11:00:00,N001,12.867632389644248,0.555130183393801,2.862,Severe_Blockage,High,Moderate
2025-01-10 11:00:00,N002,24.442414862425494,0.49932780461323906,6.119,Severe_Blockage,High,High
2025-01-10 11:00:00,N003,18.793859209327625,0.5365770240509722,4.355,Severe_Blockage,High,High
2025-01-10 11:00:00,N004,1.32628,1.107,0.0,Normal,Low,Low
2025-01-10 11:00:00,N005,2.2847999999999997,1.167,0.0,Normal,Low,Low
2025-01-10 11:00:00,N006,3.2786,1.51,0.0,Normal,Low,Low
2025-01-10 11:00:00,N007,2.75652,1.288,0.0,Normal,Low,Low
2025-01-10 11:00:00,N008,4.587359999999999,1.291,0.0,Normal,Low,Low
2025-01-10 11:00:00,N009,3.3177600000000003,1.202,0.0,Normal,Low,Low
2025-01-10 11:00:00,N010,0.95864,1.076,0.0,Normal,Low,Low
2025-01-10 11:00:00,N011,2.9998,1.266,0.0,Normal,Low,Low
2025-01-10 11:00:00,N012,1.48764,1.091,0.0,Normal,Low,Low
2025-01-10 11:00:00,N013,33.060281213613315,0.28382262795093244,11.839,Severe_Blockage,Critical,Critical
2025-01-10 11:00:00,N014,9.731736152382625,0.6546666478544388,1.68,Partial_Blockage,Moderate,Moderate
2025-01-10 11:00:00,N015,2.8526400000000005,1.286,0.0,Normal,Low,Low
2025-01-10 11:00:00,N016,31.87875735814481,0.30993315624990936,10.999,Severe_Blockage,Critical,Critical
2025-01-10 11:00:00,N017,4.088,1.247,0.0,Normal,Low,Low
2025-01-10 11:00:00,N018,34.522603285244585,0.2591850522725302,12.787,Severe_Blockage,Critical,Critical
2025-01-10 11:00:00,N019,3.2387599999999996,1.203,0.0,Normal,Low,Low
2025-01-10 11:00:00,N020,3.8493,1.458,0.0,Normal,Low,Low
2025-01-10 12:00:00,N001,2.2792,1.245,0.0,Normal,Low,Low
2025-01-10 12:00:00,N002,1.31108,1.084,0.0,Normal,Low,Low
2025-01-10 12:00:00,N003,16.35325642615262,0.46883126321816865,4.343,Severe_Blockage,High,High
2025-01-10 12:00:00,N004,3.46514,1.269,0.0,Normal,Low,Low
2025-01-10 12:00:00,N005,15.389205307865733,0.5081445121919834,3.785,Severe_Blockage,High,High
2025-01-10 12:00:00,N006,2.8712,1.331,0.0,Normal,Low,Low
2025-01-10 12:00:00,N007,2.01552,1.139,0.0,Normal,Low,Low
2025-01-10 12:00:00,N008,25.360757135099067,0.3221361659824654,8.596,Severe_Blockage,Critical,Critical
2025-01-10 12:00:00,N009,0.7168,1.053,0.0,Normal,Low,Low
2025-01-10 12:00:00,N010,30.312468624490936,0.3416440620343964,9.978,Severe_Blockage,Critical,Critical
2025-01-10 12:00:00,N011,3.074,1.439,0.0,Normal,Low,Low
2025-01-10 12:00:00,N012,3.68676,1.333,0.0,Normal,Low,Low
2025-01-10 12:00:00,N013,2.15912,1.11,0.0,Normal,Low,Low
2025-01-10 12:00:00,N014,11.00918163155089,0.6662450571643651,1.837,Partial_Blockage,Moderate,Moderate
2025-01-10 12:00:00,N015,7.120280000000001,1.468,0.0,Normal,Low,Moderate
2025-01-10 12:00:00,N016,2.0355,1.133,0.0,Normal,Low,Low
2025-01-10 12:00:00,N017,37.70398415863753,0.2838201456464012,13.501,Severe_Blockage,Critical,Critical
2025-01-10 12:00:00,N018,27.76311571391098,0.25870413310039103,10.29,Severe_Blockage,Critical,Critical
2025-01-10 12:00:00,N019,2.96184,1.224,0.0,Normal,Low,Low
2025-01-10 12:00:00,N020,4.81468,1.406,0.0,Normal,Low,Low
2025-01-10 13:00:00,N001,4.461600000000001,1.328,0.0,Normal,Low,Low
2025-01-10 13:00:00,N002,4.25652,1.312,0.0,Normal,Low,Low
2025-01-10 13:00:00,N003,1.81368,1.135,0.0,Normal,Low,Low
2025-01-10 13:00:00,N004,1.94272,1.103,0.0,Normal,Low,Low
2025-01-10 13:00:00,N005,3.88416,1.3,0.0,Normal,Low,Low
2025-01-10 13:00:00,N006,13.119362847506345,0.6397446538135511,2.363,Partial_Blockage,Moderate,Moderate
2025-01-10 13:00:00,N007,1.75864,1.145,0.0,Normal,Low,Low
2025-01-10 13:00:00,N008,9.299929211464208,0.5772697904747596,1.966,Severe_Blockage,High,Moderate
2025-01-10 13:00:00,N009,2.89792,1.22,0.0,Normal,Low,Low
2025-01-10 13:00:00,N010,33.04353302533145,0.3484956719223382,10.764,Severe_Blockage,Critical,Critical
2025-01-10 13:00:00,N011,1.7808,1.106,0.0,Normal,Low,Low
2025-01-10 13:00:00,N012,2.7381200000000003,1.16,0.0,Normal,Low,Low
2025-01-10 13:00:00,N013,2.1372,1.112,0.0,Normal,Low,Low
2025-01-10 13:00:00,N014,1.9160799999999998,1.134,0.0,Normal,Low,Low
2025-01-10 13:00:00,N015,13.866176775167933,0.6556497688624946,2.387,Partial_Blockage,Moderate,Moderate
2025-01-10 13:00:00,N016,1.0465,1.071,0.0,Normal,Low,Low
2025-01-10 13:00:00,N017,18.21493003053854,0.4948824920679288,4.6,Severe_Blockage,High,High
2025-01-10 13:00:00,N018,4.9812,1.291,0.0,Normal,Low,Low
2025-01-10 13:00:00,N019,12.468869657221664,0.5891988544280848,2.561,Severe_Blockage,High,Moderate
2025-01-10 13:00:00,N020,3.7270999999999996,1.212,0.0,Normal,Low,Low
2025-01-10 14:00:00,N001,13.103495049891283,0.5702284375572692,2.816,Severe_Blockage,High,Moderate
2025-01-10 14:00:00,N002,1.74212,1.133,0.0,Normal,Low,Low
2025-01-10 14:00:00,N003,3.3892,1.175,0.0,Normal,Low,Low
2025-01-10 14:00:00,N004,3.88544,1.28,0.0,Normal,Low,Low
2025-01-10 14:00:00,N005,2.60848,1.166,0.0,Normal,Low,Low
2025-01-10 14:00:00,N006,15.085047305106107,0.5585264945921741,3.33,Severe_Blockage,High,High
2025-01-10 14:00:00,N007,39.028031370935935,0.3308816203443356,13.057,Severe_Blockage,Critical,Critical
2025-01-10 14:00:00,N008,4.91934,1.328,0.0,Normal,Low,Low
2025-01-10 14:00:00,N009,4.096,1.264,0.0,Normal,Low,Low
2025-01-10 14:00:00,N010,5.68932,1.459,0.0,Normal,Low,Moderate
2025-01-10 14:00:00,N011,6.0102,1.447,0.0,Normal,Low,Moderate
2025-01-10 14:00:00,N012,22.99164362078251,0.5743955609495695,4.893,Severe_Blockage,High,High
2025-01-10 14:00:00,N013,5.414240000000001,1.298,0.0,Normal,Low,Moderate
2025-01-10 14:00:00,N014,12.10059478909943,0.5779896972974885,2.553,Severe_Blockage,High,Moderate
2025-01-10 14:00:00,N015,8.17304,1.519,0.0,Normal,Low,Moderate
2025-01-10 14:00:00,N016,8.574825361526782,0.5788389962244972,1.806,Severe_Blockage,High,Moderate
2025-01-10 14:00:00,N017,24.25392195579176,0.47225488021025624,6.4,Severe_Blockage,High,High
2025-01-10 14:00:00,N018,4.17472,1.289,0.0,Normal,Low,Low
2025-01-10 14:00:00,N019,2.54044,1.145,0.0,Normal,Low,Low
2025-01-10 14:00:00,N020,8.60288,1.532,0.0,Normal,Low,Moderate
2025-01-10 15:00:00,N001,1.1968,1.089,0.0,Normal,Low,Low
2025-01-10 15:00:00,N002,2.07438,1.206,0.0,Normal,Low,Low
2025-01-10 15:00:00,N003,2.07932,1.201,0.0,Normal,Low,Low
2025-01-10 15:00:00,N004,3.81072,1.366,0.0,Normal,Low,Low
2025-01-10 15:00:00,N005,3.17968,1.328,0.0,Normal,Low,Low
2025-01-10 15:00:00,N006,1.1348999999999998,1.057,0.0,Normal,Low,Low
2025-01-10 15:00:00,N007,3.67536,1.366,0.0,Normal,Low,Low
2025-01-10 15:00:00,N008,1.6599,1.117,0.0,Normal,Low,Low
2025-01-10 15:00:00,N009,0.67584,1.053,0.0,Normal,Low,Low
2025-01-10 15:00:00,N010,2.5320600000000004,1.138,0.0,Normal,Low,Low
2025-01-10 15:00:00,N011,5.2788,1.402,0.0,Normal,Low,Moderate
2025-01-10 15:00:00,N012,12.939213926231453,0.5638553987008986,2.822,Severe_Blockage,High,Moderate
2025-01-10 15:00:00,N013,8.579922318519055,0.6453708080210901,1.521,Partial_Blockage,Moderate,Moderate
2025-01-10 15:00:00,N014,2.27256,1.237,0.0,Normal,Low,Low
2025-01-10 15:00:00,N015,4.72044,1.433,0.0,Normal,Low,Low
2025-01-10 15:00:00,N016,2.5185,1.412,0.0,Normal,Low,Low
2025-01-10 15:00:00,N017,7.08976,1.464,0.0,Normal,Low,Moderate
2025-01-10 15:00:00,N018,4.96934,1.349,0.0,Normal,Low,Low
2025-01-10 15:00:00,N019,19.111393201759753,0.41693401435310984,5.572,Severe_Blockage,High,High
2025-01-10 15:00:00,N020,6.0366800000000005,1.485,0.0,Normal,Low,Moderate
2025-01-10 16:00:00,N001,1.98,1.173,0.0,Normal,Low,Low
2025-01-10 16:00:00,N002,32.508519411858494,0.36312285070517014,10.352,Severe_Blockage,Critical,Critical
2025-01-10 16:00:00,N003,14.530872319285656,0.560800975675298,3.191,Severe_Blockage,High,Moderate
2025-01-10 16:00:00,N004,2.76464,1.384,0.0,Normal,Low,Low
2025-01-10 16:00:00,N005,0.94248,1.082,0.0,Normal,Low,Low
2025-01-10 16:00:00,N006,1.9788,1.231,0.0,Normal,Low,Low
2025-01-10 16:00:00,N007,15.731118400091715,0.5671053806933907,3.405,Severe_Blockage,High,High
2025-01-10 16:00:00,N008,24.49130166076609,0.5632579540497975,5.348,Severe_Blockage,High,High
2025-01-10 16:00:00,N009,5.60128,1.478,0.0,Normal,Low,Moderate
2025-01-10 16:00:00,N010,3.3865000000000003,1.234,0.0,Normal,Low,Low
2025-01-10 16:00:00,N011,7.6956,1.472,0.0,Normal,Low,Moderate
2025-01-10 16:00:00,N012,9.303137270929751,0.7315882813371406,1.249,Partial_Blockage,Moderate,Moderate
2025-01-10 16:00:00,N013,1.2494399999999999,1.09,0.0,Normal,Low,Low
2025-01-10 16:00:00,N014,9.365562793848259,0.5806780850236358,1.964,Severe_Blockage,High,Moderate
2025-01-10 16:00:00,N015,3.5431600000000003,1.269,0.0,Normal,Low,Low
2025-01-10 16:00:00,N016,3.5534999999999997,1.214,0.0,Normal,Low,Low
2025-01-10 16:00:00,N017,3.0601599999999998,1.231,0.0,Normal,Low,Low
2025-01-10 16:00:00,N018,28.172067006307287,0.3788485665399538,8.75,Severe_Blockage,Critical,Critical
2025-01-10 16:00:00,N019,9.049595238488262,0.6336757379391924,1.658,Partial_Blockage,Moderate,Moderate
2025-01-10 16:00:00,N020,4.53362,1.368,0.0,Normal,Low,Low
2025-01-10 17:00:00,N001,1.6192,1.14,0.0,Normal,Low,Low
2025-01-10 17:00:00,N002,0.88004,1.078,0.0,Normal,Low,Low
2025-01-10 17:00:00,N003,16.952874794731372,0.5812936842109752,3.549,Severe_Blockage,High,High
2025-01-10 17:00:00,N004,19.779308839564596,0.42366203564958527,5.7,Severe_Blockage,High,High
2025-01-10 17:00:00,N005,2.8845599999999996,1.353,0.0,Normal,Low,Low
2025-01-10 17:00:00,N006,3.5793,1.198,0.0,Normal,Low,Low
2025-01-10 17:00:00,N007,2.41072,1.201,0.0,Normal,Low,Low
2025-01-10 17:00:00,N008,1.84098,1.142,0.0,Normal,Low,Low
2025-01-10 17:00:00,N009,2.26304,1.184,0.0,Normal,Low,Low
2025-01-10 17:00:00,N010,0.50016,1.064,0.0,Normal,Low,Low
2025-01-10 17:00:00,N011,8.093604931843789,0.684834044824858,1.275,Partial_Blockage,Moderate,Moderate
2025-01-10 17:00:00,N012,1.5523200000000001,1.09,0.0,Normal,Low,Low
2025-01-10 17:00:00,N013,2.8276800000000004,1.167,0.0,Normal,Low,Low
2025-01-10 17:00:00,N014,1.7378399999999998,1.13,0.0,Normal,Low,Low
2025-01-10 17:00:00,N015,3.8035200000000002,1.302,0.0,Normal,Low,Low
2025-01-10 17:00:00,N016,3.726,1.26,0.0,Normal,Low,Low
2025-01-10 17:00:00,N017,12.553815397991404,0.5606501336946278,2.758,Severe_Blockage,High,Moderate
2025-01-10 17:00:00,N018,12.039332350507436,0.6464349691533664,2.128,Partial_Blockage,Moderate,Moderate
2025-01-10 17:00:00,N019,5.40596,1.388,0.0,Normal,Low,Moderate
2025-01-10 17:00:00,N020,2.96946,1.21,0.0,Normal,Low,Low
2025-01-10 18:00:00,N001,1.2408,1.09,0.0,Normal,Low,Low
2025-01-10 18:00:00,N002,2.88258,1.226,0.0,Normal,Low,Low
2025-01-10 18:00:00,N003,2.21672,1.256,0.0,Normal,Low,Low
2025-01-10 18:00:00,N004,12.173215554633828,0.6966625010461455,1.846,Partial_Blockage,Moderate,Moderate
2025-01-10 18:00:00,N005,1.904,1.111,0.0,Normal,Low,Low
2025-01-10 18:00:00,N006,4.491099999999999,1.37,0.0,Normal,Low,Low
2025-01-10 18:00:00,N007,8.208020493495033,0.6725897808929941,1.344,Partial_Blockage,Moderate,Moderate
2025-01-10 18:00:00,N008,5.21108,1.537,0.0,Normal,Low,Moderate
2025-01-10 18:00:00,N009,20.663533783813037,0.5714005434065097,4.428,Severe_Blockage,High,High
2025-01-10 18:00:00,N010,18.44496218745604,0.5736557033097367,3.932,Severe_Blockage,High,High
2025-01-10 18:00:00,N011,1.1766,1.08,0.0,Normal,Low,Low
2025-01-10 18:00:00,N012,17.37335514746372,0.46127822784998973,4.68,Severe_Blockage,High,High
2025-01-10 18:00:00,N013,38.59272048622171,0.2831027645093658,13.834,Severe_Blockage,Critical,Critical
2025-01-10 18:00:00,N014,5.78166,1.504,0.0,Normal,Low,Moderate
2025-01-10 18:00:00,N015,3.7808800000000002,1.299,0.0,Normal,Low,Low
2025-01-10 18:00:00,N016,3.4269999999999996,1.195,0.0,Normal,Low,Low
2025-01-10 18:00:00,N017,34.66924045185488,0.30834230494828613,11.99,Severe_Blockage,Critical,Critical
2025-01-10 18:00:00,N018,14.481041457010509,0.7397208234773087,1.885,Partial_Blockage,Moderate,Moderate
2025-01-10 18:00:00,N019,4.1538,1.339,0.0,Normal,Low,Low
2025-01-10 18:00:00,N020,1.9552,1.108,0.0,Normal,Low,Low
2025-01-10 19:00:00,N001,3.7487999999999997,1.379,0.0,Normal,Low,Low
2025-01-10 19:00:00,N002,1.1853600000000002,1.087,0.0,Normal,Low,Low
2025-01-10 19:00:00,N003,1.56636,1.121,0.0,Normal,Low,Low
2025-01-10 19:00:00,N004,14.709344698654188,0.6102418180644904,2.867,Partial_Blockage,Moderate,Moderate
2025-01-10 19:00:00,N005,2.56088,1.17,0.0,Normal,Low,Low
2025-01-10 19:00:00,N006,3.9576,1.437,0.0,Normal,Low,Low
2025-01-10 19:00:00,N007,3.76428,1.38,0.0,Normal,Low,Low
2025-01-10 19:00:00,N008,4.3459200000000004,1.36,0.0,Normal,Low,Low
2025-01-10 19:00:00,N009,20.419462321933647,0.5451840048792939,4.644,Severe_Blockage,High,High
2025-01-10 19:00:00,N010,3.1364199999999998,1.348,0.0,Normal,Low,Low
2025-01-10 19:00:00,N011,4.441400000000001,1.298,0.0,Normal,Low,Low
2025-01-10 19:00:00,N012,4.5815,1.322,0.0,Normal,Low,Low
2025-01-10 19:00:00,N013,2.7948,1.159,0.0,Normal,Low,Low
2025-01-10 19:00:00,N014,2.3394,1.22,0.0,Normal,Low,Low
2025-01-10 19:00:00,N015,3.89408,1.358,0.0,Normal,Low,Low
2025-01-10 19:00:00,N016,10.62663549111545,0.634799825431796,1.94,Partial_Blockage,Moderate,Moderate
2025-01-10 19:00:00,N017,7.615359999999999,1.496,0.0,Normal,Low,Moderate
2025-01-10 19:00:00,N018,6.831359999999999,1.513,0.0,Normal,Low,Moderate
2025-01-10 19:00:00,N019,3.03408,1.206,0.0,Normal,Low,Low
2025-01-10 19:00:00,N020,4.61916,1.33,0.0,Normal,Low,Low
2025-01-10 20:00:00,N001,14.4343016072412,0.6508952923761859,2.52,Partial_Blockage,Moderate,Moderate
2025-01-10 20:00:00,N002,3.5022,1.386,0.0,Normal,Low,Low
2025-01-10 20:00:00,N003,2.8396000000000003,1.261,0.0,Normal,Low,Low
2025-01-10 20:00:00,N004,5.09964,1.522,0.0,Normal,Low,Moderate
2025-01-10 20:00:00,N005,20.955393109266094,0.5121272989416813,5.112,Severe_Blockage,High,High
2025-01-10 20:00:00,N006,5.267099999999999,1.354,0.0,Normal,Low,Moderate
2025-01-10 20:00:00,N007,2.60832,1.192,0.0,Normal,Low,Low
2025-01-10 20:00:00,N008,12.4316694292136,0.6968653860358958,1.884,Partial_Blockage,Moderate,Moderate
2025-01-10 20:00:00,N009,4.33152,1.481,0.0,Normal,Low,Low
2025-01-10 20:00:00,N010,3.0218,1.229,0.0,Normal,Low,Low
2025-01-10 20:00:00,N011,9.657592173509942,0.6887010526085523,1.503,Partial_Blockage,Moderate,Moderate
2025-01-10 20:00:00,N012,1.87572,1.118,0.0,Normal,Low,Low
2025-01-10 20:00:00,N013,13.189485634727149,0.5566084604701375,2.924,Severe_Blockage,High,Moderate
2025-01-10 20:00:00,N014,2.9743799999999996,1.294,0.0,Normal,Low,Low
2025-01-10 20:00:00,N015,23.82216016401595,0.5449960036488376,5.42,Severe_Blockage,High,High
2025-01-10 20:00:00,N016,1.4605,1.103,0.0,Normal,Low,Low
2025-01-10 20:00:00,N017,13.843235462171045,0.6938515298439074,2.119,Partial_Blockage,Moderate,Moderate
2025-01-10 20:00:00,N018,1.75528,1.107,0.0,Normal,Low,Low
2025-01-10 20:00:00,N019,4.67152,1.418,0.0,Normal,Low,Low
2025-01-10 20:00:00,N020,2.7128400000000004,1.132,0.0,Normal,Low,Low
2025-01-10 21:00:00,N001,4.5408,1.479,0.0,Normal,Low,Low
2025-01-10 21:00:00,N002,13.157776845874963,0.6835157201917319,2.082,Partial_Blockage,Moderate,Moderate
2025-01-10 21:00:00,N003,1.07172,1.056,0.0,Normal,Low,Low
2025-01-10 21:00:00,N004,1.1394799999999998,1.106,0.0,Normal,Low,Low
2025-01-10 21:00:00,N005,1.5232,1.158,0.0,Normal,Low,Low
2025-01-10 21:00:00,N006,2.91,1.244,0.0,Normal,Low,Low
2025-01-10 21:00:00,N007,5.0091600000000005,1.475,0.0,Normal,Low,Moderate
2025-01-10 21:00:00,N008,17.599596867249087,0.4746729559961905,4.623,Severe_Blockage,High,High
2025-01-10 21:00:00,N009,3.11296,1.207,0.0,Normal,Low,Low
2025-01-10 21:00:00,N010,3.0218,1.352,0.0,Normal,Low,Low
2025-01-10 21:00:00,N011,10.670711193784506,0.550748485669809,2.397,Severe_Blockage,High,Moderate
2025-01-10 21:00:00,N012,2.156,1.121,0.0,Normal,Low,Low
2025-01-10 21:00:00,N013,17.557117536018755,0.4995855226137067,4.393,Severe_Blockage,High,High
2025-01-10 21:00:00,N014,1.7824,1.122,0.0,Normal,Low,Low
2025-01-10 21:00:00,N015,3.3960000000000004,1.401,0.0,Normal,Low,Low
2025-01-10 21:00:00,N016,4.968,1.389,0.0,Normal,Low,Low
2025-01-10 21:00:00,N017,2.2425599999999997,1.274,0.0,Normal,Low,Low
2025-01-10 21:00:00,N018,3.29708,1.218,0.0,Normal,Low,Low
2025-01-10 21:00:00,N019,15.789396757032044,0.5940784325762859,3.205,Severe_Blockage,High,High
2025-01-10 21:00:00,N020,2.9328,1.179,0.0,Normal,Low,Low
2025-01-10 22:00:00,N001,3.4495999999999998,1.3,0.0,Normal,Low,Low
2025-01-10 22:00:00,N002,21.980967083494118,0.5439695839779295,5.012,Severe_Blockage,High,High
2025-01-10 22:00:00,N003,2.9678400000000003,1.301,0.0,Normal,Low,Low
2025-01-10 22:00:00,N004,4.1936599999999995,1.517,0.0,Normal,Low,Low
2025-01-10 22:00:00,N005,2.6560799999999998,1.179,0.0,Normal,Low,Low
2025-01-10 22:00:00,N006,5.0537,1.357,0.0,Normal,Low,Moderate
2025-01-10 22:00:00,N007,0.76076,1.064,0.0,Normal,Low,Low
2025-01-10 22:00:00,N008,1.8711600000000002,1.123,0.0,Normal,Low,Low
2025-01-10 22:00:00,N009,1.8432000000000002,1.169,0.0,Normal,Low,Low
2025-01-10 22:00:00,N010,2.49038,1.226,0.0,Normal,Low,Low
2025-01-10 22:00:00,N011,5.1516,1.323,0.0,Normal,Low,Moderate
2025-01-10 22:00:00,N012,11.989894593577837,0.6980182649996973,1.81,Partial_Blockage,Moderate,Moderate
2025-01-10 22:00:00,N013,4.9210400000000005,1.28,0.0,Normal,Low,Low
2025-01-10 22:00:00,N014,1.76012,1.107,0.0,Normal,Low,Low
2025-01-10 22:00:00,N015,13.15668768578801,0.6417598122092111,2.357,Partial_Blockage,Moderate,Moderate
2025-01-10 22:00:00,N016,1.7594999999999998,1.096,0.0,Normal,Low,Low
2025-01-10 22:00:00,N017,25.459159143403543,0.26981610422420504,9.295,Severe_Blockage,Critical,Critical
2025-01-10 22:00:00,N018,3.13104,1.521,0.0,Normal,Low,Low
2025-01-10 22:00:00,N019,39.87894113826989,0.3255582659529499,13.448,Severe_Blockage,Critical,Critical
2025-01-10 22:00:00,N020,4.17924,1.285,0.0,Normal,Low,Low
2025-01-10 23:00:00,N001,0.8448,1.073,0.0,Normal,Low,Low
2025-01-10 23:00:00,N002,1.5625200000000001,1.116,0.0,Normal,Low,Low
2025-01-10 23:00:00,N003,3.5266,1.386,0.0,Normal,Low,Low
2025-01-10 23:00:00,N004,3.6426,1.386,0.0,Normal,Low,Low
2025-01-10 23:00:00,N005,0.64736,1.058,0.0,Normal,Low,Low
2025-01-10 23:00:00,N006,4.0352,1.31,0.0,Normal,Low,Low
2025-01-10 23:00:00,N007,14.518185960816243,0.5739934793450161,3.092,Severe_Blockage,High,Moderate
2025-01-10 23:00:00,N008,1.47882,1.117,0.0,Normal,Low,Low
2025-01-10 23:00:00,N009,4.6080000000000005,1.499,0.0,Normal,Low,Low
2025-01-10 23:00:00,N010,19.379158570050798,0.5180823014817025,4.67,Severe_Blockage,High,High
2025-01-10 23:00:00,N011,26.78591931073449,0.2838076067164501,9.592,Severe_Blockage,Critical,Critical
2025-01-10 23:00:00,N012,2.5333,1.211,0.0,Normal,Low,Low
2025-01-10 23:00:00,N013,31.763099096503435,0.3930194270141363,9.64,Severe_Blockage,Critical,Critical
2025-01-10 23:00:00,N014,2.27256,1.139,0.0,Normal,Low,Low
2025-01-10 23:00:00,N015,6.135440000000001,1.459,0.0,Normal,Low,Moderate
2025-01-10 23:00:00,N016,1.5294999999999999,1.085,0.0,Normal,Low,Low
2025-01-10 23:00:00,N017,6.3072,1.481,0.0,Normal,Low,Moderate
2025-01-10 23:00:00,N018,13.91941957823735,0.578966603543059,2.93,Severe_Blockage,High,Moderate
2025-01-10 23:00:00,N019,16.372938368763986,0.494837067913392,4.136,Severe_Blockage,High,High
2025-01-10 23:00:00,N020,6.6599,1.458,0.0,Normal,Low,Moderate
2025-01-11 00:00:00,N001,2.6752000000000002,1.283,0.0,Normal,Low,Low
2025-01-11 00:00:00,N002,4.472040000000001,1.508,0.0,Normal,Low,Low
2025-01-11 00:00:00,N003,1.15416,1.072,0.0,Normal,Low,Low
2025-01-11 00:00:00,N004,1.8960199999999996,1.103,0.0,Normal,Low,Low
2025-01-11 00:00:00,N005,5.94048,1.489,0.0,Normal,Low,Moderate
2025-01-11 00:00:00,N006,18.931132830091894,0.4499087611121877,5.207,Severe_Blockage,High,High
2025-01-11 00:00:00,N007,5.7303999999999995,1.399,0.0,Normal,Low,Moderate
2025-01-11 00:00:00,N008,1.6800199999999998,1.13,0.0,Normal,Low,Low
2025-01-11 00:00:00,N009,3.54304,1.317,0.0,Normal,Low,Low
2025-01-11 00:00:00,N010,23.484213546686984,0.46226620539606744,6.314,Severe_Blockage,High,High
2025-01-11 00:00:00,N011,1.7914,1.157,0.0,Normal,Low,Low
2025-01-11 00:00:00,N012,1.51998,1.176,0.0,Normal,Low,Low
2025-01-11 00:00:00,N013,7.102080000000001,1.497,0.0,Normal,Low,Moderate
2025-01-11 00:00:00,N014,5.480879999999999,1.512,0.0,Normal,Low,Moderate
2025-01-11 00:00:00,N015,5.01476,1.307,0.0,Normal,Low,Moderate
2025-01-11 00:00:00,N016,35.693197850007905,0.2957824687304908,12.568,Severe_Blockage,Critical,Critical
2025-01-11 00:00:00,N017,11.415611407803587,0.6777469200281321,1.839,Partial_Blockage,Moderate,Moderate
2025-01-11 00:00:00,N018,5.4793199999999995,1.356,0.0,Normal,Low,Moderate
2025-01-11 00:00:00,N019,4.56316,1.419,0.0,Normal,Low,Low
2025-01-11 00:00:00,N020,3.07944,1.198,0.0,Normal,Low,Low
2025-01-11 01:00:00,N001,13.061424179522962,0.7027376785447061,1.941,Partial_Blockage,Moderate,Moderate
2025-01-11 01:00:00,N002,1.15842,1.088,0.0,Normal,Low,Low
2025-01-11 01:00:00,N003,0.7328000000000001,1.053,0.0,Normal,Low,Low
2025-01-11 01:00:00,N004,2.3069800000000003,1.17,0.0,Normal,Low,Low
2025-01-11 01:00:00,N005,2.72272,1.28,0.0,Normal,Low,Low
2025-01-11 01:00:00,N006,2.5898999999999996,1.333,0.0,Normal,Low,Low
2025-01-11 01:00:00,N007,3.34932,1.27,0.0,Normal,Low,Low
2025-01-11 01:00:00,N008,12.368545765705392,0.6119999499338971,2.399,Partial_Blockage,Moderate,Moderate
2025-01-11 01:00:00,N009,34.92639011892953,0.30601155972677463,12.119,Severe_Blockage,Critical,Critical
2025-01-11 01:00:00,N010,4.407660000000001,1.457,0.0,Normal,Low,Low
2025-01-11 01:00:00,N011,2.1942,1.274,0.0,Normal,Low,Low
2025-01-11 01:00:00,N012,5.0666,1.462,0.0,Normal,Low,Moderate
2025-01-11 01:00:00,N013,4.833360000000001,1.388,0.0,Normal,Low,Low
2025-01-11 01:00:00,N014,13.678222837203963,0.5683670868537017,2.952,Severe_Blockage,High,Moderate
2025-01-11 01:00:00,N015,3.2375200000000004,1.171,0.0,Normal,Low,Low
2025-01-11 01:00:00,N016,23.455446425540043,0.5233154159492379,5.59,Severe_Blockage,High,High
2025-01-11 01:00:00,N017,5.022399999999999,1.367,0.0,Normal,Low,Moderate
2025-01-11 01:00:00,N018,4.12728,1.222,0.0,Normal,Low,Low
2025-01-11 01:00:00,N019,4.47888,1.352,0.0,Normal,Low,Low
2025-01-11 01:00:00,N020,5.54788,1.452,0.0,Normal,Low,Moderate
2025-01-11 02:00:00,N001,2.8072,1.252,0.0,Normal,Low,Low
2025-01-11 02:00:00,N002,1.41884,1.09,0.0,Normal,Low,Low
2025-01-11 02:00:00,N003,3.7647600000000003,1.316,0.0,Normal,Low,Low
2025-01-11 02:00:00,N004,2.4937799999999997,1.21,0.0,Normal,Low,Low
2025-01-11 02:00:00,N005,3.6652,1.277,0.0,Normal,Low,Low
2025-01-11 02:00:00,N006,11.257783620729786,0.6847076847365897,1.775,Partial_Blockage,Moderate,Moderate
2025-01-11 02:00:00,N007,2.6676,1.269,0.0,Normal,Low,Low
2025-01-11 02:00:00,N008,2.44458,1.252,0.0,Normal,Low,Low
2025-01-11 02:00:00,N009,3.4918400000000003,1.485,0.0,Normal,Low,Low
2025-01-11 02:00:00,N010,1.2504,1.078,0.0,Normal,Low,Low
2025-01-11 02:00:00,N011,34.63446529788594,0.3233056741827435,11.718,Severe_Blockage,Critical,Critical
2025-01-11 02:00:00,N012,3.5681800000000004,1.233,0.0,Normal,Low,Low
2025-01-11 02:00:00,N013,6.7184800000000005,1.532,0.0,Normal,Low,Moderate
2025-01-11 02:00:00,N014,19.21462741853408,0.42733326094966473,5.502,Severe_Blockage,High,High
2025-01-11 02:00:00,N015,5.026080000000001,1.42,0.0,Normal,Low,Moderate
2025-01-11 02:00:00,N016,4.4505,1.405,0.0,Normal,Low,Low
2025-01-11 02:00:00,N017,0.9694399999999999,1.075,0.0,Normal,Low,Low
2025-01-11 02:00:00,N018,4.49494,1.25,0.0,Normal,Low,Low
2025-01-11 02:00:00,N019,25.54952412705317,0.30945777212361103,8.822,Severe_Blockage,Critical,Critical
2025-01-11 02:00:00,N020,1.85744,1.09,0.0,Normal,Low,Low
2025-01-11 03:00:00,N001,2.904,1.396,0.0,Normal,Low,Low
2025-01-11 03:00:00,N002,3.5650600000000003,1.451,0.0,Normal,Low,Low
2025-01-11 03:00:00,N003,1.4656000000000002,1.14,0.0,Normal,Low,Low
2025-01-11 03:00:00,N004,3.7826999999999997,1.467,0.0,Normal,Low,Low
2025-01-11 03:00:00,N005,10.649075323214724,0.6660468422751674,1.778,Partial_Blockage,Moderate,Moderate
2025-01-11 03:00:00,N006,2.0854999999999997,1.131,0.0,Normal,Low,Low
2025-01-11 03:00:00,N007,1.1757199999999999,1.095,0.0,Normal,Low,Low
2025-01-11 03:00:00,N008,0.96576,1.1,0.0,Normal,Low,Low
2025-01-11 03:00:00,N009,3.01056,1.338,0.0,Normal,Low,Low
2025-01-11 03:00:00,N010,3.8033,1.52,0.0,Normal,Low,Low
2025-01-11 03:00:00,N011,4.3354,1.424,0.0,Normal,Low,Low
2025-01-11 03:00:00,N012,1.3690600000000002,1.095,0.0,Normal,Low,Low
2025-01-11 03:00:00,N013,3.36472,1.445,0.0,Normal,Low,Low
2025-01-11 03:00:00,N014,29.151891159619687,0.3182601146577265,9.937,Severe_Blockage,Critical,Critical
2025-01-11 03:00:00,N015,2.30928,1.134,0.0,Normal,Low,Low
2025-01-11 03:00:00,N016,11.71703802338126,0.570601266104274,2.516,Severe_Blockage,High,Moderate
2025-01-11 03:00:00,N017,1.4016,1.119,0.0,Normal,Low,Low
2025-01-11 03:00:00,N018,20.71667407928034,0.5500254351180527,4.661,Severe_Blockage,High,High
2025-01-11 03:00:00,N019,1.7578399999999998,1.127,0.0,Normal,Low,Low
2025-01-11 03:00:00,N020,21.5839665931507,0.592636459549167,4.396,Severe_Blockage,High,High
2025-01-11 04:00:00,N001,2.0591999999999997,1.255,0.0,Normal,Low,Low
2025-01-11 04:00:00,N002,2.31684,1.155,0.0,Normal,Low,Low
2025-01-11 04:00:00,N003,1.29156,1.103,0.0,Normal,Low,Low
2025-01-11 04:00:00,N004,1.60648,1.111,0.0,Normal,Low,Low
2025-01-11 04:00:00,N005,1.17096,1.097,0.0,Normal,Low,Low
2025-01-11 04:00:00,N006,2.1243,1.186,0.0,Normal,Low,Low
2025-01-11 04:00:00,N007,2.223,1.341,0.0,Normal,Low,Low
2025-01-11 04:00:00,N008,3.04818,1.235,0.0,Normal,Low,Low
2025-01-11 04:00:00,N009,23.762271108395037,0.554405031979452,5.294,Severe_Blockage,High,High
2025-01-11 04:00:00,N010,7.12728,1.533,0.0,Normal,Low,Moderate
2025-01-11 04:00:00,N011,1.6748,1.085,0.0,Normal,Low,Low
2025-01-11 04:00:00,N012,28.648311938355278,0.36092455621574404,9.154,Severe_Blockage,Critical,Critical
2025-01-11 04:00:00,N013,4.20864,1.396,0.0,Normal,Low,Low
2025-01-11 04:00:00,N014,19.204597762507767,0.5570277178184473,4.254,Severe_Blockage,High,High
2025-01-11 04:00:00,N015,2.2640000000000002,1.332,0.0,Normal,Low,Low
2025-01-11 04:00:00,N016,8.330221895605803,0.5921026958591673,1.699,Severe_Blockage,High,Moderate
2025-01-11 04:00:00,N017,13.063018350706427,0.6011853658061921,2.605,Partial_Blockage,Moderate,Moderate
2025-01-11 04:00:00,N018,0.74718,1.063,0.0,Normal,Low,Low
2025-01-11 04:00:00,N019,5.4541200000000005,1.279,0.0,Normal,Low,Moderate
2025-01-11 04:00:00,N020,3.55602,1.247,0.0,Normal,Low,Low
2025-01-11 05:00:00,N001,1.3904,1.095,0.0,Normal,Low,Low
2025-01-11 05:00:00,N002,4.52592,1.402,0.0,Normal,Low,Low
2025-01-11 05:00:00,N003,2.43656,1.228,0.0,Normal,Low,Low
2025-01-11 05:00:00,N004,1.8213,1.12,0.0,Normal,Low,Low
2025-01-11 05:00:00,N005,12.128286672164243,0.7305563509837627,1.634,Partial_Blockage,Moderate,Moderate
2025-01-11 05:00:00,N006,19.565089317869614,0.4749288856498923,5.137,Severe_Blockage,High,High
2025-01-11 05:00:00,N007,9.557656526934252,0.6333458489566028,1.752,Partial_Blockage,Moderate,Moderate
2025-01-11 05:00:00,N008,1.32792,1.138,0.0,Normal,Low,Low
2025-01-11 05:00:00,N009,1.95584,1.14,0.0,Normal,Low,Low
2025-01-11 05:00:00,N010,2.52164,1.139,0.0,Normal,Low,Low
2025-01-11 05:00:00,N011,4.558,1.453,0.0,Normal,Low,Low
2025-01-11 05:00:00,N012,4.24732,1.362,0.0,Normal,Low,Low
2025-01-11 05:00:00,N013,4.88816,1.407,0.0,Normal,Low,Low
2025-01-11 05:00:00,N014,11.834657659775724,0.5507287992393538,2.658,Severe_Blockage,High,Moderate
2025-01-11 05:00:00,N015,22.92623270560295,0.5295445755731154,5.393,Severe_Blockage,High,High
2025-01-11 05:00:00,N016,3.4614999999999996,1.423,0.0,Normal,Low,Low
2025-01-11 05:00:00,N017,5.407839999999999,1.491,0.0,Normal,Low,Moderate
2025-01-11 05:00:00,N018,8.222485075003823,0.6145560364984692,1.585,Partial_Blockage,Moderate,Moderate
2025-01-11 05:00:00,N019,1.806,1.097,0.0,Normal,Low,Low
2025-01-11 05:00:00,N020,1.3319800000000002,1.071,0.0,Normal,Low,Low
2025-01-11 06:00:00,N001,3.4848,1.302,0.0,Normal,Low,Low
2025-01-11 06:00:00,N002,0.51186,1.059,0.0,Normal,Low,Low
2025-01-11 06:00:00,N003,0.65952,1.104,0.0,Normal,Low,Low
2025-01-11 06:00:00,N004,4.58594,1.507,0.0,Normal,Low,Low
2025-01-11 06:00:00,N005,3.3415199999999996,1.337,0.0,Normal,Low,Low
2025-01-11 06:00:00,N006,1.6199,1.124,0.0,Normal,Low,Low
2025-01-11 06:00:00,N007,0.5434,1.054,0.0,Normal,Low,Low
2025-01-11 06:00:00,N008,1.1468399999999999,1.093,0.0,Normal,Low,Low
2025-01-11 06:00:00,N009,4.13696,1.388,0.0,Normal,Low,Low
2025-01-11 06:00:00,N010,2.52164,1.171,0.0,Normal,Low,Low
2025-01-11 06:00:00,N011,2.6712000000000002,1.237,0.0,Normal,Low,Low
2025-01-11 06:00:00,N012,2.79202,1.309,0.0,Normal,Low,Low
2025-01-11 06:00:00,N013,1.12888,1.076,0.0,Normal,Low,Low
2025-01-11 06:00:00,N014,20.441635076491494,0.4208660589990629,5.919,Severe_Blockage,High,High
2025-01-11 06:00:00,N015,2.61492,1.187,0.0,Normal,Low,Low
2025-01-11 06:00:00,N016,3.8869999999999996,1.463,0.0,Normal,Low,Low
2025-01-11 06:00:00,N017,0.77088,1.064,0.0,Normal,Low,Low
2025-01-11 06:00:00,N018,5.42002,1.468,0.0,Normal,Low,Moderate
2025-01-11 06:00:00,N019,1.7096799999999999,1.091,0.0,Normal,Low,Low
2025-01-11 06:00:00,N020,4.02038,1.223,0.0,Normal,Low,Low
2025-01-11 07:00:00,N001,1.8568,1.278,0.0,Normal,Low,Low
2025-01-11 07:00:00,N002,4.939,1.491,0.0,Normal,Low,Low
2025-01-11 07:00:00,N003,9.770915146762215,0.608090943629024,1.915,Partial_Blockage,Moderate,Moderate
2025-01-11 07:00:00,N004,2.85804,1.304,0.0,Normal,Low,Low
2025-01-11 07:00:00,N005,0.94248,1.056,0.0,Normal,Low,Low
2025-01-11 07:00:00,N006,26.447854289584672,0.383693083263469,8.15,Severe_Blockage,Critical,Critical
2025-01-11 07:00:00,N007,1.01764,1.072,0.0,Normal,Low,Low
2025-01-11 07:00:00,N008,11.08536696090999,0.6811095020236839,1.768,Partial_Blockage,Moderate,Moderate
2025-01-11 07:00:00,N009,3.3177600000000003,1.435,0.0,Normal,Low,Low
2025-01-11 07:00:00,N010,1.74014,1.084,0.0,Normal,Low,Low
2025-01-11 07:00:00,N011,13.906634951666188,0.6721616408652104,2.28,Partial_Blockage,Moderate,Moderate
2025-01-11 07:00:00,N012,1.1426800000000001,1.084,0.0,Normal,Low,Low
2025-01-11 07:00:00,N013,6.80616,1.506,0.0,Normal,Low,Moderate
2025-01-11 07:00:00,N014,3.4422599999999997,1.193,0.0,Normal,Low,Low
2025-01-11 07:00:00,N015,5.671320000000001,1.499,0.0,Normal,Low,Moderate
2025-01-11 07:00:00,N016,2.162,1.137,0.0,Normal,Low,Low
2025-01-11 07:00:00,N017,1.1446399999999999,1.06,0.0,Normal,Low,Low
2025-01-11 07:00:00,N018,6.6653199999999995,1.487,0.0,Normal,Low,Moderate
2025-01-11 07:00:00,N019,4.35848,1.331,0.0,Normal,Low,Low
2025-01-11 07:00:00,N020,6.2322,1.47,0.0,Normal,Low,Moderate
2025-01-11 08:00:00,N001,10.184316983102233,0.5531575193057434,2.275,Severe_Blockage,High,Moderate
2025-01-11 08:00:00,N002,1.796,1.156,0.0,Normal,Low,Low
2025-01-11 08:00:00,N003,2.4732000000000003,1.241,0.0,Normal,Low,Low
2025-01-11 08:00:00,N004,1.11146,1.071,0.0,Normal,Low,Low
2025-01-11 08:00:00,N005,2.11344,1.225,0.0,Normal,Low,Low
2025-01-11 08:00:00,N006,1.2222,1.076,0.0,Normal,Low,Low
2025-01-11 08:00:00,N007,3.34932,1.203,0.0,Normal,Low,Low
2025-01-11 08:00:00,N008,4.0743,1.408,0.0,Normal,Low,Low
2025-01-11 08:00:00,N009,1.24928,1.173,0.0,Normal,Low,Low
2025-01-11 08:00:00,N010,20.09567517761662,0.5628435320462599,4.392,Severe_Blockage,High,High
2025-01-11 08:00:00,N011,3.5934000000000004,1.388,0.0,Normal,Low,Low
2025-01-11 08:00:00,N012,11.986878253517894,0.674812620248134,1.949,Partial_Blockage,Moderate,Moderate
2025-01-11 08:00:00,N013,2.0385600000000004,1.155,0.0,Normal,Low,Low
2025-01-11 08:00:00,N014,17.522042889924876,0.4154199337902611,5.122,Severe_Blockage,High,High
2025-01-11 08:00:00,N015,21.601544187830683,0.4103746333297484,6.368,Severe_Blockage,High,High
2025-01-11 08:00:00,N016,3.4614999999999996,1.213,0.0,Normal,Low,Low
2025-01-11 08:00:00,N017,1.7519999999999998,1.148,0.0,Normal,Low,Low
2025-01-11 08:00:00,N018,3.5935799999999998,1.192,0.0,Normal,Low,Low
2025-01-11 08:00:00,N019,3.0702,1.236,0.0,Normal,Low,Low
2025-01-11 08:00:00,N020,10.526836460794406,0.5545060888412894,2.345,Severe_Blockage,High,Moderate
2025-01-11 09:00:00,N001,32.33440187916927,0.2658651600640491,11.869,Severe_Blockage,Critical,Critical
2025-01-11 09:00:00,N002,1.8229399999999998,1.185,0.0,Normal,Low,Low
2025-01-11 09:00:00,N003,1.06256,1.107,0.0,Normal,Low,Low
2025-01-11 09:00:00,N004,19.042018803063918,0.5121837822999271,4.645,Severe_Blockage,High,High
2025-01-11 09:00:00,N005,2.31336,1.181,0.0,Normal,Low,Low
2025-01-11 09:00:00,N006,19.62712168594824,0.42778078152984633,5.616,Severe_Blockage,High,High
2025-01-11 09:00:00,N007,1.74876,1.208,0.0,Normal,Low,Low
2025-01-11 09:00:00,N008,3.58136,1.44,0.0,Normal,Low,Low
2025-01-11 09:00:00,N009,0.89088,1.082,0.0,Normal,Low,Low
2025-01-11 09:00:00,N010,8.706405217283187,0.580352126809484,1.827,Severe_Blockage,High,Moderate
2025-01-11 09:00:00,N011,2.0988,1.152,0.0,Normal,Low,Low
2025-01-11 09:00:00,N012,22.641363995420207,0.5319345412823724,5.299,Severe_Blockage,High,High
2025-01-11 09:00:00,N013,5.512880000000001,1.534,0.0,Normal,Low,Moderate
2025-01-11 09:00:00,N014,1.21426,1.074,0.0,Normal,Low,Low
2025-01-11 09:00:00,N015,13.485124896758636,0.6173817529233036,2.58,Partial_Blockage,Moderate,Moderate
2025-01-11 09:00:00,N016,0.7934999999999999,1.063,0.0,Normal,Low,Low
2025-01-11 09:00:00,N017,3.0601599999999998,1.307,0.0,Normal,Low,Low
2025-01-11 09:00:00,N018,1.7078399999999998,1.15,0.0,Normal,Low,Low
2025-01-11 09:00:00,N019,4.06952,1.239,0.0,Normal,Low,Low
2025-01-11 09:00:00,N020,7.40532,1.528,0.0,Normal,Low,Moderate
2025-01-11 10:00:00,N001,1.2936,1.141,0.0,Normal,Low,Low
2025-01-11 10:00:00,N002,9.968775299341052,0.5570172187487474,2.208,Severe_Blockage,High,Moderate
2025-01-11 10:00:00,N003,2.58312,1.212,0.0,Normal,Low,Low
2025-01-11 10:00:00,N004,1.36364,1.107,0.0,Normal,Low,Low
2025-01-11 10:00:00,N005,2.48472,1.311,0.0,Normal,Low,Low
2025-01-11 10:00:00,N006,20.774416424446294,0.4938686470394091,5.257,Severe_Blockage,High,High
2025-01-11 10:00:00,N007,3.705,1.5,0.0,Normal,Low,Low
2025-01-11 10:00:00,N008,2.1427799999999997,1.14,0.0,Normal,Low,Low
2025-01-11 10:00:00,N009,2.99008,1.407,0.0,Normal,Low,Low
2025-01-11 10:00:00,N010,2.084,1.259,0.0,Normal,Low,Low
2025-01-11 10:00:00,N011,3.0528,1.205,0.0,Normal,Low,Low
2025-01-11 10:00:00,N012,31.93157987798024,0.29677330463263113,11.228,Severe_Blockage,Critical,Critical
2025-01-11 10:00:00,N013,20.529951203076955,0.5403656187626105,4.718,Severe_Blockage,High,High
2025-01-11 10:00:00,N014,6.1715599999999995,1.526,0.0,Normal,Low,Moderate
2025-01-11 10:00:00,N015,4.2336800000000006,1.426,0.0,Normal,Low,Low
2025-01-11 10:00:00,N016,2.783,1.259,0.0,Normal,Low,Low
2025-01-11 10:00:00,N017,1.2264,1.069,0.0,Normal,Low,Low
2025-01-11 10:00:00,N018,1.9568999999999999,1.125,0.0,Normal,Low,Low
2025-01-11 10:00:00,N019,1.0233999999999999,1.088,0.0,Normal,Low,Low
2025-01-11 10:00:00,N020,2.9572399999999996,1.41,0.0,Normal,Low,Low
2025-01-11 11:00:00,N001,2.4288,1.183,0.0,Normal,Low,Low
2025-01-11 11:00:00,N002,1.5625200000000001,1.132,0.0,Normal,Low,Low
2025-01-11 11:00:00,N003,1.35568,1.199,0.0,Normal,Low,Low
2025-01-11 11:00:00,N004,16.155211936759375,0.537268522293626,3.738,Severe_Blockage,High,High
2025-01-11 11:00:00,N005,1.46608,1.156,0.0,Normal,Low,Low
2025-01-11 11:00:00,N006,2.4638,1.17,0.0,Normal,Low,Low
2025-01-11 11:00:00,N007,8.820298659842189,0.6047638369751303,1.743,Partial_Blockage,Moderate,Moderate
2025-01-11 11:00:00,N008,8.194488671350133,0.7119062750650146,1.18,Partial_Blockage,Moderate,Moderate
2025-01-11 11:00:00,N009,2.048,1.179,0.0,Normal,Low,Low
2025-01-11 11:00:00,N010,30.566913348290974,0.350068715575344,9.933,Severe_Blockage,Critical,Critical
2025-01-11 11:00:00,N011,10.5788415000036,0.6318801449092512,1.947,Partial_Blockage,Moderate,Moderate
2025-01-11 11:00:00,N012,3.03996,1.166,0.0,Normal,Low,Low
2025-01-11 11:00:00,N013,3.9236800000000005,1.294,0.0,Normal,Low,Low
2025-01-11 11:00:00,N014,5.291499999999999,1.434,0.0,Normal,Low,Moderate
2025-01-11 11:00:00,N015,3.0903600000000004,1.174,0.0,Normal,Low,Low
2025-01-11 11:00:00,N016,1.9665,1.109,0.0,Normal,Low,Low
2025-01-11 11:00:00,N017,6.37728,1.491,0.0,Normal,Low,Moderate
2025-01-11 11:00:00,N018,36.07718898409341,0.37312620652216955,11.308,Severe_Blockage,Critical,Critical
2025-01-11 11:00:00,N019,2.66084,1.219,0.0,Normal,Low,Low
2025-01-11 11:00:00,N020,5.02242,1.31,0.0,Normal,Low,Moderate
2025-01-11 12:00:00,N001,3.0096,1.336,0.0,Normal,Low,Low
2025-01-11 12:00:00,N002,2.7478800000000003,1.23,0.0,Normal,Low,Low
2025-01-11 12:00:00,N003,3.7739200000000004,1.283,0.0,Normal,Low,Low
2025-01-11 12:00:00,N004,1.94272,1.185,0.0,Normal,Low,Low
2025-01-11 12:00:00,N005,8.336649882422812,0.6930523062143543,1.279,Partial_Blockage,Moderate,Moderate
2025-01-11 12:00:00,N006,4.8306000000000004,1.429,0.0,Normal,Low,Low
2025-01-11 12:00:00,N007,2.20324,1.282,0.0,Normal,Low,Low
2025-01-11 12:00:00,N008,3.86304,1.457,0.0,Normal,Low,Low
2025-01-11 12:00:00,N009,2.34496,1.157,0.0,Normal,Low,Low
2025-01-11 12:00:00,N010,3.2302000000000004,1.286,0.0,Normal,Low,Low
2025-01-11 12:00:00,N011,3.3708000000000005,1.323,0.0,Normal,Low,Low
2025-01-11 12:00:00,N012,11.347186203450944,0.6382941224665808,2.052,Partial_Blockage,Moderate,Moderate
2025-01-11 12:00:00,N013,21.021949207321818,0.5535741731047591,4.692,Severe_Blockage,High,High
2025-01-11 12:00:00,N014,3.7430399999999993,1.229,0.0,Normal,Low,Low
2025-01-11 12:00:00,N015,6.226000000000001,1.462,0.0,Normal,Low,Moderate
2025-01-11 12:00:00,N016,1.9434999999999998,1.128,0.0,Normal,Low,Low
2025-01-11 12:00:00,N017,2.9083200000000002,1.191,0.0,Normal,Low,Low
2025-01-11 12:00:00,N018,3.23778,1.171,0.0,Normal,Low,Low
2025-01-11 12:00:00,N019,6.21264,1.432,0.0,Normal,Low,Moderate
2025-01-11 12:00:00,N020,3.51936,1.178,0.0,Normal,Low,Low
2025-01-11 13:00:00,N001,1.0295999999999998,1.119,0.0,Normal,Low,Low
2025-01-11 13:00:00,N002,10.44117963846912,0.6847790210945963,1.646,Partial_Blockage,Moderate,Moderate
2025-01-11 13:00:00,N003,2.83044,1.242,0.0,Normal,Low,Low
2025-01-11 13:00:00,N004,6.14572,1.501,0.0,Normal,Low,Moderate
2025-01-11 13:00:00,N005,2.7607999999999997,1.308,0.0,Normal,Low,Low
2025-01-11 13:00:00,N006,26.134891939376008,0.29669188281171166,9.19,Severe_Blockage,Critical,Critical
2025-01-11 13:00:00,N007,2.72688,1.234,0.0,Normal,Low,Low
2025-01-11 13:00:00,N008,2.63572,1.193,0.0,Normal,Low,Low
2025-01-11 13:00:00,N009,1.19808,1.083,0.0,Normal,Low,Low
2025-01-11 13:00:00,N010,3.50112,1.201,0.0,Normal,Low,Low
2025-01-11 13:00:00,N011,9.105260953556234,0.6586376771081113,1.554,Partial_Blockage,Moderate,Moderate
2025-01-11 13:00:00,N012,31.367301512237653,0.35373751184958707,10.136,Severe_Blockage,Critical,Critical
2025-01-11 13:00:00,N013,3.7154400000000005,1.247,0.0,Normal,Low,Low
2025-01-11 13:00:00,N014,3.4088399999999996,1.23,0.0,Normal,Low,Low
2025-01-11 13:00:00,N015,1.94704,1.106,0.0,Normal,Low,Low
2025-01-11 13:00:00,N016,5.129,1.367,0.0,Normal,Low,Moderate
2025-01-11 13:00:00,N017,1.8571199999999999,1.122,0.0,Normal,Low,Low
2025-01-11 13:00:00,N018,3.5698599999999994,1.281,0.0,Normal,Low,Low
2025-01-11 13:00:00,N019,14.981080935414209,0.6407236108401276,2.691,Partial_Blockage,Moderate,Moderate
2025-01-11 13:00:00,N020,16.19673567687511,0.5501821408393045,3.643,Severe_Blockage,High,High
2025-01-11 14:00:00,N001,22.553219853344842,0.5662102620796755,4.892,Severe_Blockage,High,High
2025-01-11 14:00:00,N002,2.14622,1.226,0.0,Normal,Low,Low
2025-01-11 14:00:00,N003,2.69304,1.237,0.0,Normal,Low,Low
2025-01-11 14:00:00,N004,3.3624,1.505,0.0,Normal,Low,Low
2025-01-11 14:00:00,N005,2.27528,1.338,0.0,Normal,Low,Low
2025-01-11 14:00:00,N006,19.77425085258462,0.5458562759678665,4.49,Severe_Blockage,High,High
2025-01-11 14:00:00,N007,1.46224,1.086,0.0,Normal,Low,Low
2025-01-11 14:00:00,N008,2.8671,1.217,0.0,Normal,Low,Low
2025-01-11 14:00:00,N009,5.56032,1.367,0.0,Normal,Low,Moderate
2025-01-11 14:00:00,N010,2.59458,1.202,0.0,Normal,Low,Low
2025-01-11 14:00:00,N011,2.544,1.244,0.0,Normal,Low,Low
2025-01-11 14:00:00,N012,5.27142,1.487,0.0,Normal,Low,Moderate
2025-01-11 14:00:00,N013,20.191485865855878,0.422230851399737,5.833,Severe_Blockage,High,High
2025-01-11 14:00:00,N014,3.0412199999999996,1.253,0.0,Normal,Low,Low
2025-01-11 14:00:00,N015,24.646774979390607,0.43918651071363884,6.911,Severe_Blockage,High,High
2025-01-11 14:00:00,N016,22.289720060005756,0.5016083703998543,5.555,Severe_Blockage,High,High
2025-01-11 14:00:00,N017,3.8660799999999997,1.245,0.0,Normal,Low,Low
2025-01-11 14:00:00,N018,17.28846500807768,0.5825719202978513,3.608,Severe_Blockage,High,High
2025-01-11 14:00:00,N019,10.706036166941209,0.6973301231400587,1.62,Partial_Blockage,Moderate,Moderate
2025-01-11 14:00:00,N020,6.0366800000000005,1.435,0.0,Normal,Low,Moderate
2025-01-11 15:00:00,N001,3.7487999999999997,1.325,0.0,Normal,Low,Low
2025-01-11 15:00:00,N002,13.660818656601492,0.7001469493106519,2.048,Partial_Blockage,Moderate,Moderate
2025-01-11 15:00:00,N003,2.54648,1.329,0.0,Normal,Low,Low
2025-01-11 15:00:00,N004,4.47386,1.302,0.0,Normal,Low,Low
2025-01-11 15:00:00,N005,1.25664,1.093,0.0,Normal,Low,Low
2025-01-11 15:00:00,N006,4.539599999999999,1.383,0.0,Normal,Low,Low
2025-01-11 15:00:00,N007,3.39872,1.254,0.0,Normal,Low,Low
2025-01-11 15:00:00,N008,2.53512,1.342,0.0,Normal,Low,Low
2025-01-11 15:00:00,N009,13.853528164310656,0.6907055290386728,2.142,Partial_Blockage,Moderate,Moderate
2025-01-11 15:00:00,N010,30.610690920137614,0.28646604660938474,10.921,Severe_Blockage,Critical,Critical
2025-01-11 15:00:00,N011,4.674600000000001,1.5,0.0,Normal,Low,Low
2025-01-11 15:00:00,N012,2.99684,1.215,0.0,Normal,Low,Low
2025-01-11 15:00:00,N013,0.90968,1.062,0.0,Normal,Low,Low
2025-01-11 15:00:00,N014,3.5425199999999997,1.259,0.0,Normal,Low,Low
2025-01-11 15:00:00,N015,1.0754000000000001,1.082,0.0,Normal,Low,Low
2025-01-11 15:00:00,N016,12.596764590271533,0.6033879025131125,2.498,Partial_Blockage,Moderate,Moderate
2025-01-11 15:00:00,N017,3.1536,1.278,0.0,Normal,Low,Low
2025-01-11 15:00:00,N018,13.665460171127716,0.6972202198145231,2.069,Partial_Blockage,Moderate,Moderate
2025-01-11 15:00:00,N019,2.4200399999999997,1.118,0.0,Normal,Low,Low
2025-01-11 15:00:00,N020,20.40080568288344,0.5924238299383171,4.157,Severe_Blockage,High,High
2025-01-11 16:00:00,N001,10.526229595090852,0.6827733308145709,1.67,Partial_Blockage,Moderate,Moderate
2025-01-11 16:00:00,N002,32.534168677133984,0.27480204522363216,11.797,Severe_Blockage,Critical,Critical
2025-01-11 16:00:00,N003,4.20444,1.233,0.0,Normal,Low,Low
2025-01-11 16:00:00,N004,1.11146,1.085,0.0,Normal,Low,Low
2025-01-11 16:00:00,N005,4.64576,1.464,0.0,Normal,Low,Low
2025-01-11 16:00:00,N006,17.63627719269044,0.5498860780441142,3.969,Severe_Blockage,High,High
2025-01-11 16:00:00,N007,3.3690800000000003,1.263,0.0,Normal,Low,Low
2025-01-11 16:00:00,N008,2.99788,1.19,0.0,Normal,Low,Low
2025-01-11 16:00:00,N009,3.5942399999999997,1.247,0.0,Normal,Low,Low
2025-01-11 16:00:00,N010,1.1045200000000002,1.079,0.0,Normal,Low,Low
2025-01-11 16:00:00,N011,4.6428,1.399,0.0,Normal,Low,Low
2025-01-11 16:00:00,N012,3.30946,1.385,0.0,Normal,Low,Low
2025-01-11 16:00:00,N013,1.4467200000000002,1.089,0.0,Normal,Low,Low
2025-01-11 16:00:00,N014,2.8852599999999997,1.153,0.0,Normal,Low,Low
2025-01-11 16:00:00,N015,0.7471200000000001,1.084,0.0,Normal,Low,Low
2025-01-11 16:00:00,N016,9.341103644767719,0.6810842578375553,1.49,Partial_Blockage,Moderate,Moderate
2025-01-11 16:00:00,N017,2.69808,1.251,0.0,Normal,Low,Low
2025-01-11 16:00:00,N018,1.85016,1.211,0.0,Normal,Low,Low
2025-01-11 16:00:00,N019,1.4447999999999999,1.068,0.0,Normal,Low,Low
2025-01-11 16:00:00,N020,4.22812,1.508,0.0,Normal,Low,Low
2025-01-11 17:00:00,N001,3.2384,1.428,0.0,Normal,Low,Low
2025-01-11 17:00:00,N002,0.9788200000000001,1.087,0.0,Normal,Low,Low
2025-01-11 17:00:00,N003,18.17554893887573,0.4447923703060128,5.046,Severe_Blockage,High,High
2025-01-11 17:00:00,N004,0.8966399999999999,1.063,0.0,Normal,Low,Low
2025-01-11 17:00:00,N005,5.27408,1.489,0.0,Normal,Low,Moderate
2025-01-11 17:00:00,N006,2.0661,1.169,0.0,Normal,Low,Low
2025-01-11 17:00:00,N007,4.8906,1.531,0.0,Normal,Low,Low
2025-01-11 17:00:00,N008,5.76438,1.495,0.0,Normal,Low,Moderate
2025-01-11 17:00:00,N009,3.7376,1.237,0.0,Normal,Low,Low
2025-01-11 17:00:00,N010,4.99118,1.456,0.0,Normal,Low,Low
2025-01-11 17:00:00,N011,4.5156,1.516,0.0,Normal,Low,Low
2025-01-11 17:00:00,N012,3.00762,1.227,0.0,Normal,Low,Low
2025-01-11 17:00:00,N013,10.827976082270702,0.6164997714468916,2.076,Partial_Blockage,Moderate,Moderate
2025-01-11 17:00:00,N014,5.258079999999999,1.45,0.0,Normal,Low,Moderate
2025-01-11 17:00:00,N015,12.199667588286395,0.6047623465723122,2.411,Partial_Blockage,Moderate,Moderate
2025-01-11 17:00:00,N016,1.9319999999999997,1.105,0.0,Normal,Low,Low
2025-01-11 17:00:00,N017,2.8499199999999996,1.172,0.0,Normal,Low,Low
2025-01-11 17:00:00,N018,3.0717399999999997,1.178,0.0,Normal,Low,Low
2025-01-11 17:00:00,N019,4.8762,1.525,0.0,Normal,Low,Low
2025-01-11 17:00:00,N020,0.80652,1.067,0.0,Normal,Low,Low
2025-01-11 18:00:00,N001,3.0096,1.344,0.0,Normal,Low,Low
2025-01-11 18:00:00,N002,3.4573,1.283,0.0,Normal,Low,Low
2025-01-11 18:00:00,N003,4.6532800000000005,1.353,0.0,Normal,Low,Low
2025-01-11 18:00:00,N004,1.5317599999999998,1.176,0.0,Normal,Low,Low
2025-01-11 18:00:00,N005,17.725548730973607,0.43771151428872823,4.983,Severe_Blockage,High,High
2025-01-11 18:00:00,N006,2.5122999999999998,1.195,0.0,Normal,Low,Low
2025-01-11 18:00:00,N007,3.94212,1.377,0.0,Normal,Low,Low
2025-01-11 18:00:00,N008,1.32792,1.119,0.0,Normal,Low,Low
2025-01-11 18:00:00,N009,3.79904,1.285,0.0,Normal,Low,Low
2025-01-11 18:00:00,N010,3.7095200000000004,1.222,0.0,Normal,Low,Low
2025-01-11 18:00:00,N011,2.5652,1.239,0.0,Normal,Low,Low
2025-01-11 18:00:00,N012,1.3906200000000002,1.113,0.0,Normal,Low,Low
2025-01-11 18:00:00,N013,4.7676,1.318,0.0,Normal,Low,Low
2025-01-11 18:00:00,N014,1.9049399999999999,1.1,0.0,Normal,Low,Low
2025-01-11 18:00:00,N015,3.4752400000000003,1.321,0.0,Normal,Low,Low
2025-01-11 18:00:00,N016,14.81082570617122,0.6566756806463987,2.542,Partial_Blockage,Moderate,Moderate
2025-01-11 18:00:00,N017,5.2676799999999995,1.513,0.0,Normal,Low,Moderate
2025-01-11 18:00:00,N018,2.5736199999999996,1.177,0.0,Normal,Low,Low
2025-01-11 18:00:00,N019,4.515,1.335,0.0,Normal,Low,Low
2025-01-11 18:00:00,N020,1.66192,1.115,0.0,Normal,Low,Low
2025-01-11 19:00:00,N001,1.3992,1.151,0.0,Normal,Low,Low
2025-01-11 19:00:00,N002,1.06862,1.078,0.0,Normal,Low,Low
2025-01-11 19:00:00,N003,1.374,1.126,0.0,Normal,Low,Low
2025-01-11 19:00:00,N004,3.0355,1.342,0.0,Normal,Low,Low
2025-01-11 19:00:00,N005,23.713530833487276,0.5395736296132547,5.459,Severe_Blockage,High,High
2025-01-11 19:00:00,N006,12.991859587285287,0.7303929940096944,1.751,Partial_Blockage,Moderate,Moderate
2025-01-11 19:00:00,N007,12.178255910316695,0.6533145016444624,2.111,Partial_Blockage,Moderate,Moderate
2025-01-11 19:00:00,N008,22.72828236529185,0.5632123592739915,4.964,Severe_Blockage,High,High
2025-01-11 19:00:00,N009,11.624229090733717,0.6218404466047066,2.198,Partial_Blockage,Moderate,Moderate
2025-01-11 19:00:00,N010,0.80234,1.062,0.0,Normal,Low,Low
2025-01-11 19:00:00,N011,11.790390549166894,0.588938998179168,2.423,Severe_Blockage,High,Moderate
2025-01-11 19:00:00,N012,1.3367200000000001,1.083,0.0,Normal,Low,Low
2025-01-11 19:00:00,N013,3.1784000000000003,1.178,0.0,Normal,Low,Low
2025-01-11 19:00:00,N014,2.69588,1.169,0.0,Normal,Low,Low
2025-01-11 19:00:00,N015,19.139145543927537,0.5561008967500789,4.248,Severe_Blockage,High,High
2025-01-11 19:00:00,N016,1.9665,1.123,0.0,Normal,Low,Low
2025-01-11 19:00:00,N017,2.92,1.184,0.0,Normal,Low,Low
2025-01-11 19:00:00,N018,38.71054850244668,0.3825480819026583,11.951,Severe_Blockage,Critical,Critical
2025-01-11 19:00:00,N019,4.6354,1.322,0.0,Normal,Low,Low
2025-01-11 19:00:00,N020,1.49084,1.105,0.0,Normal,Low,Low
2025-01-11 20:00:00,N001,15.22577322944896,0.41657487265126414,4.442,Severe_Blockage,High,High
2025-01-11 20:00:00,N002,2.26296,1.264,0.0,Normal,Low,Low
2025-01-11 20:00:00,N003,2.8854,1.343,0.0,Normal,Low,Low
2025-01-11 20:00:00,N004,19.10621158784316,0.49468741078155704,4.827,Severe_Blockage,High,High
2025-01-11 20:00:00,N005,14.318256766491622,0.5510520246567466,3.214,Severe_Blockage,High,Moderate
2025-01-11 20:00:00,N006,3.395,1.274,0.0,Normal,Low,Low
2025-01-11 20:00:00,N007,1.1856,1.156,0.0,Normal,Low,Low
2025-01-11 20:00:00,N008,21.616358681905155,0.4506903224021776,5.937,Severe_Blockage,High,High
2025-01-11 20:00:00,N009,0.74752,1.064,0.0,Normal,Low,Low
2025-01-11 20:00:00,N010,9.587764068581835,0.742852834497519,1.233,Partial_Blockage,Moderate,Moderate
2025-01-11 20:00:00,N011,4.9926,1.352,0.0,Normal,Low,Low
2025-01-11 20:00:00,N012,6.5650200000000005,1.523,0.0,Normal,Low,Moderate
2025-01-11 20:00:00,N013,1.5563200000000001,1.123,0.0,Normal,Low,Low
2025-01-11 20:00:00,N014,5.09098,1.338,0.0,Normal,Low,Moderate
2025-01-11 20:00:00,N015,17.94380719223021,0.5304444093235189,4.213,Severe_Blockage,High,High
2025-01-11 20:00:00,N016,2.0124999999999997,1.111,0.0,Normal,Low,Low
2025-01-11 20:00:00,N017,3.41056,1.239,0.0,Normal,Low,Low
2025-01-11 20:00:00,N018,24.796726349426812,0.44606003935181987,6.868,Severe_Blockage,High,High
2025-01-11 20:00:00,N019,1.40868,1.082,0.0,Normal,Low,Low
2025-01-11 20:00:00,N020,19.861772934888343,0.5734235558431096,4.236,Severe_Blockage,High,High
2025-01-11 21:00:00,N001,3.74,1.517,0.0,Normal,Low,Low
2025-01-11 21:00:00,N002,4.4989799999999995,1.48,0.0,Normal,Low,Low
2025-01-11 21:00:00,N003,5.16624,1.486,0.0,Normal,Low,Moderate
2025-01-11 21:00:00,N004,2.04546,1.173,0.0,Normal,Low,Low
2025-01-11 21:00:00,N005,20.87903308018174,0.5564283514644145,4.631,Severe_Blockage,High,High
2025-01-11 21:00:00,N006,15.022585786000077,0.5838338574155946,3.126,Severe_Blockage,High,High
2025-01-11 21:00:00,N007,4.32744,1.34,0.0,Normal,Low,Low
2025-01-11 21:00:00,N008,2.5049400000000004,1.387,0.0,Normal,Low,Low
2025-01-11 21:00:00,N009,22.594885969685272,0.5859607869138765,4.678,Severe_Blockage,High,High
2025-01-11 21:00:00,N010,20.001622862510786,0.5191921034549664,4.808,Severe_Blockage,High,High
2025-01-11 21:00:00,N011,5.596800000000001,1.376,0.0,Normal,Low,Moderate
2025-01-11 21:00:00,N012,1.06722,1.066,0.0,Normal,Low,Low
2025-01-11 21:00:00,N013,4.504560000000001,1.352,0.0,Normal,Low,Low
2025-01-11 21:00:00,N014,19.897058849648644,0.5221583137360376,4.754,Severe_Blockage,High,High
2025-01-11 21:00:00,N015,4.811000000000001,1.513,0.0,Normal,Low,Low
2025-01-11 21:00:00,N016,14.019345117035842,0.7144513298304374,2.002,Partial_Blockage,Moderate,Moderate
2025-01-11 21:00:00,N017,1.55344,1.142,0.0,Normal,Low,Low
2025-01-11 21:00:00,N018,1.7078399999999998,1.083,0.0,Normal,Low,Low
2025-01-11 21:00:00,N019,3.34712,1.191,0.0,Normal,Low,Low
2025-01-11 21:00:00,N020,24.57972441341829,0.5579316907527121,5.433,Severe_Blockage,High,High
2025-01-11 22:00:00,N001,2.6928,1.357,0.0,Normal,Low,Low
2025-01-11 22:00:00,N002,36.12833900257303,0.2836729717041269,12.94,Severe_Blockage,Critical,Critical
2025-01-11 22:00:00,N003,33.131243796861256,0.33987417555023053,10.935,Severe_Blockage,Critical,Critical
2025-01-11 22:00:00,N004,1.73724,1.216,0.0,Normal,Low,Low
2025-01-11 22:00:00,N005,1.39944,1.12,0.0,Normal,Low,Low
2025-01-11 22:00:00,N006,3.4046999999999996,1.396,0.0,Normal,Low,Low
2025-01-11 22:00:00,N007,0.6916,1.069,0.0,Normal,Low,Low
2025-01-11 22:00:00,N008,2.38422,1.163,0.0,Normal,Low,Low
2025-01-11 22:00:00,N009,1.0752000000000002,1.066,0.0,Normal,Low,Low
2025-01-11 22:00:00,N010,17.449875942988545,0.5792203873074078,3.671,Severe_Blockage,High,High
2025-01-11 22:00:00,N011,8.547231531312896,0.5548830972696054,1.902,Severe_Blockage,High,Moderate
2025-01-11 22:00:00,N012,5.84276,1.44,0.0,Normal,Low,Moderate
2025-01-11 22:00:00,N013,1.35904,1.199,0.0,Normal,Low,Low
2025-01-11 22:00:00,N014,4.511699999999999,1.333,0.0,Normal,Low,Low
2025-01-11 22:00:00,N015,4.788360000000001,1.354,0.0,Normal,Low,Low
2025-01-11 22:00:00,N016,3.381,1.19,0.0,Normal,Low,Low
2025-01-11 22:00:00,N017,16.82285348990617,0.5913270712314109,3.438,Severe_Blockage,High,High
2025-01-11 22:00:00,N018,1.0674,1.062,0.0,Normal,Low,Low
2025-01-11 22:00:00,N019,4.50296,1.385,0.0,Normal,Low,Low
2025-01-11 22:00:00,N020,6.19554,1.415,0.0,Normal,Low,Moderate
2025-01-11 23:00:00,N001,12.250246098607928,0.7251599709672053,1.683,Partial_Blockage,Moderate,Moderate
2025-01-11 23:00:00,N002,1.8229399999999998,1.186,0.0,Normal,Low,Low
2025-01-11 23:00:00,N003,2.44572,1.4,0.0,Normal,Low,Low
2025-01-11 23:00:00,N004,0.68182,1.056,0.0,Normal,Low,Low
2025-01-11 23:00:00,N005,3.39864,1.27,0.0,Normal,Low,Low
2025-01-11 23:00:00,N006,2.7451,1.296,0.0,Normal,Low,Low
2025-01-11 23:00:00,N007,22.94038904643829,0.47731617603487786,5.995,Severe_Blockage,High,High
2025-01-11 23:00:00,N008,1.62972,1.154,0.0,Normal,Low,Low
2025-01-11 23:00:00,N009,1.87392,1.239,0.0,Normal,Low,Low
2025-01-11 23:00:00,N010,26.95124636399346,0.25542105053366104,10.034,Severe_Blockage,Critical,Critical
2025-01-11 23:00:00,N011,5.5756,1.443,0.0,Normal,Low,Moderate
2025-01-11 23:00:00,N012,5.821200000000001,1.484,0.0,Normal,Low,Moderate
2025-01-11 23:00:00,N013,1.2275200000000002,1.101,0.0,Normal,Low,Low
2025-01-11 23:00:00,N014,5.291499999999999,1.322,0.0,Normal,Low,Moderate
2025-01-11 23:00:00,N015,2.9205600000000005,1.206,0.0,Normal,Low,Low
2025-01-11 23:00:00,N016,4.8185,1.448,0.0,Normal,Low,Low
2025-01-11 23:00:00,N017,7.20656,1.477,0.0,Normal,Low,Moderate
2025-01-11 23:00:00,N018,3.15476,1.2,0.0,Normal,Low,Low
2025-01-11 23:00:00,N019,3.21468,1.177,0.0,Normal,Low,Low
2025-01-11 23:00:00,N020,4.85134,1.296,0.0,Normal,Low,Low
2025-01-12 00:00:00,N001,3.7752,1.393,0.0,Normal,Low,Low
2025-01-12 00:00:00,N002,1.89478,1.203,0.0,Normal,Low,Low
2025-01-12 00:00:00,N003,11.957765692790286,0.6964167793741767,1.815,Partial_Blockage,Moderate,Moderate
2025-01-12 00:00:00,N004,8.989452336706325,0.6942108737532978,1.374,Partial_Blockage,Moderate,Moderate
2025-01-12 00:00:00,N005,3.7318399999999996,1.304,0.0,Normal,Low,Low
2025-01-12 00:00:00,N006,15.052163210648944,0.4363592553212545,4.242,Severe_Blockage,High,High
2025-01-12 00:00:00,N007,3.58644,1.286,0.0,Normal,Low,Low
2025-01-12 00:00:00,N008,0.9054,1.103,0.0,Normal,Low,Low
2025-01-12 00:00:00,N009,16.258641402492337,0.5348208372578508,3.782,Severe_Blockage,High,High
2025-01-12 00:00:00,N010,2.12568,1.145,0.0,Normal,Low,Low
2025-01-12 00:00:00,N011,3.6252,1.32,0.0,Normal,Low,Low
2025-01-12 00:00:00,N012,1.66012,1.126,0.0,Normal,Low,Low
2025-01-12 00:00:00,N013,10.14917877537695,0.6539473605468501,1.756,Partial_Blockage,Moderate,Moderate
2025-01-12 00:00:00,N014,32.92346604664664,0.2566126833306217,12.237,Severe_Blockage,Critical,Critical
2025-01-12 00:00:00,N015,27.967066805097545,0.3301120016482795,9.367,Severe_Blockage,Critical,Critical
2025-01-12 00:00:00,N016,2.76,1.202,0.0,Normal,Low,Low
2025-01-12 00:00:00,N017,2.2425599999999997,1.141,0.0,Normal,Low,Low
2025-01-12 00:00:00,N018,23.37110513405392,0.591371505540002,4.775,Severe_Blockage,High,High
2025-01-12 00:00:00,N019,19.193747570769144,0.4474307634259053,5.303,Severe_Blockage,High,High
2025-01-12 00:00:00,N020,27.1188921385914,0.3418932218190323,8.924,Severe_Blockage,Critical,Critical
2025-01-12 01:00:00,N001,15.039434908856112,0.4311891926133028,4.277,Severe_Blockage,High,High
2025-01-12 01:00:00,N002,3.65486,1.201,0.0,Normal,Low,Low
2025-01-12 01:00:00,N003,6.02728,1.536,0.0,Normal,Low,Moderate
2025-01-12 01:00:00,N004,7.0423599999999995,1.518,0.0,Normal,Low,Moderate
2025-01-12 01:00:00,N005,6.083279999999999,1.368,0.0,Normal,Low,Moderate
2025-01-12 01:00:00,N006,5.1312999999999995,1.369,0.0,Normal,Low,Moderate
2025-01-12 01:00:00,N007,1.73888,1.085,0.0,Normal,Low,Low
2025-01-12 01:00:00,N008,1.3480400000000001,1.056,0.0,Normal,Low,Low
2025-01-12 01:00:00,N009,6.22592,1.375,0.0,Normal,Low,Moderate
2025-01-12 01:00:00,N010,21.08785089387764,0.5710222880970688,4.523,Severe_Blockage,High,High
2025-01-12 01:00:00,N011,8.3422,1.461,0.0,Normal,Low,Moderate
2025-01-12 01:00:00,N012,2.63032,1.154,0.0,Normal,Low,Low
2025-01-12 01:00:00,N013,4.25248,1.302,0.0,Normal,Low,Low
2025-01-12 01:00:00,N014,6.539179999999999,1.392,0.0,Normal,Low,Moderate
2025-01-12 01:00:00,N015,14.7908105004779,0.5678683116457758,3.196,Severe_Blockage,High,Moderate
2025-01-12 01:00:00,N016,7.727999999999999,1.414,0.0,Normal,Low,Moderate
2025-01-12 01:00:00,N017,34.838531794956296,0.3250489672238709,11.757,Severe_Blockage,Critical,Critical
2025-01-12 01:00:00,N018,22.18760781748152,0.5859093717144548,4.594,Severe_Blockage,High,High
2025-01-12 01:00:00,N019,5.4661599999999995,1.259,0.0,Normal,Low,Moderate
2025-01-12 01:00:00,N020,6.0366800000000005,1.384,0.0,Normal,Low,Moderate
2025-01-12 02:00:00,N001,3.5464,1.25,0.0,Normal,Low,Low
2025-01-12 02:00:00,N002,2.12826,1.135,0.0,Normal,Low,Low
2025-01-12 02:00:00,N003,13.834453160904436,0.6526283204717371,2.403,Partial_Blockage,Moderate,Moderate
2025-01-12 02:00:00,N004,23.826423842482512,0.48410223853969736,6.146,Severe_Blockage,High,High
2025-01-12 02:00:00,N005,25.82838664532871,0.2953044148126418,9.101,Severe_Blockage,Critical,Critical
2025-01-12 02:00:00,N006,2.8518,1.188,0.0,Normal,Low,Low
2025-01-12 02:00:00,N007,20.07186393048438,0.5089425836442167,4.928,Severe_Blockage,High,High
2025-01-12 02:00:00,N008,2.9677000000000002,1.174,0.0,Normal,Low,Low
2025-01-12 02:00:00,N009,3.6351999999999998,1.263,0.0,Normal,Low,Low
2025-01-12 02:00:00,N010,23.86734652166168,0.5580157598165677,5.274,Severe_Blockage,High,High
2025-01-12 02:00:00,N011,1.2826,1.08,0.0,Normal,Low,Low
2025-01-12 02:00:00,N012,3.8592400000000002,1.3,0.0,Normal,Low,Low
2025-01-12 02:00:00,N013,7.77064,1.421,0.0,Normal,Low,Moderate
2025-01-12 02:00:00,N014,1.24768,1.06,0.0,Normal,Low,Low
2025-01-12 02:00:00,N015,11.941506261993961,0.6579917265201011,2.042,Partial_Blockage,Moderate,Moderate
2025-01-12 02:00:00,N016,5.232499999999999,1.363,0.0,Normal,Low,Moderate
2025-01-12 02:00:00,N017,3.84272,1.258,0.0,Normal,Low,Low
2025-01-12 02:00:00,N018,3.51056,1.202,0.0,Normal,Low,Low
2025-01-12 02:00:00,N019,3.33508,1.165,0.0,Normal,Low,Low
2025-01-12 02:00:00,N020,29.218200903890185,0.28650083170582896,10.424,Severe_Blockage,Critical,Critical
2025-01-12 03:00:00,N001,2.4024,1.244,0.0,Normal,Low,Low
2025-01-12 03:00:00,N002,2.85564,1.287,0.0,Normal,Low,Low
2025-01-12 03:00:00,N003,2.14344,1.237,0.0,Normal,Low,Low
2025-01-12 03:00:00,N004,3.32504,1.303,0.0,Normal,Low,Low
2025-01-12 03:00:00,N005,3.88416,1.391,0.0,Normal,Low,Low
2025-01-12 03:00:00,N006,4.1904,1.492,0.0,Normal,Low,Low
2025-01-12 03:00:00,N007,7.44952,1.525,0.0,Normal,Low,Moderate
2025-01-12 03:00:00,N008,3.07836,1.315,0.0,Normal,Low,Low
2025-01-12 03:00:00,N009,3.0822399999999996,1.304,0.0,Normal,Low,Low
2025-01-12 03:00:00,N010,6.554180000000001,1.523,0.0,Normal,Low,Moderate
2025-01-12 03:00:00,N011,5.671,1.442,0.0,Normal,Low,Moderate
2025-01-12 03:00:00,N012,1.25048,1.089,0.0,Normal,Low,Low
2025-01-12 03:00:00,N013,3.5839200000000004,1.35,0.0,Normal,Low,Low
2025-01-12 03:00:00,N014,9.514371670949956,0.7379643449610784,1.247,Partial_Blockage,Moderate,Moderate
2025-01-12 03:00:00,N015,25.21319544361963,0.32557042070267783,8.502,Severe_Blockage,Critical,Critical
2025-01-12 03:00:00,N016,17.880427914974693,0.5131133376906346,4.353,Severe_Blockage,High,High
2025-01-12 03:00:00,N017,4.80048,1.485,0.0,Normal,Low,Low
2025-01-12 03:00:00,N018,2.11108,1.171,0.0,Normal,Low,Low
2025-01-12 03:00:00,N019,2.37188,1.104,0.0,Normal,Low,Low
2025-01-12 03:00:00,N020,4.25256,1.298,0.0,Normal,Low,Low
2025-01-12 04:00:00,N001,0.9064,1.073,0.0,Normal,Low,Low
2025-01-12 04:00:00,N002,2.12826,1.231,0.0,Normal,Low,Low
2025-01-12 04:00:00,N003,14.416902735333755,0.6587739579764306,2.46,Partial_Blockage,Moderate,Moderate
2025-01-12 04:00:00,N004,1.5784599999999998,1.109,0.0,Normal,Low,Low
2025-01-12 04:00:00,N005,9.12124244166725,0.7053327254675786,1.344,Partial_Blockage,Moderate,Moderate
2025-01-12 04:00:00,N006,15.01092074312342,0.43141427246140684,4.267,Severe_Blockage,High,High
2025-01-12 04:00:00,N007,14.838666620751544,0.7138629337023287,2.123,Partial_Blockage,Moderate,Moderate
2025-01-12 04:00:00,N008,13.978880304465433,0.7033754932306455,2.073,Partial_Blockage,Moderate,Moderate
2025-01-12 04:00:00,N009,1.7305599999999999,1.132,0.0,Normal,Low,Low
2025-01-12 04:00:00,N010,38.31934874043703,0.34906242684123967,12.472,Severe_Blockage,Critical,Critical
2025-01-12 04:00:00,N011,4.3566,1.253,0.0,Normal,Low,Low
2025-01-12 04:00:00,N012,2.7812400000000004,1.228,0.0,Normal,Low,Low
2025-01-12 04:00:00,N013,16.455976382835313,0.5478264489172829,3.72,Severe_Blockage,High,High
2025-01-12 04:00:00,N014,22.098712544371743,0.5306934767563497,5.186,Severe_Blockage,High,High
2025-01-12 04:00:00,N015,15.23160174532669,0.5598574237323326,3.352,Severe_Blockage,High,High
2025-01-12 04:00:00,N016,2.6104999999999996,1.197,0.0,Normal,Low,Low
2025-01-12 04:00:00,N017,2.4528,1.203,0.0,Normal,Low,Low
2025-01-12 04:00:00,N018,1.45878,1.087,0.0,Normal,Low,Low
2025-01-12 04:00:00,N019,24.05585101950132,0.44456855612830254,6.681,Severe_Blockage,High,High
2025-01-12 04:00:00,N020,14.869767701311694,0.6119225739415852,2.885,Partial_Blockage,Moderate,Moderate
2025-01-12 05:00:00,N001,7.656,1.499,0.0,Normal,Low,Moderate
2025-01-12 05:00:00,N002,15.446032673214019,0.5604471309287892,3.395,Severe_Blockage,High,High
2025-01-12 05:00:00,N003,1.84116,1.151,0.0,Normal,Low,Low
2025-01-12 05:00:00,N004,5.52928,1.371,0.0,Normal,Low,Moderate
2025-01-12 05:00:00,N005,22.768766825595325,0.5238226236535055,5.421,Severe_Blockage,High,High
2025-01-12 05:00:00,N006,3.0749,1.125,0.0,Normal,Low,Low
2025-01-12 05:00:00,N007,2.7861599999999997,1.159,0.0,Normal,Low,Low
2025-01-12 05:00:00,N008,6.45852,1.46,0.0,Normal,Low,Moderate
2025-01-12 05:00:00,N009,3.6864000000000003,1.18,0.0,Normal,Low,Low
2025-01-12 05:00:00,N010,4.88698,1.247,0.0,Normal,Low,Low
2025-01-12 05:00:00,N011,4.8018,1.262,0.0,Normal,Low,Low
2025-01-12 05:00:00,N012,4.9695800000000006,1.276,0.0,Normal,Low,Low
2025-01-12 05:00:00,N013,21.174989318185006,0.4861598396011628,5.44,Severe_Blockage,High,High
2025-01-12 05:00:00,N014,5.480879999999999,1.314,0.0,Normal,Low,Moderate
2025-01-12 05:00:00,N015,9.576720000000002,1.465,0.0,Normal,Low,Moderate
2025-01-12 05:00:00,N016,3.1395,1.202,0.0,Normal,Low,Low
2025-01-12 05:00:00,N017,2.8616,1.225,0.0,Normal,Low,Low
2025-01-12 05:00:00,N018,1.9213200000000001,1.096,0.0,Normal,Low,Low
2025-01-12 05:00:00,N019,39.99791272311831,0.35393976228367036,12.921,Severe_Blockage,Critical,Critical
2025-01-12 05:00:00,N020,11.973652944897882,0.5793148250936395,2.519,Severe_Blockage,High,Moderate
2025-01-12 06:00:00,N001,4.4264,1.24,0.0,Normal,Low,Low
2025-01-12 06:00:00,N002,6.17824,1.467,0.0,Normal,Low,Moderate
2025-01-12 06:00:00,N003,1.15416,1.055,0.0,Normal,Low,Low
2025-01-12 06:00:00,N004,5.3705,1.386,0.0,Normal,Low,Moderate
2025-01-12 06:00:00,N005,3.3891199999999997,1.159,0.0,Normal,Low,Low
2025-01-12 06:00:00,N006,26.66362577595204,0.33652922471057783,8.845,Severe_Blockage,Critical,Critical
2025-01-12 06:00:00,N007,22.392352970826586,0.5726365084820876,4.785,Severe_Blockage,High,High
2025-01-12 06:00:00,N008,6.3378,1.453,0.0,Normal,Low,Moderate
2025-01-12 06:00:00,N009,5.84704,1.218,0.0,Normal,Low,Moderate
2025-01-12 06:00:00,N010,14.432035717261833,0.721428363536115,2.01,Partial_Blockage,Moderate,Moderate
2025-01-12 06:00:00,N011,3.8372,1.218,0.0,Normal,Low,Low
2025-01-12 06:00:00,N012,7.96642,1.48,0.0,Normal,Low,Moderate
2025-01-12 06:00:00,N013,2.3564000000000003,1.134,0.0,Normal,Low,Low
2025-01-12 06:00:00,N014,8.488679999999999,1.458,0.0,Normal,Low,Moderate
2025-01-12 06:00:00,N015,2.547,1.104,0.0,Normal,Low,Low
2025-01-12 06:00:00,N016,3.0704999999999996,1.134,0.0,Normal,Low,Low
2025-01-12 06:00:00,N017,5.3494399999999995,1.319,0.0,Normal,Low,Moderate
2025-01-12 06:00:00,N018,3.8426400000000003,1.205,0.0,Normal,Low,Low
2025-01-12 06:00:00,N019,2.48024,1.096,0.0,Normal,Low,Low
2025-01-12 06:00:00,N020,8.373042915856352,0.7076815244936746,1.224,Partial_Blockage,Moderate,Moderate
2025-01-12 07:00:00,N001,1.2584,1.062,0.0,Normal,Low,Low
2025-01-12 07:00:00,N002,5.51372,1.527,0.0,Normal,Low,Moderate
2025-01-12 07:00:00,N003,3.62736,1.233,0.0,Normal,Low,Low
2025-01-12 07:00:00,N004,4.0255399999999995,1.324,0.0,Normal,Low,Low
2025-01-12 07:00:00,N005,2.53232,1.201,0.0,Normal,Low,Low
2025-01-12 07:00:00,N006,4.0158,1.348,0.0,Normal,Low,Low
2025-01-12 07:00:00,N007,1.52152,1.076,0.0,Normal,Low,Low
2025-01-12 07:00:00,N008,5.66378,1.442,0.0,Normal,Low,Moderate
2025-01-12 07:00:00,N009,4.61824,1.205,0.0,Normal,Low,Low
2025-01-12 07:00:00,N010,4.7411,1.26,0.0,Normal,Low,Low
2025-01-12 07:00:00,N011,9.716985835684733,0.6561370871448363,1.671,Partial_Blockage,Moderate,Moderate
2025-01-12 07:00:00,N012,7.050120000000001,1.35,0.0,Normal,Low,Moderate
2025-01-12 07:00:00,N013,24.41902597897353,0.47668817625556564,6.389,Severe_Blockage,High,High
2025-01-12 07:00:00,N014,9.478238440089916,0.7096339939415657,1.376,Partial_Blockage,Moderate,Moderate
2025-01-12 07:00:00,N015,10.00720747330003,0.5580464738852962,2.211,Severe_Blockage,High,Moderate
2025-01-12 07:00:00,N016,4.369999999999999,1.291,0.0,Normal,Low,Low
2025-01-12 07:00:00,N017,3.6324799999999997,1.199,0.0,Normal,Low,Low
2025-01-12 07:00:00,N018,6.143479999999999,1.431,0.0,Normal,Low,Moderate
2025-01-12 07:00:00,N019,4.7558,1.206,0.0,Normal,Low,Low
2025-01-12 07:00:00,N020,6.598800000000001,1.345,0.0,Normal,Low,Moderate
2025-01-12 08:00:00,N001,39.59357650317044,0.34914030479007213,12.885,Severe_Blockage,Critical,Critical
2025-01-12 08:00:00,N002,29.81958179327657,0.3568812342917683,9.589,Severe_Blockage,Critical,Critical
2025-01-12 08:00:00,N003,4.27772,1.219,0.0,Normal,Low,Low
2025-01-12 08:00:00,N004,6.24846,1.526,0.0,Normal,Low,Moderate
2025-01-12 08:00:00,N005,3.02736,1.192,0.0,Normal,Low,Low
2025-01-12 08:00:00,N006,4.9082,1.364,0.0,Normal,Low,Low
2025-01-12 08:00:00,N007,2.8948400000000003,1.153,0.0,Normal,Low,Low
2025-01-12 08:00:00,N008,8.46046,1.521,0.0,Normal,Low,Moderate
2025-01-12 08:00:00,N009,3.50208,1.134,0.0,Normal,Low,Low
2025-01-12 08:00:00,N010,1.4067,1.072,0.0,Normal,Low,Low
2025-01-12 08:00:00,N011,22.979252529583892,0.5122434737094381,5.604,Severe_Blockage,High,High
2025-01-12 08:00:00,N012,2.97528,1.16,0.0,Normal,Low,Low
2025-01-12 08:00:00,N013,6.214320000000001,1.431,0.0,Normal,Low,Moderate
2025-01-12 08:00:00,N014,26.92805136941428,0.3660641723044514,8.535,Severe_Blockage,Critical,Critical
2025-01-12 08:00:00,N015,3.5318400000000003,1.193,0.0,Normal,Low,Low
2025-01-12 08:00:00,N016,12.93446554780914,0.6743425362149653,2.106,Partial_Blockage,Moderate,Moderate
2025-01-12 08:00:00,N017,5.22096,1.283,0.0,Normal,Low,Moderate
2025-01-12 08:00:00,N018,3.9137999999999997,1.157,0.0,Normal,Low,Low
2025-01-12 08:00:00,N019,3.7685199999999996,1.182,0.0,Normal,Low,Low
2025-01-12 08:00:00,N020,7.2953399999999995,1.418,0.0,Normal,Low,Moderate
2025-01-12 09:00:00,N001,4.2504,1.389,0.0,Normal,Low,Low
2025-01-12 09:00:00,N002,3.28668,1.285,0.0,Normal,Low,Low
2025-01-12 09:00:00,N003,6.1372,1.532,0.0,Normal,Low,Moderate
2025-01-12 09:00:00,N004,4.632639999999999,1.329,0.0,Normal,Low,Low
2025-01-12 09:00:00,N005,1.01864,1.108,0.0,Normal,Low,Low
2025-01-12 09:00:00,N006,10.679540955797329,0.5791721091271765,2.247,Severe_Blockage,High,Moderate
2025-01-12 09:00:00,N007,0.80028,1.054,0.0,Normal,Low,Low
2025-01-12 09:00:00,N008,3.40028,1.162,0.0,Normal,Low,Low
2025-01-12 09:00:00,N009,6.35904,1.429,0.0,Normal,Low,Moderate
2025-01-12 09:00:00,N010,3.3552400000000002,1.437,0.0,Normal,Low,Low
2025-01-12 09:00:00,N011,4.0174,1.296,0.0,Normal,Low,Low
2025-01-12 09:00:00,N012,1.11034,1.067,0.0,Normal,Low,Low
2025-01-12 09:00:00,N013,5.6115200000000005,1.372,0.0,Normal,Low,Moderate
2025-01-12 09:00:00,N014,5.52544,1.289,0.0,Normal,Low,Moderate
2025-01-12 09:00:00,N015,3.4865600000000003,1.181,0.0,Normal,Low,Low
2025-01-12 09:00:00,N016,22.101524378859928,0.5410016553265056,5.072,Severe_Blockage,High,High
2025-01-12 09:00:00,N017,2.5579199999999997,1.135,0.0,Normal,Low,Low
2025-01-12 09:00:00,N018,15.078975633196531,0.45157102798764054,4.135,Severe_Blockage,High,High
2025-01-12 09:00:00,N019,3.15448,1.172,0.0,Normal,Low,Low
2025-01-12 09:00:00,N020,2.08962,1.097,0.0,Normal,Low,Low
2025-01-12 10:00:00,N001,30.302123077086225,0.39766336120239004,9.126,Severe_Blockage,Critical,Critical
2025-01-12 10:00:00,N002,32.15101383068287,0.3084729472693135,11.117,Severe_Blockage,Critical,Critical
2025-01-12 10:00:00,N003,3.49912,1.284,0.0,Normal,Low,Low
2025-01-12 10:00:00,N004,19.18934165417322,0.43454697426481337,5.425,Severe_Blockage,High,High
2025-01-12 10:00:00,N005,4.68384,1.401,0.0,Normal,Low,Low
2025-01-12 10:00:00,N006,1.6199,1.12,0.0,Normal,Low,Low
2025-01-12 10:00:00,N007,17.999664324968347,0.5871817296676605,3.715,Severe_Blockage,High,High
2025-01-12 10:00:00,N008,2.1427799999999997,1.18,0.0,Normal,Low,Low
2025-01-12 10:00:00,N009,6.4409600000000005,1.505,0.0,Normal,Low,Moderate
2025-01-12 10:00:00,N010,1.2920800000000001,1.104,0.0,Normal,Low,Low
2025-01-12 10:00:00,N011,5.0562,1.452,0.0,Normal,Low,Moderate
2025-01-12 10:00:00,N012,2.44706,1.128,0.0,Normal,Low,Low
2025-01-12 10:00:00,N013,1.30424,1.095,0.0,Normal,Low,Low
2025-01-12 10:00:00,N014,18.728754715412805,0.47568087795121,4.91,Severe_Blockage,High,High
2025-01-12 10:00:00,N015,5.44492,1.348,0.0,Normal,Low,Moderate
2025-01-12 10:00:00,N016,4.232,1.216,0.0,Normal,Low,Low
2025-01-12 10:00:00,N017,2.26592,1.235,0.0,Normal,Low,Low
2025-01-12 10:00:00,N018,9.650783588659918,0.6563673293355093,1.658,Partial_Blockage,Moderate,Moderate
2025-01-12 10:00:00,N019,1.31236,1.074,0.0,Normal,Low,Low
2025-01-12 10:00:00,N020,1.23422,1.065,0.0,Normal,Low,Low
2025-01-12 11:00:00,N001,24.779985235617275,0.47881860127954934,6.457,Severe_Blockage,High,High
2025-01-12 11:00:00,N002,2.52338,1.297,0.0,Normal,Low,Low
2025-01-12 11:00:00,N003,1.6762800000000002,1.187,0.0,Normal,Low,Low
2025-01-12 11:00:00,N004,1.73724,1.149,0.0,Normal,Low,Low
2025-01-12 11:00:00,N005,3.02736,1.417,0.0,Normal,Low,Low
2025-01-12 11:00:00,N006,1.6586999999999998,1.124,0.0,Normal,Low,Low
2025-01-12 11:00:00,N007,3.3394399999999997,1.416,0.0,Normal,Low,Low
2025-01-12 11:00:00,N008,3.02806,1.26,0.0,Normal,Low,Low
2025-01-12 11:00:00,N009,10.465954607387257,0.6506457699911019,1.828,Partial_Blockage,Moderate,Moderate
2025-01-12 11:00:00,N010,1.3441800000000002,1.097,0.0,Normal,Low,Low
2025-01-12 11:00:00,N011,2.6182000000000003,1.196,0.0,Normal,Low,Low
2025-01-12 11:00:00,N012,12.346127055075815,0.6091689261561756,2.413,Partial_Blockage,Moderate,Moderate
2025-01-12 11:00:00,N013,4.47168,1.298,0.0,Normal,Low,Low
2025-01-12 11:00:00,N014,2.5065,1.156,0.0,Normal,Low,Low
2025-01-12 11:00:00,N015,1.1206800000000001,1.077,0.0,Normal,Low,Low
2025-01-12 11:00:00,N016,34.99196656981614,0.30377458615890907,12.181,Severe_Blockage,Critical,Critical
2025-01-12 11:00:00,N017,1.70528,1.096,0.0,Normal,Low,Low
2025-01-12 11:00:00,N018,18.12635354194774,0.5722727607802975,3.877,Severe_Blockage,High,High
2025-01-12 11:00:00,N019,12.738119635709673,0.7303908927456737,1.717,Partial_Blockage,Moderate,Moderate
2025-01-12 11:00:00,N020,1.1242400000000001,1.068,0.0,Normal,Low,Low
2025-01-12 12:00:00,N001,1.7863999999999998,1.135,0.0,Normal,Low,Low
2025-01-12 12:00:00,N002,1.96662,1.158,0.0,Normal,Low,Low
2025-01-12 12:00:00,N003,5.532640000000001,1.378,0.0,Normal,Low,Moderate
2025-01-12 12:00:00,N004,0.94334,1.07,0.0,Normal,Low,Low
2025-01-12 12:00:00,N005,8.223280459059202,0.5966387014591584,1.658,Severe_Blockage,High,Moderate
2025-01-12 12:00:00,N006,1.164,1.094,0.0,Normal,Low,Low
2025-01-12 12:00:00,N007,16.721711077696217,0.5837575952133599,3.48,Severe_Blockage,High,High
2025-01-12 12:00:00,N008,14.414294711537691,0.6053555450394938,2.844,Partial_Blockage,Moderate,Moderate
2025-01-12 12:00:00,N009,2.26304,1.16,0.0,Normal,Low,Low
2025-01-12 12:00:00,N010,2.15694,1.176,0.0,Normal,Low,Low
2025-01-12 12:00:00,N011,3.3178,1.277,0.0,Normal,Low,Low
2025-01-12 12:00:00,N012,1.5846600000000002,1.09,0.0,Normal,Low,Low
2025-01-12 12:00:00,N013,21.07857912849891,0.5969205004144844,4.248,Severe_Blockage,High,High
2025-01-12 12:00:00,N014,1.47048,1.087,0.0,Normal,Low,Low
2025-01-12 12:00:00,N015,1.6980000000000002,1.172,0.0,Normal,Low,Low
2025-01-12 12:00:00,N016,4.646,1.265,0.0,Normal,Low,Low
2025-01-12 12:00:00,N017,38.54089718150049,0.33355404120811466,12.843,Severe_Blockage,Critical,Critical
2025-01-12 12:00:00,N018,15.353274447079476,0.5184328658184952,3.697,Severe_Blockage,High,High
2025-01-12 12:00:00,N019,2.67288,1.217,0.0,Normal,Low,Low
2025-01-12 12:00:00,N020,19.165133686758878,0.5825697322270655,4.0,Severe_Blockage,High,High
2025-01-12 13:00:00,N001,1.1440000000000001,1.07,0.0,Normal,Low,Low
2025-01-12 13:00:00,N002,6.89664,1.528,0.0,Normal,Low,Moderate
2025-01-12 13:00:00,N003,4.77236,1.509,0.0,Normal,Low,Low
2025-01-12 13:00:00,N004,1.94272,1.196,0.0,Normal,Low,Low
2025-01-12 13:00:00,N005,4.02696,1.433,0.0,Normal,Low,Low
2025-01-12 13:00:00,N006,20.998678448275786,0.5904474430246492,4.3,Severe_Blockage,High,High
2025-01-12 13:00:00,N007,4.7819199999999995,1.474,0.0,Normal,Low,Low
2025-01-12 13:00:00,N008,17.193456358189767,0.5202985926929946,4.124,Severe_Blockage,High,High
2025-01-12 13:00:00,N009,1.04448,1.062,0.0,Normal,Low,Low
2025-01-12 13:00:00,N010,2.92802,1.201,0.0,Normal,Low,Low
2025-01-12 13:00:00,N011,0.636,1.054,0.0,Normal,Low,Low
2025-01-12 13:00:00,N012,1.9404000000000001,1.153,0.0,Normal,Low,Low
2025-01-12 13:00:00,N013,1.6220800000000002,1.247,0.0,Normal,Low,Low
2025-01-12 13:00:00,N014,13.792060146515723,0.5577775979325085,3.05,Severe_Blockage,High,Moderate
2025-01-12 13:00:00,N015,4.652520000000001,1.346,0.0,Normal,Low,Low
2025-01-12 13:00:00,N016,4.2665,1.349,0.0,Normal,Low,Low
2025-01-12 13:00:00,N017,4.27488,1.336,0.0,Normal,Low,Low
2025-01-12 13:00:00,N018,2.41944,1.179,0.0,Normal,Low,Low
2025-01-12 13:00:00,N019,5.947760000000001,1.428,0.0,Normal,Low,Moderate
2025-01-12 13:00:00,N020,4.277,1.282,0.0,Normal,Low,Low
2025-01-12 14:00:00,N001,17.40942673894178,0.43431959824943317,4.924,Severe_Blockage,High,High
2025-01-12 14:00:00,N002,1.32904,1.13,0.0,Normal,Low,Low
2025-01-12 14:00:00,N003,2.1526,1.218,0.0,Normal,Low,Low
2025-01-12 14:00:00,N004,5.0436,1.356,0.0,Normal,Low,Moderate
2025-01-12 14:00:00,N005,5.083679999999999,1.482,0.0,Normal,Low,Moderate
2025-01-12 14:00:00,N006,1.1542999999999999,1.082,0.0,Normal,Low,Low
2025-01-12 14:00:00,N007,3.13196,1.334,0.0,Normal,Low,Low
2025-01-12 14:00:00,N008,3.41034,1.465,0.0,Normal,Low,Low
2025-01-12 14:00:00,N009,1.6588800000000001,1.14,0.0,Normal,Low,Low
2025-01-12 14:00:00,N010,1.1045200000000002,1.082,0.0,Normal,Low,Low
2025-01-12 14:00:00,N011,5.692200000000001,1.384,0.0,Normal,Low,Moderate
2025-01-12 14:00:00,N012,24.419634885885394,0.42359540422131214,7.038,Severe_Blockage,High,High
2025-01-12 14:00:00,N013,4.077120000000001,1.275,0.0,Normal,Low,Low
2025-01-12 14:00:00,N014,3.1526199999999998,1.195,0.0,Normal,Low,Low
2025-01-12 14:00:00,N015,23.856501159071357,0.4287367172317978,6.814,Severe_Blockage,High,High
2025-01-12 14:00:00,N016,1.863,1.129,0.0,Normal,Low,Low
2025-01-12 14:00:00,N017,2.59296,1.217,0.0,Normal,Low,Low
2025-01-12 14:00:00,N018,3.9612399999999997,1.338,0.0,Normal,Low,Low
2025-01-12 14:00:00,N019,2.23944,1.162,0.0,Normal,Low,Low
2025-01-12 14:00:00,N020,2.79838,1.175,0.0,Normal,Low,Low
2025-01-12 15:00:00,N001,3.2560000000000002,1.257,0.0,Normal,Low,Low
2025-01-12 15:00:00,N002,1.92172,1.133,0.0,Normal,Low,Low
2025-01-12 15:00:00,N003,2.4274,1.209,0.0,Normal,Low,Low
2025-01-12 15:00:00,N004,4.60462,1.341,0.0,Normal,Low,Low
2025-01-12 15:00:00,N005,5.19792,1.428,0.0,Normal,Low,Moderate
2025-01-12 15:00:00,N006,3.8606,1.343,0.0,Normal,Low,Low
2025-01-12 15:00:00,N007,8.029581483435733,0.7214926671361652,1.118,Partial_Blockage,Moderate,Moderate
2025-01-12 15:00:00,N008,37.45377863525935,0.3523705901029259,12.128,Severe_Blockage,Critical,Critical
2025-01-12 15:00:00,N009,5.191680000000001,1.402,0.0,Normal,Low,Moderate
2025-01-12 15:00:00,N010,21.04824558076159,0.5273710797333885,4.974,Severe_Blockage,High,High
2025-01-12 15:00:00,N011,39.87229445192636,0.33410872834509253,13.275,Severe_Blockage,Critical,Critical
2025-01-12 15:00:00,N012,6.47878,1.348,0.0,Normal,Low,Moderate
2025-01-12 15:00:00,N013,4.26344,1.351,0.0,Normal,Low,Low
2025-01-12 15:00:00,N014,1.5818799999999997,1.073,0.0,Normal,Low,Low
2025-01-12 15:00:00,N015,10.836684737716414,0.6932411303954359,1.662,Partial_Blockage,Moderate,Moderate
2025-01-12 15:00:00,N016,3.2775,1.186,0.0,Normal,Low,Low
2025-01-12 15:00:00,N017,2.2425599999999997,1.13,0.0,Normal,Low,Low
2025-01-12 15:00:00,N018,2.46688,1.175,0.0,Normal,Low,Low
2025-01-12 15:00:00,N019,20.82370151818055,0.4604022015922353,5.618,Severe_Blockage,High,High
2025-01-12 15:00:00,N020,11.710977212113107,0.607148177675478,2.3,Partial_Blockage,Moderate,Moderate
2025-01-12 16:00:00,N001,2.42,1.227,0.0,Normal,Low,Low
2025-01-12 16:00:00,N002,0.64656,1.062,0.0,Normal,Low,Low
2025-01-12 16:00:00,N003,2.8396000000000003,1.273,0.0,Normal,Low,Low
2025-01-12 16:00:00,N004,3.0541799999999997,1.268,0.0,Normal,Low,Low
2025-01-12 16:00:00,N005,0.98056,1.067,0.0,Normal,Low,Low
2025-01-12 16:00:00,N006,8.755951802543427,0.6309705677869932,1.616,Partial_Blockage,Moderate,Moderate
2025-01-12 16:00:00,N007,14.31029279854512,0.6645443537268025,2.4,Partial_Blockage,Moderate,Moderate
2025-01-12 16:00:00,N008,2.55524,1.182,0.0,Normal,Low,Low
2025-01-12 16:00:00,N009,5.4784,1.358,0.0,Normal,Low,Moderate
2025-01-12 16:00:00,N010,1.4587999999999999,1.102,0.0,Normal,Low,Low
2025-01-12 16:00:00,N011,1.2402,1.124,0.0,Normal,Low,Low
2025-01-12 16:00:00,N012,0.7869400000000001,1.053,0.0,Normal,Low,Low
2025-01-12 16:00:00,N013,1.93992,1.166,0.0,Normal,Low,Low
2025-01-12 16:00:00,N014,5.1132599999999995,1.386,0.0,Normal,Low,Moderate
2025-01-12 16:00:00,N015,4.19972,1.425,0.0,Normal,Low,Low
2025-01-12 16:00:00,N016,1.9779999999999998,1.172,0.0,Normal,Low,Low
2025-01-12 16:00:00,N017,3.8660799999999997,1.283,0.0,Normal,Low,Low
2025-01-12 16:00:00,N018,1.44692,1.066,0.0,Normal,Low,Low
2025-01-12 16:00:00,N019,2.8895999999999997,1.229,0.0,Normal,Low,Low
2025-01-12 16:00:00,N020,4.35032,1.265,0.0,Normal,Low,Low
2025-01-12 17:00:00,N001,1.3904,1.104,0.0,Normal,Low,Low
2025-01-12 17:00:00,N002,1.77804,1.132,0.0,Normal,Low,Low
2025-01-12 17:00:00,N003,1.0992,1.078,0.0,Normal,Low,Low
2025-01-12 17:00:00,N004,2.12018,1.192,0.0,Normal,Low,Low
2025-01-12 17:00:00,N005,4.4744,1.454,0.0,Normal,Low,Low
2025-01-12 17:00:00,N006,8.310849025394717,0.7114756047558177,1.199,Partial_Blockage,Moderate,Moderate
2025-01-12 17:00:00,N007,3.7346399999999997,1.427,0.0,Normal,Low,Low
2025-01-12 17:00:00,N008,9.76517067193705,0.6101312940266889,1.904,Partial_Blockage,Moderate,Moderate
2025-01-12 17:00:00,N009,18.05662627111043,0.5992521489284486,3.618,Severe_Blockage,High,High
2025-01-12 17:00:00,N010,0.9378000000000001,1.071,0.0,Normal,Low,Low
2025-01-12 17:00:00,N011,2.6182000000000003,1.184,0.0,Normal,Low,Low
2025-01-12 17:00:00,N012,5.691840000000001,1.398,0.0,Normal,Low,Moderate
2025-01-12 17:00:00,N013,2.0056800000000004,1.138,0.0,Normal,Low,Low
2025-01-12 17:00:00,N014,6.416639999999999,1.528,0.0,Normal,Low,Moderate
2025-01-12 17:00:00,N015,10.277581410791292,0.7044086582906791,1.519,Partial_Blockage,Moderate,Moderate
2025-01-12 17:00:00,N016,17.00494152436156,0.4931933894527524,4.309,Severe_Blockage,High,High
2025-01-12 17:00:00,N017,4.485119999999999,1.323,0.0,Normal,Low,Low
2025-01-12 17:00:00,N018,5.0405,1.531,0.0,Normal,Low,Moderate
2025-01-12 17:00:00,N019,3.3230399999999998,1.209,0.0,Normal,Low,Low
2025-01-12 17:00:00,N020,12.789063558900878,0.749507433842207,1.602,Partial_Blockage,Moderate,Moderate
2025-01-12 18:00:00,N001,0.9768000000000001,1.064,0.0,Normal,Low,Low
2025-01-12 18:00:00,N002,0.51186,1.058,0.0,Normal,Low,Low
2025-01-12 18:00:00,N003,0.93432,1.065,0.0,Normal,Low,Low
2025-01-12 18:00:00,N004,4.1096,1.48,0.0,Normal,Low,Low
2025-01-12 18:00:00,N005,4.3982399999999995,1.301,0.0,Normal,Low,Low
2025-01-12 18:00:00,N006,4.0643,1.312,0.0,Normal,Low,Low
2025-01-12 18:00:00,N007,1.50176,1.143,0.0,Normal,Low,Low
2025-01-12 18:00:00,N008,1.69008,1.136,0.0,Normal,Low,Low
2025-01-12 18:00:00,N009,2.26304,1.132,0.0,Normal,Low,Low
2025-01-12 18:00:00,N010,3.21978,1.437,0.0,Normal,Low,Low
2025-01-12 18:00:00,N011,25.71223116667344,0.37296431188268936,8.061,Severe_Blockage,Critical,Critical
2025-01-12 18:00:00,N012,3.78378,1.274,0.0,Normal,Low,Low
2025-01-12 18:00:00,N013,5.6772800000000005,1.496,0.0,Normal,Low,Moderate
2025-01-12 18:00:00,N014,3.7653199999999996,1.418,0.0,Normal,Low,Low
2025-01-12 18:00:00,N015,3.8601200000000007,1.25,0.0,Normal,Low,Low
2025-01-12 18:00:00,N016,1.426,1.121,0.0,Normal,Low,Low
2025-01-12 18:00:00,N017,1.5067199999999998,1.12,0.0,Normal,Low,Low
2025-01-12 18:00:00,N018,5.989299999999999,1.464,0.0,Normal,Low,Moderate
2025-01-12 18:00:00,N019,1.27624,1.107,0.0,Normal,Low,Low
2025-01-12 18:00:00,N020,3.4949199999999996,1.282,0.0,Normal,Low,Low
2025-01-12 19:00:00,N001,13.071302831511192,0.6185565777862325,2.493,Partial_Blockage,Moderate,Moderate
2025-01-12 19:00:00,N002,3.17892,1.216,0.0,Normal,Low,Low
2025-01-12 19:00:00,N003,3.5357600000000002,1.268,0.0,Normal,Low,Low
2025-01-12 19:00:00,N004,4.5299,1.348,0.0,Normal,Low,Low
2025-01-12 19:00:00,N005,4.79808,1.439,0.0,Normal,Low,Low
2025-01-12 19:00:00,N006,15.650977547605265,0.5615836837416399,3.431,Severe_Blockage,High,High
2025-01-12 19:00:00,N007,8.512702133415576,0.6414659598878674,1.526,Partial_Blockage,Moderate,Moderate
2025-01-12 19:00:00,N008,5.4424600000000005,1.451,0.0,Normal,Low,Moderate
2025-01-12 19:00:00,N009,3.3075200000000002,1.295,0.0,Normal,Low,Low
2025-01-12 19:00:00,N010,2.7092,1.135,0.0,Normal,Low,Low
2025-01-12 19:00:00,N011,18.915144150801314,0.42640637655782593,5.425,Severe_Blockage,High,High
2025-01-12 19:00:00,N012,5.476240000000001,1.268,0.0,Normal,Low,Moderate
2025-01-12 19:00:00,N013,4.0552,1.301,0.0,Normal,Low,Low
2025-01-12 19:00:00,N014,5.69254,1.328,0.0,Normal,Low,Moderate
2025-01-12 19:00:00,N015,1.2338800000000003,1.068,0.0,Normal,Low,Low
2025-01-12 19:00:00,N016,1.4605,1.086,0.0,Normal,Low,Low
2025-01-12 19:00:00,N017,2.6747199999999998,1.175,0.0,Normal,Low,Low
2025-01-12 19:00:00,N018,5.23026,1.396,0.0,Normal,Low,Moderate
2025-01-12 19:00:00,N019,15.935301513079283,0.4002076314344275,4.779,Severe_Blockage,High,High
2025-01-12 19:00:00,N020,1.6008200000000001,1.089,0.0,Normal,Low,Low
2025-01-12 20:00:00,N001,10.411343924440061,0.5845361297157949,2.163,Severe_Blockage,High,Moderate
2025-01-12 20:00:00,N002,1.8229399999999998,1.198,0.0,Normal,Low,Low
2025-01-12 20:00:00,N003,3.74644,1.28,0.0,Normal,Low,Low
2025-01-12 20:00:00,N004,3.6145799999999997,1.505,0.0,Normal,Low,Low
2025-01-12 20:00:00,N005,0.37128,1.055,0.0,Normal,Low,Low
2025-01-12 20:00:00,N006,12.944715158680562,0.640873359395934,2.324,Partial_Blockage,Moderate,Moderate
2025-01-12 20:00:00,N007,2.52928,1.186,0.0,Normal,Low,Low
2025-01-12 20:00:00,N008,3.73226,1.312,0.0,Normal,Low,Low
2025-01-12 20:00:00,N009,3.54304,1.247,0.0,Normal,Low,Low
2025-01-12 20:00:00,N010,4.55354,1.335,0.0,Normal,Low,Low
2025-01-12 20:00:00,N011,2.4062,1.162,0.0,Normal,Low,Low
2025-01-12 20:00:00,N012,2.97528,1.27,0.0,Normal,Low,Low
2025-01-12 20:00:00,N013,2.12624,1.163,0.0,Normal,Low,Low
2025-01-12 20:00:00,N014,8.721620176268285,0.6377717470376764,1.58,Partial_Blockage,Moderate,Moderate
2025-01-12 20:00:00,N015,2.1960800000000003,1.176,0.0,Normal,Low,Low
2025-01-12 20:00:00,N016,9.222741049750352,0.5577781491997287,2.039,Severe_Blockage,High,Moderate
2025-01-12 20:00:00,N017,1.7753599999999998,1.125,0.0,Normal,Low,Low
2025-01-12 20:00:00,N018,1.1385599999999998,1.079,0.0,Normal,Low,Low
2025-01-12 20:00:00,N019,2.6367599999999998,1.228,0.0,Normal,Low,Low
2025-01-12 20:00:00,N020,26.378007803301692,0.30392102843087154,9.181,Severe_Blockage,Critical,Critical
2025-01-12 21:00:00,N001,4.8048,1.426,0.0,Normal,Low,Low
2025-01-12 21:00:00,N002,1.83192,1.237,0.0,Normal,Low,Low
2025-01-12 21:00:00,N003,1.603,1.202,0.0,Normal,Low,Low
2025-01-12 21:00:00,N004,1.4196799999999998,1.082,0.0,Normal,Low,Low
2025-01-12 21:00:00,N005,1.72312,1.195,0.0,Normal,Low,Low
2025-01-12 21:00:00,N006,2.6287,1.256,0.0,Normal,Low,Low
2025-01-12 21:00:00,N007,1.8673199999999999,1.152,0.0,Normal,Low,Low
2025-01-12 21:00:00,N008,3.68196,1.35,0.0,Normal,Low,Low
2025-01-12 21:00:00,N009,15.388656355358881,0.5290965019715511,3.623,Severe_Blockage,High,High
2025-01-12 21:00:00,N010,3.84498,1.258,0.0,Normal,Low,Low
2025-01-12 21:00:00,N011,1.855,1.122,0.0,Normal,Low,Low
2025-01-12 21:00:00,N012,4.0856200000000005,1.308,0.0,Normal,Low,Low
2025-01-12 21:00:00,N013,3.22224,1.246,0.0,Normal,Low,Low
2025-01-12 21:00:00,N014,2.9966599999999994,1.166,0.0,Normal,Low,Low
2025-01-12 21:00:00,N015,1.5055600000000002,1.133,0.0,Normal,Low,Low
2025-01-12 21:00:00,N016,25.130720459901006,0.27537958988204214,9.105,Severe_Blockage,Critical,Critical
2025-01-12 21:00:00,N017,1.19136,1.066,0.0,Normal,Low,Low
2025-01-12 21:00:00,N018,1.3283200000000002,1.071,0.0,Normal,Low,Low
2025-01-12 21:00:00,N019,3.8648399999999996,1.231,0.0,Normal,Low,Low
2025-01-12 21:00:00,N020,0.47658,1.053,0.0,Normal,Low,Low
2025-01-12 22:00:00,N001,31.77528243708617,0.28190255999291636,11.409,Severe_Blockage,Critical,Critical
2025-01-12 22:00:00,N002,1.1853600000000002,1.071,0.0,Normal,Low,Low
2025-01-12 22:00:00,N003,2.80296,1.155,0.0,Normal,Low,Low
2025-01-12 22:00:00,N004,16.703370703775903,0.5850661717597992,3.465,Severe_Blockage,High,High
2025-01-12 22:00:00,N005,4.045999999999999,1.321,0.0,Normal,Low,Low
2025-01-12 22:00:00,N006,2.8324,1.16,0.0,Normal,Low,Low
2025-01-12 22:00:00,N007,4.58432,1.3,0.0,Normal,Low,Low
2025-01-12 22:00:00,N008,6.44846,1.335,0.0,Normal,Low,Moderate
2025-01-12 22:00:00,N009,2.23232,1.106,0.0,Normal,Low,Low
2025-01-12 22:00:00,N010,2.5112200000000002,1.162,0.0,Normal,Low,Low
2025-01-12 22:00:00,N011,2.1836,1.117,0.0,Normal,Low,Low
2025-01-12 22:00:00,N012,4.13952,1.268,0.0,Normal,Low,Low
2025-01-12 22:00:00,N013,17.05961637728147,0.5636166421058706,3.722,Severe_Blockage,High,High
2025-01-12 22:00:00,N014,3.4088399999999996,1.158,0.0,Normal,Low,Low
2025-01-12 22:00:00,N015,1.60744,1.079,0.0,Normal,Low,Low
2025-01-12 22:00:00,N016,23.02645837995398,0.4742996844241448,6.053,Severe_Blockage,High,High
2025-01-12 22:00:00,N017,33.664674198625654,0.3713595782657106,10.581,Severe_Blockage,Critical,Critical
2025-01-12 22:00:00,N018,1.3401799999999997,1.077,0.0,Normal,Low,Low
2025-01-12 22:00:00,N019,18.193934881573682,0.40513453726146853,5.411,Severe_Blockage,High,High
2025-01-12 22:00:00,N020,5.59676,1.305,0.0,Normal,Low,Moderate
2025-01-12 23:00:00,N001,0.792,1.054,0.0,Normal,Low,Low
2025-01-12 23:00:00,N002,1.65232,1.087,0.0,Normal,Low,Low
2025-01-12 23:00:00,N003,3.9662800000000002,1.225,0.0,Normal,Low,Low
2025-01-12 23:00:00,N004,5.72542,1.449,0.0,Normal,Low,Moderate
2025-01-12 23:00:00,N005,11.053815326809193,0.5605566761572884,2.429,Severe_Blockage,High,Moderate
2025-01-12 23:00:00,N006,22.81929255787716,0.5550638427571055,5.077,Severe_Blockage,High,High
2025-01-12 23:00:00,N007,25.8874246974652,0.27548427685452703,9.378,Severe_Blockage,Critical,Critical
2025-01-12 23:00:00,N008,4.88916,1.33,0.0,Normal,Low,Low
2025-01-12 23:00:00,N009,2.9184,1.129,0.0,Normal,Low,Low
2025-01-12 23:00:00,N010,4.3764,1.218,0.0,Normal,Low,Low
2025-01-12 23:00:00,N011,3.1588000000000003,1.131,0.0,Normal,Low,Low
2025-01-12 23:00:00,N012,2.2314599999999998,1.115,0.0,Normal,Low,Low
2025-01-12 23:00:00,N013,2.5317600000000002,1.146,0.0,Normal,Low,Low
2025-01-12 23:00:00,N014,35.89312785135935,0.31756686852158555,12.247,Severe_Blockage,Critical,Critical
2025-01-12 23:00:00,N015,2.95452,1.132,0.0,Normal,Low,Low
2025-01-12 23:00:00,N016,32.987951937774,0.2955699282710604,11.619,Severe_Blockage,Critical,Critical
2025-01-12 23:00:00,N017,19.440180182903653,0.579228980228824,4.09,Severe_Blockage,High,High
2025-01-12 23:00:00,N018,1.3876199999999999,1.06,0.0,Normal,Low,Low
2025-01-12 23:00:00,N019,17.02415433921814,0.4359645711311667,4.801,Severe_Blockage,High,High
2025-01-12 23:00:00,N020,2.89614,1.117,0.0,Normal,Low,Low
2025-01-13 00:00:00,N001,5.367999999999999,1.49,0.0,Normal,Low,Moderate
2025-01-13 00:00:00,N002,33.24114237010208,0.362247689635535,10.6,Severe_Blockage,Critical,Critical
2025-01-13 00:00:00,N003,39.391001279072114,0.33211422955000036,13.154,Severe_Blockage,Critical,Critical
2025-01-13 00:00:00,N004,4.03488,1.364,0.0,Normal,Low,Low
2025-01-13 00:00:00,N005,3.1511199999999997,1.197,0.0,Normal,Low,Low
2025-01-13 00:00:00,N006,1.6781,1.113,0.0,Normal,Low,Low
2025-01-13 00:00:00,N007,35.985931498824776,0.35668566422120057,11.575,Severe_Blockage,Critical,Critical
2025-01-13 00:00:00,N008,1.74038,1.094,0.0,Normal,Low,Low
2025-01-13 00:00:00,N009,4.72064,1.3,0.0,Normal,Low,Low
2025-01-13 00:00:00,N010,5.03286,1.379,0.0,Normal,Low,Moderate
2025-01-13 00:00:00,N011,24.508118432576833,0.5913023183410706,5.008,Severe_Blockage,High,High
2025-01-13 00:00:00,N012,3.53584,1.192,0.0,Normal,Low,Low
2025-01-13 00:00:00,N013,34.63571127573445,0.2755593314852698,12.546,Severe_Blockage,Critical,Critical
2025-01-13 00:00:00,N014,0.9357599999999998,1.061,0.0,Normal,Low,Low
2025-01-13 00:00:00,N015,3.0564000000000004,1.214,0.0,Normal,Low,Low
2025-01-13 00:00:00,N016,4.162999999999999,1.439,0.0,Normal,Low,Low
2025-01-13 00:00:00,N017,1.99728,1.126,0.0,Normal,Low,Low
2025-01-13 00:00:00,N018,4.957479999999999,1.28,0.0,Normal,Low,Low
2025-01-13 00:00:00,N019,1.4929599999999998,1.084,0.0,Normal,Low,Low
2025-01-13 00:00:00,N020,1.2097799999999999,1.056,0.0,Normal,Low,Low
2025-01-13 01:00:00,N001,3.6256,1.294,0.0,Normal,Low,Low
2025-01-13 01:00:00,N002,4.22958,1.334,0.0,Normal,Low,Low
2025-01-13 01:00:00,N003,2.54648,1.149,0.0,Normal,Low,Low
2025-01-13 01:00:00,N004,6.594039999999999,1.475,0.0,Normal,Low,Moderate
2025-01-13 01:00:00,N005,23.66933834852272,0.45641978121110505,6.433,Severe_Blockage,High,High
2025-01-13 01:00:00,N006,2.0564,1.177,0.0,Normal,Low,Low
2025-01-13 01:00:00,N007,4.6238399999999995,1.261,0.0,Normal,Low,Low
2025-01-13 01:00:00,N008,5.15072,1.255,0.0,Normal,Low,Moderate
2025-01-13 01:00:00,N009,4.3724799999999995,1.28,0.0,Normal,Low,Low
2025-01-13 01:00:00,N010,2.7092,1.131,0.0,Normal,Low,Low
2025-01-13 01:00:00,N011,21.236297990434235,0.4305663170264821,6.046,Severe_Blockage,High,High
2025-01-13 01:00:00,N012,3.38492,1.186,0.0,Normal,Low,Low
2025-01-13 01:00:00,N013,2.2906400000000002,1.118,0.0,Normal,Low,Low
2025-01-13 01:00:00,N014,1.5261799999999999,1.054,0.0,Normal,Low,Low
2025-01-13 01:00:00,N015,21.792349127484716,0.5916814028355921,4.449,Severe_Blockage,High,High
2025-01-13 01:00:00,N016,11.288647724735725,0.6891082703635174,1.755,Partial_Blockage,Moderate,Moderate
2025-01-13 01:00:00,N017,3.7726399999999995,1.197,0.0,Normal,Low,Low
2025-01-13 01:00:00,N018,2.2296799999999997,1.08,0.0,Normal,Low,Low
2025-01-13 01:00:00,N019,33.99066951583221,0.3691298830979498,10.722,Severe_Blockage,Critical,Critical
2025-01-13 01:00:00,N020,1.9552,1.085,0.0,Normal,Low,Low
2025-01-13 02:00:00,N001,12.418014053971026,0.565011166077604,2.701,Severe_Blockage,High,Moderate
2025-01-13 02:00:00,N002,0.9788200000000001,1.072,0.0,Normal,Low,Low
2025-01-13 02:00:00,N003,2.2533600000000003,1.155,0.0,Normal,Low,Low
2025-01-13 02:00:00,N004,11.89692614599193,0.6372106438132384,2.158,Partial_Blockage,Moderate,Moderate
2025-01-13 02:00:00,N005,1.40896,1.087,0.0,Normal,Low,Low
2025-01-13 02:00:00,N006,1.9884999999999997,1.118,0.0,Normal,Low,Low
2025-01-13 02:00:00,N007,38.72469125917301,0.37380893246907576,12.125,Severe_Blockage,Critical,Critical
2025-01-13 02:00:00,N008,17.592920093561464,0.5666748788943738,3.812,Severe_Blockage,High,High
2025-01-13 02:00:00,N009,4.01408,1.402,0.0,Normal,Low,Low
2025-01-13 02:00:00,N010,3.51154,1.259,0.0,Normal,Low,Low
2025-01-13 02:00:00,N011,1.8338,1.162,0.0,Normal,Low,Low
2025-01-13 02:00:00,N012,1.62778,1.094,0.0,Normal,Low,Low
2025-01-13 02:00:00,N013,8.1652,1.538,0.0,Normal,Low,Moderate
2025-01-13 02:00:00,N014,2.3394,1.115,0.0,Normal,Low,Low
2025-01-13 02:00:00,N015,2.8752800000000005,1.183,0.0,Normal,Low,Low
2025-01-13 02:00:00,N016,10.800384761211673,0.61698033811678,2.068,Partial_Blockage,Moderate,Moderate
2025-01-13 02:00:00,N017,5.8867199999999995,1.527,0.0,Normal,Low,Moderate
2025-01-13 02:00:00,N018,3.83078,1.237,0.0,Normal,Low,Low
2025-01-13 02:00:00,N019,1.9986399999999998,1.122,0.0,Normal,Low,Low
2025-01-13 02:00:00,N020,5.1935,1.406,0.0,Normal,Low,Moderate
2025-01-13 03:00:00,N001,2.0944,1.17,0.0,Normal,Low,Low
2025-01-13 03:00:00,N002,6.04354,1.443,0.0,Normal,Low,Moderate
2025-01-13 03:00:00,N003,5.89904,1.486,0.0,Normal,Low,Moderate
2025-01-13 03:00:00,N004,12.257459579148666,0.7028152212692069,1.821,Partial_Blockage,Moderate,Moderate
2025-01-13 03:00:00,N005,29.436472977117717,0.3358408521377325,9.775,Severe_Blockage,Critical,Critical
2025-01-13 03:00:00,N006,1.164,1.075,0.0,Normal,Low,Low
2025-01-13 03:00:00,N007,21.128734889795204,0.5646599587720652,4.599,Severe_Blockage,High,High
2025-01-13 03:00:00,N008,23.397612482502804,0.49844827723572127,5.868,Severe_Blockage,High,High
2025-01-13 03:00:00,N009,4.49536,1.333,0.0,Normal,Low,Low
2025-01-13 03:00:00,N010,4.66816,1.298,0.0,Normal,Low,Low
2025-01-13 03:00:00,N011,6.868800000000001,1.521,0.0,Normal,Low,Moderate
2025-01-13 03:00:00,N012,6.090700000000001,1.335,0.0,Normal,Low,Moderate
2025-01-13 03:00:00,N013,5.89648,1.448,0.0,Normal,Low,Moderate
2025-01-13 03:00:00,N014,3.3642799999999995,1.294,0.0,Normal,Low,Low
2025-01-13 03:00:00,N015,4.79968,1.535,0.0,Normal,Low,Low
2025-01-13 03:00:00,N016,1.1729999999999998,1.072,0.0,Normal,Low,Low
2025-01-13 03:00:00,N017,14.32060033100019,0.6178433846531344,2.736,Partial_Blockage,Moderate,Moderate
2025-01-13 03:00:00,N018,1.57738,1.082,0.0,Normal,Low,Low
2025-01-13 03:00:00,N019,5.30964,1.275,0.0,Normal,Low,Moderate
2025-01-13 03:00:00,N020,6.61102,1.415,0.0,Normal,Low,Moderate
2025-01-13 04:00:00,N001,17.438321193764974,0.5153502384789609,4.226,Severe_Blockage,High,High
2025-01-13 04:00:00,N002,3.1340200000000005,1.265,0.0,Normal,Low,Low
2025-01-13 04:00:00,N003,6.6868,1.465,0.0,Normal,Low,Moderate
2025-01-13 04:00:00,N004,1.2982599999999997,1.104,0.0,Normal,Low,Low
2025-01-13 04:00:00,N005,2.1515199999999997,1.113,0.0,Normal,Low,Low
2025-01-13 04:00:00,N006,2.7063,1.189,0.0,Normal,Low,Low
2025-01-13 04:00:00,N007,2.1242,1.124,0.0,Normal,Low,Low
2025-01-13 04:00:00,N008,16.070705728316163,0.478318043520833,4.192,Severe_Blockage,High,High
2025-01-13 04:00:00,N009,2.16064,1.201,0.0,Normal,Low,Low
2025-01-13 04:00:00,N010,3.0218,1.181,0.0,Normal,Low,Low
2025-01-13 04:00:00,N011,28.82157149034095,0.2803150157099361,10.371,Severe_Blockage,Critical,Critical
2025-01-13 04:00:00,N012,7.50288,1.519,0.0,Normal,Low,Moderate
2025-01-13 04:00:00,N013,4.48264,1.307,0.0,Normal,Low,Low
2025-01-13 04:00:00,N014,4.6565199999999995,1.309,0.0,Normal,Low,Low
2025-01-13 04:00:00,N015,5.218520000000001,1.42,0.0,Normal,Low,Moderate
2025-01-13 04:00:00,N016,22.244737902030394,0.5290163653134389,5.238,Severe_Blockage,High,High
2025-01-13 04:00:00,N017,38.74579615633563,0.2517903723062994,14.495,Severe_Blockage,Critical,Critical
2025-01-13 04:00:00,N018,6.45184,1.354,0.0,Normal,Low,Moderate
2025-01-13 04:00:00,N019,3.78056,1.193,0.0,Normal,Low,Low
2025-01-13 04:00:00,N020,21.600513411052184,0.4157113994869931,6.31,Severe_Blockage,High,High
2025-01-13 05:00:00,N001,4.9192,1.415,0.0,Normal,Low,Low
2025-01-13 05:00:00,N002,1.73314,1.091,0.0,Normal,Low,Low
2025-01-13 05:00:00,N003,5.61508,1.369,0.0,Normal,Low,Moderate
2025-01-13 05:00:00,N004,10.665667939564141,0.5608707775782115,2.342,Severe_Blockage,High,Moderate
2025-01-13 05:00:00,N005,3.8460799999999997,1.388,0.0,Normal,Low,Low
2025-01-13 05:00:00,N006,3.1913,1.272,0.0,Normal,Low,Low
2025-01-13 05:00:00,N007,21.72023113212752,0.5246245479188472,5.163,Severe_Blockage,High,High
2025-01-13 05:00:00,N008,4.1950199999999995,1.307,0.0,Normal,Low,Low
2025-01-13 05:00:00,N009,4.07552,1.271,0.0,Normal,Low,Low
2025-01-13 05:00:00,N010,4.5014400000000006,1.313,0.0,Normal,Low,Low
2025-01-13 05:00:00,N011,3.0528,1.23,0.0,Normal,Low,Low
2025-01-13 05:00:00,N012,5.02348,1.366,0.0,Normal,Low,Moderate
2025-01-13 05:00:00,N013,34.75195898947065,0.32871435041225516,11.664,Severe_Blockage,Critical,Critical
2025-01-13 05:00:00,N014,12.653310683162529,0.5702412254880481,2.719,Severe_Blockage,High,Moderate
2025-01-13 05:00:00,N015,0.8150400000000001,1.06,0.0,Normal,Low,Low
2025-01-13 05:00:00,N016,22.99234743298472,0.4519833003778114,6.3,Severe_Blockage,High,High
2025-01-13 05:00:00,N017,3.9128,1.331,0.0,Normal,Low,Low
2025-01-13 05:00:00,N018,15.088239258044862,0.5547380262246845,3.359,Severe_Blockage,High,High
2025-01-13 05:00:00,N019,15.220560673100492,0.5919582856487067,3.105,Severe_Blockage,High,High
2025-01-13 05:00:00,N020,39.66621801464944,0.3685675634717543,12.523,Severe_Blockage,Critical,Critical
2025-01-13 06:00:00,N001,3.6696,1.452,0.0,Normal,Low,Low
2025-01-13 06:00:00,N002,11.924695382430743,0.5828327347225364,2.487,Severe_Blockage,High,Moderate
2025-01-13 06:00:00,N003,0.71448,1.056,0.0,Normal,Low,Low
2025-01-13 06:00:00,N004,1.0927799999999999,1.066,0.0,Normal,Low,Low
2025-01-13 06:00:00,N005,2.83696,1.252,0.0,Normal,Low,Low
2025-01-13 06:00:00,N006,2.0079,1.149,0.0,Normal,Low,Low
2025-01-13 06:00:00,N007,2.49964,1.221,0.0,Normal,Low,Low
2025-01-13 06:00:00,N008,3.2695,1.258,0.0,Normal,Low,Low
2025-01-13 06:00:00,N009,1.04448,1.076,0.0,Normal,Low,Low
2025-01-13 06:00:00,N010,6.28326,1.526,0.0,Normal,Low,Moderate
2025-01-13 06:00:00,N011,1.3356000000000001,1.054,0.0,Normal,Low,Low
2025-01-13 06:00:00,N012,6.83452,1.495,0.0,Normal,Low,Moderate
2025-01-13 06:00:00,N013,4.416880000000001,1.295,0.0,Normal,Low,Low
2025-01-13 06:00:00,N014,4.42258,1.267,0.0,Normal,Low,Low
2025-01-13 06:00:00,N015,6.158080000000001,1.511,0.0,Normal,Low,Moderate
2025-01-13 06:00:00,N016,5.175,1.456,0.0,Normal,Low,Moderate
2025-01-13 06:00:00,N017,1.6819199999999999,1.094,0.0,Normal,Low,Low
2025-01-13 06:00:00,N018,2.46688,1.143,0.0,Normal,Low,Low
2025-01-13 06:00:00,N019,1.3725599999999998,1.056,0.0,Normal,Low,Low
2025-01-13 06:00:00,N020,38.47353744654577,0.3737730193510803,12.047,Severe_Blockage,Critical,Critical
2025-01-13 07:00:00,N001,22.277552788532123,0.42838318460222496,6.367,Severe_Blockage,High,High
2025-01-13 07:00:00,N002,2.67604,1.295,0.0,Normal,Low,Low
2025-01-13 07:00:00,N003,3.08692,1.189,0.0,Normal,Low,Low
2025-01-13 07:00:00,N004,14.219549400835158,0.5577388141740618,3.144,Severe_Blockage,High,Moderate
2025-01-13 07:00:00,N005,1.9896799999999997,1.15,0.0,Normal,Low,Low
2025-01-13 07:00:00,N006,1.1252,1.054,0.0,Normal,Low,Low
2025-01-13 07:00:00,N007,20.288144909503398,0.5705855862038804,4.356,Severe_Blockage,High,High
2025-01-13 07:00:00,N008,3.73226,1.214,0.0,Normal,Low,Low
2025-01-13 07:00:00,N009,10.852623732403202,0.7488231189267339,1.363,Partial_Blockage,Moderate,Moderate
2025-01-13 07:00:00,N010,5.147480000000001,1.374,0.0,Normal,Low,Moderate
2025-01-13 07:00:00,N011,6.603800000000001,1.433,0.0,Normal,Low,Moderate
2025-01-13 07:00:00,N012,31.607589627508908,0.31016134141395857,10.902,Severe_Blockage,Critical,Critical
2025-01-13 07:00:00,N013,5.48,1.331,0.0,Normal,Low,Moderate
2025-01-13 07:00:00,N014,13.059809410427768,0.7296967271490953,1.765,Partial_Blockage,Moderate,Moderate
2025-01-13 07:00:00,N015,17.070256006765593,0.5218371907503835,4.081,Severe_Blockage,High,High
2025-01-13 07:00:00,N016,1.5525,1.071,0.0,Normal,Low,Low
2025-01-13 07:00:00,N017,6.0736,1.359,0.0,Normal,Low,Moderate
2025-01-13 07:00:00,N018,14.869603371503644,0.6109844401145624,2.892,Partial_Blockage,Moderate,Moderate
2025-01-13 07:00:00,N019,1.6254,1.062,0.0,Normal,Low,Low
2025-01-13 07:00:00,N020,3.94706,1.189,0.0,Normal,Low,Low
2025-01-13 08:00:00,N001,11.044,1.186,0.0,Normal,Low,Moderate
2025-01-13 08:00:00,N002,9.4739,1.129,0.0,Normal,Low,Moderate
2025-01-13 08:00:00,N003,13.254520000000001,1.212,0.0,Normal,Low,Moderate
2025-01-13 08:00:00,N004,4.4365,1.054,0.0,Normal,Low,Low
2025-01-13 08:00:00,N005,30.276973924626795,0.29271254122506857,10.707,Severe_Blockage,Critical,Critical
2025-01-13 08:00:00,N006,6.7803,1.088,0.0,Normal,Low,Moderate
2025-01-13 08:00:00,N007,7.89412,1.104,0.0,Normal,Low,Moderate
2025-01-13 08:00:00,N008,11.54888,1.163,0.0,Normal,Low,Moderate
2025-01-13 08:00:00,N009,25.28256,1.495,0.0,Normal,Low,Critical
2025-01-13 08:00:00,N010,19.94388,1.346,0.0,Normal,Low,High
2025-01-13 08:00:00,N011,16.9176,1.234,0.0,Normal,Low,High
2025-01-13 08:00:00,N012,14.822500000000002,1.213,0.0,Normal,Low,Moderate
2025-01-13 08:00:00,N013,30.688000000000002,1.53,0.0,Normal,Low,Critical
2025-01-13 08:00:00,N014,16.16414,1.229,0.0,Normal,Low,High
2025-01-13 08:00:00,N015,30.091378734300122,0.268452253999176,11.007,Severe_Blockage,Critical,Critical
2025-01-13 08:00:00,N016,9.878499999999999,1.128,0.0,Normal,Low,Moderate
2025-01-13 08:00:00,N017,16.4104,1.207,0.0,Normal,Low,High
2025-01-13 08:00:00,N018,11.480479999999998,1.136,0.0,Normal,Low,Moderate
2025-01-13 08:00:00,N019,18.40916,1.25,0.0,Normal,Low,High
2025-01-13 08:00:00,N020,13.038739999999999,1.157,0.0,Normal,Low,Moderate
2025-01-13 09:00:00,N001,3.4848,1.355,0.0,Normal,Low,Low
2025-01-13 09:00:00,N002,4.42714,1.328,0.0,Normal,Low,Low
2025-01-13 09:00:00,N003,3.38004,1.314,0.0,Normal,Low,Low
2025-01-13 09:00:00,N004,12.88034099961872,0.6877076517577914,2.011,Partial_Blockage,Moderate,Moderate
2025-01-13 09:00:00,N005,2.618,1.17,0.0,Normal,Low,Low
2025-01-13 09:00:00,N006,3.0166999999999997,1.233,0.0,Normal,Low,Low
2025-01-13 09:00:00,N007,23.381760147620774,0.4443276007145407,6.496,Severe_Blockage,High,High
2025-01-13 09:00:00,N008,2.4144,1.175,0.0,Normal,Low,Low
2025-01-13 09:00:00,N009,1.88416,1.134,0.0,Normal,Low,Low
2025-01-13 09:00:00,N010,4.08464,1.518,0.0,Normal,Low,Low
2025-01-13 09:00:00,N011,3.5828,1.213,0.0,Normal,Low,Low
2025-01-13 09:00:00,N012,5.605600000000001,1.397,0.0,Normal,Low,Moderate
2025-01-13 09:00:00,N013,3.43048,1.24,0.0,Normal,Low,Low
2025-01-13 09:00:00,N014,3.8432999999999997,1.369,0.0,Normal,Low,Low
2025-01-13 09:00:00,N015,9.570403790523786,0.6836960795668827,1.514,Partial_Blockage,Moderate,Moderate
2025-01-13 09:00:00,N016,4.1514999999999995,1.384,0.0,Normal,Low,Low
2025-01-13 09:00:00,N017,15.31091093393843,0.4603149148507029,4.132,Severe_Blockage,High,High
2025-01-13 09:00:00,N018,3.3089399999999998,1.2,0.0,Normal,Low,Low
2025-01-13 09:00:00,N019,4.41868,1.299,0.0,Normal,Low,Low
2025-01-13 09:00:00,N020,5.4379,1.295,0.0,Normal,Low,Moderate
2025-01-13 10:00:00,N001,5.2888,1.487,0.0,Normal,Low,Moderate
2025-01-13 10:00:00,N002,25.819557989962888,0.31424582654127725,8.853,Severe_Blockage,Critical,Critical
2025-01-13 10:00:00,N003,6.21964,1.456,0.0,Normal,Low,Moderate
2025-01-13 10:00:00,N004,0.9339999999999999,1.053,0.0,Normal,Low,Low
2025-01-13 10:00:00,N005,4.86472,1.421,0.0,Normal,Low,Low
2025-01-13 10:00:00,N006,4.5105,1.385,0.0,Normal,Low,Low
2025-01-13 10:00:00,N007,4.88072,1.383,0.0,Normal,Low,Low
2025-01-13 10:00:00,N008,33.052426018032214,0.3329631135881329,11.024,Severe_Blockage,Critical,Critical
2025-01-13 10:00:00,N009,9.925262917827691,0.6903950404414961,1.536,Partial_Blockage,Moderate,Moderate
2025-01-13 10:00:00,N010,9.25333284403413,0.6725611349322855,1.515,Partial_Blockage,Moderate,Moderate
2025-01-13 10:00:00,N011,2.9044000000000003,1.155,0.0,Normal,Low,Low
2025-01-13 10:00:00,N012,5.79964,1.368,0.0,Normal,Low,Moderate
2025-01-13 10:00:00,N013,8.73512,1.532,0.0,Normal,Low,Moderate
2025-01-13 10:00:00,N014,3.8989999999999996,1.177,0.0,Normal,Low,Low
2025-01-13 10:00:00,N015,5.61472,1.318,0.0,Normal,Low,Moderate
2025-01-13 10:00:00,N016,9.754189754908035,0.6386338719587721,1.762,Partial_Blockage,Moderate,Moderate
2025-01-13 10:00:00,N017,3.2470399999999997,1.227,0.0,Normal,Low,Low
2025-01-13 10:00:00,N018,7.424359999999999,1.4,0.0,Normal,Low,Moderate
2025-01-13 10:00:00,N019,5.24944,1.244,0.0,Normal,Low,Moderate
2025-01-13 10:00:00,N020,2.8717,1.142,0.0,Normal,Low,Low
2025-01-13 11:00:00,N001,1.9272,1.218,0.0,Normal,Low,Low
2025-01-13 11:00:00,N002,18.43671081284767,0.4356780619307351,5.202,Severe_Blockage,High,High
2025-01-13 11:00:00,N003,14.208422334851042,0.6787580676501045,2.282,Partial_Blockage,Moderate,Moderate
2025-01-13 11:00:00,N004,6.65008,1.531,0.0,Normal,Low,Moderate
2025-01-13 11:00:00,N005,9.219297895339869,0.6515364781725779,1.606,Partial_Blockage,Moderate,Moderate
2025-01-13 11:00:00,N006,5.7618,1.49,0.0,Normal,Low,Moderate
2025-01-13 11:00:00,N007,3.91248,1.459,0.0,Normal,Low,Low
2025-01-13 11:00:00,N008,5.52294,1.417,0.0,Normal,Low,Moderate
2025-01-13 11:00:00,N009,2.33472,1.153,0.0,Normal,Low,Low
2025-01-13 11:00:00,N010,2.5320600000000004,1.209,0.0,Normal,Low,Low
2025-01-13 11:00:00,N011,3.6676,1.271,0.0,Normal,Low,Low
2025-01-13 11:00:00,N012,4.71086,1.412,0.0,Normal,Low,Low
2025-01-13 11:00:00,N013,3.9236800000000005,1.394,0.0,Normal,Low,Low
2025-01-13 11:00:00,N014,12.252792436345796,0.640849732124393,2.2,Partial_Blockage,Moderate,Moderate
2025-01-13 11:00:00,N015,2.2413600000000002,1.149,0.0,Normal,Low,Low
2025-01-13 11:00:00,N016,1.817,1.086,0.0,Normal,Low,Low
2025-01-13 11:00:00,N017,11.128818016285091,0.7490756035308248,1.396,Partial_Blockage,Moderate,Moderate
2025-01-13 11:00:00,N018,6.3450999999999995,1.489,0.0,Normal,Low,Moderate
2025-01-13 11:00:00,N019,3.75648,1.284,0.0,Normal,Low,Low
2025-01-13 11:00:00,N020,1.55194,1.164,0.0,Normal,Low,Low
2025-01-13 12:00:00,N001,13.852877912829674,0.6770542445561798,2.237,Partial_Blockage,Moderate,Moderate
2025-01-13 12:00:00,N002,4.40918,1.308,0.0,Normal,Low,Low
2025-01-13 12:00:00,N003,8.949492380731035,0.7068877442386369,1.312,Partial_Blockage,Moderate,Moderate
2025-01-13 12:00:00,N004,5.47324,1.314,0.0,Normal,Low,Moderate
2025-01-13 12:00:00,N005,12.25677050264612,0.603735614352451,2.428,Partial_Blockage,Moderate,Moderate
2025-01-13 12:00:00,N006,2.3183000000000002,1.124,0.0,Normal,Low,Low
2025-01-13 12:00:00,N007,2.16372,1.12,0.0,Normal,Low,Low
2025-01-13 12:00:00,N008,6.40822,1.358,0.0,Normal,Low,Moderate
2025-01-13 12:00:00,N009,14.107394322082014,0.594549629586677,2.86,Severe_Blockage,High,Moderate
2025-01-13 12:00:00,N010,5.51218,1.471,0.0,Normal,Low,Moderate
2025-01-13 12:00:00,N011,3.6252,1.21,0.0,Normal,Low,Low
2025-01-13 12:00:00,N012,7.41664,1.449,0.0,Normal,Low,Moderate
2025-01-13 12:00:00,N013,1.4467200000000002,1.09,0.0,Normal,Low,Low
2025-01-13 12:00:00,N014,4.15522,1.257,0.0,Normal,Low,Low
2025-01-13 12:00:00,N015,2.36588,1.111,0.0,Normal,Low,Low
2025-01-13 12:00:00,N016,6.991999999999999,1.442,0.0,Normal,Low,Moderate
2025-01-13 12:00:00,N017,6.178719999999999,1.384,0.0,Normal,Low,Moderate
2025-01-13 12:00:00,N018,2.41944,1.169,0.0,Normal,Low,Low
2025-01-13 12:00:00,N019,5.76716,1.264,0.0,Normal,Low,Moderate
2025-01-13 12:00:00,N020,7.61306,1.486,0.0,Normal,Low,Moderate
2025-01-13 13:00:00,N001,5.5,1.455,0.0,Normal,Low,Moderate
2025-01-13 13:00:00,N002,1.59844,1.104,0.0,Normal,Low,Low
2025-01-13 13:00:00,N003,2.5281599999999997,1.206,0.0,Normal,Low,Low
2025-01-13 13:00:00,N004,3.6145799999999997,1.285,0.0,Normal,Low,Low
2025-01-13 13:00:00,N005,0.98056,1.069,0.0,Normal,Low,Low
2025-01-13 13:00:00,N006,5.4417,1.373,0.0,Normal,Low,Moderate
2025-01-13 13:00:00,N007,22.48811801884228,0.49872371341810584,5.636,Severe_Blockage,High,High
2025-01-13 13:00:00,N008,3.56124,1.294,0.0,Normal,Low,Low
2025-01-13 13:00:00,N009,4.66944,1.492,0.0,Normal,Low,Low
2025-01-13 13:00:00,N010,12.3293158881052,0.5510594163403145,2.768,Severe_Blockage,High,Moderate
2025-01-13 13:00:00,N011,1.8762,1.168,0.0,Normal,Low,Low
2025-01-13 13:00:00,N012,3.1046400000000003,1.204,0.0,Normal,Low,Low
2025-01-13 13:00:00,N013,2.50984,1.197,0.0,Normal,Low,Low
2025-01-13 13:00:00,N014,5.14668,1.285,0.0,Normal,Low,Moderate
2025-01-13 13:00:00,N015,2.64888,1.225,0.0,Normal,Low,Low
2025-01-13 13:00:00,N016,2.921,1.458,0.0,Normal,Low,Low
2025-01-13 13:00:00,N017,5.4312000000000005,1.468,0.0,Normal,Low,Moderate
2025-01-13 13:00:00,N018,1.8145799999999999,1.114,0.0,Normal,Low,Low
2025-01-13 13:00:00,N019,2.56452,1.28,0.0,Normal,Low,Low
2025-01-13 13:00:00,N020,2.72506,1.163,0.0,Normal,Low,Low
2025-01-13 14:00:00,N001,3.168,1.266,0.0,Normal,Low,Low
2025-01-13 14:00:00,N002,32.52311368149843,0.35810925800006926,10.438,Severe_Blockage,Critical,Critical
2025-01-13 14:00:00,N003,8.32482492580413,0.6191024023899269,1.585,Partial_Blockage,Moderate,Moderate
2025-01-13 14:00:00,N004,1.66252,1.31,0.0,Normal,Low,Low
2025-01-13 14:00:00,N005,1.96112,1.272,0.0,Normal,Low,Low
2025-01-13 14:00:00,N006,1.5423,1.164,0.0,Normal,Low,Low
2025-01-13 14:00:00,N007,2.50952,1.19,0.0,Normal,Low,Low
2025-01-13 14:00:00,N008,5.0803,1.433,0.0,Normal,Low,Moderate
2025-01-13 14:00:00,N009,3.5328000000000004,1.29,0.0,Normal,Low,Low
2025-01-13 14:00:00,N010,10.246490256555719,0.7020550936401335,1.526,Partial_Blockage,Moderate,Moderate
2025-01-13 14:00:00,N011,0.6678000000000001,1.061,0.0,Normal,Low,Low
2025-01-13 14:00:00,N012,5.163620000000001,1.355,0.0,Normal,Low,Moderate
2025-01-13 14:00:00,N013,4.11,1.47,0.0,Normal,Low,Low
2025-01-13 14:00:00,N014,23.572802663494848,0.5272739716917321,5.572,Severe_Blockage,High,High
2025-01-13 14:00:00,N015,3.40732,1.241,0.0,Normal,Low,Low
2025-01-13 14:00:00,N016,13.514216141722084,0.622262003080989,2.552,Partial_Blockage,Moderate,Moderate
2025-01-13 14:00:00,N017,19.80449414286791,0.5651495582878308,4.306,Severe_Blockage,High,High
2025-01-13 14:00:00,N018,9.565897016803106,0.6052279737111059,1.888,Partial_Blockage,Moderate,Moderate
2025-01-13 14:00:00,N019,2.56452,1.2,0.0,Normal,Low,Low
2025-01-13 14:00:00,N020,3.51936,1.245,0.0,Normal,Low,Low
2025-01-13 15:00:00,N001,10.574271704163419,0.6177853689687433,2.021,Partial_Blockage,Moderate,Moderate
2025-01-13 15:00:00,N002,14.588627897325203,0.6948710747499937,2.226,Partial_Blockage,Moderate,Moderate
2025-01-13 15:00:00,N003,4.15864,1.489,0.0,Normal,Low,Low
2025-01-13 15:00:00,N004,2.8113399999999995,1.206,0.0,Normal,Low,Low
2025-01-13 15:00:00,N005,5.712,1.526,0.0,Normal,Low,Moderate
2025-01-13 15:00:00,N006,2.5026,1.253,0.0,Normal,Low,Low
2025-01-13 15:00:00,N007,3.53704,1.341,0.0,Normal,Low,Low
2025-01-13 15:00:00,N008,1.1971399999999999,1.076,0.0,Normal,Low,Low
2025-01-13 15:00:00,N009,4.36224,1.301,0.0,Normal,Low,Low
2025-01-13 15:00:00,N010,14.390494658856525,0.7131776494995169,2.064,Partial_Blockage,Moderate,Moderate
2025-01-13 15:00:00,N011,5.6286,1.338,0.0,Normal,Low,Moderate
2025-01-13 15:00:00,N012,2.1883399999999997,1.171,0.0,Normal,Low,Low
2025-01-13 15:00:00,N013,0.8548800000000001,1.062,0.0,Normal,Low,Low
2025-01-13 15:00:00,N014,5.837359999999999,1.432,0.0,Normal,Low,Moderate
2025-01-13 15:00:00,N015,0.7358000000000001,1.091,0.0,Normal,Low,Low
2025-01-13 15:00:00,N016,3.2429999999999994,1.219,0.0,Normal,Low,Low
2025-01-13 15:00:00,N017,24.359287113809792,0.5538406563066153,5.434,Severe_Blockage,High,High
2025-01-13 15:00:00,N018,6.29766,1.49,0.0,Normal,Low,Moderate
2025-01-13 15:00:00,N019,15.07463820411768,0.46566442187394325,4.027,Severe_Blockage,High,High
2025-01-13 15:00:00,N020,1.7963399999999998,1.125,0.0,Normal,Low,Low
2025-01-13 16:00:00,N001,0.7128000000000001,1.055,0.0,Normal,Low,Low
2025-01-13 16:00:00,N002,1.8229399999999998,1.152,0.0,Normal,Low,Low
2025-01-13 16:00:00,N003,2.57396,1.196,0.0,Normal,Low,Low
2025-01-13 16:00:00,N004,2.6338799999999996,1.481,0.0,Normal,Low,Low
2025-01-13 16:00:00,N005,17.80310543035133,0.506294452373115,4.395,Severe_Blockage,High,High
2025-01-13 16:00:00,N006,2.1243,1.315,0.0,Normal,Low,Low
2025-01-13 16:00:00,N007,1.52152,1.137,0.0,Normal,Low,Low
2025-01-13 16:00:00,N008,4.49682,1.426,0.0,Normal,Low,Low
2025-01-13 16:00:00,N009,2.2016,1.144,0.0,Normal,Low,Low
2025-01-13 16:00:00,N010,8.589249797363426,0.6717879346675985,1.41,Partial_Blockage,Moderate,Moderate
2025-01-13 16:00:00,N011,1.7702,1.145,0.0,Normal,Low,Low
2025-01-13 16:00:00,N012,2.7596800000000004,1.193,0.0,Normal,Low,Low
2025-01-13 16:00:00,N013,4.964880000000001,1.465,0.0,Normal,Low,Low
2025-01-13 16:00:00,N014,6.149279999999999,1.495,0.0,Normal,Low,Moderate
2025-01-13 16:00:00,N015,2.27532,1.16,0.0,Normal,Low,Low
2025-01-13 16:00:00,N016,21.59097005024374,0.43865186022287317,6.06,Severe_Blockage,High,High
2025-01-13 16:00:00,N017,3.41056,1.317,0.0,Normal,Low,Low
2025-01-13 16:00:00,N018,1.75528,1.108,0.0,Normal,Low,Low
2025-01-13 16:00:00,N019,1.10768,1.086,0.0,Normal,Low,Low
2025-01-13 16:00:00,N020,3.8859600000000003,1.323,0.0,Normal,Low,Low
2025-01-13 17:00:00,N001,3.0008000000000004,1.208,0.0,Normal,Low,Low
2025-01-13 17:00:00,N002,4.04998,1.373,0.0,Normal,Low,Low
2025-01-13 17:00:00,N003,33.65461730616548,0.37671753963120935,10.488,Severe_Blockage,Critical,Critical
2025-01-13 17:00:00,N004,3.2223,1.38,0.0,Normal,Low,Low
2025-01-13 17:00:00,N005,11.893306085023506,0.6536560026403935,2.06,Partial_Blockage,Moderate,Moderate
2025-01-13 17:00:00,N006,2.8809,1.215,0.0,Normal,Low,Low
2025-01-13 17:00:00,N007,5.69088,1.431,0.0,Normal,Low,Moderate
2025-01-13 17:00:00,N008,1.6599,1.268,0.0,Normal,Low,Low
2025-01-13 17:00:00,N009,14.061747959192887,0.6298000116048095,2.603,Partial_Blockage,Moderate,Moderate
2025-01-13 17:00:00,N010,17.60316855658099,0.572344673410702,3.764,Severe_Blockage,High,High
2025-01-13 17:00:00,N011,3.4450000000000003,1.249,0.0,Normal,Low,Low
2025-01-13 17:00:00,N012,5.012700000000001,1.412,0.0,Normal,Low,Moderate
2025-01-13 17:00:00,N013,13.355349829080673,0.5843662278183672,2.775,Severe_Blockage,High,Moderate
2025-01-13 17:00:00,N014,4.745639999999999,1.367,0.0,Normal,Low,Low
2025-01-13 17:00:00,N015,2.33192,1.118,0.0,Normal,Low,Low
2025-01-13 17:00:00,N016,1.8285,1.098,0.0,Normal,Low,Low
2025-01-13 17:00:00,N017,5.33776,1.383,0.0,Normal,Low,Moderate
2025-01-13 17:00:00,N018,4.151,1.277,0.0,Normal,Low,Low
2025-01-13 17:00:00,N019,14.733406794555131,0.603795004505645,2.919,Partial_Blockage,Moderate,Moderate
2025-01-13 17:00:00,N020,1.78412,1.088,0.0,Normal,Low,Low
2025-01-13 18:00:00,N001,18.33362366957088,0.5354764051353961,4.258,Severe_Blockage,High,High
2025-01-13 18:00:00,N002,1.53558,1.14,0.0,Normal,Low,Low
2025-01-13 18:00:00,N003,1.1908,1.096,0.0,Normal,Low,Low
2025-01-13 18:00:00,N004,2.9794599999999996,1.35,0.0,Normal,Low,Low
2025-01-13 18:00:00,N005,3.1415999999999995,1.417,0.0,Normal,Low,Low
2025-01-13 18:00:00,N006,2.0952,1.177,0.0,Normal,Low,Low
2025-01-13 18:00:00,N007,6.2738,1.46,0.0,Normal,Low,Moderate
2025-01-13 18:00:00,N008,4.13466,1.391,0.0,Normal,Low,Low
2025-01-13 18:00:00,N009,3.54304,1.34,0.0,Normal,Low,Low
2025-01-13 18:00:00,N010,1.23998,1.087,0.0,Normal,Low,Low
2025-01-13 18:00:00,N011,23.043512693612506,0.47418423543988675,6.058,Severe_Blockage,High,High
2025-01-13 18:00:00,N012,2.6518800000000002,1.173,0.0,Normal,Low,Low
2025-01-13 18:00:00,N013,3.02496,1.521,0.0,Normal,Low,Low
2025-01-13 18:00:00,N014,23.955411998124237,0.5349594279573785,5.57,Severe_Blockage,High,High
2025-01-13 18:00:00,N015,3.7356000000000003,1.307,0.0,Normal,Low,Low
2025-01-13 18:00:00,N016,1.9204999999999999,1.119,0.0,Normal,Low,Low
2025-01-13 18:00:00,N017,21.659177800006375,0.5271446309073138,5.121,Severe_Blockage,High,High
2025-01-13 18:00:00,N018,20.536567422980564,0.5091658387520248,5.04,Severe_Blockage,High,High
2025-01-13 18:00:00,N019,1.33644,1.103,0.0,Normal,Low,Low
2025-01-13 18:00:00,N020,6.4155,1.41,0.0,Normal,Low,Moderate
2025-01-13 19:00:00,N001,1.8743999999999998,1.137,0.0,Normal,Low,Low
2025-01-13 19:00:00,N002,3.01728,1.286,0.0,Normal,Low,Low
2025-01-13 19:00:00,N003,1.832,1.175,0.0,Normal,Low,Low
2025-01-13 19:00:00,N004,2.29764,1.217,0.0,Normal,Low,Low
2025-01-13 19:00:00,N005,13.516402236663225,0.7027656724905043,2.009,Partial_Blockage,Moderate,Moderate
2025-01-13 19:00:00,N006,2.6481,1.188,0.0,Normal,Low,Low
2025-01-13 19:00:00,N007,6.09596,1.438,0.0,Normal,Low,Moderate
2025-01-13 19:00:00,N008,1.47882,1.166,0.0,Normal,Low,Low
2025-01-13 19:00:00,N009,3.44064,1.291,0.0,Normal,Low,Low
2025-01-13 19:00:00,N010,4.55354,1.292,0.0,Normal,Low,Low
2025-01-13 19:00:00,N011,1.7914,1.125,0.0,Normal,Low,Low
2025-01-13 19:00:00,N012,4.312,1.239,0.0,Normal,Low,Low
2025-01-13 19:00:00,N013,1.8084,1.146,0.0,Normal,Low,Low
2025-01-13 19:00:00,N014,7.196439999999999,1.294,0.0,Normal,Low,Moderate
2025-01-13 19:00:00,N015,3.5318400000000003,1.206,0.0,Normal,Low,Low
2025-01-13 19:00:00,N016,6.9345,1.413,0.0,Normal,Low,Moderate
2025-01-13 19:00:00,N017,4.23984,1.451,0.0,Normal,Low,Low
2025-01-13 19:00:00,N018,1.44692,1.113,0.0,Normal,Low,Low
2025-01-13 19:00:00,N019,1.60132,1.112,0.0,Normal,Low,Low
2025-01-13 19:00:00,N020,3.61712,1.162,0.0,Normal,Low,Low
2025-01-13 20:00:00,N001,3.8808000000000002,1.268,0.0,Normal,Low,Low
2025-01-13 20:00:00,N002,4.23856,1.32,0.0,Normal,Low,Low
2025-01-13 20:00:00,N003,2.61976,1.225,0.0,Normal,Low,Low
2025-01-13 20:00:00,N004,4.202999999999999,1.418,0.0,Normal,Low,Low
2025-01-13 20:00:00,N005,1.94208,1.175,0.0,Normal,Low,Low
2025-01-13 20:00:00,N006,5.0634,1.503,0.0,Normal,Low,Moderate
2025-01-13 20:00:00,N007,11.921491496892964,0.6432968131200333,2.126,Partial_Blockage,Moderate,Moderate
2025-01-13 20:00:00,N008,5.2815,1.422,0.0,Normal,Low,Moderate
2025-01-13 20:00:00,N009,3.93216,1.425,0.0,Normal,Low,Low
2025-01-13 20:00:00,N010,34.63387205762649,0.3728421324776665,10.86,Severe_Blockage,Critical,Critical
2025-01-13 20:00:00,N011,5.469600000000001,1.392,0.0,Normal,Low,Moderate
2025-01-13 20:00:00,N012,24.297664996274882,0.4035684694510625,7.246,Severe_Blockage,High,High
2025-01-13 20:00:00,N013,9.4653185322792,0.6842112742253592,1.495,Partial_Blockage,Moderate,Moderate
2025-01-13 20:00:00,N014,2.04976,1.198,0.0,Normal,Low,Low
2025-01-13 20:00:00,N015,0.9395600000000001,1.071,0.0,Normal,Low,Low
2025-01-13 20:00:00,N016,29.39731312010042,0.32261119179057085,9.957,Severe_Blockage,Critical,Critical
2025-01-13 20:00:00,N017,17.594385357308845,0.5323624109712818,4.114,Severe_Blockage,High,High
2025-01-13 20:00:00,N018,1.44692,1.107,0.0,Normal,Low,Low
2025-01-13 20:00:00,N019,5.00864,1.524,0.0,Normal,Low,Moderate
2025-01-13 20:00:00,N020,5.08352,1.418,0.0,Normal,Low,Moderate
2025-01-13 21:00:00,N001,0.8096,1.062,0.0,Normal,Low,Low
2025-01-13 21:00:00,N002,4.14876,1.388,0.0,Normal,Low,Low
2025-01-13 21:00:00,N003,4.09452,1.509,0.0,Normal,Low,Low
2025-01-13 21:00:00,N004,2.04546,1.202,0.0,Normal,Low,Low
2025-01-13 21:00:00,N005,1.9706399999999997,1.121,0.0,Normal,Low,Low
2025-01-13 21:00:00,N006,5.7327,1.467,0.0,Normal,Low,Moderate
2025-01-13 21:00:00,N007,4.40648,1.441,0.0,Normal,Low,Low
2025-01-13 21:00:00,N008,3.50088,1.359,0.0,Normal,Low,Low
2025-01-13 21:00:00,N009,5.07904,1.413,0.0,Normal,Low,Moderate
2025-01-13 21:00:00,N010,14.535262740941068,0.7198568816242086,2.036,Partial_Blockage,Moderate,Moderate
2025-01-13 21:00:00,N011,3.2542,1.315,0.0,Normal,Low,Low
2025-01-13 21:00:00,N012,35.5211029307257,0.33586679082215987,11.795,Severe_Blockage,Critical,Critical
2025-01-13 21:00:00,N013,1.90704,1.117,0.0,Normal,Low,Low
2025-01-13 21:00:00,N014,3.4199799999999994,1.286,0.0,Normal,Low,Low
2025-01-13 21:00:00,N015,4.494040000000001,1.337,0.0,Normal,Low,Low
2025-01-13 21:00:00,N016,2.07,1.136,0.0,Normal,Low,Low
2025-01-13 21:00:00,N017,8.15919024407421,0.5616355134345986,1.788,Severe_Blockage,High,Moderate
2025-01-13 21:00:00,N018,2.41944,1.132,0.0,Normal,Low,Low
2025-01-13 21:00:00,N019,8.698795172704719,0.6403644566865073,1.564,Partial_Blockage,Moderate,Moderate
2025-01-13 21:00:00,N020,4.79024,1.305,0.0,Normal,Low,Low
2025-01-13 22:00:00,N001,3.036,1.333,0.0,Normal,Low,Low
2025-01-13 22:00:00,N002,2.7209399999999997,1.198,0.0,Normal,Low,Low
2025-01-13 22:00:00,N003,1.31904,1.1,0.0,Normal,Low,Low
2025-01-13 22:00:00,N004,1.55978,1.077,0.0,Normal,Low,Low
2025-01-13 22:00:00,N005,29.47494647699122,0.3535450305202562,9.527,Severe_Blockage,Critical,Critical
2025-01-13 22:00:00,N006,31.186448344273153,0.30214821216172255,10.882,Severe_Blockage,Critical,Critical
2025-01-13 22:00:00,N007,8.60059263480571,0.6812512016234269,1.371,Partial_Blockage,Moderate,Moderate
2025-01-13 22:00:00,N008,6.06618,1.519,0.0,Normal,Low,Moderate
2025-01-13 22:00:00,N009,31.656858602189995,0.2554983092752356,11.784,Severe_Blockage,Critical,Critical
2025-01-13 22:00:00,N010,1.3754400000000002,1.101,0.0,Normal,Low,Low
2025-01-13 22:00:00,N011,1.4946,1.111,0.0,Normal,Low,Low
2025-01-13 22:00:00,N012,18.223220583285887,0.42786505188094004,5.213,Severe_Blockage,High,High
2025-01-13 22:00:00,N013,20.566619073622462,0.5086080516688856,5.053,Severe_Blockage,High,High
2025-01-13 22:00:00,N014,3.1748999999999996,1.232,0.0,Normal,Low,Low
2025-01-13 22:00:00,N015,5.173240000000001,1.51,0.0,Normal,Low,Moderate
2025-01-13 22:00:00,N016,2.7024999999999997,1.156,0.0,Normal,Low,Low
2025-01-13 22:00:00,N017,8.449340374235351,0.6715274405163982,1.388,Partial_Blockage,Moderate,Moderate
2025-01-13 22:00:00,N018,4.3289,1.378,0.0,Normal,Low,Low
2025-01-13 22:00:00,N019,1.11972,1.057,0.0,Normal,Low,Low
2025-01-13 22:00:00,N020,4.3992,1.25,0.0,Normal,Low,Low
2025-01-13 23:00:00,N001,18.985451231333492,0.412396194400463,5.578,Severe_Blockage,High,High
2025-01-13 23:00:00,N002,1.5625200000000001,1.139,0.0,Normal,Low,Low
2025-01-13 23:00:00,N003,2.83044,1.182,0.0,Normal,Low,Low
2025-01-13 23:00:00,N004,35.018848457022116,0.2989195213937506,12.276,Severe_Blockage,Critical,Critical
2025-01-13 23:00:00,N005,4.29352,1.514,0.0,Normal,Low,Low
2025-01-13 23:00:00,N006,1.0476,1.062,0.0,Normal,Low,Low
2025-01-13 23:00:00,N007,16.77671761987946,0.5000354304554026,4.194,Severe_Blockage,High,High
2025-01-13 23:00:00,N008,10.736718655777572,0.5607239029412727,2.358,Severe_Blockage,High,Moderate
2025-01-13 23:00:00,N009,22.46338923482891,0.4154236166984324,6.566,Severe_Blockage,High,High
2025-01-13 23:00:00,N010,3.00096,1.204,0.0,Normal,Low,Low
2025-01-13 23:00:00,N011,12.414379930167733,0.7174791979611127,1.754,Partial_Blockage,Moderate,Moderate
2025-01-13 23:00:00,N012,4.05328,1.35,0.0,Normal,Low,Low
2025-01-13 23:00:00,N013,3.47432,1.244,0.0,Normal,Low,Low
2025-01-13 23:00:00,N014,3.5425199999999997,1.311,0.0,Normal,Low,Low
2025-01-13 23:00:00,N015,3.5658000000000003,1.28,0.0,Normal,Low,Low
2025-01-13 23:00:00,N016,2.5645,1.224,0.0,Normal,Low,Low
2025-01-13 23:00:00,N017,2.2075199999999997,1.115,0.0,Normal,Low,Low
2025-01-13 23:00:00,N018,4.850739999999999,1.351,0.0,Normal,Low,Low
2025-01-13 23:00:00,N019,4.11768,1.39,0.0,Normal,Low,Low
2025-01-13 23:00:00,N020,2.34624,1.215,0.0,Normal,Low,Low
2025-01-14 00:00:00,N001,3.2912000000000003,1.281,0.0,Normal,Low,Low
2025-01-14 00:00:00,N002,2.77482,1.29,0.0,Normal,Low,Low
2025-01-14 00:00:00,N003,3.62736,1.324,0.0,Normal,Low,Low
2025-01-14 00:00:00,N004,2.335,1.159,0.0,Normal,Low,Low
2025-01-14 00:00:00,N005,1.666,1.215,0.0,Normal,Low,Low
2025-01-14 00:00:00,N006,2.0952,1.291,0.0,Normal,Low,Low
2025-01-14 00:00:00,N007,3.39872,1.249,0.0,Normal,Low,Low
2025-01-14 00:00:00,N008,3.55118,1.403,0.0,Normal,Low,Low
2025-01-14 00:00:00,N009,15.633679800507288,0.43662941330933425,4.404,Severe_Blockage,High,High
2025-01-14 00:00:00,N010,3.3135600000000003,1.228,0.0,Normal,Low,Low
2025-01-14 00:00:00,N011,9.225279216677682,0.745585460372818,1.174,Partial_Blockage,Moderate,Moderate
2025-01-14 00:00:00,N012,6.5003400000000005,1.532,0.0,Normal,Low,Moderate
2025-01-14 00:00:00,N013,30.988340878037413,0.356107399571734,9.977,Severe_Blockage,Critical,Critical
2025-01-14 00:00:00,N014,3.2417399999999996,1.201,0.0,Normal,Low,Low
2025-01-14 00:00:00,N015,6.644840000000001,1.503,0.0,Normal,Low,Moderate
2025-01-14 00:00:00,N016,4.174499999999999,1.369,0.0,Normal,Low,Low
2025-01-14 00:00:00,N017,9.204435318920174,0.674041819745176,1.5,Partial_Blockage,Moderate,Moderate
2025-01-14 00:00:00,N018,32.019894495659415,0.28299180327129586,11.479,Severe_Blockage,Critical,Critical
2025-01-14 00:00:00,N019,1.24012,1.063,0.0,Normal,Low,Low
2025-01-14 00:00:00,N020,2.7128400000000004,1.173,0.0,Normal,Low,Low
2025-01-14 01:00:00,N001,12.367052496487917,0.5753546812592416,2.626,Severe_Blockage,High,Moderate
2025-01-14 01:00:00,N002,3.78058,1.278,0.0,Normal,Low,Low
2025-01-14 01:00:00,N003,3.55408,1.494,0.0,Normal,Low,Low
2025-01-14 01:00:00,N004,4.47386,1.459,0.0,Normal,Low,Low
2025-01-14 01:00:00,N005,4.855199999999999,1.448,0.0,Normal,Low,Low
2025-01-14 01:00:00,N006,4.3068,1.46,0.0,Normal,Low,Low
2025-01-14 01:00:00,N007,3.15172,1.202,0.0,Normal,Low,Low
2025-01-14 01:00:00,N008,3.5310599999999996,1.329,0.0,Normal,Low,Low
2025-01-14 01:00:00,N009,28.344839234775907,0.3933157931212038,8.598,Severe_Blockage,Critical,Critical
2025-01-14 01:00:00,N010,2.38618,1.142,0.0,Normal,Low,Low
2025-01-14 01:00:00,N011,33.9712008866773,0.3299791005856242,11.381,Severe_Blockage,Critical,Critical
2025-01-14 01:00:00,N012,3.1693200000000004,1.207,0.0,Normal,Low,Low
2025-01-14 01:00:00,N013,17.14187626437503,0.5298017097264414,4.03,Severe_Blockage,High,High
2025-01-14 01:00:00,N014,23.980618225582724,0.5797011510156896,5.04,Severe_Blockage,High,High
2025-01-14 01:00:00,N015,20.540710968913487,0.5424653588910573,4.699,Severe_Blockage,High,High
2025-01-14 01:00:00,N016,4.324,1.418,0.0,Normal,Low,Low
2025-01-14 01:00:00,N017,36.80168012816551,0.29704373417899943,12.935,Severe_Blockage,Critical,Critical
2025-01-14 01:00:00,N018,2.3127,1.182,0.0,Normal,Low,Low
2025-01-14 01:00:00,N019,0.97524,1.082,0.0,Normal,Low,Low
2025-01-14 01:00:00,N020,14.421210406015465,0.6136766435270659,2.786,Partial_Blockage,Moderate,Moderate
2025-01-14 02:00:00,N001,1.9008,1.137,0.0,Normal,Low,Low
2025-01-14 02:00:00,N002,23.60170156349167,0.5768061102385333,4.994,Severe_Blockage,High,High
2025-01-14 02:00:00,N003,2.3999200000000003,1.212,0.0,Normal,Low,Low
2025-01-14 02:00:00,N004,4.632639999999999,1.406,0.0,Normal,Low,Low
2025-01-14 02:00:00,N005,4.8742399999999995,1.333,0.0,Normal,Low,Low
2025-01-14 02:00:00,N006,1.5132,1.143,0.0,Normal,Low,Low
2025-01-14 02:00:00,N007,4.51516,1.522,0.0,Normal,Low,Low
2025-01-14 02:00:00,N008,1.8208600000000001,1.132,0.0,Normal,Low,Low
2025-01-14 02:00:00,N009,2.33472,1.221,0.0,Normal,Low,Low
2025-01-14 02:00:00,N010,2.8655,1.134,0.0,Normal,Low,Low
2025-01-14 02:00:00,N011,6.572000000000001,1.449,0.0,Normal,Low,Moderate
2025-01-14 02:00:00,N012,4.49526,1.507,0.0,Normal,Low,Low
2025-01-14 02:00:00,N013,3.74832,1.216,0.0,Normal,Low,Low
2025-01-14 02:00:00,N014,4.311179999999999,1.33,0.0,Normal,Low,Low
2025-01-14 02:00:00,N015,3.6676800000000007,1.43,0.0,Normal,Low,Low
2025-01-14 02:00:00,N016,2.3345,1.206,0.0,Normal,Low,Low
2025-01-14 02:00:00,N017,33.077269142785596,0.3214891354886159,11.222,Severe_Blockage,Critical,Critical
2025-01-14 02:00:00,N018,2.6685,1.155,0.0,Normal,Low,Low
2025-01-14 02:00:00,N019,4.56316,1.393,0.0,Normal,Low,Low
2025-01-14 02:00:00,N020,1.73524,1.092,0.0,Normal,Low,Low
2025-01-14 03:00:00,N001,1.9536000000000002,1.243,0.0,Normal,Low,Low
2025-01-14 03:00:00,N002,0.86208,1.1,0.0,Normal,Low,Low
2025-01-14 03:00:00,N003,25.516902051675046,0.255879383677492,9.494,Severe_Blockage,Critical,Critical
2025-01-14 03:00:00,N004,2.76464,1.252,0.0,Normal,Low,Low
2025-01-14 03:00:00,N005,20.506517276604026,0.42790873324123196,5.866,Severe_Blockage,High,High
2025-01-14 03:00:00,N006,2.3668,1.162,0.0,Normal,Low,Low
2025-01-14 03:00:00,N007,3.23076,1.249,0.0,Normal,Low,Low
2025-01-14 03:00:00,N008,2.92746,1.191,0.0,Normal,Low,Low
2025-01-14 03:00:00,N009,0.70656,1.06,0.0,Normal,Low,Low
2025-01-14 03:00:00,N010,3.0947400000000003,1.264,0.0,Normal,Low,Low
2025-01-14 03:00:00,N011,2.7136,1.165,0.0,Normal,Low,Low
2025-01-14 03:00:00,N012,5.519360000000001,1.518,0.0,Normal,Low,Moderate
2025-01-14 03:00:00,N013,3.1016800000000004,1.205,0.0,Normal,Low,Low
2025-01-14 03:00:00,N014,31.56684199507707,0.3547693661313333,10.184,Severe_Blockage,Critical,Critical
2025-01-14 03:00:00,N015,5.39964,1.475,0.0,Normal,Low,Moderate
2025-01-14 03:00:00,N016,18.597126576714288,0.4616447491136626,5.006,Severe_Blockage,High,High
2025-01-14 03:00:00,N017,4.97568,1.353,0.0,Normal,Low,Low
2025-01-14 03:00:00,N018,2.3127,1.165,0.0,Normal,Low,Low
2025-01-14 03:00:00,N019,6.76648,1.404,0.0,Normal,Low,Moderate
2025-01-14 03:00:00,N020,2.4562199999999996,1.12,0.0,Normal,Low,Low
2025-01-14 04:00:00,N001,31.389881478605382,0.2504152713645869,11.765,Severe_Blockage,Critical,Critical
2025-01-14 04:00:00,N002,1.96662,1.233,0.0,Normal,Low,Low
2025-01-14 04:00:00,N003,1.1266800000000001,1.105,0.0,Normal,Low,Low
2025-01-14 04:00:00,N004,16.718917953770244,0.5789987492083329,3.519,Severe_Blockage,High,High
2025-01-14 04:00:00,N005,2.32288,1.297,0.0,Normal,Low,Low
2025-01-14 04:00:00,N006,4.9664,1.359,0.0,Normal,Low,Low
2025-01-14 04:00:00,N007,33.12174940832336,0.25710516438047093,12.303,Severe_Blockage,Critical,Critical
2025-01-14 04:00:00,N008,5.2815,1.512,0.0,Normal,Low,Moderate
2025-01-14 04:00:00,N009,2.4883200000000003,1.23,0.0,Normal,Low,Low
2025-01-14 04:00:00,N010,21.847809184423454,0.4246884707600883,6.285,Severe_Blockage,High,High
2025-01-14 04:00:00,N011,10.454198946695122,0.7273045788384088,1.425,Partial_Blockage,Moderate,Moderate
2025-01-14 04:00:00,N012,31.066716135878387,0.27092603513593677,11.325,Severe_Blockage,Critical,Critical
2025-01-14 04:00:00,N013,2.0056800000000004,1.177,0.0,Normal,Low,Low
2025-01-14 04:00:00,N014,3.5313799999999995,1.194,0.0,Normal,Low,Low
2025-01-14 04:00:00,N015,1.2338800000000003,1.085,0.0,Normal,Low,Low
2025-01-14 04:00:00,N016,33.251905717269466,0.39790769415058447,10.01,Severe_Blockage,Critical,Critical
2025-01-14 04:00:00,N017,1.30816,1.086,0.0,Normal,Low,Low
2025-01-14 04:00:00,N018,6.30952,1.376,0.0,Normal,Low,Moderate
2025-01-14 04:00:00,N019,14.628088260767633,0.6013693882935568,2.916,Partial_Blockage,Moderate,Moderate
2025-01-14 04:00:00,N020,27.42282897655469,0.25503477655696405,10.215,Severe_Blockage,Critical,Critical
2025-01-14 05:00:00,N001,10.746159434952531,0.697395681728383,1.626,Partial_Blockage,Moderate,Moderate
2025-01-14 05:00:00,N002,4.939,1.403,0.0,Normal,Low,Low
2025-01-14 05:00:00,N003,16.27333439506647,0.5160940945564871,3.937,Severe_Blockage,High,High
2025-01-14 05:00:00,N004,3.21296,1.248,0.0,Normal,Low,Low
2025-01-14 05:00:00,N005,1.35184,1.235,0.0,Normal,Low,Low
2025-01-14 05:00:00,N006,24.584248037464675,0.5800504420235779,5.162,Severe_Blockage,High,High
2025-01-14 05:00:00,N007,2.10444,1.205,0.0,Normal,Low,Low
2025-01-14 05:00:00,N008,0.81486,1.067,0.0,Normal,Low,Low
2025-01-14 05:00:00,N009,24.728080535690573,0.5948537981323712,5.009,Severe_Blockage,High,High
2025-01-14 05:00:00,N010,2.52164,1.222,0.0,Normal,Low,Low
2025-01-14 05:00:00,N011,5.777,1.432,0.0,Normal,Low,Moderate
2025-01-14 05:00:00,N012,1.0241,1.083,0.0,Normal,Low,Low
2025-01-14 05:00:00,N013,5.644400000000001,1.48,0.0,Normal,Low,Moderate
2025-01-14 05:00:00,N014,2.5510599999999997,1.142,0.0,Normal,Low,Low
2025-01-14 05:00:00,N015,1.31312,1.115,0.0,Normal,Low,Low
2025-01-14 05:00:00,N016,4.622999999999999,1.448,0.0,Normal,Low,Low
2025-01-14 05:00:00,N017,0.7592,1.055,0.0,Normal,Low,Low
2025-01-14 05:00:00,N018,23.892524000824174,0.5575814793082012,5.285,Severe_Blockage,High,High
2025-01-14 05:00:00,N019,6.36916,1.499,0.0,Normal,Low,Moderate
2025-01-14 05:00:00,N020,27.585465723765935,0.3475684941470035,8.999,Severe_Blockage,Critical,Critical
2025-01-14 06:00:00,N001,1.2936,1.131,0.0,Normal,Low,Low
2025-01-14 06:00:00,N002,1.29312,1.098,0.0,Normal,Low,Low
2025-01-14 06:00:00,N003,1.0992,1.131,0.0,Normal,Low,Low
2025-01-14 06:00:00,N004,15.591403220058261,0.5882168250917453,3.21,Severe_Blockage,High,High
2025-01-14 06:00:00,N005,1.39944,1.091,0.0,Normal,Low,Low
2025-01-14 06:00:00,N006,11.36259010950881,0.6024900163944876,2.258,Partial_Blockage,Moderate,Moderate
2025-01-14 06:00:00,N007,1.69936,1.185,0.0,Normal,Low,Low
2025-01-14 06:00:00,N008,21.08221897478507,0.4035147900618354,6.288,Severe_Blockage,High,High
2025-01-14 06:00:00,N009,5.24288,1.316,0.0,Normal,Low,Moderate
2025-01-14 06:00:00,N010,1.4587999999999999,1.168,0.0,Normal,Low,Low
2025-01-14 06:00:00,N011,2.8302,1.404,0.0,Normal,Low,Low
2025-01-14 06:00:00,N012,5.1744,1.5,0.0,Normal,Low,Moderate
2025-01-14 06:00:00,N013,13.111144514387522,0.694271960965784,2.004,Partial_Blockage,Moderate,Moderate
2025-01-14 06:00:00,N014,5.436319999999999,1.362,0.0,Normal,Low,Moderate
2025-01-14 06:00:00,N015,2.41116,1.162,0.0,Normal,Low,Low
2025-01-14 06:00:00,N016,8.65154012946794,0.7444417018520013,1.105,Partial_Blockage,Moderate,Moderate
2025-01-14 06:00:00,N017,2.31264,1.211,0.0,Normal,Low,Low
2025-01-14 06:00:00,N018,18.438198844008102,0.44007058245215525,5.162,Severe_Blockage,High,High
2025-01-14 06:00:00,N019,4.5270399999999995,1.395,0.0,Normal,Low,Low
2025-01-14 06:00:00,N020,22.06130754730315,0.42863605584537406,6.303,Severe_Blockage,High,High
2025-01-14 07:00:00,N001,2.6664,1.267,0.0,Normal,Low,Low
2025-01-14 07:00:00,N002,2.20908,1.168,0.0,Normal,Low,Low
2025-01-14 07:00:00,N003,10.067752987272776,0.7029693624791641,1.495,Partial_Blockage,Moderate,Moderate
2025-01-14 07:00:00,N004,2.97012,1.479,0.0,Normal,Low,Low
2025-01-14 07:00:00,N005,2.59896,1.221,0.0,Normal,Low,Low
2025-01-14 07:00:00,N006,3.0361,1.207,0.0,Normal,Low,Low
2025-01-14 07:00:00,N007,3.9223600000000003,1.38,0.0,Normal,Low,Low
2025-01-14 07:00:00,N008,2.63572,1.193,0.0,Normal,Low,Low
2025-01-14 07:00:00,N009,5.20192,1.511,0.0,Normal,Low,Moderate
2025-01-14 07:00:00,N010,6.022760000000001,1.411,0.0,Normal,Low,Moderate
2025-01-14 07:00:00,N011,8.141290930249276,0.5549328129248536,1.812,Severe_Blockage,High,Moderate
2025-01-14 07:00:00,N012,1.4229600000000002,1.08,0.0,Normal,Low,Low
2025-01-14 07:00:00,N013,4.384,1.468,0.0,Normal,Low,Low
2025-01-14 07:00:00,N014,13.395926092116234,0.5933343428589286,2.724,Severe_Blockage,High,Moderate
2025-01-14 07:00:00,N015,22.736497745794804,0.5422922231428235,5.203,Severe_Blockage,High,High
2025-01-14 07:00:00,N016,1.2535,1.075,0.0,Normal,Low,Low
2025-01-14 07:00:00,N017,6.237119999999999,1.463,0.0,Normal,Low,Moderate
2025-01-14 07:00:00,N018,1.1385599999999998,1.055,0.0,Normal,Low,Low
2025-01-14 07:00:00,N019,3.58792,1.155,0.0,Normal,Low,Low
2025-01-14 07:00:00,N020,5.09574,1.394,0.0,Normal,Low,Moderate
2025-01-14 08:00:00,N001,8.176763180507042,0.5855965578648568,1.694,Severe_Blockage,High,Moderate
2025-01-14 08:00:00,N002,1.1943400000000002,1.091,0.0,Normal,Low,Low
2025-01-14 08:00:00,N003,10.989150373306847,0.6308624231227344,2.028,Partial_Blockage,Moderate,Moderate
2025-01-14 08:00:00,N004,2.39104,1.211,0.0,Normal,Low,Low
2025-01-14 08:00:00,N005,12.952358337047924,0.6944816394106703,1.979,Partial_Blockage,Moderate,Moderate
2025-01-14 08:00:00,N006,5.179799999999999,1.436,0.0,Normal,Low,Moderate
2025-01-14 08:00:00,N007,21.917520336466477,0.45819343626609194,5.938,Severe_Blockage,High,High
2025-01-14 08:00:00,N008,1.98182,1.176,0.0,Normal,Low,Low
2025-01-14 08:00:00,N009,3.71712,1.419,0.0,Normal,Low,Low
2025-01-14 08:00:00,N010,4.8974,1.358,0.0,Normal,Low,Low
2025-01-14 08:00:00,N011,14.766538538408348,0.7184239219300875,2.079,Partial_Blockage,Moderate,Moderate
2025-01-14 08:00:00,N012,1.3367200000000001,1.072,0.0,Normal,Low,Low
2025-01-14 08:00:00,N013,3.87984,1.438,0.0,Normal,Low,Low
2025-01-14 08:00:00,N014,2.4842199999999997,1.248,0.0,Normal,Low,Low
2025-01-14 08:00:00,N015,3.3280800000000004,1.258,0.0,Normal,Low,Low
2025-01-14 08:00:00,N016,21.24742237787201,0.49396001326385264,5.376,Severe_Blockage,High,High
2025-01-14 08:00:00,N017,4.46176,1.313,0.0,Normal,Low,Low
2025-01-14 08:00:00,N018,1.3757599999999999,1.088,0.0,Normal,Low,Low
2025-01-14 08:00:00,N019,1.5652,1.122,0.0,Normal,Low,Low
2025-01-14 08:00:00,N020,13.445584191309713,0.6634573811189486,2.263,Partial_Blockage,Moderate,Moderate
2025-01-14 09:00:00,N001,2.772,1.254,0.0,Normal,Low,Low
2025-01-14 09:00:00,N002,5.7472,1.515,0.0,Normal,Low,Moderate
2025-01-14 09:00:00,N003,2.69304,1.344,0.0,Normal,Low,Low
2025-01-14 09:00:00,N004,3.00748,1.285,0.0,Normal,Low,Low
2025-01-14 09:00:00,N005,4.57912,1.488,0.0,Normal,Low,Low
2025-01-14 09:00:00,N006,3.5210999999999997,1.227,0.0,Normal,Low,Low
2025-01-14 09:00:00,N007,3.705,1.489,0.0,Normal,Low,Low
2025-01-14 09:00:00,N008,5.24126,1.351,0.0,Normal,Low,Moderate
2025-01-14 09:00:00,N009,1.3312000000000002,1.072,0.0,Normal,Low,Low
2025-01-14 09:00:00,N010,2.56332,1.158,0.0,Normal,Low,Low
2025-01-14 09:00:00,N011,1.1554000000000002,1.117,0.0,Normal,Low,Low
2025-01-14 09:00:00,N012,2.87826,1.21,0.0,Normal,Low,Low
2025-01-14 09:00:00,N013,1.85224,1.107,0.0,Normal,Low,Low
2025-01-14 09:00:00,N014,4.511699999999999,1.528,0.0,Normal,Low,Low
2025-01-14 09:00:00,N015,4.10916,1.407,0.0,Normal,Low,Low
2025-01-14 09:00:00,N016,4.209,1.385,0.0,Normal,Low,Low
2025-01-14 09:00:00,N017,0.9811199999999999,1.052,0.0,Normal,Low,Low
2025-01-14 09:00:00,N018,2.89384,1.139,0.0,Normal,Low,Low
2025-01-14 09:00:00,N019,7.92232,1.522,0.0,Normal,Low,Moderate
2025-01-14 09:00:00,N020,4.57028,1.398,0.0,Normal,Low,Low
2025-01-14 10:00:00,N001,1.7424,1.226,0.0,Normal,Low,Low
2025-01-14 10:00:00,N002,3.6997600000000004,1.226,0.0,Normal,Low,Low
2025-01-14 10:00:00,N003,19.20029739183152,0.4325060097232159,5.448,Severe_Blockage,High,High
2025-01-14 10:00:00,N004,3.89478,1.309,0.0,Normal,Low,Low
2025-01-14 10:00:00,N005,4.522,1.324,0.0,Normal,Low,Low
2025-01-14 10:00:00,N006,39.215474821980074,0.2516525019993303,14.673,Severe_Blockage,Critical,Critical
2025-01-14 10:00:00,N007,4.48552,1.489,0.0,Normal,Low,Low
2025-01-14 10:00:00,N008,4.587359999999999,1.524,0.0,Normal,Low,Low
2025-01-14 10:00:00,N009,24.238750391204213,0.5418791641160106,5.552,Severe_Blockage,High,High
2025-01-14 10:00:00,N010,22.08766148219835,0.5792096630856264,4.647,Severe_Blockage,High,High
2025-01-14 10:00:00,N011,26.685548111390368,0.3943202798475288,8.081,Severe_Blockage,Critical,Critical
2025-01-14 10:00:00,N012,20.03788612650468,0.43237301800065564,5.687,Severe_Blockage,High,High
2025-01-14 10:00:00,N013,6.740400000000001,1.411,0.0,Normal,Low,Moderate
2025-01-14 10:00:00,N014,3.2083199999999996,1.265,0.0,Normal,Low,Low
2025-01-14 10:00:00,N015,16.357706822891767,0.445456728301668,4.536,Severe_Blockage,High,High
2025-01-14 10:00:00,N016,2.8059999999999996,1.213,0.0,Normal,Low,Low
2025-01-14 10:00:00,N017,3.5039999999999996,1.234,0.0,Normal,Low,Low
2025-01-14 10:00:00,N018,8.69338,1.527,0.0,Normal,Low,Moderate
2025-01-14 10:00:00,N019,19.243043672825593,0.5137867739639604,4.678,Severe_Blockage,High,High
2025-01-14 10:00:00,N020,18.990944997721634,0.5395745855735403,4.372,Severe_Blockage,High,High
2025-01-14 11:00:00,N001,4.3031999999999995,1.389,0.0,Normal,Low,Low
2025-01-14 11:00:00,N002,1.06862,1.125,0.0,Normal,Low,Low
2025-01-14 11:00:00,N003,1.62132,1.126,0.0,Normal,Low,Low
2025-01-14 11:00:00,N004,1.90536,1.148,0.0,Normal,Low,Low
2025-01-14 11:00:00,N005,27.36469847368213,0.35472871894289115,8.829,Severe_Blockage,Critical,Critical
2025-01-14 11:00:00,N006,33.7417285331644,0.36783332447158107,10.665,Severe_Blockage,Critical,Critical
2025-01-14 11:00:00,N007,2.223,1.168,0.0,Normal,Low,Low
2025-01-14 11:00:00,N008,1.38828,1.133,0.0,Normal,Low,Low
2025-01-14 11:00:00,N009,2.42688,1.171,0.0,Normal,Low,Low
2025-01-14 11:00:00,N010,21.557254727331312,0.4983760149301741,5.407,Severe_Blockage,High,High
2025-01-14 11:00:00,N011,7.3352,1.515,0.0,Normal,Low,Moderate
2025-01-14 11:00:00,N012,24.84758530031877,0.5013538848494413,6.195,Severe_Blockage,High,High
2025-01-14 11:00:00,N013,17.149963424200443,0.47187557763729004,4.529,Severe_Blockage,High,High
2025-01-14 11:00:00,N014,5.14668,1.398,0.0,Normal,Low,Moderate
2025-01-14 11:00:00,N015,3.1582800000000004,1.216,0.0,Normal,Low,Low
2025-01-14 11:00:00,N016,6.233,1.426,0.0,Normal,Low,Moderate
2025-01-14 11:00:00,N017,4.59024,1.347,0.0,Normal,Low,Low
2025-01-14 11:00:00,N018,13.127502888716418,0.6931498623703338,2.014,Partial_Blockage,Moderate,Moderate
2025-01-14 11:00:00,N019,5.2735199999999995,1.431,0.0,Normal,Low,Moderate
2025-01-14 11:00:00,N020,5.93892,1.53,0.0,Normal,Low,Moderate
2025-01-14 12:00:00,N001,3.4495999999999998,1.319,0.0,Normal,Low,Low
2025-01-14 12:00:00,N002,2.35276,1.222,0.0,Normal,Low,Low
2025-01-14 12:00:00,N003,8.461449723109599,0.7215944282011573,1.178,Partial_Blockage,Moderate,Moderate
2025-01-14 12:00:00,N004,34.808317867820385,0.2553181198611626,12.961,Severe_Blockage,Critical,Critical
2025-01-14 12:00:00,N005,21.494377727692218,0.5344600245681052,5.003,Severe_Blockage,High,High
2025-01-14 12:00:00,N006,4.4037999999999995,1.477,0.0,Normal,Low,Low
2025-01-14 12:00:00,N007,6.15524,1.519,0.0,Normal,Low,Moderate
2025-01-14 12:00:00,N008,11.035646617284698,0.7215017266143486,1.537,Partial_Blockage,Moderate,Moderate
2025-01-14 12:00:00,N009,5.74464,1.463,0.0,Normal,Low,Moderate
2025-01-14 12:00:00,N010,0.95864,1.058,0.0,Normal,Low,Low
2025-01-14 12:00:00,N011,2.8196000000000003,1.171,0.0,Normal,Low,Low
2025-01-14 12:00:00,N012,12.501635384240691,0.5716602929537894,2.677,Severe_Blockage,High,Moderate
2025-01-14 12:00:00,N013,2.0056800000000004,1.184,0.0,Normal,Low,Low
2025-01-14 12:00:00,N014,5.235799999999999,1.475,0.0,Normal,Low,Moderate
2025-01-14 12:00:00,N015,17.58408408567313,0.5272224281934245,4.157,Severe_Blockage,High,High
2025-01-14 12:00:00,N016,6.762,1.532,0.0,Normal,Low,Moderate
2025-01-14 12:00:00,N017,3.39888,1.304,0.0,Normal,Low,Low
2025-01-14 12:00:00,N018,2.9531400000000003,1.324,0.0,Normal,Low,Low
2025-01-14 12:00:00,N019,6.032039999999999,1.419,0.0,Normal,Low,Moderate
2025-01-14 12:00:00,N020,19.224829268287845,0.5771194041135917,4.065,Severe_Blockage,High,High
2025-01-14 13:00:00,N001,4.3472,1.475,0.0,Normal,Low,Low
2025-01-14 13:00:00,N002,2.8287,1.365,0.0,Normal,Low,Low
2025-01-14 13:00:00,N003,3.5449200000000003,1.313,0.0,Normal,Low,Low
2025-01-14 13:00:00,N004,1.2142,1.095,0.0,Normal,Low,Low
2025-01-14 13:00:00,N005,2.56088,1.158,0.0,Normal,Low,Low
2025-01-14 13:00:00,N006,2.2795,1.233,0.0,Normal,Low,Low
2025-01-14 13:00:00,N007,1.8673199999999999,1.21,0.0,Normal,Low,Low
2025-01-14 13:00:00,N008,5.16078,1.521,0.0,Normal,Low,Moderate
2025-01-14 13:00:00,N009,6.37952,1.404,0.0,Normal,Low,Moderate
2025-01-14 13:00:00,N010,2.605,1.158,0.0,Normal,Low,Low
2025-01-14 13:00:00,N011,1.484,1.083,0.0,Normal,Low,Low
2025-01-14 13:00:00,N012,3.9993800000000004,1.301,0.0,Normal,Low,Low
2025-01-14 13:00:00,N013,4.011360000000001,1.345,0.0,Normal,Low,Low
2025-01-14 13:00:00,N014,4.500559999999999,1.414,0.0,Normal,Low,Low
2025-01-14 13:00:00,N015,3.3620400000000004,1.292,0.0,Normal,Low,Low
2025-01-14 13:00:00,N016,36.856202350666116,0.3938443254477454,11.17,Severe_Blockage,Critical,Critical
2025-01-14 13:00:00,N017,2.4644799999999996,1.125,0.0,Normal,Low,Low
2025-01-14 13:00:00,N018,1.9568999999999999,1.123,0.0,Normal,Low,Low
2025-01-14 13:00:00,N019,3.6481199999999996,1.201,0.0,Normal,Low,Low
2025-01-14 13:00:00,N020,2.3340199999999998,1.141,0.0,Normal,Low,Low
2025-01-14 14:00:00,N001,2.8512000000000004,1.327,0.0,Normal,Low,Low
2025-01-14 14:00:00,N002,3.0981,1.343,0.0,Normal,Low,Low
2025-01-14 14:00:00,N003,31.590733488519913,0.32454253368205666,10.669,Severe_Blockage,Critical,Critical
2025-01-14 14:00:00,N004,1.0927799999999999,1.086,0.0,Normal,Low,Low
2025-01-14 14:00:00,N005,4.74096,1.39,0.0,Normal,Low,Low
2025-01-14 14:00:00,N006,2.2116,1.178,0.0,Normal,Low,Low
2025-01-14 14:00:00,N007,11.41455894442262,0.5640401563683101,2.488,Severe_Blockage,High,Moderate
2025-01-14 14:00:00,N008,19.25652040597599,0.453068517954691,5.266,Severe_Blockage,High,High
2025-01-14 14:00:00,N009,2.9491199999999997,1.212,0.0,Normal,Low,Low
2025-01-14 14:00:00,N010,1.88602,1.187,0.0,Normal,Low,Low
2025-01-14 14:00:00,N011,2.4168,1.171,0.0,Normal,Low,Low
2025-01-14 14:00:00,N012,5.75652,1.402,0.0,Normal,Low,Moderate
2025-01-14 14:00:00,N013,3.2551200000000007,1.295,0.0,Normal,Low,Low
2025-01-14 14:00:00,N014,8.947777681934703,0.5580796437711242,1.977,Severe_Blockage,High,Moderate
2025-01-14 14:00:00,N015,2.7507600000000005,1.357,0.0,Normal,Low,Low
2025-01-14 14:00:00,N016,4.8415,1.331,0.0,Normal,Low,Low
2025-01-14 14:00:00,N017,18.501790180278675,0.42571244109292616,5.313,Severe_Blockage,High,High
2025-01-14 14:00:00,N018,30.257809673459768,0.3030172059526496,10.545,Severe_Blockage,Critical,Critical
2025-01-14 14:00:00,N019,3.21468,1.145,0.0,Normal,Low,Low
2025-01-14 14:00:00,N020,1.55194,1.079,0.0,Normal,Low,Low
2025-01-14 15:00:00,N001,2.6224,1.22,0.0,Normal,Low,Low
2025-01-14 15:00:00,N002,11.438606858656833,0.6942416545547749,1.749,Partial_Blockage,Moderate,Moderate
2025-01-14 15:00:00,N003,24.45165517459735,0.501191551407766,6.098,Severe_Blockage,High,High
2025-01-14 15:00:00,N004,1.4196799999999998,1.11,0.0,Normal,Low,Low
2025-01-14 15:00:00,N005,4.655279999999999,1.528,0.0,Normal,Low,Low
2025-01-14 15:00:00,N006,2.037,1.153,0.0,Normal,Low,Low
2025-01-14 15:00:00,N007,3.82356,1.237,0.0,Normal,Low,Low
2025-01-14 15:00:00,N008,22.98611246142302,0.5234928887163395,5.477,Severe_Blockage,High,High
2025-01-14 15:00:00,N009,4.096,1.326,0.0,Normal,Low,Low
2025-01-14 15:00:00,N010,4.47018,1.338,0.0,Normal,Low,Low
2025-01-14 15:00:00,N011,4.5474000000000006,1.319,0.0,Normal,Low,Low
2025-01-14 15:00:00,N012,0.9702000000000001,1.054,0.0,Normal,Low,Low
2025-01-14 15:00:00,N013,4.88816,1.409,0.0,Normal,Low,Low
2025-01-14 15:00:00,N014,28.96474378496476,0.3067708284612894,10.04,Severe_Blockage,Critical,Critical
2025-01-14 15:00:00,N015,5.320400000000001,1.402,0.0,Normal,Low,Moderate
2025-01-14 15:00:00,N016,3.4844999999999997,1.294,0.0,Normal,Low,Low
2025-01-14 15:00:00,N017,2.60464,1.368,0.0,Normal,Low,Low
2025-01-14 15:00:00,N018,1.82644,1.122,0.0,Normal,Low,Low
2025-01-14 15:00:00,N019,4.80396,1.492,0.0,Normal,Low,Low
2025-01-14 15:00:00,N020,14.730786093445392,0.7195431108190686,2.066,Partial_Blockage,Moderate,Moderate
2025-01-14 16:00:00,N001,2.6224,1.476,0.0,Normal,Low,Low
2025-01-14 16:00:00,N002,23.400843726481327,0.4034577254371625,6.98,Severe_Blockage,High,High
2025-01-14 16:00:00,N003,1.4839200000000001,1.112,0.0,Normal,Low,Low
2025-01-14 16:00:00,N004,11.790573922275037,0.5973394055495277,2.374,Severe_Blockage,High,Moderate
2025-01-14 16:00:00,N005,1.9325599999999998,1.145,0.0,Normal,Low,Low
2025-01-14 16:00:00,N006,1.8042,1.18,0.0,Normal,Low,Low
2025-01-14 16:00:00,N007,14.042451630597684,0.5847875197647147,2.915,Severe_Blockage,High,Moderate
2025-01-14 16:00:00,N008,4.69802,1.316,0.0,Normal,Low,Low
2025-01-14 16:00:00,N009,16.274970909665605,0.43488315045085274,4.599,Severe_Blockage,High,High
2025-01-14 16:00:00,N010,1.2504,1.064,0.0,Normal,Low,Low
2025-01-14 16:00:00,N011,17.84583583271623,0.4653760668715089,4.77,Severe_Blockage,High,High
2025-01-14 16:00:00,N012,6.9207600000000005,1.366,0.0,Normal,Low,Moderate
2025-01-14 16:00:00,N013,1.61112,1.157,0.0,Normal,Low,Low
2025-01-14 16:00:00,N014,1.10286,1.074,0.0,Normal,Low,Low
2025-01-14 16:00:00,N015,4.811000000000001,1.465,0.0,Normal,Low,Low
2025-01-14 16:00:00,N016,22.56948848792065,0.41031514867646113,6.654,Severe_Blockage,High,High
2025-01-14 16:00:00,N017,1.48336,1.078,0.0,Normal,Low,Low
2025-01-14 16:00:00,N018,1.7078399999999998,1.086,0.0,Normal,Low,Low
2025-01-14 16:00:00,N019,5.33372,1.535,0.0,Normal,Low,Moderate
2025-01-14 16:00:00,N020,4.5825,1.372,0.0,Normal,Low,Low
2025-01-14 17:00:00,N001,3.388,1.317,0.0,Normal,Low,Low
2025-01-14 17:00:00,N002,1.54456,1.112,0.0,Normal,Low,Low
2025-01-14 17:00:00,N003,2.58312,1.259,0.0,Normal,Low,Low
2025-01-14 17:00:00,N004,3.3624,1.444,0.0,Normal,Low,Low
2025-01-14 17:00:00,N005,4.4839199999999995,1.485,0.0,Normal,Low,Low
2025-01-14 17:00:00,N006,1.3385999999999998,1.105,0.0,Normal,Low,Low
2025-01-14 17:00:00,N007,0.85956,1.081,0.0,Normal,Low,Low
2025-01-14 17:00:00,N008,1.26756,1.099,0.0,Normal,Low,Low
2025-01-14 17:00:00,N009,18.493048194376946,0.5592323218078903,4.076,Severe_Blockage,High,High
2025-01-14 17:00:00,N010,3.21978,1.256,0.0,Normal,Low,Low
2025-01-14 17:00:00,N011,2.7454,1.173,0.0,Normal,Low,Low
2025-01-14 17:00:00,N012,4.3766799999999995,1.321,0.0,Normal,Low,Low
2025-01-14 17:00:00,N013,2.9701600000000004,1.361,0.0,Normal,Low,Low
2025-01-14 17:00:00,N014,4.611959999999999,1.339,0.0,Normal,Low,Low
2025-01-14 17:00:00,N015,4.70912,1.424,0.0,Normal,Low,Low
2025-01-14 17:00:00,N016,6.5665,1.461,0.0,Normal,Low,Moderate
2025-01-14 17:00:00,N017,5.33776,1.401,0.0,Normal,Low,Moderate
2025-01-14 17:00:00,N018,1.29274,1.1,0.0,Normal,Low,Low
2025-01-14 17:00:00,N019,2.7451199999999996,1.201,0.0,Normal,Low,Low
2025-01-14 17:00:00,N020,4.17924,1.284,0.0,Normal,Low,Low
2025-01-14 18:00:00,N001,1.7863999999999998,1.194,0.0,Normal,Low,Low
2025-01-14 18:00:00,N002,34.508207044544086,0.39401509444946736,10.456,Severe_Blockage,Critical,Critical
2025-01-14 18:00:00,N003,5.2212000000000005,1.418,0.0,Normal,Low,Moderate
2025-01-14 18:00:00,N004,13.051462918887923,0.6056738418024701,2.573,Partial_Blockage,Moderate,Moderate
2025-01-14 18:00:00,N005,1.40896,1.089,0.0,Normal,Low,Low
2025-01-14 18:00:00,N006,1.164,1.059,0.0,Normal,Low,Low
2025-01-14 18:00:00,N007,19.909798383382796,0.5752636848581846,4.228,Severe_Blockage,High,High
2025-01-14 18:00:00,N008,1.64984,1.118,0.0,Normal,Low,Low
2025-01-14 18:00:00,N009,0.95232,1.081,0.0,Normal,Low,Low
2025-01-14 18:00:00,N010,0.96906,1.101,0.0,Normal,Low,Low
2025-01-14 18:00:00,N011,4.664000000000001,1.507,0.0,Normal,Low,Low
2025-01-14 18:00:00,N012,4.031720000000001,1.26,0.0,Normal,Low,Low
2025-01-14 18:00:00,N013,5.0635200000000005,1.417,0.0,Normal,Low,Moderate
2025-01-14 18:00:00,N014,1.8380999999999996,1.098,0.0,Normal,Low,Low
2025-01-14 18:00:00,N015,2.59228,1.15,0.0,Normal,Low,Low
2025-01-14 18:00:00,N016,13.997860854757977,0.69115739919439,2.162,Partial_Blockage,Moderate,Moderate
2025-01-14 18:00:00,N017,13.355125992523824,0.5601190836044713,2.937,Severe_Blockage,High,Moderate
2025-01-14 18:00:00,N018,4.81516,1.386,0.0,Normal,Low,Low
2025-01-14 18:00:00,N019,3.68424,1.251,0.0,Normal,Low,Low
2025-01-14 18:00:00,N020,1.08758,1.058,0.0,Normal,Low,Low
2025-01-14 19:00:00,N001,1.98,1.175,0.0,Normal,Low,Low
2025-01-14 19:00:00,N002,3.87936,1.397,0.0,Normal,Low,Low
2025-01-14 19:00:00,N003,4.5067200000000005,1.532,0.0,Normal,Low,Low
2025-01-14 19:00:00,N004,17.191741396532258,0.51890149391641,4.135,Severe_Blockage,High,High
2025-01-14 19:00:00,N005,1.5612799999999998,1.136,0.0,Normal,Low,Low
2025-01-14 19:00:00,N006,1.1542999999999999,1.109,0.0,Normal,Low,Low
2025-01-14 19:00:00,N007,3.705,1.319,0.0,Normal,Low,Low
2025-01-14 19:00:00,N008,2.74638,1.202,0.0,Normal,Low,Low
2025-01-14 19:00:00,N009,1.4336,1.09,0.0,Normal,Low,Low
2025-01-14 19:00:00,N010,4.56396,1.266,0.0,Normal,Low,Low
2025-01-14 19:00:00,N011,12.455804523698767,0.5908162830726351,2.548,Severe_Blockage,High,Moderate
2025-01-14 19:00:00,N012,4.44136,1.328,0.0,Normal,Low,Low
2025-01-14 19:00:00,N013,34.7183380249474,0.3521128147071687,11.247,Severe_Blockage,Critical,Critical
2025-01-14 19:00:00,N014,4.7345,1.31,0.0,Normal,Low,Low
2025-01-14 19:00:00,N015,1.8564800000000001,1.101,0.0,Normal,Low,Low
2025-01-14 19:00:00,N016,0.9659999999999999,1.059,0.0,Normal,Low,Low
2025-01-14 19:00:00,N017,2.06736,1.141,0.0,Normal,Low,Low
2025-01-14 19:00:00,N018,5.253979999999999,1.348,0.0,Normal,Low,Moderate
2025-01-14 19:00:00,N019,10.06785010826908,0.6658693132022601,1.682,Partial_Blockage,Moderate,Moderate
2025-01-14 19:00:00,N020,6.0366800000000005,1.506,0.0,Normal,Low,Moderate
2025-01-14 20:00:00,N001,2.3232,1.254,0.0,Normal,Low,Low
2025-01-14 20:00:00,N002,22.26635128603897,0.5725488948028289,4.759,Severe_Blockage,High,High
2025-01-14 20:00:00,N003,0.9892800000000002,1.136,0.0,Normal,Low,Low
2025-01-14 20:00:00,N004,3.07286,1.247,0.0,Normal,Low,Low
2025-01-14 20:00:00,N005,5.4835199999999995,1.507,0.0,Normal,Low,Moderate
2025-01-14 20:00:00,N006,0.8148,1.056,0.0,Normal,Low,Low
2025-01-14 20:00:00,N007,3.458,1.269,0.0,Normal,Low,Low
2025-01-14 20:00:00,N008,10.294694101013656,0.659576148448051,1.752,Partial_Blockage,Moderate,Moderate
2025-01-14 20:00:00,N009,20.224786490871942,0.5205782646697343,4.848,Severe_Blockage,High,High
2025-01-14 20:00:00,N010,2.7508800000000004,1.227,0.0,Normal,Low,Low
2025-01-14 20:00:00,N011,29.907349912870632,0.2982336042338603,10.494,Severe_Blockage,Critical,Critical
2025-01-14 20:00:00,N012,29.905295685168788,0.38263800482130667,9.231,Severe_Blockage,Critical,Critical
2025-01-14 20:00:00,N013,4.822400000000001,1.526,0.0,Normal,Low,Low
2025-01-14 20:00:00,N014,2.1723,1.131,0.0,Normal,Low,Low
2025-01-14 20:00:00,N015,3.8035200000000002,1.302,0.0,Normal,Low,Low
2025-01-14 20:00:00,N016,3.726,1.322,0.0,Normal,Low,Low
2025-01-14 20:00:00,N017,20.673975748963908,0.5800938255771175,4.341,Severe_Blockage,High,High
2025-01-14 20:00:00,N018,3.6291599999999997,1.252,0.0,Normal,Low,Low
2025-01-14 20:00:00,N019,3.20264,1.241,0.0,Normal,Low,Low
2025-01-14 20:00:00,N020,29.489175581831056,0.2554307220184113,10.978,Severe_Blockage,Critical,Critical
2025-01-14 21:00:00,N001,26.621922456273815,0.271000553347089,9.704,Severe_Blockage,Critical,Critical
2025-01-14 21:00:00,N002,10.174117665082644,0.613919711600507,1.964,Partial_Blockage,Moderate,Moderate
2025-01-14 21:00:00,N003,16.083226742378915,0.5534673788528269,3.591,Severe_Blockage,High,High
2025-01-14 21:00:00,N004,6.4446,1.456,0.0,Normal,Low,Moderate
2025-01-14 21:00:00,N005,3.08448,1.232,0.0,Normal,Low,Low
2025-01-14 21:00:00,N006,0.9506,1.078,0.0,Normal,Low,Low
2025-01-14 21:00:00,N007,2.8158,1.284,0.0,Normal,Low,Low
2025-01-14 21:00:00,N008,29.473236840556684,0.25659666217908467,10.955,Severe_Blockage,Critical,Critical
2025-01-14 21:00:00,N009,3.9731199999999998,1.392,0.0,Normal,Low,Low
2025-01-14 21:00:00,N010,4.78278,1.516,0.0,Normal,Low,Low
2025-01-14 21:00:00,N011,3.4132000000000002,1.208,0.0,Normal,Low,Low
2025-01-14 21:00:00,N012,13.713352883492473,0.6639461934825635,2.304,Partial_Blockage,Moderate,Moderate
2025-01-14 21:00:00,N013,3.7154400000000005,1.34,0.0,Normal,Low,Low
2025-01-14 21:00:00,N014,22.902752670742366,0.4471792030946687,6.331,Severe_Blockage,High,High
2025-01-14 21:00:00,N015,27.280538615418564,0.30416799148441587,9.491,Severe_Blockage,Critical,Critical
2025-01-14 21:00:00,N016,1.0005,1.052,0.0,Normal,Low,Low
2025-01-14 21:00:00,N017,2.99008,1.256,0.0,Normal,Low,Low
2025-01-14 21:00:00,N018,2.40758,1.113,0.0,Normal,Low,Low
2025-01-14 21:00:00,N019,12.49705611715531,0.71856067738437,1.759,Partial_Blockage,Moderate,Moderate
2025-01-14 21:00:00,N020,2.5662000000000003,1.176,0.0,Normal,Low,Low
2025-01-14 22:00:00,N001,4.5408,1.517,0.0,Normal,Low,Low
2025-01-14 22:00:00,N002,2.99932,1.35,0.0,Normal,Low,Low
2025-01-14 22:00:00,N003,1.98772,1.153,0.0,Normal,Low,Low
2025-01-14 22:00:00,N004,38.104596196537045,0.32036979963752743,12.949,Severe_Blockage,Critical,Critical
2025-01-14 22:00:00,N005,14.830957237405798,0.6383126456092961,2.682,Partial_Blockage,Moderate,Moderate
2025-01-14 22:00:00,N006,21.2699483994051,0.5413291398284164,4.878,Severe_Blockage,High,High
2025-01-14 22:00:00,N007,3.48764,1.42,0.0,Normal,Low,Low
2025-01-14 22:00:00,N008,2.1629,1.166,0.0,Normal,Low,Low
2025-01-14 22:00:00,N009,4.0652800000000004,1.482,0.0,Normal,Low,Low
2025-01-14 22:00:00,N010,1.74014,1.127,0.0,Normal,Low,Low
2025-01-14 22:00:00,N011,3.8478,1.193,0.0,Normal,Low,Low
2025-01-14 22:00:00,N012,32.923609403809884,0.3654081125823969,10.447,Severe_Blockage,Critical,Critical
2025-01-14 22:00:00,N013,6.12664,1.42,0.0,Normal,Low,Moderate
2025-01-14 22:00:00,N014,6.672859999999999,1.497,0.0,Normal,Low,Moderate
2025-01-14 22:00:00,N015,7.14292,1.509,0.0,Normal,Low,Moderate
2025-01-14 22:00:00,N016,6.5435,1.48,0.0,Normal,Low,Moderate
2025-01-14 22:00:00,N017,2.6747199999999998,1.276,0.0,Normal,Low,Low
2025-01-14 22:00:00,N018,2.88198,1.183,0.0,Normal,Low,Low
2025-01-14 22:00:00,N019,10.397882930915078,0.589563337374054,2.134,Severe_Blockage,High,Moderate
2025-01-14 22:00:00,N020,8.09048168660195,0.5523137429320881,1.811,Severe_Blockage,High,Moderate
2025-01-14 23:00:00,N001,0.8448,1.077,0.0,Normal,Low,Low
2025-01-14 23:00:00,N002,3.97814,1.278,0.0,Normal,Low,Low
2025-01-14 23:00:00,N003,4.81816,1.487,0.0,Normal,Low,Low
2025-01-14 23:00:00,N004,3.38108,1.356,0.0,Normal,Low,Low
2025-01-14 23:00:00,N005,0.77112,1.092,0.0,Normal,Low,Low
2025-01-14 23:00:00,N006,2.037,1.168,0.0,Normal,Low,Low
2025-01-14 23:00:00,N007,4.11008,1.478,0.0,Normal,Low,Low
2025-01-14 23:00:00,N008,1.62972,1.105,0.0,Normal,Low,Low
2025-01-14 23:00:00,N009,4.64896,1.539,0.0,Normal,Low,Low
2025-01-14 23:00:00,N010,3.58448,1.227,0.0,Normal,Low,Low
2025-01-14 23:00:00,N011,1.9186,1.102,0.0,Normal,Low,Low
2025-01-14 23:00:00,N012,1.5307600000000001,1.084,0.0,Normal,Low,Low
2025-01-14 23:00:00,N013,1.8084,1.17,0.0,Normal,Low,Low
2025-01-14 23:00:00,N014,0.9691799999999999,1.058,0.0,Normal,Low,Low
2025-01-14 23:00:00,N015,2.6602000000000006,1.192,0.0,Normal,Low,Low
2025-01-14 23:00:00,N016,8.171929764370928,0.7231267896450899,1.131,Partial_Blockage,Moderate,Moderate
2025-01-14 23:00:00,N017,3.2820799999999997,1.169,0.0,Normal,Low,Low
2025-01-14 23:00:00,N018,2.8463999999999996,1.202,0.0,Normal,Low,Low
2025-01-14 23:00:00,N019,5.81532,1.382,0.0,Normal,Low,Moderate
2025-01-14 23:00:00,N020,6.012239999999999,1.447,0.0,Normal,Low,Moderate
2025-01-15 00:00:00,N001,2.0856,1.204,0.0,Normal,Low,Low
2025-01-15 00:00:00,N002,0.74534,1.08,0.0,Normal,Low,Low
2025-01-15 00:00:00,N003,30.218002383910815,0.3063831312856348,10.48,Severe_Blockage,Critical,Critical
2025-01-15 00:00:00,N004,3.792039999999999,1.308,0.0,Normal,Low,Low
2025-01-15 00:00:00,N005,1.96112,1.271,0.0,Normal,Low,Low
2025-01-15 00:00:00,N006,1.4841,1.147,0.0,Normal,Low,Low
2025-01-15 00:00:00,N007,4.56456,1.534,0.0,Normal,Low,Low
2025-01-15 00:00:00,N008,2.1126,1.125,0.0,Normal,Low,Low
2025-01-15 00:00:00,N009,1.0854400000000002,1.085,0.0,Normal,Low,Low
2025-01-15 00:00:00,N010,2.5008,1.124,0.0,Normal,Low,Low
2025-01-15 00:00:00,N011,2.5758,1.22,0.0,Normal,Low,Low
2025-01-15 00:00:00,N012,3.5897400000000004,1.28,0.0,Normal,Low,Low
2025-01-15 00:00:00,N013,8.038418772942133,0.6280007239426351,1.495,Partial_Blockage,Moderate,Moderate
2025-01-15 00:00:00,N014,7.018199999999999,1.472,0.0,Normal,Low,Moderate
2025-01-15 00:00:00,N015,1.5395200000000002,1.063,0.0,Normal,Low,Low
2025-01-15 00:00:00,N016,23.402655470638813,0.4320548820222645,6.646,Severe_Blockage,High,High
2025-01-15 00:00:00,N017,5.39616,1.431,0.0,Normal,Low,Moderate
2025-01-15 00:00:00,N018,14.095336837844165,0.6725056321513045,2.308,Partial_Blockage,Moderate,Moderate
2025-01-15 00:00:00,N019,4.65948,1.284,0.0,Normal,Low,Low
2025-01-15 00:00:00,N020,7.17314,1.442,0.0,Normal,Low,Moderate
2025-01-15 01:00:00,N001,31.260040602601023,0.27452748161894047,11.339,Severe_Blockage,Critical,Critical
2025-01-15 01:00:00,N002,3.53812,1.389,0.0,Normal,Low,Low
2025-01-15 01:00:00,N003,4.61664,1.403,0.0,Normal,Low,Low
2025-01-15 01:00:00,N004,1.01806,1.08,0.0,Normal,Low,Low
2025-01-15 01:00:00,N005,4.64576,1.31,0.0,Normal,Low,Low
2025-01-15 01:00:00,N006,1.4356,1.168,0.0,Normal,Low,Low
2025-01-15 01:00:00,N007,1.10656,1.103,0.0,Normal,Low,Low
2025-01-15 01:00:00,N008,16.676912144694573,0.46080062310467124,4.496,Severe_Blockage,High,High
2025-01-15 01:00:00,N009,37.76100852244457,0.2573748288308825,14.021,Severe_Blockage,Critical,Critical
2025-01-15 01:00:00,N010,3.6053200000000003,1.338,0.0,Normal,Low,Low
2025-01-15 01:00:00,N011,2.8938,1.332,0.0,Normal,Low,Low
2025-01-15 01:00:00,N012,1.51998,1.197,0.0,Normal,Low,Low
2025-01-15 01:00:00,N013,1.60016,1.194,0.0,Normal,Low,Low
2025-01-15 01:00:00,N014,1.3702199999999998,1.084,0.0,Normal,Low,Low
2025-01-15 01:00:00,N015,24.31554660020645,0.5795722219278775,5.111,Severe_Blockage,High,High
2025-01-15 01:00:00,N016,2.6219999999999994,1.368,0.0,Normal,Low,Low
2025-01-15 01:00:00,N017,3.08352,1.2,0.0,Normal,Low,Low
2025-01-15 01:00:00,N018,5.49118,1.344,0.0,Normal,Low,Moderate
2025-01-15 01:00:00,N019,4.62336,1.311,0.0,Normal,Low,Low
2025-01-15 01:00:00,N020,3.07944,1.24,0.0,Normal,Low,Low
2025-01-15 02:00:00,N001,0.7392,1.076,0.0,Normal,Low,Low
2025-01-15 02:00:00,N002,1.6164,1.123,0.0,Normal,Low,Low
2025-01-15 02:00:00,N003,1.374,1.119,0.0,Normal,Low,Low
2025-01-15 02:00:00,N004,5.48258,1.528,0.0,Normal,Low,Moderate
2025-01-15 02:00:00,N005,0.8568,1.066,0.0,Normal,Low,Low
2025-01-15 02:00:00,N006,3.4240999999999997,1.301,0.0,Normal,Low,Low
2025-01-15 02:00:00,N007,2.4304799999999998,1.348,0.0,Normal,Low,Low
2025-01-15 02:00:00,N008,3.40028,1.424,0.0,Normal,Low,Low
2025-01-15 02:00:00,N009,4.53632,1.352,0.0,Normal,Low,Low
2025-01-15 02:00:00,N010,1.64636,1.112,0.0,Normal,Low,Low
2025-01-15 02:00:00,N011,2.6712000000000002,1.205,0.0,Normal,Low,Low
2025-01-15 02:00:00,N012,19.15060801616145,0.5118300880012073,4.674,Severe_Blockage,High,High
2025-01-15 02:00:00,N013,24.256972667695845,0.5488286452086879,5.472,Severe_Blockage,High,High
2025-01-15 02:00:00,N014,4.54512,1.303,0.0,Normal,Low,Low
2025-01-15 02:00:00,N015,2.64888,1.164,0.0,Normal,Low,Low
2025-01-15 02:00:00,N016,7.1645,1.453,0.0,Normal,Low,Moderate
2025-01-15 02:00:00,N017,1.9622399999999998,1.074,0.0,Normal,Low,Low
2025-01-15 02:00:00,N018,2.7752399999999997,1.294,0.0,Normal,Low,Low
2025-01-15 02:00:00,N019,3.75648,1.255,0.0,Normal,Low,Low
2025-01-15 02:00:00,N020,4.63138,1.5,0.0,Normal,Low,Low
2025-01-15 03:00:00,N001,5.6496,1.505,0.0,Normal,Low,Moderate
2025-01-15 03:00:00,N002,9.649271642184706,0.5718444698680598,2.066,Severe_Blockage,High,Moderate
2025-01-15 03:00:00,N003,2.02436,1.147,0.0,Normal,Low,Low
2025-01-15 03:00:00,N004,4.3617799999999995,1.313,0.0,Normal,Low,Low
2025-01-15 03:00:00,N005,1.78024,1.166,0.0,Normal,Low,Low
2025-01-15 03:00:00,N006,3.2398,1.417,0.0,Normal,Low,Low
2025-01-15 03:00:00,N007,2.28228,1.18,0.0,Normal,Low,Low
2025-01-15 03:00:00,N008,35.57166101972644,0.2706654847908857,12.972,Severe_Blockage,Critical,Critical
2025-01-15 03:00:00,N009,4.300800000000001,1.483,0.0,Normal,Low,Low
2025-01-15 03:00:00,N010,2.084,1.111,0.0,Normal,Low,Low
2025-01-15 03:00:00,N011,4.452000000000001,1.364,0.0,Normal,Low,Low
2025-01-15 03:00:00,N012,3.72988,1.239,0.0,Normal,Low,Low
2025-01-15 03:00:00,N013,1.60016,1.146,0.0,Normal,Low,Low
2025-01-15 03:00:00,N014,1.2810999999999997,1.072,0.0,Normal,Low,Low
2025-01-15 03:00:00,N015,15.835009154259282,0.5037023587650841,3.929,Severe_Blockage,High,High
2025-01-15 03:00:00,N016,2.0469999999999997,1.136,0.0,Normal,Low,Low
2025-01-15 03:00:00,N017,5.945119999999999,1.459,0.0,Normal,Low,Moderate
2025-01-15 03:00:00,N018,5.7758199999999995,1.319,0.0,Normal,Low,Moderate
2025-01-15 03:00:00,N019,1.73376,1.083,0.0,Normal,Low,Low
2025-01-15 03:00:00,N020,11.672198351560358,0.5508425443828293,2.621,Severe_Blockage,High,Moderate
2025-01-15 04:00:00,N001,1.5928,1.159,0.0,Normal,Low,Low
2025-01-15 04:00:00,N002,5.09166,1.48,0.0,Normal,Low,Moderate
2025-01-15 04:00:00,N003,5.8532399999999996,1.518,0.0,Normal,Low,Moderate
2025-01-15 04:00:00,N004,5.02492,1.509,0.0,Normal,Low,Moderate
2025-01-15 04:00:00,N005,6.2641599999999995,1.505,0.0,Normal,Low,Moderate
2025-01-15 04:00:00,N006,38.200839985120865,0.38547185282055363,11.738,Severe_Blockage,Critical,Critical
2025-01-15 04:00:00,N007,2.717,1.21,0.0,Normal,Low,Low
2025-01-15 04:00:00,N008,20.886526519923095,0.583933626142313,4.345,Severe_Blockage,High,High
2025-01-15 04:00:00,N009,1.78176,1.119,0.0,Normal,Low,Low
2025-01-15 04:00:00,N010,6.65838,1.454,0.0,Normal,Low,Moderate
2025-01-15 04:00:00,N011,1.1236000000000002,1.075,0.0,Normal,Low,Low
2025-01-15 04:00:00,N012,3.27712,1.217,0.0,Normal,Low,Low
2025-01-15 04:00:00,N013,3.0797600000000003,1.292,0.0,Normal,Low,Low
2025-01-15 04:00:00,N014,4.5896799999999995,1.258,0.0,Normal,Low,Low
2025-01-15 04:00:00,N015,16.82633992999457,0.5929320463201599,3.425,Severe_Blockage,High,High
2025-01-15 04:00:00,N016,4.3125,1.305,0.0,Normal,Low,Low
2025-01-15 04:00:00,N017,4.15808,1.434,0.0,Normal,Low,Low
2025-01-15 04:00:00,N018,2.4431599999999998,1.159,0.0,Normal,Low,Low
2025-01-15 04:00:00,N019,2.20332,1.126,0.0,Normal,Low,Low
2025-01-15 04:00:00,N020,24.208811864041635,0.43389255203718047,6.852,Severe_Blockage,High,High
2025-01-15 05:00:00,N001,3.1064,1.514,0.0,Normal,Low,Low
2025-01-15 05:00:00,N002,1.58946,1.184,0.0,Normal,Low,Low
2025-01-15 05:00:00,N003,3.74644,1.244,0.0,Normal,Low,Low
2025-01-15 05:00:00,N004,3.0915399999999997,1.387,0.0,Normal,Low,Low
2025-01-15 05:00:00,N005,23.428353758099,0.5305752679635395,5.499,Severe_Blockage,High,High
2025-01-15 05:00:00,N006,1.0864,1.059,0.0,Normal,Low,Low
2025-01-15 05:00:00,N007,8.204376235648066,0.5736483460777341,1.749,Severe_Blockage,High,Moderate
2025-01-15 05:00:00,N008,10.711950707839517,0.6420539694827511,1.917,Partial_Blockage,Moderate,Moderate
2025-01-15 05:00:00,N009,1.67936,1.134,0.0,Normal,Low,Low
2025-01-15 05:00:00,N010,1.0941,1.069,0.0,Normal,Low,Low
2025-01-15 05:00:00,N011,1.7702,1.181,0.0,Normal,Low,Low
2025-01-15 05:00:00,N012,3.773,1.524,0.0,Normal,Low,Low
2025-01-15 05:00:00,N013,1.90704,1.137,0.0,Normal,Low,Low
2025-01-15 05:00:00,N014,0.9691799999999999,1.081,0.0,Normal,Low,Low
2025-01-15 05:00:00,N015,4.7544,1.45,0.0,Normal,Low,Low
2025-01-15 05:00:00,N016,18.447741359151706,0.4956058752797871,4.652,Severe_Blockage,High,High
2025-01-15 05:00:00,N017,2.76816,1.141,0.0,Normal,Low,Low
2025-01-15 05:00:00,N018,19.47947437981389,0.575669365674103,4.133,Severe_Blockage,High,High
2025-01-15 05:00:00,N019,14.466630520449165,0.6053032479541303,2.855,Partial_Blockage,Moderate,Moderate
2025-01-15 05:00:00,N020,9.443075108342152,0.6692067758778821,1.562,Partial_Blockage,Moderate,Moderate
2025-01-15 06:00:00,N001,1.7072,1.118,0.0,Normal,Low,Low
2025-01-15 06:00:00,N002,13.28308272110827,0.643747746198485,2.366,Partial_Blockage,Moderate,Moderate
2025-01-15 06:00:00,N003,12.802459407523886,0.5978174464399336,2.574,Severe_Blockage,High,Moderate
2025-01-15 06:00:00,N004,11.686462569560401,0.5725303264327695,2.498,Severe_Blockage,High,Moderate
2025-01-15 06:00:00,N005,3.76992,1.532,0.0,Normal,Low,Low
2025-01-15 06:00:00,N006,3.3173999999999997,1.247,0.0,Normal,Low,Low
2025-01-15 06:00:00,N007,2.5193999999999996,1.294,0.0,Normal,Low,Low
2025-01-15 06:00:00,N008,5.1909600000000005,1.532,0.0,Normal,Low,Moderate
2025-01-15 06:00:00,N009,5.2223999999999995,1.505,0.0,Normal,Low,Moderate
2025-01-15 06:00:00,N010,4.5848,1.388,0.0,Normal,Low,Low
2025-01-15 06:00:00,N011,8.776531927137567,0.7184286422521784,1.236,Partial_Blockage,Moderate,Moderate
2025-01-15 06:00:00,N012,18.29412216111768,0.40435930787630875,5.448,Severe_Blockage,High,High
2025-01-15 06:00:00,N013,5.206,1.44,0.0,Normal,Low,Moderate
2025-01-15 06:00:00,N014,3.1080599999999996,1.186,0.0,Normal,Low,Low
2025-01-15 06:00:00,N015,1.31312,1.074,0.0,Normal,Low,Low
2025-01-15 06:00:00,N016,8.625,1.477,0.0,Normal,Low,Moderate
2025-01-15 06:00:00,N017,5.92176,1.348,0.0,Normal,Low,Moderate
2025-01-15 06:00:00,N018,17.563513425238554,0.43489838840481587,4.963,Severe_Blockage,High,High
2025-01-15 06:00:00,N019,4.40664,1.272,0.0,Normal,Low,Low
2025-01-15 06:00:00,N020,12.832017171316485,0.613932663062223,2.477,Partial_Blockage,Moderate,Moderate
2025-01-15 07:00:00,N001,1.7863999999999998,1.164,0.0,Normal,Low,Low
2025-01-15 07:00:00,N002,1.796,1.143,0.0,Normal,Low,Low
2025-01-15 07:00:00,N003,1.13584,1.105,0.0,Normal,Low,Low
2025-01-15 07:00:00,N004,31.922216075613935,0.2661938927492354,11.712,Severe_Blockage,Critical,Critical
2025-01-15 07:00:00,N005,28.36351522418841,0.38726956738465995,8.69,Severe_Blockage,Critical,Critical
2025-01-15 07:00:00,N006,1.4744,1.115,0.0,Normal,Low,Low
2025-01-15 07:00:00,N007,4.53492,1.523,0.0,Normal,Low,Low
2025-01-15 07:00:00,N008,1.09654,1.064,0.0,Normal,Low,Low
2025-01-15 07:00:00,N009,2.32448,1.138,0.0,Normal,Low,Low
2025-01-15 07:00:00,N010,1.93812,1.204,0.0,Normal,Low,Low
2025-01-15 07:00:00,N011,3.1164,1.284,0.0,Normal,Low,Low
2025-01-15 07:00:00,N012,5.6595,1.416,0.0,Normal,Low,Moderate
2025-01-15 07:00:00,N013,4.51552,1.513,0.0,Normal,Low,Low
2025-01-15 07:00:00,N014,29.02118173614557,0.33044178758225023,9.716,Severe_Blockage,Critical,Critical
2025-01-15 07:00:00,N015,14.8937606073048,0.6358836918477324,2.712,Partial_Blockage,Moderate,Moderate
2025-01-15 07:00:00,N016,4.784,1.357,0.0,Normal,Low,Low
2025-01-15 07:00:00,N017,9.409192295271557,0.6941212913927743,1.439,Partial_Blockage,Moderate,Moderate
2025-01-15 07:00:00,N018,1.1385599999999998,1.061,0.0,Normal,Low,Low
2025-01-15 07:00:00,N019,5.57452,1.464,0.0,Normal,Low,Moderate
2025-01-15 07:00:00,N020,1.66192,1.093,0.0,Normal,Low,Low
2025-01-15 08:00:00,N001,1.9272,1.131,0.0,Normal,Low,Low
2025-01-15 08:00:00,N002,2.4246000000000003,1.347,0.0,Normal,Low,Low
2025-01-15 08:00:00,N003,21.002611479688717,0.5752278973673507,4.461,Severe_Blockage,High,High
2025-01-15 08:00:00,N004,14.450693024900806,0.6183190589511321,2.758,Partial_Blockage,Moderate,Moderate
2025-01-15 08:00:00,N005,2.08488,1.134,0.0,Normal,Low,Low
2025-01-15 08:00:00,N006,4.0449,1.465,0.0,Normal,Low,Low
2025-01-15 08:00:00,N007,4.20888,1.487,0.0,Normal,Low,Low
2025-01-15 08:00:00,N008,23.500547311229464,0.5020939330842816,5.851,Severe_Blockage,High,High
2025-01-15 08:00:00,N009,31.522325852447292,0.2513926578135255,11.799,Severe_Blockage,Critical,Critical
2025-01-15 08:00:00,N010,17.33039220598583,0.5037186571371812,4.3,Severe_Blockage,High,High
2025-01-15 08:00:00,N011,22.810904435825798,0.5880093852161805,4.699,Severe_Blockage,High,High
2025-01-15 08:00:00,N012,32.23166080381637,0.31894828652410523,10.976,Severe_Blockage,Critical,Critical
2025-01-15 08:00:00,N013,19.929620689458105,0.5298205309255225,4.685,Severe_Blockage,High,High
2025-01-15 08:00:00,N014,1.5039,1.09,0.0,Normal,Low,Low
2025-01-15 08:00:00,N015,3.89408,1.303,0.0,Normal,Low,Low
2025-01-15 08:00:00,N016,9.03154286567322,0.6152422280538201,1.737,Partial_Blockage,Moderate,Moderate
2025-01-15 08:00:00,N017,2.23088,1.145,0.0,Normal,Low,Low
2025-01-15 08:00:00,N018,3.8426400000000003,1.192,0.0,Normal,Low,Low
2025-01-15 08:00:00,N019,14.468999671310973,0.6154768401761492,2.782,Partial_Blockage,Moderate,Moderate
2025-01-15 08:00:00,N020,1.36864,1.159,0.0,Normal,Low,Low
2025-01-15 09:00:00,N001,5.94,1.519,0.0,Normal,Low,Moderate
2025-01-15 09:00:00,N002,3.1430000000000002,1.28,0.0,Normal,Low,Low
2025-01-15 09:00:00,N003,4.89144,1.34,0.0,Normal,Low,Low
2025-01-15 09:00:00,N004,2.17622,1.163,0.0,Normal,Low,Low
2025-01-15 09:00:00,N005,2.34192,1.136,0.0,Normal,Low,Low
2025-01-15 09:00:00,N006,0.8439,1.131,0.0,Normal,Low,Low
2025-01-15 09:00:00,N007,4.6436,1.294,0.0,Normal,Low,Low
2025-01-15 09:00:00,N008,0.96576,1.059,0.0,Normal,Low,Low
2025-01-15 09:00:00,N009,4.51584,1.397,0.0,Normal,Low,Low
2025-01-15 09:00:00,N010,25.4638302562137,0.2511797034844141,9.534,Severe_Blockage,Critical,Critical
2025-01-15 09:00:00,N011,9.202054821052617,0.6472391825171642,1.623,Partial_Blockage,Moderate,Moderate
2025-01-15 09:00:00,N012,2.44706,1.132,0.0,Normal,Low,Low
2025-01-15 09:00:00,N013,0.8877600000000001,1.053,0.0,Normal,Low,Low
2025-01-15 09:00:00,N014,4.879319999999999,1.405,0.0,Normal,Low,Low
2025-01-15 09:00:00,N015,8.150400000000001,1.539,0.0,Normal,Low,Moderate
2025-01-15 09:00:00,N016,4.8415,1.388,0.0,Normal,Low,Low
2025-01-15 09:00:00,N017,0.8993599999999999,1.072,0.0,Normal,Low,Low
2025-01-15 09:00:00,N018,6.71276,1.474,0.0,Normal,Low,Moderate
2025-01-15 09:00:00,N019,4.55112,1.336,0.0,Normal,Low,Low
2025-01-15 09:00:00,N020,30.69326660612017,0.3374646417426804,10.168,Severe_Blockage,Critical,Critical
2025-01-15 10:00:00,N001,0.9592,1.074,0.0,Normal,Low,Low
2025-01-15 10:00:00,N002,3.30464,1.299,0.0,Normal,Low,Low
2025-01-15 10:00:00,N003,3.81056,1.458,0.0,Normal,Low,Low
2025-01-15 10:00:00,N004,24.705166637521067,0.5043483789053648,6.123,Severe_Blockage,High,High
2025-01-15 10:00:00,N005,16.259207014864373,0.486227571273848,4.177,Severe_Blockage,High,High
2025-01-15 10:00:00,N006,1.8818,1.103,0.0,Normal,Low,Low
2025-01-15 10:00:00,N007,3.52716,1.344,0.0,Normal,Low,Low
2025-01-15 10:00:00,N008,3.32986,1.271,0.0,Normal,Low,Low
2025-01-15 10:00:00,N009,2.22208,1.169,0.0,Normal,Low,Low
2025-01-15 10:00:00,N010,4.78278,1.4,0.0,Normal,Low,Low
2025-01-15 10:00:00,N011,4.293,1.326,0.0,Normal,Low,Low
2025-01-15 10:00:00,N012,12.913501520572158,0.6310146444956105,2.382,Partial_Blockage,Moderate,Moderate
2025-01-15 10:00:00,N013,3.6606400000000003,1.254,0.0,Normal,Low,Low
2025-01-15 10:00:00,N014,2.9186799999999997,1.362,0.0,Normal,Low,Low
2025-01-15 10:00:00,N015,6.2826,1.436,0.0,Normal,Low,Moderate
2025-01-15 10:00:00,N016,5.3705,1.376,0.0,Normal,Low,Moderate
2025-01-15 10:00:00,N017,6.0152,1.411,0.0,Normal,Low,Moderate
2025-01-15 10:00:00,N018,12.832536183675789,0.6333431824059091,2.353,Partial_Blockage,Moderate,Moderate
2025-01-15 10:00:00,N019,20.106581850467137,0.5811641904342701,4.211,Severe_Blockage,High,High
2025-01-15 10:00:00,N020,1.36864,1.076,0.0,Normal,Low,Low
2025-01-15 11:00:00,N001,22.774351600174633,0.48507935799638235,5.863,Severe_Blockage,High,High
2025-01-15 11:00:00,N002,0.65554,1.054,0.0,Normal,Low,Low
2025-01-15 11:00:00,N003,2.9128800000000004,1.316,0.0,Normal,Low,Low
2025-01-15 11:00:00,N004,4.89416,1.38,0.0,Normal,Low,Low
2025-01-15 11:00:00,N005,10.411424558496776,0.5740866424482184,2.217,Severe_Blockage,High,Moderate
2025-01-15 11:00:00,N006,3.3367999999999998,1.484,0.0,Normal,Low,Low
2025-01-15 11:00:00,N007,19.138792483163357,0.41676109116143983,5.581,Severe_Blockage,High,High
2025-01-15 11:00:00,N008,2.22326,1.215,0.0,Normal,Low,Low
2025-01-15 11:00:00,N009,0.94208,1.114,0.0,Normal,Low,Low
2025-01-15 11:00:00,N010,10.524322432707704,0.7027127527615156,1.564,Partial_Blockage,Moderate,Moderate
2025-01-15 11:00:00,N011,4.102200000000001,1.436,0.0,Normal,Low,Low
2025-01-15 11:00:00,N012,4.2042,1.396,0.0,Normal,Low,Low
2025-01-15 11:00:00,N013,1.1069600000000002,1.098,0.0,Normal,Low,Low
2025-01-15 11:00:00,N014,5.569999999999999,1.47,0.0,Normal,Low,Moderate
2025-01-15 11:00:00,N015,4.62988,1.29,0.0,Normal,Low,Low
2025-01-15 11:00:00,N016,6.279,1.382,0.0,Normal,Low,Moderate
2025-01-15 11:00:00,N017,0.8759999999999999,1.081,0.0,Normal,Low,Low
2025-01-15 11:00:00,N018,14.788244587191146,0.5676681639779275,3.197,Severe_Blockage,High,Moderate
2025-01-15 11:00:00,N019,14.61832203019167,0.6728176469489475,2.391,Partial_Blockage,Moderate,Moderate
2025-01-15 11:00:00,N020,3.5926799999999997,1.233,0.0,Normal,Low,Low
2025-01-15 12:00:00,N001,1.6807999999999998,1.299,0.0,Normal,Low,Low
2025-01-15 12:00:00,N002,4.2655,1.32,0.0,Normal,Low,Low
2025-01-15 12:00:00,N003,0.9434800000000001,1.16,0.0,Normal,Low,Low
2025-01-15 12:00:00,N004,4.4365,1.468,0.0,Normal,Low,Low
2025-01-15 12:00:00,N005,3.39864,1.372,0.0,Normal,Low,Low
2025-01-15 12:00:00,N006,0.8633,1.068,0.0,Normal,Low,Low
2025-01-15 12:00:00,N007,2.14396,1.152,0.0,Normal,Low,Low
2025-01-15 12:00:00,N008,3.96364,1.337,0.0,Normal,Low,Low
2025-01-15 12:00:00,N009,3.87072,1.359,0.0,Normal,Low,Low
2025-01-15 12:00:00,N010,18.923829658293148,0.5812593599090523,3.962,Severe_Blockage,High,High
2025-01-15 12:00:00,N011,4.1658,1.231,0.0,Normal,Low,Low
2025-01-15 12:00:00,N012,4.40902,1.357,0.0,Normal,Low,Low
2025-01-15 12:00:00,N013,5.918400000000001,1.431,0.0,Normal,Low,Moderate
2025-01-15 12:00:00,N014,3.0189399999999997,1.262,0.0,Normal,Low,Low
2025-01-15 12:00:00,N015,7.4032800000000005,1.444,0.0,Normal,Low,Moderate
2025-01-15 12:00:00,N016,1.2075,1.084,0.0,Normal,Low,Low
2025-01-15 12:00:00,N017,2.4177599999999995,1.144,0.0,Normal,Low,Low
2025-01-15 12:00:00,N018,0.9962399999999999,1.073,0.0,Normal,Low,Low
2025-01-15 12:00:00,N019,2.80532,1.147,0.0,Normal,Low,Low
2025-01-15 12:00:00,N020,4.54584,1.301,0.0,Normal,Low,Low
2025-01-15 13:00:00,N001,2.5168,1.148,0.0,Normal,Low,Low
2025-01-15 13:00:00,N002,37.831505344555055,0.3315835705729001,12.644,Severe_Blockage,Critical,Critical
2025-01-15 13:00:00,N003,1.27324,1.099,0.0,Normal,Low,Low
2025-01-15 13:00:00,N004,1.7932799999999998,1.116,0.0,Normal,Low,Low
2025-01-15 13:00:00,N005,4.522,1.411,0.0,Normal,Low,Low
2025-01-15 13:00:00,N006,3.3465000000000003,1.223,0.0,Normal,Low,Low
2025-01-15 13:00:00,N007,2.30204,1.133,0.0,Normal,Low,Low
2025-01-15 13:00:00,N008,23.23016882873322,0.480746489016894,6.031,Severe_Blockage,High,High
2025-01-15 13:00:00,N009,5.632,1.428,0.0,Normal,Low,Moderate
2025-01-15 13:00:00,N010,3.8554000000000004,1.35,0.0,Normal,Low,Low
2025-01-15 13:00:00,N011,3.3284000000000002,1.216,0.0,Normal,Low,Low
2025-01-15 13:00:00,N012,37.20956432978291,0.2641090913560227,13.691,Severe_Blockage,Critical,Critical
2025-01-15 13:00:00,N013,3.6277600000000003,1.164,0.0,Normal,Low,Low
2025-01-15 13:00:00,N014,2.38396,1.183,0.0,Normal,Low,Low
2025-01-15 13:00:00,N015,1.0980400000000001,1.055,0.0,Normal,Low,Low
2025-01-15 13:00:00,N016,11.37413836694365,0.6918828508884193,1.752,Partial_Blockage,Moderate,Moderate
2025-01-15 13:00:00,N017,2.81488,1.131,0.0,Normal,Low,Low
2025-01-15 13:00:00,N018,6.736479999999999,1.485,0.0,Normal,Low,Moderate
2025-01-15 13:00:00,N019,7.56112,1.455,0.0,Normal,Low,Moderate
2025-01-15 13:00:00,N020,6.501040000000001,1.354,0.0,Normal,Low,Moderate
2025-01-15 14:00:00,N001,18.87015879787366,0.5924291439225989,3.845,Severe_Blockage,High,High
2025-01-15 14:00:00,N002,2.4964399999999998,1.19,0.0,Normal,Low,Low
2025-01-15 14:00:00,N003,0.8702,1.063,0.0,Normal,Low,Low
2025-01-15 14:00:00,N004,1.2609,1.119,0.0,Normal,Low,Low
2025-01-15 14:00:00,N005,5.38832,1.488,0.0,Normal,Low,Moderate
2025-01-15 14:00:00,N006,3.4240999999999997,1.331,0.0,Normal,Low,Low
2025-01-15 14:00:00,N007,31.340626216650744,0.2719698206918607,11.408,Severe_Blockage,Critical,Critical
2025-01-15 14:00:00,N008,11.747431088921882,0.7037526320498988,1.74,Partial_Blockage,Moderate,Moderate
2025-01-15 14:00:00,N009,1.6384,1.087,0.0,Normal,Low,Low
2025-01-15 14:00:00,N010,3.62616,1.351,0.0,Normal,Low,Low
2025-01-15 14:00:00,N011,2.7666,1.251,0.0,Normal,Low,Low
2025-01-15 14:00:00,N012,2.05898,1.251,0.0,Normal,Low,Low
2025-01-15 14:00:00,N013,34.04780039609006,0.35876714744793586,10.916,Severe_Blockage,Critical,Critical
2025-01-15 14:00:00,N014,1.48162,1.094,0.0,Normal,Low,Low
2025-01-15 14:00:00,N015,4.097840000000001,1.295,0.0,Normal,Low,Low
2025-01-15 14:00:00,N016,2.7944999999999998,1.211,0.0,Normal,Low,Low
2025-01-15 14:00:00,N017,1.9271999999999998,1.101,0.0,Normal,Low,Low
2025-01-15 14:00:00,N018,3.6410199999999997,1.399,0.0,Normal,Low,Low
2025-01-15 14:00:00,N019,4.04544,1.233,0.0,Normal,Low,Low
2025-01-15 14:00:00,N020,4.105919999999999,1.326,0.0,Normal,Low,Low
2025-01-15 15:00:00,N001,3.3352,1.36,0.0,Normal,Low,Low
2025-01-15 15:00:00,N002,2.19112,1.351,0.0,Normal,Low,Low
2025-01-15 15:00:00,N003,1.62132,1.129,0.0,Normal,Low,Low
2025-01-15 15:00:00,N004,11.847965326701063,0.5998045325935797,2.371,Severe_Blockage,High,Moderate
2025-01-15 15:00:00,N005,15.755103801362566,0.5897725109685541,3.232,Severe_Blockage,High,High
2025-01-15 15:00:00,N006,1.7266,1.107,0.0,Normal,Low,Low
2025-01-15 15:00:00,N007,0.85956,1.06,0.0,Normal,Low,Low
2025-01-15 15:00:00,N008,3.521,1.364,0.0,Normal,Low,Low
2025-01-15 15:00:00,N009,24.149390117705526,0.42742890781110665,6.914,Severe_Blockage,High,High
2025-01-15 15:00:00,N010,5.79352,1.472,0.0,Normal,Low,Moderate
2025-01-15 15:00:00,N011,5.4272,1.498,0.0,Normal,Low,Moderate
2025-01-15 15:00:00,N012,25.734005432887646,0.26857286390154617,9.411,Severe_Blockage,Critical,Critical
2025-01-15 15:00:00,N013,5.6115200000000005,1.465,0.0,Normal,Low,Moderate
2025-01-15 15:00:00,N014,4.556259999999999,1.482,0.0,Normal,Low,Low
2025-01-15 15:00:00,N015,4.19972,1.417,0.0,Normal,Low,Low
2025-01-15 15:00:00,N016,24.030957546587896,0.4393957896506079,6.736,Severe_Blockage,High,High
2025-01-15 15:00:00,N017,1.15632,1.078,0.0,Normal,Low,Low
2025-01-15 15:00:00,N018,1.28088,1.074,0.0,Normal,Low,Low
2025-01-15 15:00:00,N019,2.03476,1.127,0.0,Normal,Low,Low
2025-01-15 15:00:00,N020,5.27904,1.378,0.0,Normal,Low,Moderate
2025-01-15 16:00:00,N001,1.9008,1.182,0.0,Normal,Low,Low
2025-01-15 16:00:00,N002,5.4149400000000005,1.455,0.0,Normal,Low,Moderate
2025-01-15 16:00:00,N003,38.528749942783065,0.39476752924419767,11.659,Severe_Blockage,Critical,Critical
2025-01-15 16:00:00,N004,1.8119599999999998,1.178,0.0,Normal,Low,Low
2025-01-15 16:00:00,N005,2.77032,1.294,0.0,Normal,Low,Low
2025-01-15 16:00:00,N006,1.4938,1.143,0.0,Normal,Low,Low
2025-01-15 16:00:00,N007,1.31404,1.091,0.0,Normal,Low,Low
2025-01-15 16:00:00,N008,5.5832999999999995,1.407,0.0,Normal,Low,Moderate
2025-01-15 16:00:00,N009,4.51584,1.338,0.0,Normal,Low,Low
2025-01-15 16:00:00,N010,3.3760800000000004,1.245,0.0,Normal,Low,Low
2025-01-15 16:00:00,N011,25.42078834372302,0.27625254630915586,9.199,Severe_Blockage,Critical,Critical
2025-01-15 16:00:00,N012,8.406278219940056,0.6265163013123717,1.57,Partial_Blockage,Moderate,Moderate
2025-01-15 16:00:00,N013,2.74,1.22,0.0,Normal,Low,Low
2025-01-15 16:00:00,N014,4.244339999999999,1.456,0.0,Normal,Low,Low
2025-01-15 16:00:00,N015,4.2789600000000005,1.192,0.0,Normal,Low,Low
2025-01-15 16:00:00,N016,6.4285,1.442,0.0,Normal,Low,Moderate
2025-01-15 16:00:00,N017,4.62528,1.444,0.0,Normal,Low,Low
2025-01-15 16:00:00,N018,4.19844,1.303,0.0,Normal,Low,Low
2025-01-15 16:00:00,N019,3.0702,1.153,0.0,Normal,Low,Low
2025-01-15 16:00:00,N020,2.82282,1.208,0.0,Normal,Low,Low
2025-01-15 17:00:00,N001,8.253327043344026,0.6228703759996282,1.556,Partial_Blockage,Moderate,Moderate
2025-01-15 17:00:00,N002,4.07692,1.31,0.0,Normal,Low,Low
2025-01-15 17:00:00,N003,2.59228,1.292,0.0,Normal,Low,Low
2025-01-15 17:00:00,N004,2.8300199999999998,1.244,0.0,Normal,Low,Low
2025-01-15 17:00:00,N005,5.769119999999999,1.517,0.0,Normal,Low,Moderate
2025-01-15 17:00:00,N006,35.04700142771458,0.3414417059852486,11.54,Severe_Blockage,Critical,Critical
2025-01-15 17:00:00,N007,2.50952,1.378,0.0,Normal,Low,Low
2025-01-15 17:00:00,N008,2.57536,1.435,0.0,Normal,Low,Low
2025-01-15 17:00:00,N009,2.3040000000000003,1.127,0.0,Normal,Low,Low
2025-01-15 17:00:00,N010,2.9488600000000003,1.32,0.0,Normal,Low,Low
2025-01-15 17:00:00,N011,1.3780000000000001,1.102,0.0,Normal,Low,Low
2025-01-15 17:00:00,N012,4.8833400000000005,1.486,0.0,Normal,Low,Low
2025-01-15 17:00:00,N013,3.6606400000000003,1.186,0.0,Normal,Low,Low
2025-01-15 17:00:00,N014,4.478279999999999,1.32,0.0,Normal,Low,Low
2025-01-15 17:00:00,N015,3.7356000000000003,1.324,0.0,Normal,Low,Low
2025-01-15 17:00:00,N016,3.8985,1.34,0.0,Normal,Low,Low
2025-01-15 17:00:00,N017,33.58932807419794,0.30432788598203864,11.684,Severe_Blockage,Critical,Critical
2025-01-15 17:00:00,N018,5.4793199999999995,1.413,0.0,Normal,Low,Moderate
2025-01-15 17:00:00,N019,1.78192,1.109,0.0,Normal,Low,Low
2025-01-15 17:00:00,N020,14.423295428426446,0.5599374052495949,3.174,Severe_Blockage,High,Moderate
2025-01-15 18:00:00,N001,0.9328000000000001,1.089,0.0,Normal,Low,Low
2025-01-15 18:00:00,N002,30.835707982407452,0.3774329173387274,9.599,Severe_Blockage,Critical,Critical
2025-01-15 18:00:00,N003,15.319294783208873,0.44413164595771865,4.258,Severe_Blockage,High,High
2025-01-15 18:00:00,N004,2.1855599999999997,1.274,0.0,Normal,Low,Low
2025-01-15 18:00:00,N005,0.6854399999999999,1.105,0.0,Normal,Low,Low
2025-01-15 18:00:00,N006,3.6666,1.259,0.0,Normal,Low,Low
2025-01-15 18:00:00,N007,10.504326231974373,0.5966736897458573,2.118,Severe_Blockage,High,Moderate
2025-01-15 18:00:00,N008,10.400131154822887,0.5728889975244723,2.221,Severe_Blockage,High,Moderate
2025-01-15 18:00:00,N009,2.88768,1.193,0.0,Normal,Low,Low
2025-01-15 18:00:00,N010,4.407660000000001,1.367,0.0,Normal,Low,Low
2025-01-15 18:00:00,N011,4.7594,1.344,0.0,Normal,Low,Low
2025-01-15 18:00:00,N012,4.786320000000001,1.349,0.0,Normal,Low,Low
2025-01-15 18:00:00,N013,3.5181600000000004,1.292,0.0,Normal,Low,Low
2025-01-15 18:00:00,N014,13.4437234590761,0.6971090203315518,2.036,Partial_Blockage,Moderate,Moderate
2025-01-15 18:00:00,N015,6.0562000000000005,1.523,0.0,Normal,Low,Moderate
2025-01-15 18:00:00,N016,3.1624999999999996,1.27,0.0,Normal,Low,Low
2025-01-15 18:00:00,N017,18.933439924003157,0.4518729024379235,5.189,Severe_Blockage,High,High
2025-01-15 18:00:00,N018,5.5149,1.394,0.0,Normal,Low,Moderate
2025-01-15 18:00:00,N019,7.42868,1.483,0.0,Normal,Low,Moderate
2025-01-15 18:00:00,N020,3.1527600000000002,1.261,0.0,Normal,Low,Low
2025-01-15 19:00:00,N001,1.6632,1.15,0.0,Normal,Low,Low
2025-01-15 19:00:00,N002,13.374295453607369,0.6201790576165073,2.54,Partial_Blockage,Moderate,Moderate
2025-01-15 19:00:00,N003,5.267,1.375,0.0,Normal,Low,Moderate
2025-01-15 19:00:00,N004,3.49316,1.341,0.0,Normal,Low,Low
2025-01-15 19:00:00,N005,1.54224,1.256,0.0,Normal,Low,Low
2025-01-15 19:00:00,N006,2.2601,1.184,0.0,Normal,Low,Low
2025-01-15 19:00:00,N007,10.979427103080269,0.7190418992794742,1.542,Partial_Blockage,Moderate,Moderate
2025-01-15 19:00:00,N008,0.8551,1.075,0.0,Normal,Low,Low
2025-01-15 19:00:00,N009,4.4544,1.483,0.0,Normal,Low,Low
2025-01-15 19:00:00,N010,4.51186,1.416,0.0,Normal,Low,Low
2025-01-15 19:00:00,N011,2.1624000000000003,1.34,0.0,Normal,Low,Low
2025-01-15 19:00:00,N012,2.156,1.154,0.0,Normal,Low,Low
2025-01-15 19:00:00,N013,4.7676,1.294,0.0,Normal,Low,Low
2025-01-15 19:00:00,N014,0.9357599999999998,1.064,0.0,Normal,Low,Low
2025-01-15 19:00:00,N015,3.9620000000000006,1.258,0.0,Normal,Low,Low
2025-01-15 19:00:00,N016,4.6,1.339,0.0,Normal,Low,Low
2025-01-15 19:00:00,N017,1.4716799999999999,1.094,0.0,Normal,Low,Low
2025-01-15 19:00:00,N018,7.19902,1.523,0.0,Normal,Low,Moderate
2025-01-15 19:00:00,N019,6.16448,1.463,0.0,Normal,Low,Moderate
2025-01-15 19:00:00,N020,4.47252,1.421,0.0,Normal,Low,Low
2025-01-15 20:00:00,N001,3.4495999999999998,1.412,0.0,Normal,Low,Low
2025-01-15 20:00:00,N002,17.509069794637483,0.4071835762678855,5.19,Severe_Blockage,High,High
2025-01-15 20:00:00,N003,1.3007199999999999,1.124,0.0,Normal,Low,Low
2025-01-15 20:00:00,N004,4.6139600000000005,1.487,0.0,Normal,Low,Low
2025-01-15 20:00:00,N005,2.9987999999999997,1.231,0.0,Normal,Low,Low
2025-01-15 20:00:00,N006,3.0943,1.334,0.0,Normal,Low,Low
2025-01-15 20:00:00,N007,3.211,1.265,0.0,Normal,Low,Low
2025-01-15 20:00:00,N008,3.98376,1.29,0.0,Normal,Low,Low
2025-01-15 20:00:00,N009,1.36192,1.107,0.0,Normal,Low,Low
2025-01-15 20:00:00,N010,12.713946846903433,0.6548818383574132,2.194,Partial_Blockage,Moderate,Moderate
2025-01-15 20:00:00,N011,8.20272651056909,0.748622339210736,1.031,Partial_Blockage,Moderate,Moderate
2025-01-15 20:00:00,N012,0.7761600000000001,1.063,0.0,Normal,Low,Low
2025-01-15 20:00:00,N013,26.597348463680305,0.2635687614905307,9.794,Severe_Blockage,Critical,Critical
2025-01-15 20:00:00,N014,3.5536599999999994,1.185,0.0,Normal,Low,Low
2025-01-15 20:00:00,N015,17.612563516107883,0.4943270674083074,4.453,Severe_Blockage,High,High
2025-01-15 20:00:00,N016,1.1844999999999999,1.077,0.0,Normal,Low,Low
2025-01-15 20:00:00,N017,5.6064,1.355,0.0,Normal,Low,Moderate
2025-01-15 20:00:00,N018,5.08794,1.293,0.0,Normal,Low,Moderate
2025-01-15 20:00:00,N019,5.76716,1.415,0.0,Normal,Low,Moderate
2025-01-15 20:00:00,N020,2.3340199999999998,1.179,0.0,Normal,Low,Low
2025-01-15 21:00:00,N001,1.452,1.167,0.0,Normal,Low,Low
2025-01-15 21:00:00,N002,3.62792,1.245,0.0,Normal,Low,Low
2025-01-15 21:00:00,N003,24.107746396815976,0.5867103292540017,4.982,Severe_Blockage,High,High
2025-01-15 21:00:00,N004,37.16778682552336,0.345097389137642,12.171,Severe_Blockage,Critical,Critical
2025-01-15 21:00:00,N005,4.45536,1.432,0.0,Normal,Low,Low
2025-01-15 21:00:00,N006,4.2777,1.389,0.0,Normal,Low,Low
2025-01-15 21:00:00,N007,3.09244,1.222,0.0,Normal,Low,Low
2025-01-15 21:00:00,N008,2.57536,1.358,0.0,Normal,Low,Low
2025-01-15 21:00:00,N009,5.60128,1.527,0.0,Normal,Low,Moderate
2025-01-15 21:00:00,N010,3.30314,1.2,0.0,Normal,Low,Low
2025-01-15 21:00:00,N011,3.339,1.232,0.0,Normal,Low,Low
2025-01-15 21:00:00,N012,1.5954400000000002,1.136,0.0,Normal,Low,Low
2025-01-15 21:00:00,N013,2.5646400000000003,1.228,0.0,Normal,Low,Low
2025-01-15 21:00:00,N014,13.958549156485596,0.5978408837501143,2.807,Severe_Blockage,High,Moderate
2025-01-15 21:00:00,N015,3.12432,1.372,0.0,Normal,Low,Low
2025-01-15 21:00:00,N016,36.71956775919777,0.27694798402223925,13.275,Severe_Blockage,Critical,Critical
2025-01-15 21:00:00,N017,33.31689549985995,0.34837188073887326,10.855,Severe_Blockage,Critical,Critical
2025-01-15 21:00:00,N018,6.27394,1.428,0.0,Normal,Low,Moderate
2025-01-15 21:00:00,N019,2.13108,1.116,0.0,Normal,Low,Low
2025-01-15 21:00:00,N020,12.20613242334943,0.5952795034501426,2.47,Severe_Blockage,High,Moderate
2025-01-15 22:00:00,N001,2.5168,1.186,0.0,Normal,Low,Low
2025-01-15 22:00:00,N002,18.919142073211116,0.485642417496977,4.866,Severe_Blockage,High,High
2025-01-15 22:00:00,N003,1.15416,1.067,0.0,Normal,Low,Low
2025-01-15 22:00:00,N004,2.86738,1.222,0.0,Normal,Low,Low
2025-01-15 22:00:00,N005,1.3708799999999999,1.126,0.0,Normal,Low,Low
2025-01-15 22:00:00,N006,1.164,1.09,0.0,Normal,Low,Low
2025-01-15 22:00:00,N007,4.32744,1.408,0.0,Normal,Low,Low
2025-01-15 22:00:00,N008,13.852836742961747,0.5531884877933384,3.095,Severe_Blockage,High,Moderate
2025-01-15 22:00:00,N009,5.24288,1.337,0.0,Normal,Low,Moderate
2025-01-15 22:00:00,N010,2.02148,1.183,0.0,Normal,Low,Low
2025-01-15 22:00:00,N011,3.7948000000000004,1.295,0.0,Normal,Low,Low
2025-01-15 22:00:00,N012,5.84276,1.42,0.0,Normal,Low,Moderate
2025-01-15 22:00:00,N013,1.4138400000000002,1.117,0.0,Normal,Low,Low
2025-01-15 22:00:00,N014,2.46194,1.135,0.0,Normal,Low,Low
2025-01-15 22:00:00,N015,4.29028,1.406,0.0,Normal,Low,Low
2025-01-15 22:00:00,N016,6.555,1.494,0.0,Normal,Low,Moderate
2025-01-15 22:00:00,N017,4.06464,1.378,0.0,Normal,Low,Low
2025-01-15 22:00:00,N018,3.6291599999999997,1.188,0.0,Normal,Low,Low
2025-01-15 22:00:00,N019,1.63744,1.099,0.0,Normal,Low,Low
2025-01-15 22:00:00,N020,7.24646,1.484,0.0,Normal,Low,Moderate
2025-01-15 23:00:00,N001,2.9743999999999997,1.211,0.0,Normal,Low,Low
2025-01-15 23:00:00,N002,0.90698,1.076,0.0,Normal,Low,Low
2025-01-15 23:00:00,N003,2.66556,1.321,0.0,Normal,Low,Low
2025-01-15 23:00:00,N004,1.7839399999999999,1.187,0.0,Normal,Low,Low
2025-01-15 23:00:00,N005,9.541970397159936,0.7016191200182502,1.424,Partial_Blockage,Moderate,Moderate
2025-01-15 23:00:00,N006,4.6075,1.399,0.0,Normal,Low,Low
2025-01-15 23:00:00,N007,18.08304806745077,0.5405328008829808,4.154,Severe_Blockage,High,High
2025-01-15 23:00:00,N008,1.46876,1.077,0.0,Normal,Low,Low
2025-01-15 23:00:00,N009,5.20192,1.406,0.0,Normal,Low,Moderate
2025-01-15 23:00:00,N010,2.54248,1.166,0.0,Normal,Low,Low
2025-01-15 23:00:00,N011,23.398951778542994,0.5868169428759444,4.834,Severe_Blockage,High,High
2025-01-15 23:00:00,N012,5.4978,1.402,0.0,Normal,Low,Moderate
2025-01-15 23:00:00,N013,4.6032,1.385,0.0,Normal,Low,Low
2025-01-15 23:00:00,N014,0.9914599999999999,1.087,0.0,Normal,Low,Low
2025-01-15 23:00:00,N015,6.724080000000001,1.475,0.0,Normal,Low,Moderate
2025-01-15 23:00:00,N016,3.5189999999999997,1.262,0.0,Normal,Low,Low
2025-01-15 23:00:00,N017,1.89216,1.186,0.0,Normal,Low,Low
2025-01-15 23:00:00,N018,1.45878,1.064,0.0,Normal,Low,Low
2025-01-15 23:00:00,N019,5.1772,1.386,0.0,Normal,Low,Moderate
2025-01-15 23:00:00,N020,0.9165,1.054,0.0,Normal,Low,Low
2025-01-16 00:00:00,N001,0.8888,1.066,0.0,Normal,Low,Low
2025-01-16 00:00:00,N002,3.44832,1.282,0.0,Normal,Low,Low
2025-01-16 00:00:00,N003,3.23348,1.274,0.0,Normal,Low,Low
2025-01-16 00:00:00,N004,3.67996,1.35,0.0,Normal,Low,Low
2025-01-16 00:00:00,N005,1.7136,1.18,0.0,Normal,Low,Low
2025-01-16 00:00:00,N006,20.454916456741934,0.5167363170230062,4.943,Severe_Blockage,High,High
2025-01-16 00:00:00,N007,15.70003560460847,0.4565699714061869,4.266,Severe_Blockage,High,High
2025-01-16 00:00:00,N008,0.84504,1.082,0.0,Normal,Low,Low
2025-01-16 00:00:00,N009,4.5056,1.304,0.0,Normal,Low,Low
2025-01-16 00:00:00,N010,13.28614943147726,0.6323241100663737,2.442,Partial_Blockage,Moderate,Moderate
2025-01-16 00:00:00,N011,3.7524,1.273,0.0,Normal,Low,Low
2025-01-16 00:00:00,N012,0.83006,1.081,0.0,Normal,Low,Low
2025-01-16 00:00:00,N013,2.8276800000000004,1.242,0.0,Normal,Low,Low
2025-01-16 00:00:00,N014,0.6127,1.055,0.0,Normal,Low,Low
2025-01-16 00:00:00,N015,20.128228412009275,0.5449669160652941,4.58,Severe_Blockage,High,High
2025-01-16 00:00:00,N016,1.6099999999999999,1.076,0.0,Normal,Low,Low
2025-01-16 00:00:00,N017,2.31264,1.163,0.0,Normal,Low,Low
2025-01-16 00:00:00,N018,6.72462,1.493,0.0,Normal,Low,Moderate
2025-01-16 00:00:00,N019,8.729,1.473,0.0,Normal,Low,Moderate
2025-01-16 00:00:00,N020,29.58018923843104,0.32069235254403244,10.047,Severe_Blockage,Critical,Critical
2025-01-16 01:00:00,N001,10.236056476757502,0.57972635996742,2.151,Severe_Blockage,High,Moderate
2025-01-16 01:00:00,N002,2.90952,1.252,0.0,Normal,Low,Low
2025-01-16 01:00:00,N003,3.1235600000000003,1.284,0.0,Normal,Low,Low
2025-01-16 01:00:00,N004,2.39104,1.185,0.0,Normal,Low,Low
2025-01-16 01:00:00,N005,0.9043999999999999,1.082,0.0,Normal,Low,Low
2025-01-16 01:00:00,N006,3.2592,1.269,0.0,Normal,Low,Low
2025-01-16 01:00:00,N007,9.672236651641265,0.7176973432260361,1.365,Partial_Blockage,Moderate,Moderate
2025-01-16 01:00:00,N008,14.886752887902123,0.7424671731360275,1.917,Partial_Blockage,Moderate,Moderate
2025-01-16 01:00:00,N009,1.18784,1.065,0.0,Normal,Low,Low
2025-01-16 01:00:00,N010,1.95896,1.192,0.0,Normal,Low,Low
2025-01-16 01:00:00,N011,2.279,1.23,0.0,Normal,Low,Low
2025-01-16 01:00:00,N012,3.9778200000000004,1.315,0.0,Normal,Low,Low
2025-01-16 01:00:00,N013,11.69409723288198,0.7466535946744131,1.481,Partial_Blockage,Moderate,Moderate
2025-01-16 01:00:00,N014,33.631047000051076,0.2737448375934883,12.212,Severe_Blockage,Critical,Critical
2025-01-16 01:00:00,N015,2.5130400000000006,1.176,0.0,Normal,Low,Low
2025-01-16 01:00:00,N016,5.0024999999999995,1.459,0.0,Normal,Low,Moderate
2025-01-16 01:00:00,N017,12.721774058739399,0.651829296186875,2.215,Partial_Blockage,Moderate,Moderate
2025-01-16 01:00:00,N018,17.30860661284526,0.5038610119130816,4.294,Severe_Blockage,High,High
2025-01-16 01:00:00,N019,5.38188,1.311,0.0,Normal,Low,Moderate
2025-01-16 01:00:00,N020,3.55602,1.237,0.0,Normal,Low,Low
2025-01-16 02:00:00,N001,0.7128000000000001,1.062,0.0,Normal,Low,Low
2025-01-16 02:00:00,N002,1.23924,1.103,0.0,Normal,Low,Low
2025-01-16 02:00:00,N003,1.4564400000000002,1.183,0.0,Normal,Low,Low
2025-01-16 02:00:00,N004,1.6531799999999999,1.131,0.0,Normal,Low,Low
2025-01-16 02:00:00,N005,1.46608,1.259,0.0,Normal,Low,Low
2025-01-16 02:00:00,N006,5.2962,1.51,0.0,Normal,Low,Moderate
2025-01-16 02:00:00,N007,2.62808,1.363,0.0,Normal,Low,Low
2025-01-16 02:00:00,N008,3.7423200000000003,1.262,0.0,Normal,Low,Low
2025-01-16 02:00:00,N009,37.17770269223028,0.38959713491935144,11.347,Severe_Blockage,Critical,Critical
2025-01-16 02:00:00,N010,0.86486,1.061,0.0,Normal,Low,Low
2025-01-16 02:00:00,N011,2.0246,1.148,0.0,Normal,Low,Low
2025-01-16 02:00:00,N012,11.471939478946704,0.7046733513549596,1.694,Partial_Blockage,Moderate,Moderate
2025-01-16 02:00:00,N013,11.31085359620447,0.7346627108603329,1.501,Partial_Blockage,Moderate,Moderate
2025-01-16 02:00:00,N014,1.1697,1.064,0.0,Normal,Low,Low
2025-01-16 02:00:00,N015,3.2375200000000004,1.227,0.0,Normal,Low,Low
2025-01-16 02:00:00,N016,1.0234999999999999,1.063,0.0,Normal,Low,Low
2025-01-16 02:00:00,N017,4.85888,1.471,0.0,Normal,Low,Low
2025-01-16 02:00:00,N018,5.989299999999999,1.42,0.0,Normal,Low,Moderate
2025-01-16 02:00:00,N019,3.57588,1.219,0.0,Normal,Low,Low
2025-01-16 02:00:00,N020,5.621199999999999,1.487,0.0,Normal,Low,Moderate
2025-01-16 03:00:00,N001,2.5608,1.339,0.0,Normal,Low,Low
2025-01-16 03:00:00,N002,1.0057600000000002,1.13,0.0,Normal,Low,Low
2025-01-16 03:00:00,N003,1.75872,1.126,0.0,Normal,Low,Low
2025-01-16 03:00:00,N004,1.6344999999999998,1.116,0.0,Normal,Low,Low
2025-01-16 03:00:00,N005,2.57992,1.394,0.0,Normal,Low,Low
2025-01-16 03:00:00,N006,4.3553,1.418,0.0,Normal,Low,Low
2025-01-16 03:00:00,N007,4.48552,1.418,0.0,Normal,Low,Low
2025-01-16 03:00:00,N008,3.41034,1.247,0.0,Normal,Low,Low
2025-01-16 03:00:00,N009,4.90496,1.496,0.0,Normal,Low,Low
2025-01-16 03:00:00,N010,4.15758,1.37,0.0,Normal,Low,Low
2025-01-16 03:00:00,N011,4.293,1.305,0.0,Normal,Low,Low
2025-01-16 03:00:00,N012,3.1369800000000003,1.329,0.0,Normal,Low,Low
2025-01-16 03:00:00,N013,3.4852800000000004,1.316,0.0,Normal,Low,Low
2025-01-16 03:00:00,N014,3.6761999999999992,1.386,0.0,Normal,Low,Low
2025-01-16 03:00:00,N015,37.243625676224084,0.28532638867318716,13.309,Severe_Blockage,Critical,Critical
2025-01-16 03:00:00,N016,8.04897159266561,0.6802039718507013,1.287,Partial_Blockage,Moderate,Moderate
2025-01-16 03:00:00,N017,14.982802037554608,0.5931421911579564,3.048,Severe_Blockage,High,Moderate
2025-01-16 03:00:00,N018,4.40006,1.272,0.0,Normal,Low,Low
2025-01-16 03:00:00,N019,4.08156,1.283,0.0,Normal,Low,Low
2025-01-16 03:00:00,N020,1.85744,1.154,0.0,Normal,Low,Low
2025-01-16 04:00:00,N001,3.1416,1.277,0.0,Normal,Low,Low
2025-01-16 04:00:00,N002,12.546970953575523,0.6842136198361751,1.981,Partial_Blockage,Moderate,Moderate
2025-01-16 04:00:00,N003,1.9236000000000002,1.207,0.0,Normal,Low,Low
2025-01-16 04:00:00,N004,17.019888299413804,0.5270312236565626,4.025,Severe_Blockage,High,High
2025-01-16 04:00:00,N005,3.1511199999999997,1.396,0.0,Normal,Low,Low
2025-01-16 04:00:00,N006,2.9778999999999995,1.243,0.0,Normal,Low,Low
2025-01-16 04:00:00,N007,23.703375100375215,0.5453335916630699,5.389,Severe_Blockage,High,High
2025-01-16 04:00:00,N008,3.95358,1.351,0.0,Normal,Low,Low
2025-01-16 04:00:00,N009,2.32448,1.144,0.0,Normal,Low,Low
2025-01-16 04:00:00,N010,2.09442,1.136,0.0,Normal,Low,Low
2025-01-16 04:00:00,N011,1.0176,1.06,0.0,Normal,Low,Low
2025-01-16 04:00:00,N012,6.53268,1.492,0.0,Normal,Low,Moderate
2025-01-16 04:00:00,N013,2.50984,1.211,0.0,Normal,Low,Low
2025-01-16 04:00:00,N014,20.473278122177014,0.45983757047704077,5.529,Severe_Blockage,High,High
2025-01-16 04:00:00,N015,8.93272205752558,0.6335362076131322,1.637,Partial_Blockage,Moderate,Moderate
2025-01-16 04:00:00,N016,2.1965,1.113,0.0,Normal,Low,Low
2025-01-16 04:00:00,N017,1.4249599999999998,1.119,0.0,Normal,Low,Low
2025-01-16 04:00:00,N018,3.53428,1.336,0.0,Normal,Low,Low
2025-01-16 04:00:00,N019,0.7223999999999999,1.053,0.0,Normal,Low,Low
2025-01-16 04:00:00,N020,1.2586600000000001,1.07,0.0,Normal,Low,Low
2025-01-16 05:00:00,N001,1.5664,1.153,0.0,Normal,Low,Low
2025-01-16 05:00:00,N002,3.5291400000000004,1.421,0.0,Normal,Low,Low
2025-01-16 05:00:00,N003,2.6564,1.287,0.0,Normal,Low,Low
2025-01-16 05:00:00,N004,4.53924,1.372,0.0,Normal,Low,Low
2025-01-16 05:00:00,N005,3.7318399999999996,1.277,0.0,Normal,Low,Low
2025-01-16 05:00:00,N006,2.4153000000000002,1.218,0.0,Normal,Low,Low
2025-01-16 05:00:00,N007,3.05292,1.197,0.0,Normal,Low,Low
2025-01-16 05:00:00,N008,1.79068,1.169,0.0,Normal,Low,Low
2025-01-16 05:00:00,N009,1.55648,1.092,0.0,Normal,Low,Low
2025-01-16 05:00:00,N010,12.18957444277109,0.691228867261584,1.882,Partial_Blockage,Moderate,Moderate
2025-01-16 05:00:00,N011,38.9341065380701,0.32628142139162286,13.115,Severe_Blockage,Critical,Critical
2025-01-16 05:00:00,N012,5.292980000000001,1.347,0.0,Normal,Low,Moderate
2025-01-16 05:00:00,N013,2.26872,1.181,0.0,Normal,Low,Low
2025-01-16 05:00:00,N014,0.6683999999999999,1.057,0.0,Normal,Low,Low
2025-01-16 05:00:00,N015,6.135440000000001,1.497,0.0,Normal,Low,Moderate
2025-01-16 05:00:00,N016,20.25458651949503,0.5791953231449121,4.262,Severe_Blockage,High,High
2025-01-16 05:00:00,N017,21.420535004227812,0.475552008265193,5.617,Severe_Blockage,High,High
2025-01-16 05:00:00,N018,9.521214183890748,0.6253749076979548,1.783,Partial_Blockage,Moderate,Moderate
2025-01-16 05:00:00,N019,5.00864,1.423,0.0,Normal,Low,Moderate
2025-01-16 05:00:00,N020,2.84726,1.226,0.0,Normal,Low,Low
2025-01-16 06:00:00,N001,5.2184,1.524,0.0,Normal,Low,Moderate
2025-01-16 06:00:00,N002,0.90698,1.09,0.0,Normal,Low,Low
2025-01-16 06:00:00,N003,2.17092,1.384,0.0,Normal,Low,Low
2025-01-16 06:00:00,N004,1.55978,1.117,0.0,Normal,Low,Low
2025-01-16 06:00:00,N005,1.5707999999999998,1.131,0.0,Normal,Low,Low
2025-01-16 06:00:00,N006,27.311078936560406,0.3359568364792144,9.068,Severe_Blockage,Critical,Critical
2025-01-16 06:00:00,N007,9.952161571204112,0.6537198148748471,1.723,Partial_Blockage,Moderate,Moderate
2025-01-16 06:00:00,N008,1.1267200000000002,1.061,0.0,Normal,Low,Low
2025-01-16 06:00:00,N009,15.047515449624806,0.48517177088284963,3.873,Severe_Blockage,High,High
2025-01-16 06:00:00,N010,1.75056,1.129,0.0,Normal,Low,Low
2025-01-16 06:00:00,N011,37.29673743489759,0.32141506881505755,12.655,Severe_Blockage,Critical,Critical
2025-01-16 06:00:00,N012,27.60808810098237,0.2976863738134785,9.695,Severe_Blockage,Critical,Critical
2025-01-16 06:00:00,N013,18.599927947801294,0.5054184894938195,4.6,Severe_Blockage,High,High
2025-01-16 06:00:00,N014,24.487725805032547,0.4292608722272963,6.988,Severe_Blockage,High,High
2025-01-16 06:00:00,N015,3.5431600000000003,1.402,0.0,Normal,Low,Low
2025-01-16 06:00:00,N016,3.9559999999999995,1.256,0.0,Normal,Low,Low
2025-01-16 06:00:00,N017,2.60464,1.234,0.0,Normal,Low,Low
2025-01-16 06:00:00,N018,3.0717399999999997,1.18,0.0,Normal,Low,Low
2025-01-16 06:00:00,N019,1.11972,1.056,0.0,Normal,Low,Low
2025-01-16 06:00:00,N020,1.5763800000000001,1.108,0.0,Normal,Low,Low
2025-01-16 07:00:00,N001,23.188338654260512,0.445713388087667,6.426,Severe_Blockage,High,High
2025-01-16 07:00:00,N002,2.88258,1.32,0.0,Normal,Low,Low
2025-01-16 07:00:00,N003,4.0304,1.346,0.0,Normal,Low,Low
2025-01-16 07:00:00,N004,2.26028,1.293,0.0,Normal,Low,Low
2025-01-16 07:00:00,N005,1.3899199999999998,1.188,0.0,Normal,Low,Low
2025-01-16 07:00:00,N006,2.3571,1.265,0.0,Normal,Low,Low
2025-01-16 07:00:00,N007,3.15172,1.274,0.0,Normal,Low,Low
2025-01-16 07:00:00,N008,5.27144,1.485,0.0,Normal,Low,Moderate
2025-01-16 07:00:00,N009,22.487140885678322,0.5748986608036885,4.78,Severe_Blockage,High,High
2025-01-16 07:00:00,N010,4.2826200000000005,1.397,0.0,Normal,Low,Low
2025-01-16 07:00:00,N011,5.1728000000000005,1.413,0.0,Normal,Low,Moderate
2025-01-16 07:00:00,N012,23.280431617281085,0.46900268569335507,6.181,Severe_Blockage,High,High
2025-01-16 07:00:00,N013,12.861057035161384,0.5935150763482867,2.614,Severe_Blockage,High,Moderate
2025-01-16 07:00:00,N014,6.26068,1.461,0.0,Normal,Low,Moderate
2025-01-16 07:00:00,N015,2.47908,1.181,0.0,Normal,Low,Low
2025-01-16 07:00:00,N016,32.543412047188674,0.29215711215808415,11.518,Severe_Blockage,Critical,Critical
2025-01-16 07:00:00,N017,4.76544,1.322,0.0,Normal,Low,Low
2025-01-16 07:00:00,N018,3.3801,1.236,0.0,Normal,Low,Low
2025-01-16 07:00:00,N019,2.54044,1.244,0.0,Normal,Low,Low
2025-01-16 07:00:00,N020,3.40938,1.367,0.0,Normal,Low,Low
2025-01-16 08:00:00,N001,3.96,1.498,0.0,Normal,Low,Low
2025-01-16 08:00:00,N002,14.601144791937147,0.6409283024160766,2.621,Partial_Blockage,Moderate,Moderate
2025-01-16 08:00:00,N003,3.90216,1.497,0.0,Normal,Low,Low
2025-01-16 08:00:00,N004,19.84616939094516,0.46000196080816025,5.358,Severe_Blockage,High,High
2025-01-16 08:00:00,N005,2.37048,1.152,0.0,Normal,Low,Low
2025-01-16 08:00:00,N006,4.219499999999999,1.33,0.0,Normal,Low,Low
2025-01-16 08:00:00,N007,4.80168,1.479,0.0,Normal,Low,Low
2025-01-16 08:00:00,N008,5.693960000000001,1.495,0.0,Normal,Low,Moderate
2025-01-16 08:00:00,N009,3.62496,1.375,0.0,Normal,Low,Low
2025-01-16 08:00:00,N010,25.97776686937946,0.39209066095665546,7.896,Severe_Blockage,Critical,Critical
2025-01-16 08:00:00,N011,4.950200000000001,1.464,0.0,Normal,Low,Low
2025-01-16 08:00:00,N012,1.84338,1.142,0.0,Normal,Low,Low
2025-01-16 08:00:00,N013,4.2744,1.269,0.0,Normal,Low,Low
2025-01-16 08:00:00,N014,9.263660738803331,0.5553484971488065,2.06,Severe_Blockage,High,Moderate
2025-01-16 08:00:00,N015,1.39236,1.077,0.0,Normal,Low,Low
2025-01-16 08:00:00,N016,10.743653185640442,0.6099533843471558,2.095,Partial_Blockage,Moderate,Moderate
2025-01-16 08:00:00,N017,3.84272,1.201,0.0,Normal,Low,Low
2025-01-16 08:00:00,N018,2.88198,1.144,0.0,Normal,Low,Low
2025-01-16 08:00:00,N019,2.99796,1.189,0.0,Normal,Low,Low
2025-01-16 08:00:00,N020,6.4155,1.38,0.0,Normal,Low,Moderate
2025-01-16 09:00:00,N001,4.118399999999999,1.394,0.0,Normal,Low,Low
2025-01-16 09:00:00,N002,2.43358,1.223,0.0,Normal,Low,Low
2025-01-16 09:00:00,N003,2.23504,1.189,0.0,Normal,Low,Low
2025-01-16 09:00:00,N004,2.64322,1.206,0.0,Normal,Low,Low
2025-01-16 09:00:00,N005,5.32168,1.526,0.0,Normal,Low,Moderate
2025-01-16 09:00:00,N006,13.23156949186411,0.7384126890627634,1.731,Partial_Blockage,Moderate,Moderate
2025-01-16 09:00:00,N007,2.0451599999999996,1.15,0.0,Normal,Low,Low
2025-01-16 09:00:00,N008,16.121876660601327,0.5105771909544701,3.945,Severe_Blockage,High,High
2025-01-16 09:00:00,N009,3.52256,1.198,0.0,Normal,Low,Low
2025-01-16 09:00:00,N010,1.54216,1.083,0.0,Normal,Low,Low
2025-01-16 09:00:00,N011,2.5652,1.299,0.0,Normal,Low,Low
2025-01-16 09:00:00,N012,13.523173137538507,0.6531985742520547,2.345,Partial_Blockage,Moderate,Moderate
2025-01-16 09:00:00,N013,1.9837600000000002,1.208,0.0,Normal,Low,Low
2025-01-16 09:00:00,N014,4.5896799999999995,1.334,0.0,Normal,Low,Low
2025-01-16 09:00:00,N015,25.052228855269178,0.25151094172260985,9.376,Severe_Blockage,Critical,Critical
2025-01-16 09:00:00,N016,1.0005,1.059,0.0,Normal,Low,Low
2025-01-16 09:00:00,N017,1.64688,1.128,0.0,Normal,Low,Low
2025-01-16 09:00:00,N018,36.156642748991565,0.31701205528670917,12.347,Severe_Blockage,Critical,Critical
2025-01-16 09:00:00,N019,9.242006824667076,0.6898550023795439,1.433,Partial_Blockage,Moderate,Moderate
2025-01-16 09:00:00,N020,20.036768870376775,0.42640995856826114,5.746,Severe_Blockage,High,High
2025-01-16 10:00:00,N001,3.1152,1.242,0.0,Normal,Low,Low
2025-01-16 10:00:00,N002,2.245,1.188,0.0,Normal,Low,Low
2025-01-16 10:00:00,N003,0.5954,1.054,0.0,Normal,Low,Low
2025-01-16 10:00:00,N004,14.825114295123722,0.5980610465629865,2.979,Severe_Blockage,High,Moderate
2025-01-16 10:00:00,N005,2.142,1.16,0.0,Normal,Low,Low
2025-01-16 10:00:00,N006,5.6259999999999994,1.477,0.0,Normal,Low,Moderate
2025-01-16 10:00:00,N007,2.7861599999999997,1.236,0.0,Normal,Low,Low
2025-01-16 10:00:00,N008,17.98034547546907,0.5270753301264612,4.252,Severe_Blockage,High,High
2025-01-16 10:00:00,N009,1.792,1.148,0.0,Normal,Low,Low
2025-01-16 10:00:00,N010,2.8029800000000002,1.199,0.0,Normal,Low,Low
2025-01-16 10:00:00,N011,3.0528,1.229,0.0,Normal,Low,Low
2025-01-16 10:00:00,N012,1.1426800000000001,1.096,0.0,Normal,Low,Low
2025-01-16 10:00:00,N013,2.37832,1.217,0.0,Normal,Low,Low
2025-01-16 10:00:00,N014,5.8485,1.428,0.0,Normal,Low,Moderate
2025-01-16 10:00:00,N015,37.46321325850482,0.2500019752834311,14.049,Severe_Blockage,Critical,Critical
2025-01-16 10:00:00,N016,2.2769999999999997,1.169,0.0,Normal,Low,Low
2025-01-16 10:00:00,N017,4.672,1.413,0.0,Normal,Low,Low
2025-01-16 10:00:00,N018,0.8183399999999998,1.066,0.0,Normal,Low,Low
2025-01-16 10:00:00,N019,19.871082468389915,0.4867302176228955,5.1,Severe_Blockage,High,High
2025-01-16 10:00:00,N020,4.69248,1.265,0.0,Normal,Low,Low
2025-01-16 11:00:00,N001,1.7952000000000001,1.236,0.0,Normal,Low,Low
2025-01-16 11:00:00,N002,1.4817,1.139,0.0,Normal,Low,Low
2025-01-16 11:00:00,N003,1.07172,1.065,0.0,Normal,Low,Low
2025-01-16 11:00:00,N004,22.335215877759968,0.5449262728423309,5.082,Severe_Blockage,High,High
2025-01-16 11:00:00,N005,5.06464,1.48,0.0,Normal,Low,Moderate
2025-01-16 11:00:00,N006,5.6454,1.466,0.0,Normal,Low,Moderate
2025-01-16 11:00:00,N007,1.54128,1.201,0.0,Normal,Low,Low
2025-01-16 11:00:00,N008,3.6719,1.271,0.0,Normal,Low,Low
2025-01-16 11:00:00,N009,4.53632,1.415,0.0,Normal,Low,Low
2025-01-16 11:00:00,N010,16.849830947549023,0.42229012029544605,4.867,Severe_Blockage,High,High
2025-01-16 11:00:00,N011,1.5264,1.144,0.0,Normal,Low,Low
2025-01-16 11:00:00,N012,4.80788,1.43,0.0,Normal,Low,Low
2025-01-16 11:00:00,N013,2.466,1.212,0.0,Normal,Low,Low
2025-01-16 11:00:00,N014,4.0661,1.497,0.0,Normal,Low,Low
2025-01-16 11:00:00,N015,2.1621200000000003,1.224,0.0,Normal,Low,Low
2025-01-16 11:00:00,N016,2.5414999999999996,1.291,0.0,Normal,Low,Low
2025-01-16 11:00:00,N017,3.14192,1.247,0.0,Normal,Low,Low
2025-01-16 11:00:00,N018,2.5498999999999996,1.152,0.0,Normal,Low,Low
2025-01-16 11:00:00,N019,22.523485232983855,0.5100169294702874,5.518,Severe_Blockage,High,High
2025-01-16 11:00:00,N020,4.54584,1.192,0.0,Normal,Low,Low
2025-01-16 12:00:00,N001,1.7688,1.235,0.0,Normal,Low,Low
2025-01-16 12:00:00,N002,3.1430000000000002,1.292,0.0,Normal,Low,Low
2025-01-16 12:00:00,N003,8.45069596305309,0.6254144061698774,1.583,Partial_Blockage,Moderate,Moderate
2025-01-16 12:00:00,N004,13.04937737070382,0.6884057615463567,2.033,Partial_Blockage,Moderate,Moderate
2025-01-16 12:00:00,N005,14.837332164715304,0.7241230788636854,2.047,Partial_Blockage,Moderate,Moderate
2025-01-16 12:00:00,N006,3.4240999999999997,1.284,0.0,Normal,Low,Low
2025-01-16 12:00:00,N007,1.1559599999999999,1.09,0.0,Normal,Low,Low
2025-01-16 12:00:00,N008,3.8932200000000003,1.497,0.0,Normal,Low,Low
2025-01-16 12:00:00,N009,3.44064,1.411,0.0,Normal,Low,Low
2025-01-16 12:00:00,N010,2.8029800000000002,1.184,0.0,Normal,Low,Low
2025-01-16 12:00:00,N011,9.71872959536933,0.64252255234635,1.737,Partial_Blockage,Moderate,Moderate
2025-01-16 12:00:00,N012,3.1262000000000003,1.19,0.0,Normal,Low,Low
2025-01-16 12:00:00,N013,10.176257487041608,0.7328320522494329,1.359,Partial_Blockage,Moderate,Moderate
2025-01-16 12:00:00,N014,24.48406961637714,0.4029915111867869,7.309,Severe_Blockage,High,High
2025-01-16 12:00:00,N015,6.486360000000001,1.493,0.0,Normal,Low,Moderate
2025-01-16 12:00:00,N016,7.106999999999999,1.435,0.0,Normal,Low,Moderate
2025-01-16 12:00:00,N017,2.6747199999999998,1.234,0.0,Normal,Low,Low
2025-01-16 12:00:00,N018,2.71594,1.151,0.0,Normal,Low,Low
2025-01-16 12:00:00,N019,5.5263599999999995,1.51,0.0,Normal,Low,Moderate
2025-01-16 12:00:00,N020,2.77394,1.158,0.0,Normal,Low,Low
2025-01-16 13:00:00,N001,3.1504,1.309,0.0,Normal,Low,Low
2025-01-16 13:00:00,N002,1.69722,1.158,0.0,Normal,Low,Low
2025-01-16 13:00:00,N003,4.0029200000000005,1.391,0.0,Normal,Low,Low
2025-01-16 13:00:00,N004,21.810819619339803,0.5484312405250207,4.925,Severe_Blockage,High,High
2025-01-16 13:00:00,N005,3.0178399999999996,1.236,0.0,Normal,Low,Low
2025-01-16 13:00:00,N006,1.552,1.132,0.0,Normal,Low,Low
2025-01-16 13:00:00,N007,10.029339949676967,0.6762197761333811,1.624,Partial_Blockage,Moderate,Moderate
2025-01-16 13:00:00,N008,2.1629,1.16,0.0,Normal,Low,Low
2025-01-16 13:00:00,N009,4.57728,1.535,0.0,Normal,Low,Low
2025-01-16 13:00:00,N010,30.004525556895025,0.3999199165610034,9.003,Severe_Blockage,Critical,Critical
2025-01-16 13:00:00,N011,1.2084,1.071,0.0,Normal,Low,Low
2025-01-16 13:00:00,N012,13.425488446629423,0.6884947578887839,2.091,Partial_Blockage,Moderate,Moderate
2025-01-16 13:00:00,N013,2.99208,1.351,0.0,Normal,Low,Low
2025-01-16 13:00:00,N014,2.82956,1.234,0.0,Normal,Low,Low
2025-01-16 13:00:00,N015,2.6602000000000006,1.221,0.0,Normal,Low,Low
2025-01-16 13:00:00,N016,5.4624999999999995,1.369,0.0,Normal,Low,Moderate
2025-01-16 13:00:00,N017,5.67648,1.382,0.0,Normal,Low,Moderate
2025-01-16 13:00:00,N018,24.187444211821546,0.5488567521163772,5.456,Severe_Blockage,High,High
2025-01-16 13:00:00,N019,3.21468,1.276,0.0,Normal,Low,Low
2025-01-16 13:00:00,N020,15.74042687467932,0.4793007693449394,4.098,Severe_Blockage,High,High
2025-01-16 14:00:00,N001,2.0504000000000002,1.209,0.0,Normal,Low,Low
2025-01-16 14:00:00,N002,2.9185,1.298,0.0,Normal,Low,Low
2025-01-16 14:00:00,N003,4.61664,1.44,0.0,Normal,Low,Low
2025-01-16 14:00:00,N004,3.2783399999999996,1.353,0.0,Normal,Low,Low
2025-01-16 14:00:00,N005,2.9131199999999997,1.297,0.0,Normal,Low,Low
2025-01-16 14:00:00,N006,6.1401,1.518,0.0,Normal,Low,Moderate
2025-01-16 14:00:00,N007,1.60056,1.173,0.0,Normal,Low,Low
2025-01-16 14:00:00,N008,3.22926,1.193,0.0,Normal,Low,Low
2025-01-16 14:00:00,N009,15.294096026231728,0.5228595110818336,3.649,Severe_Blockage,High,High
2025-01-16 14:00:00,N010,2.9488600000000003,1.482,0.0,Normal,Low,Low
2025-01-16 14:00:00,N011,1.7702,1.095,0.0,Normal,Low,Low
2025-01-16 14:00:00,N012,5.821200000000001,1.423,0.0,Normal,Low,Moderate
2025-01-16 14:00:00,N013,1.6878400000000002,1.118,0.0,Normal,Low,Low
2025-01-16 14:00:00,N014,4.522839999999999,1.299,0.0,Normal,Low,Low
2025-01-16 14:00:00,N015,4.007280000000001,1.318,0.0,Normal,Low,Low
2025-01-16 14:00:00,N016,1.2189999999999999,1.074,0.0,Normal,Low,Low
2025-01-16 14:00:00,N017,13.972590227092624,0.7265222197688276,1.911,Partial_Blockage,Moderate,Moderate
2025-01-16 14:00:00,N018,5.740239999999999,1.533,0.0,Normal,Low,Moderate
2025-01-16 14:00:00,N019,1.19196,1.063,0.0,Normal,Low,Low
2025-01-16 14:00:00,N020,2.2484800000000003,1.166,0.0,Normal,Low,Low
2025-01-16 15:00:00,N001,1.2671999999999999,1.1,0.0,Normal,Low,Low
2025-01-16 15:00:00,N002,4.03202,1.454,0.0,Normal,Low,Low
2025-01-16 15:00:00,N003,2.22588,1.183,0.0,Normal,Low,Low
2025-01-16 15:00:00,N004,4.7166999999999994,1.386,0.0,Normal,Low,Low
2025-01-16 15:00:00,N005,24.341114190429913,0.4498247256767013,6.696,Severe_Blockage,High,High
2025-01-16 15:00:00,N006,0.9797,1.073,0.0,Normal,Low,Low
2025-01-16 15:00:00,N007,0.96824,1.079,0.0,Normal,Low,Low
2025-01-16 15:00:00,N008,2.68602,1.17,0.0,Normal,Low,Low
2025-01-16 15:00:00,N009,2.87744,1.179,0.0,Normal,Low,Low
2025-01-16 15:00:00,N010,4.18884,1.379,0.0,Normal,Low,Low
2025-01-16 15:00:00,N011,20.91147186936915,0.5391234271290295,4.819,Severe_Blockage,High,High
2025-01-16 15:00:00,N012,13.701687987247492,0.6813261863256336,2.183,Partial_Blockage,Moderate,Moderate
2025-01-16 15:00:00,N013,1.93992,1.126,0.0,Normal,Low,Low
2025-01-16 15:00:00,N014,12.832899201739853,0.610152429627535,2.501,Partial_Blockage,Moderate,Moderate
2025-01-16 15:00:00,N015,4.19972,1.51,0.0,Normal,Low,Low
2025-01-16 15:00:00,N016,33.225472635700015,0.2803629413845892,11.955,Severe_Blockage,Critical,Critical
2025-01-16 15:00:00,N017,1.5184,1.097,0.0,Normal,Low,Low
2025-01-16 15:00:00,N018,3.10732,1.162,0.0,Normal,Low,Low
2025-01-16 15:00:00,N019,0.93912,1.059,0.0,Normal,Low,Low
2025-01-16 15:00:00,N020,5.5845400000000005,1.394,0.0,Normal,Low,Moderate
2025-01-16 16:00:00,N001,2.7984,1.278,0.0,Normal,Low,Low
2025-01-16 16:00:00,N002,1.02372,1.087,0.0,Normal,Low,Low
2025-01-16 16:00:00,N003,5.46852,1.509,0.0,Normal,Low,Moderate
2025-01-16 16:00:00,N004,4.24036,1.497,0.0,Normal,Low,Low
2025-01-16 16:00:00,N005,21.008581214567727,0.589818098246276,4.309,Severe_Blockage,High,High
2025-01-16 16:00:00,N006,4.665699999999999,1.507,0.0,Normal,Low,Low
2025-01-16 16:00:00,N007,26.37205353290468,0.3135295292340878,9.052,Severe_Blockage,Critical,Critical
2025-01-16 16:00:00,N008,9.524830150787416,0.6173721025454757,1.822,Partial_Blockage,Moderate,Moderate
2025-01-16 16:00:00,N009,2.18112,1.145,0.0,Normal,Low,Low
2025-01-16 16:00:00,N010,4.08464,1.453,0.0,Normal,Low,Low
2025-01-16 16:00:00,N011,1.2932000000000001,1.095,0.0,Normal,Low,Low
2025-01-16 16:00:00,N012,5.390000000000001,1.272,0.0,Normal,Low,Moderate
2025-01-16 16:00:00,N013,1.2823200000000001,1.07,0.0,Normal,Low,Low
2025-01-16 16:00:00,N014,9.252843365132827,0.5756381399509689,1.963,Severe_Blockage,High,Moderate
2025-01-16 16:00:00,N015,4.29028,1.212,0.0,Normal,Low,Low
2025-01-16 16:00:00,N016,6.520499999999999,1.516,0.0,Normal,Low,Moderate
2025-01-16 16:00:00,N017,1.54176,1.118,0.0,Normal,Low,Low
2025-01-16 16:00:00,N018,0.8539199999999999,1.083,0.0,Normal,Low,Low
2025-01-16 16:00:00,N019,4.55112,1.533,0.0,Normal,Low,Low
2025-01-16 16:00:00,N020,1.29532,1.078,0.0,Normal,Low,Low
2025-01-16 17:00:00,N001,14.273965399043455,0.5995454871474983,2.858,Severe_Blockage,High,Moderate
2025-01-16 17:00:00,N002,22.41192525729211,0.5418883121058488,5.134,Severe_Blockage,High,High
2025-01-16 17:00:00,N003,1.5114,1.108,0.0,Normal,Low,Low
2025-01-16 17:00:00,N004,3.0822,1.47,0.0,Normal,Low,Low
2025-01-16 17:00:00,N005,3.50336,1.421,0.0,Normal,Low,Low
2025-01-16 17:00:00,N006,2.5317,1.197,0.0,Normal,Low,Low
2025-01-16 17:00:00,N007,9.72239886340778,0.65399418197171,1.682,Partial_Blockage,Moderate,Moderate
2025-01-16 17:00:00,N008,4.9797,1.458,0.0,Normal,Low,Low
2025-01-16 17:00:00,N009,1.0752000000000002,1.07,0.0,Normal,Low,Low
2025-01-16 17:00:00,N010,3.46986,1.281,0.0,Normal,Low,Low
2025-01-16 17:00:00,N011,2.0034,1.1,0.0,Normal,Low,Low
2025-01-16 17:00:00,N012,3.5250600000000003,1.279,0.0,Normal,Low,Low
2025-01-16 17:00:00,N013,5.43616,1.285,0.0,Normal,Low,Moderate
2025-01-16 17:00:00,N014,2.52878,1.168,0.0,Normal,Low,Low
2025-01-16 17:00:00,N015,0.98484,1.053,0.0,Normal,Low,Low
2025-01-16 17:00:00,N016,5.5085,1.374,0.0,Normal,Low,Moderate
2025-01-16 17:00:00,N017,1.4483199999999998,1.104,0.0,Normal,Low,Low
2025-01-16 17:00:00,N018,24.81397332832111,0.4535221715324354,6.78,Severe_Blockage,High,High
2025-01-16 17:00:00,N019,6.46548,1.465,0.0,Normal,Low,Moderate
2025-01-16 17:00:00,N020,18.656832033870046,0.5869225020711284,3.853,Severe_Blockage,High,High
2025-01-16 18:00:00,N001,11.24745151250693,0.6060684103658326,2.215,Partial_Blockage,Moderate,Moderate
2025-01-16 18:00:00,N002,0.86208,1.053,0.0,Normal,Low,Low
2025-01-16 18:00:00,N003,3.3434,1.287,0.0,Normal,Low,Low
2025-01-16 18:00:00,N004,2.08282,1.153,0.0,Normal,Low,Low
2025-01-16 18:00:00,N005,5.55016,1.457,0.0,Normal,Low,Moderate
2025-01-16 18:00:00,N006,4.3553,1.37,0.0,Normal,Low,Low
2025-01-16 18:00:00,N007,1.54128,1.121,0.0,Normal,Low,Low
2025-01-16 18:00:00,N008,5.1909600000000005,1.531,0.0,Normal,Low,Moderate
2025-01-16 18:00:00,N009,2.21184,1.295,0.0,Normal,Low,Low
2025-01-16 18:00:00,N010,5.0016,1.51,0.0,Normal,Low,Moderate
2025-01-16 18:00:00,N011,5.522600000000001,1.421,0.0,Normal,Low,Moderate
2025-01-16 18:00:00,N012,5.929,1.508,0.0,Normal,Low,Moderate
2025-01-16 18:00:00,N013,11.406734425095017,0.6113591075963222,2.217,Partial_Blockage,Moderate,Moderate
2025-01-16 18:00:00,N014,3.2417399999999996,1.241,0.0,Normal,Low,Low
2025-01-16 18:00:00,N015,10.4508747080523,0.6554791908128905,1.8,Partial_Blockage,Moderate,Moderate
2025-01-16 18:00:00,N016,2.1965,1.14,0.0,Normal,Low,Low
2025-01-16 18:00:00,N017,34.32277630344925,0.27716070563578316,12.405,Severe_Blockage,Critical,Critical
2025-01-16 18:00:00,N018,1.4231999999999998,1.065,0.0,Normal,Low,Low
2025-01-16 18:00:00,N019,3.56384,1.422,0.0,Normal,Low,Low
2025-01-16 18:00:00,N020,20.64630931975295,0.4689299064141535,5.482,Severe_Blockage,High,High
2025-01-16 19:00:00,N001,15.774525777541049,0.44555721906268947,4.373,Severe_Blockage,High,High
2025-01-16 19:00:00,N002,3.06218,1.329,0.0,Normal,Low,Low
2025-01-16 19:00:00,N003,1.07172,1.098,0.0,Normal,Low,Low
2025-01-16 19:00:00,N004,13.837044994710798,0.7166732410471439,1.96,Partial_Blockage,Moderate,Moderate
2025-01-16 19:00:00,N005,1.5232,1.164,0.0,Normal,Low,Low
2025-01-16 19:00:00,N006,16.99612091234861,0.5449157001565923,3.867,Severe_Blockage,High,High
2025-01-16 19:00:00,N007,2.75652,1.207,0.0,Normal,Low,Low
2025-01-16 19:00:00,N008,9.966846362808145,0.7409445207601715,1.291,Partial_Blockage,Moderate,Moderate
2025-01-16 19:00:00,N009,1.6588800000000001,1.134,0.0,Normal,Low,Low
2025-01-16 19:00:00,N010,3.1364199999999998,1.431,0.0,Normal,Low,Low
2025-01-16 19:00:00,N011,2.7984000000000004,1.265,0.0,Normal,Low,Low
2025-01-16 19:00:00,N012,3.1369800000000003,1.291,0.0,Normal,Low,Low
2025-01-16 19:00:00,N013,28.912161065654068,0.3362107566961353,9.596,Severe_Blockage,Critical,Critical
2025-01-16 19:00:00,N014,0.9468999999999999,1.056,0.0,Normal,Low,Low
2025-01-16 19:00:00,N015,8.497017575392684,0.6938573724742908,1.301,Partial_Blockage,Moderate,Moderate
2025-01-16 19:00:00,N016,1.564,1.089,0.0,Normal,Low,Low
2025-01-16 19:00:00,N017,4.2048,1.306,0.0,Normal,Low,Low
2025-01-16 19:00:00,N018,13.632884793533705,0.5945213048954541,2.764,Severe_Blockage,High,Moderate
2025-01-16 19:00:00,N019,2.8534800000000002,1.295,0.0,Normal,Low,Low
2025-01-16 19:00:00,N020,6.635459999999999,1.469,0.0,Normal,Low,Moderate
2025-01-16 20:00:00,N001,2.112,1.341,0.0,Normal,Low,Low
2025-01-16 20:00:00,N002,4.86716,1.501,0.0,Normal,Low,Low
2025-01-16 20:00:00,N003,2.58312,1.231,0.0,Normal,Low,Low
2025-01-16 20:00:00,N004,23.141311607656277,0.572431782842763,4.947,Severe_Blockage,High,High
2025-01-16 20:00:00,N005,1.4565599999999999,1.137,0.0,Normal,Low,Low
2025-01-16 20:00:00,N006,1.2901,1.089,0.0,Normal,Low,Low
2025-01-16 20:00:00,N007,1.95624,1.194,0.0,Normal,Low,Low
2025-01-16 20:00:00,N008,9.978244177015252,0.6762967012997882,1.615,Partial_Blockage,Moderate,Moderate
2025-01-16 20:00:00,N009,9.070731474195794,0.6003401222537904,1.813,Partial_Blockage,Moderate,Moderate
2025-01-16 20:00:00,N010,5.9394,1.466,0.0,Normal,Low,Moderate
2025-01-16 20:00:00,N011,4.505,1.241,0.0,Normal,Low,Low
2025-01-16 20:00:00,N012,1.9727400000000002,1.146,0.0,Normal,Low,Low
2025-01-16 20:00:00,N013,0.7672,1.059,0.0,Normal,Low,Low
2025-01-16 20:00:00,N014,0.7241,1.057,0.0,Normal,Low,Low
2025-01-16 20:00:00,N015,24.945983291084822,0.40552940501753904,7.415,Severe_Blockage,High,High
2025-01-16 20:00:00,N016,4.5655,1.314,0.0,Normal,Low,Low
2025-01-16 20:00:00,N017,4.9639999999999995,1.41,0.0,Normal,Low,Low
2025-01-16 20:00:00,N018,17.699191530267562,0.5087454922715204,4.347,Severe_Blockage,High,High
2025-01-16 20:00:00,N019,5.82736,1.532,0.0,Normal,Low,Moderate
2025-01-16 20:00:00,N020,3.31162,1.209,0.0,Normal,Low,Low
2025-01-16 21:00:00,N001,2.6664,1.207,0.0,Normal,Low,Low
2025-01-16 21:00:00,N002,3.9063,1.299,0.0,Normal,Low,Low
2025-01-16 21:00:00,N003,17.339919427318122,0.5838606864504243,3.608,Severe_Blockage,High,High
2025-01-16 21:00:00,N004,2.5965199999999995,1.153,0.0,Normal,Low,Low
2025-01-16 21:00:00,N005,4.0935999999999995,1.376,0.0,Normal,Low,Low
2025-01-16 21:00:00,N006,4.3553,1.386,0.0,Normal,Low,Low
2025-01-16 21:00:00,N007,4.011279999999999,1.49,0.0,Normal,Low,Low
2025-01-16 21:00:00,N008,3.20914,1.253,0.0,Normal,Low,Low
2025-01-16 21:00:00,N009,3.84,1.268,0.0,Normal,Low,Low
2025-01-16 21:00:00,N010,17.470198381164266,0.456202496846944,4.75,Severe_Blockage,High,High
2025-01-16 21:00:00,N011,3.1906,1.249,0.0,Normal,Low,Low
2025-01-16 21:00:00,N012,4.11796,1.384,0.0,Normal,Low,Low
2025-01-16 21:00:00,N013,31.605327889560765,0.2765700324580058,11.432,Severe_Blockage,Critical,Critical
2025-01-16 21:00:00,N014,18.391400070729752,0.4126480326804628,5.401,Severe_Blockage,High,High
2025-01-16 21:00:00,N015,6.2826,1.487,0.0,Normal,Low,Moderate
2025-01-16 21:00:00,N016,5.611999999999999,1.432,0.0,Normal,Low,Moderate
2025-01-16 21:00:00,N017,1.19136,1.066,0.0,Normal,Low,Low
2025-01-16 21:00:00,N018,26.42736960107146,0.38351987612901967,8.146,Severe_Blockage,Critical,Critical
2025-01-16 21:00:00,N019,8.806999027093498,0.7002835699477701,1.32,Partial_Blockage,Moderate,Moderate
2025-01-16 21:00:00,N020,0.8431799999999999,1.06,0.0,Normal,Low,Low
2025-01-16 22:00:00,N001,2.7896,1.193,0.0,Normal,Low,Low
2025-01-16 22:00:00,N002,1.31108,1.092,0.0,Normal,Low,Low
2025-01-16 22:00:00,N003,4.91892,1.374,0.0,Normal,Low,Low
2025-01-16 22:00:00,N004,2.91408,1.349,0.0,Normal,Low,Low
2025-01-16 22:00:00,N005,12.461171277581382,0.6284174354402821,2.315,Partial_Blockage,Moderate,Moderate
2025-01-16 22:00:00,N006,3.2883,1.358,0.0,Normal,Low,Low
2025-01-16 22:00:00,N007,10.670911417350855,0.649702313023529,1.869,Partial_Blockage,Moderate,Moderate
2025-01-16 22:00:00,N008,23.947052994803514,0.4777742281398155,6.253,Severe_Blockage,High,High
2025-01-16 22:00:00,N009,3.1744000000000003,1.416,0.0,Normal,Low,Low
2025-01-16 22:00:00,N010,11.084257569326695,0.6995999627959925,1.665,Partial_Blockage,Moderate,Moderate
2025-01-16 22:00:00,N011,1.0918,1.069,0.0,Normal,Low,Low
2025-01-16 22:00:00,N012,5.562480000000001,1.496,0.0,Normal,Low,Moderate
2025-01-16 22:00:00,N013,5.9732,1.503,0.0,Normal,Low,Moderate
2025-01-16 22:00:00,N014,4.71222,1.383,0.0,Normal,Low,Low
2025-01-16 22:00:00,N015,3.0903600000000004,1.242,0.0,Normal,Low,Low
2025-01-16 22:00:00,N016,5.5545,1.492,0.0,Normal,Low,Moderate
2025-01-16 22:00:00,N017,3.4339199999999996,1.237,0.0,Normal,Low,Low
2025-01-16 22:00:00,N018,10.435168399158727,0.637646895437794,1.891,Partial_Blockage,Moderate,Moderate
2025-01-16 22:00:00,N019,3.4915999999999996,1.29,0.0,Normal,Low,Low
2025-01-16 22:00:00,N020,1.9552,1.083,0.0,Normal,Low,Low
2025-01-16 23:00:00,N001,1.7424,1.164,0.0,Normal,Low,Low
2025-01-16 23:00:00,N002,0.8082,1.072,0.0,Normal,Low,Low
2025-01-16 23:00:00,N003,3.1052400000000002,1.273,0.0,Normal,Low,Low
2025-01-16 23:00:00,N004,1.7652599999999998,1.109,0.0,Normal,Low,Low
2025-01-16 23:00:00,N005,5.02656,1.525,0.0,Normal,Low,Moderate
2025-01-16 23:00:00,N006,4.8306000000000004,1.436,0.0,Normal,Low,Low
2025-01-16 23:00:00,N007,2.30204,1.189,0.0,Normal,Low,Low
2025-01-16 23:00:00,N008,21.239611230550356,0.49609691853176274,5.351,Severe_Blockage,High,High
2025-01-16 23:00:00,N009,12.34451068562236,0.7139278609797105,1.766,Partial_Blockage,Moderate,Moderate
2025-01-16 23:00:00,N010,3.83456,1.345,0.0,Normal,Low,Low
2025-01-16 23:00:00,N011,39.29176224363175,0.2523238214182192,14.689,Severe_Blockage,Critical,Critical
2025-01-16 23:00:00,N012,4.3766799999999995,1.369,0.0,Normal,Low,Low
2025-01-16 23:00:00,N013,0.8548800000000001,1.085,0.0,Normal,Low,Low
2025-01-16 23:00:00,N014,3.5759399999999997,1.243,0.0,Normal,Low,Low
2025-01-16 23:00:00,N015,4.211040000000001,1.406,0.0,Normal,Low,Low
2025-01-16 23:00:00,N016,3.6454999999999997,1.315,0.0,Normal,Low,Low
2025-01-16 23:00:00,N017,1.26144,1.061,0.0,Normal,Low,Low
2025-01-16 23:00:00,N018,1.57738,1.141,0.0,Normal,Low,Low
2025-01-16 23:00:00,N019,4.8400799999999995,1.257,0.0,Normal,Low,Low
2025-01-16 23:00:00,N020,22.26587906217167,0.5337749629265937,5.19,Severe_Blockage,High,High
2025-01-17 00:00:00,N001,4.532,1.404,0.0,Normal,Low,Low
2025-01-17 00:00:00,N002,3.9871200000000004,1.403,0.0,Normal,Low,Low
2025-01-17 00:00:00,N003,9.691767930893525,0.7219708019404532,1.347,Partial_Blockage,Moderate,Moderate
2025-01-17 00:00:00,N004,1.1207999999999998,1.087,0.0,Normal,Low,Low
2025-01-17 00:00:00,N005,0.8472799999999999,1.069,0.0,Normal,Low,Low
2025-01-17 00:00:00,N006,13.94803871129061,0.5573171466843655,3.087,Severe_Blockage,High,Moderate
2025-01-17 00:00:00,N007,21.356760254722907,0.5991252923207762,4.281,Severe_Blockage,High,High
2025-01-17 00:00:00,N008,2.7162,1.142,0.0,Normal,Low,Low
2025-01-17 00:00:00,N009,0.8192,1.112,0.0,Normal,Low,Low
2025-01-17 00:00:00,N010,1.38586,1.096,0.0,Normal,Low,Low
2025-01-17 00:00:00,N011,4.3566,1.295,0.0,Normal,Low,Low
2025-01-17 00:00:00,N012,12.835982076384642,0.6536131390799387,2.223,Partial_Blockage,Moderate,Moderate
2025-01-17 00:00:00,N013,2.7948,1.176,0.0,Normal,Low,Low
2025-01-17 00:00:00,N014,5.09098,1.443,0.0,Normal,Low,Moderate
2025-01-17 00:00:00,N015,1.6640400000000002,1.095,0.0,Normal,Low,Low
2025-01-17 00:00:00,N016,2.8059999999999996,1.197,0.0,Normal,Low,Low
2025-01-17 00:00:00,N017,6.20208,1.415,0.0,Normal,Low,Moderate
2025-01-17 00:00:00,N018,1.2215799999999999,1.07,0.0,Normal,Low,Low
2025-01-17 00:00:00,N019,1.63744,1.07,0.0,Normal,Low,Low
2025-01-17 00:00:00,N020,27.400670907086536,0.3477081595843229,8.937,Severe_Blockage,Critical,Critical
2025-01-17 01:00:00,N001,1.5928,1.175,0.0,Normal,Low,Low
2025-01-17 01:00:00,N002,8.26382787000535,0.6437595645716223,1.472,Partial_Blockage,Moderate,Moderate
2025-01-17 01:00:00,N003,9.536193636386825,0.6518116868394032,1.66,Partial_Blockage,Moderate,Moderate
2025-01-17 01:00:00,N004,3.7546799999999996,1.391,0.0,Normal,Low,Low
2025-01-17 01:00:00,N005,11.508027879530726,0.7420757455114043,1.484,Partial_Blockage,Moderate,Moderate
2025-01-17 01:00:00,N006,1.0282,1.093,0.0,Normal,Low,Low
2025-01-17 01:00:00,N007,16.048058998815577,0.47921104053566665,4.179,Severe_Blockage,High,High
2025-01-17 01:00:00,N008,2.93752,1.258,0.0,Normal,Low,Low
2025-01-17 01:00:00,N009,2.24256,1.152,0.0,Normal,Low,Low
2025-01-17 01:00:00,N010,1.46922,1.216,0.0,Normal,Low,Low
2025-01-17 01:00:00,N011,3.1164,1.292,0.0,Normal,Low,Low
2025-01-17 01:00:00,N012,3.5035000000000003,1.326,0.0,Normal,Low,Low
2025-01-17 01:00:00,N013,22.917749207051916,0.4634586331622444,6.148,Severe_Blockage,High,High
2025-01-17 01:00:00,N014,13.241120343972373,0.7169570863848077,1.874,Partial_Blockage,Moderate,Moderate
2025-01-17 01:00:00,N015,3.99596,1.332,0.0,Normal,Low,Low
2025-01-17 01:00:00,N016,2.7485,1.188,0.0,Normal,Low,Low
2025-01-17 01:00:00,N017,6.3656,1.465,0.0,Normal,Low,Moderate
2025-01-17 01:00:00,N018,1.6011,1.14,0.0,Normal,Low,Low
2025-01-17 01:00:00,N019,1.1799199999999999,1.071,0.0,Normal,Low,Low
2025-01-17 01:00:00,N020,1.17312,1.121,0.0,Normal,Low,Low
2025-01-17 02:00:00,N001,1.6632,1.134,0.0,Normal,Low,Low
2025-01-17 02:00:00,N002,20.76448019720222,0.512652833165412,5.06,Severe_Blockage,High,High
2025-01-17 02:00:00,N003,14.99127664041949,0.7084761563637536,2.185,Partial_Blockage,Moderate,Moderate
2025-01-17 02:00:00,N004,3.25032,1.249,0.0,Normal,Low,Low
2025-01-17 02:00:00,N005,4.22688,1.304,0.0,Normal,Low,Low
2025-01-17 02:00:00,N006,1.1058,1.062,0.0,Normal,Low,Low
2025-01-17 02:00:00,N007,3.8531999999999997,1.385,0.0,Normal,Low,Low
2025-01-17 02:00:00,N008,2.1629,1.23,0.0,Normal,Low,Low
2025-01-17 02:00:00,N009,0.7987200000000001,1.065,0.0,Normal,Low,Low
2025-01-17 02:00:00,N010,1.91728,1.168,0.0,Normal,Low,Low
2025-01-17 02:00:00,N011,1.8126,1.122,0.0,Normal,Low,Low
2025-01-17 02:00:00,N012,27.800888530291484,0.3957534565644328,8.399,Severe_Blockage,Critical,Critical
2025-01-17 02:00:00,N013,1.8303200000000002,1.214,0.0,Normal,Low,Low
2025-01-17 02:00:00,N014,5.959899999999999,1.516,0.0,Normal,Low,Moderate
2025-01-17 02:00:00,N015,2.0828800000000003,1.195,0.0,Normal,Low,Low
2025-01-17 02:00:00,N016,25.271989756896488,0.35771308741564134,8.116,Severe_Blockage,Critical,Critical
2025-01-17 02:00:00,N017,1.3665599999999998,1.065,0.0,Normal,Low,Low
2025-01-17 02:00:00,N018,1.6841199999999998,1.147,0.0,Normal,Low,Low
2025-01-17 02:00:00,N019,34.726091926724834,0.34356543514898796,11.398,Severe_Blockage,Critical,Critical
2025-01-17 02:00:00,N020,3.22608,1.364,0.0,Normal,Low,Low
2025-01-17 03:00:00,N001,19.29381519920546,0.4754775944232223,5.06,Severe_Blockage,High,High
2025-01-17 03:00:00,N002,4.3104,1.386,0.0,Normal,Low,Low
2025-01-17 03:00:00,N003,4.13116,1.376,0.0,Normal,Low,Low
2025-01-17 03:00:00,N004,5.09964,1.403,0.0,Normal,Low,Moderate
2025-01-17 03:00:00,N005,3.76992,1.269,0.0,Normal,Low,Low
2025-01-17 03:00:00,N006,3.1136999999999997,1.398,0.0,Normal,Low,Low
2025-01-17 03:00:00,N007,1.14608,1.098,0.0,Normal,Low,Low
2025-01-17 03:00:00,N008,2.20314,1.153,0.0,Normal,Low,Low
2025-01-17 03:00:00,N009,1.0752000000000002,1.08,0.0,Normal,Low,Low
2025-01-17 03:00:00,N010,4.81404,1.417,0.0,Normal,Low,Low
2025-01-17 03:00:00,N011,24.465548880182546,0.5759543021761441,5.187,Severe_Blockage,High,High
2025-01-17 03:00:00,N012,4.0425,1.394,0.0,Normal,Low,Low
2025-01-17 03:00:00,N013,21.217295870372666,0.44557311586198206,5.882,Severe_Blockage,High,High
2025-01-17 03:00:00,N014,2.7181599999999997,1.484,0.0,Normal,Low,Low
2025-01-17 03:00:00,N015,2.0828800000000003,1.144,0.0,Normal,Low,Low
2025-01-17 03:00:00,N016,1.0234999999999999,1.073,0.0,Normal,Low,Low
2025-01-17 03:00:00,N017,1.19136,1.157,0.0,Normal,Low,Low
2025-01-17 03:00:00,N018,1.05554,1.074,0.0,Normal,Low,Low
2025-01-17 03:00:00,N019,2.23944,1.109,0.0,Normal,Low,Low
2025-01-17 03:00:00,N020,4.50918,1.358,0.0,Normal,Low,Low
2025-01-17 04:00:00,N001,2.6752000000000002,1.348,0.0,Normal,Low,Low
2025-01-17 04:00:00,N002,1.2661799999999999,1.091,0.0,Normal,Low,Low
2025-01-17 04:00:00,N003,5.404400000000001,1.491,0.0,Normal,Low,Moderate
2025-01-17 04:00:00,N004,2.8393599999999997,1.226,0.0,Normal,Low,Low
2025-01-17 04:00:00,N005,37.133987313862015,0.3154078931664287,12.711,Severe_Blockage,Critical,Critical
2025-01-17 04:00:00,N006,15.255597666354294,0.48001763313057905,3.966,Severe_Blockage,High,High
2025-01-17 04:00:00,N007,4.56456,1.354,0.0,Normal,Low,Low
2025-01-17 04:00:00,N008,36.56931761427657,0.2742896040730529,13.269,Severe_Blockage,Critical,Critical
2025-01-17 04:00:00,N009,3.3792,1.209,0.0,Normal,Low,Low
2025-01-17 04:00:00,N010,22.631875760760014,0.548053786696107,5.114,Severe_Blockage,High,High
2025-01-17 04:00:00,N011,5.0032,1.417,0.0,Normal,Low,Moderate
2025-01-17 04:00:00,N012,14.130917244614974,0.618145422646254,2.698,Partial_Blockage,Moderate,Moderate
2025-01-17 04:00:00,N013,2.5756,1.288,0.0,Normal,Low,Low
2025-01-17 04:00:00,N014,2.9743799999999996,1.258,0.0,Normal,Low,Low
2025-01-17 04:00:00,N015,4.95816,1.336,0.0,Normal,Low,Low
2025-01-17 04:00:00,N016,1.1615,1.065,0.0,Normal,Low,Low
2025-01-17 04:00:00,N017,2.87328,1.289,0.0,Normal,Low,Low
2025-01-17 04:00:00,N018,8.603630414573868,0.61864532057647,1.641,Partial_Blockage,Moderate,Moderate
2025-01-17 04:00:00,N019,3.68424,1.165,0.0,Normal,Low,Low
2025-01-17 04:00:00,N020,4.61916,1.319,0.0,Normal,Low,Low
2025-01-17 05:00:00,N001,13.46996119983024,0.6198102939404805,2.561,Partial_Blockage,Moderate,Moderate
2025-01-17 05:00:00,N002,14.495883800388008,0.7398741657183003,1.885,Partial_Blockage,Moderate,Moderate
2025-01-17 05:00:00,N003,0.7328000000000001,1.077,0.0,Normal,Low,Low
2025-01-17 05:00:00,N004,1.2142,1.086,0.0,Normal,Low,Low
2025-01-17 05:00:00,N005,6.083279999999999,1.521,0.0,Normal,Low,Moderate
2025-01-17 05:00:00,N006,2.2018999999999997,1.277,0.0,Normal,Low,Low
2025-01-17 05:00:00,N007,3.39872,1.377,0.0,Normal,Low,Low
2025-01-17 05:00:00,N008,15.80280326995945,0.4625782673311762,4.246,Severe_Blockage,High,High
2025-01-17 05:00:00,N009,2.1504000000000003,1.314,0.0,Normal,Low,Low
2025-01-17 05:00:00,N010,4.0638,1.389,0.0,Normal,Low,Low
2025-01-17 05:00:00,N011,8.315037711786777,0.5550965872858038,1.85,Severe_Blockage,High,Moderate
2025-01-17 05:00:00,N012,16.62847253064771,0.5223713709542387,3.971,Severe_Blockage,High,High
2025-01-17 05:00:00,N013,6.970560000000001,1.515,0.0,Normal,Low,Moderate
2025-01-17 05:00:00,N014,0.7797999999999998,1.089,0.0,Normal,Low,Low
2025-01-17 05:00:00,N015,5.47888,1.421,0.0,Normal,Low,Moderate
2025-01-17 05:00:00,N016,3.4499999999999997,1.288,0.0,Normal,Low,Low
2025-01-17 05:00:00,N017,3.57408,1.221,0.0,Normal,Low,Low
2025-01-17 05:00:00,N018,2.2296799999999997,1.128,0.0,Normal,Low,Low
2025-01-17 05:00:00,N019,4.67152,1.342,0.0,Normal,Low,Low
2025-01-17 05:00:00,N020,1.51528,1.122,0.0,Normal,Low,Low
2025-01-17 06:00:00,N001,16.796176016951534,0.4706029658624638,4.446,Severe_Blockage,High,High
2025-01-17 06:00:00,N002,0.90698,1.074,0.0,Normal,Low,Low
2025-01-17 06:00:00,N003,0.97096,1.166,0.0,Normal,Low,Low
2025-01-17 06:00:00,N004,5.4078599999999994,1.453,0.0,Normal,Low,Moderate
2025-01-17 06:00:00,N005,2.6275199999999996,1.237,0.0,Normal,Low,Low
2025-01-17 06:00:00,N006,17.763078206741437,0.5470951546396553,4.022,Severe_Blockage,High,High
2025-01-17 06:00:00,N007,11.72744966588283,0.6747600722850944,1.907,Partial_Blockage,Moderate,Moderate
2025-01-17 06:00:00,N008,4.90928,1.366,0.0,Normal,Low,Low
2025-01-17 06:00:00,N009,3.36896,1.507,0.0,Normal,Low,Low
2025-01-17 06:00:00,N010,1.9068600000000002,1.12,0.0,Normal,Low,Low
2025-01-17 06:00:00,N011,1.3674000000000002,1.162,0.0,Normal,Low,Low
2025-01-17 06:00:00,N012,15.939363965920911,0.5900176364595681,3.267,Severe_Blockage,High,High
2025-01-17 06:00:00,N013,1.84128,1.123,0.0,Normal,Low,Low
2025-01-17 06:00:00,N014,5.1132599999999995,1.384,0.0,Normal,Low,Moderate
2025-01-17 06:00:00,N015,5.10532,1.495,0.0,Normal,Low,Moderate
2025-01-17 06:00:00,N016,1.058,1.09,0.0,Normal,Low,Low
2025-01-17 06:00:00,N017,3.14192,1.203,0.0,Normal,Low,Low
2025-01-17 06:00:00,N018,4.66098,1.469,0.0,Normal,Low,Low
2025-01-17 06:00:00,N019,3.8648399999999996,1.189,0.0,Normal,Low,Low
2025-01-17 06:00:00,N020,4.13036,1.241,0.0,Normal,Low,Low
2025-01-17 07:00:00,N001,3.3087999999999997,1.211,0.0,Normal,Low,Low
2025-01-17 07:00:00,N002,5.23534,1.403,0.0,Normal,Low,Moderate
2025-01-17 07:00:00,N003,3.08692,1.226,0.0,Normal,Low,Low
2025-01-17 07:00:00,N004,4.94086,1.464,0.0,Normal,Low,Low
2025-01-17 07:00:00,N005,11.493196992476719,0.7125856494671847,1.652,Partial_Blockage,Moderate,Moderate
2025-01-17 07:00:00,N006,2.6869,1.199,0.0,Normal,Low,Low
2025-01-17 07:00:00,N007,2.73676,1.25,0.0,Normal,Low,Low
2025-01-17 07:00:00,N008,3.018,1.276,0.0,Normal,Low,Low
2025-01-17 07:00:00,N009,16.96130019642784,0.5352736256234728,3.941,Severe_Blockage,High,High
2025-01-17 07:00:00,N010,3.93876,1.337,0.0,Normal,Low,Low
2025-01-17 07:00:00,N011,22.776326050180476,0.4081991539604062,6.74,Severe_Blockage,High,High
2025-01-17 07:00:00,N012,10.617489530959944,0.7238669872623483,1.466,Partial_Blockage,Moderate,Moderate
2025-01-17 07:00:00,N013,1.6220800000000002,1.086,0.0,Normal,Low,Low
2025-01-17 07:00:00,N014,4.2554799999999995,1.343,0.0,Normal,Low,Low
2025-01-17 07:00:00,N015,2.2187200000000002,1.131,0.0,Normal,Low,Low
2025-01-17 07:00:00,N016,3.2544999999999997,1.235,0.0,Normal,Low,Low
2025-01-17 07:00:00,N017,1.97392,1.109,0.0,Normal,Low,Low
2025-01-17 07:00:00,N018,8.01736,1.501,0.0,Normal,Low,Moderate
2025-01-17 07:00:00,N019,5.93572,1.374,0.0,Normal,Low,Moderate
2025-01-17 07:00:00,N020,2.1018399999999997,1.134,0.0,Normal,Low,Low
2025-01-17 08:00:00,N001,13.970236192722503,0.700915005803578,2.089,Partial_Blockage,Moderate,Moderate
2025-01-17 08:00:00,N002,3.9871200000000004,1.345,0.0,Normal,Low,Low
2025-01-17 08:00:00,N003,33.58646413371838,0.31757089792905463,11.46,Severe_Blockage,Critical,Critical
2025-01-17 08:00:00,N004,4.3617799999999995,1.453,0.0,Normal,Low,Low
2025-01-17 08:00:00,N005,3.57,1.229,0.0,Normal,Low,Low
2025-01-17 08:00:00,N006,11.413133344796652,0.6092875250326489,2.23,Partial_Blockage,Moderate,Moderate
2025-01-17 08:00:00,N007,2.87508,1.266,0.0,Normal,Low,Low
2025-01-17 08:00:00,N008,1.95164,1.16,0.0,Normal,Low,Low
2025-01-17 08:00:00,N009,3.4611199999999998,1.287,0.0,Normal,Low,Low
2025-01-17 08:00:00,N010,0.6252,1.059,0.0,Normal,Low,Low
2025-01-17 08:00:00,N011,2.4062,1.187,0.0,Normal,Low,Low
2025-01-17 08:00:00,N012,1.1750200000000002,1.086,0.0,Normal,Low,Low
2025-01-17 08:00:00,N013,1.85224,1.129,0.0,Normal,Low,Low
2025-01-17 08:00:00,N014,1.76012,1.093,0.0,Normal,Low,Low
2025-01-17 08:00:00,N015,3.8374800000000007,1.242,0.0,Normal,Low,Low
2025-01-17 08:00:00,N016,5.5545,1.429,0.0,Normal,Low,Moderate
2025-01-17 08:00:00,N017,23.252135636493044,0.4707312823537697,6.153,Severe_Blockage,High,High
2025-01-17 08:00:00,N018,2.33642,1.162,0.0,Normal,Low,Low
2025-01-17 08:00:00,N019,3.57588,1.253,0.0,Normal,Low,Low
2025-01-17 08:00:00,N020,25.609125210822423,0.30102113044656154,8.95,Severe_Blockage,Critical,Critical
2025-01-17 09:00:00,N001,1.3552,1.118,0.0,Normal,Low,Low
2025-01-17 09:00:00,N002,6.30396,1.504,0.0,Normal,Low,Moderate
2025-01-17 09:00:00,N003,2.43656,1.358,0.0,Normal,Low,Low
2025-01-17 09:00:00,N004,2.8954,1.287,0.0,Normal,Low,Low
2025-01-17 09:00:00,N005,2.53232,1.312,0.0,Normal,Low,Low
2025-01-17 09:00:00,N006,13.651722923182971,0.5620854671376319,2.989,Severe_Blockage,High,Moderate
2025-01-17 09:00:00,N007,4.32744,1.412,0.0,Normal,Low,Low
2025-01-17 09:00:00,N008,3.1689,1.234,0.0,Normal,Low,Low
2025-01-17 09:00:00,N009,6.656000000000001,1.508,0.0,Normal,Low,Moderate
2025-01-17 09:00:00,N010,3.3135600000000003,1.234,0.0,Normal,Low,Low
2025-01-17 09:00:00,N011,5.6286,1.44,0.0,Normal,Low,Moderate
2025-01-17 09:00:00,N012,2.1883399999999997,1.333,0.0,Normal,Low,Low
2025-01-17 09:00:00,N013,30.775005680077655,0.25842153110146215,11.411,Severe_Blockage,Critical,Critical
2025-01-17 09:00:00,N014,24.286036382228325,0.5061111614369675,5.997,Severe_Blockage,High,High
2025-01-17 09:00:00,N015,1.7885600000000004,1.128,0.0,Normal,Low,Low
2025-01-17 09:00:00,N016,3.657,1.409,0.0,Normal,Low,Low
2025-01-17 09:00:00,N017,4.12304,1.429,0.0,Normal,Low,Low
2025-01-17 09:00:00,N018,2.06364,1.125,0.0,Normal,Low,Low
2025-01-17 09:00:00,N019,4.86416,1.225,0.0,Normal,Low,Low
2025-01-17 09:00:00,N020,4.65582,1.347,0.0,Normal,Low,Low
2025-01-17 10:00:00,N001,1.0031999999999999,1.104,0.0,Normal,Low,Low
2025-01-17 10:00:00,N002,1.1674,1.087,0.0,Normal,Low,Low
2025-01-17 10:00:00,N003,2.3907599999999998,1.223,0.0,Normal,Low,Low
2025-01-17 10:00:00,N004,1.34496,1.123,0.0,Normal,Low,Low
2025-01-17 10:00:00,N005,4.35064,1.422,0.0,Normal,Low,Low
2025-01-17 10:00:00,N006,5.7327,1.496,0.0,Normal,Low,Moderate
2025-01-17 10:00:00,N007,4.6436,1.414,0.0,Normal,Low,Low
2025-01-17 10:00:00,N008,2.93752,1.204,0.0,Normal,Low,Low
2025-01-17 10:00:00,N009,3.1948800000000004,1.331,0.0,Normal,Low,Low
2025-01-17 10:00:00,N010,32.820703096618445,0.26660797872798636,12.035,Severe_Blockage,Critical,Critical
2025-01-17 10:00:00,N011,0.8798,1.088,0.0,Normal,Low,Low
2025-01-17 10:00:00,N012,1.9727400000000002,1.19,0.0,Normal,Low,Low
2025-01-17 10:00:00,N013,3.6606400000000003,1.313,0.0,Normal,Low,Low
2025-01-17 10:00:00,N014,5.65912,1.377,0.0,Normal,Low,Moderate
2025-01-17 10:00:00,N015,4.5280000000000005,1.406,0.0,Normal,Low,Low
2025-01-17 10:00:00,N016,2.6795,1.252,0.0,Normal,Low,Low
2025-01-17 10:00:00,N017,13.326513865379184,0.5651646420284823,2.897,Severe_Blockage,High,Moderate
2025-01-17 10:00:00,N018,3.48684,1.346,0.0,Normal,Low,Low
2025-01-17 10:00:00,N019,23.18661523642658,0.53677991541357,5.37,Severe_Blockage,High,High
2025-01-17 10:00:00,N020,2.30958,1.165,0.0,Normal,Low,Low
2025-01-17 11:00:00,N001,2.0152,1.441,0.0,Normal,Low,Low
2025-01-17 11:00:00,N002,1.1943400000000002,1.092,0.0,Normal,Low,Low
2025-01-17 11:00:00,N003,4.2136,1.366,0.0,Normal,Low,Low
2025-01-17 11:00:00,N004,18.050648164613914,0.5609893600783097,3.962,Severe_Blockage,High,High
2025-01-17 11:00:00,N005,2.2372,1.228,0.0,Normal,Low,Low
2025-01-17 11:00:00,N006,3.2009999999999996,1.253,0.0,Normal,Low,Low
2025-01-17 11:00:00,N007,2.0748,1.142,0.0,Normal,Low,Low
2025-01-17 11:00:00,N008,5.74426,1.364,0.0,Normal,Low,Moderate
2025-01-17 11:00:00,N009,6.6150400000000005,1.444,0.0,Normal,Low,Moderate
2025-01-17 11:00:00,N010,4.81404,1.491,0.0,Normal,Low,Low
2025-01-17 11:00:00,N011,3.7736,1.339,0.0,Normal,Low,Low
2025-01-17 11:00:00,N012,4.031720000000001,1.234,0.0,Normal,Low,Low
2025-01-17 11:00:00,N013,7.430880000000001,1.523,0.0,Normal,Low,Moderate
2025-01-17 11:00:00,N014,4.42258,1.352,0.0,Normal,Low,Low
2025-01-17 11:00:00,N015,2.0036400000000003,1.137,0.0,Normal,Low,Low
2025-01-17 11:00:00,N016,2.5185,1.279,0.0,Normal,Low,Low
2025-01-17 11:00:00,N017,20.0599113381086,0.48162791323896126,5.199,Severe_Blockage,High,High
2025-01-17 11:00:00,N018,7.1871599999999995,1.539,0.0,Normal,Low,Moderate
2025-01-17 11:00:00,N019,9.422954558822347,0.7002929628338513,1.412,Partial_Blockage,Moderate,Moderate
2025-01-17 11:00:00,N020,1.0387,1.067,0.0,Normal,Low,Low
2025-01-17 12:00:00,N001,12.16728728986061,0.5643096097147151,2.651,Severe_Blockage,High,Moderate
2025-01-17 12:00:00,N002,2.7029799999999997,1.415,0.0,Normal,Low,Low
2025-01-17 12:00:00,N003,11.50504750662277,0.5651289527396982,2.502,Severe_Blockage,High,Moderate
2025-01-17 12:00:00,N004,2.29764,1.152,0.0,Normal,Low,Low
2025-01-17 12:00:00,N005,1.9325599999999998,1.178,0.0,Normal,Low,Low
2025-01-17 12:00:00,N006,3.8703000000000003,1.344,0.0,Normal,Low,Low
2025-01-17 12:00:00,N007,24.043261840584723,0.4549716172235984,6.552,Severe_Blockage,High,High
2025-01-17 12:00:00,N008,1.52912,1.145,0.0,Normal,Low,Low
2025-01-17 12:00:00,N009,5.62176,1.442,0.0,Normal,Low,Moderate
2025-01-17 12:00:00,N010,3.62616,1.328,0.0,Normal,Low,Low
2025-01-17 12:00:00,N011,1.5052,1.131,0.0,Normal,Low,Low
2025-01-17 12:00:00,N012,4.9480200000000005,1.401,0.0,Normal,Low,Low
2025-01-17 12:00:00,N013,2.12624,1.194,0.0,Normal,Low,Low
2025-01-17 12:00:00,N014,1.48162,1.09,0.0,Normal,Low,Low
2025-01-17 12:00:00,N015,21.36976222125505,0.5314037058657266,5.007,Severe_Blockage,High,High
2025-01-17 12:00:00,N016,1.9434999999999998,1.083,0.0,Normal,Low,Low
2025-01-17 12:00:00,N017,11.068923038064717,0.7309287156172836,1.489,Partial_Blockage,Moderate,Moderate
2025-01-17 12:00:00,N018,16.623701038462954,0.472356870167975,4.386,Severe_Blockage,High,High
2025-01-17 12:00:00,N019,4.47888,1.312,0.0,Normal,Low,Low
2025-01-17 12:00:00,N020,24.741788715987624,0.4570748954579919,6.716,Severe_Blockage,High,High
2025-01-17 13:00:00,N001,2.1032,1.196,0.0,Normal,Low,Low
2025-01-17 13:00:00,N002,20.363386363873428,0.5718183317093442,4.36,Severe_Blockage,High,High
2025-01-17 13:00:00,N003,0.9434800000000001,1.105,0.0,Normal,Low,Low
2025-01-17 13:00:00,N004,0.7004999999999999,1.091,0.0,Normal,Low,Low
2025-01-17 13:00:00,N005,20.441091147216866,0.56189381360203,4.478,Severe_Blockage,High,High
2025-01-17 13:00:00,N006,2.6771999999999996,1.212,0.0,Normal,Low,Low
2025-01-17 13:00:00,N007,3.61608,1.372,0.0,Normal,Low,Low
2025-01-17 13:00:00,N008,2.35404,1.244,0.0,Normal,Low,Low
2025-01-17 13:00:00,N009,1.41312,1.092,0.0,Normal,Low,Low
2025-01-17 13:00:00,N010,4.34514,1.327,0.0,Normal,Low,Low
2025-01-17 13:00:00,N011,34.24297709443589,0.38030587063807303,10.61,Severe_Blockage,Critical,Critical
2025-01-17 13:00:00,N012,1.64934,1.117,0.0,Normal,Low,Low
2025-01-17 13:00:00,N013,0.66856,1.054,0.0,Normal,Low,Low
2025-01-17 13:00:00,N014,10.731267199384579,0.6182743725220254,2.048,Partial_Blockage,Moderate,Moderate
2025-01-17 13:00:00,N015,4.4827200000000005,1.306,0.0,Normal,Low,Low
2025-01-17 13:00:00,N016,1.1729999999999998,1.064,0.0,Normal,Low,Low
2025-01-17 13:00:00,N017,15.872853898475444,0.4935894373020469,4.019,Severe_Blockage,High,High
2025-01-17 13:00:00,N018,3.6291599999999997,1.322,0.0,Normal,Low,Low
2025-01-17 13:00:00,N019,5.4541200000000005,1.322,0.0,Normal,Low,Moderate
2025-01-17 13:00:00,N020,14.64486873938872,0.5666296063395867,3.173,Severe_Blockage,High,Moderate
2025-01-17 14:00:00,N001,4.4352,1.407,0.0,Normal,Low,Low
2025-01-17 14:00:00,N002,3.74466,1.315,0.0,Normal,Low,Low
2025-01-17 14:00:00,N003,2.66556,1.179,0.0,Normal,Low,Low
2025-01-17 14:00:00,N004,4.23102,1.495,0.0,Normal,Low,Low
2025-01-17 14:00:00,N005,14.360335588282473,0.722183922490865,1.995,Partial_Blockage,Moderate,Moderate
2025-01-17 14:00:00,N006,22.697921803773244,0.5095564884526441,5.566,Severe_Blockage,High,High
2025-01-17 14:00:00,N007,5.27592,1.434,0.0,Normal,Low,Moderate
2025-01-17 14:00:00,N008,14.400983089428436,0.6698906726298014,2.377,Partial_Blockage,Moderate,Moderate
2025-01-17 14:00:00,N009,17.98957764217921,0.5334301357105242,4.197,Severe_Blockage,High,High
2025-01-17 14:00:00,N010,0.90654,1.095,0.0,Normal,Low,Low
2025-01-17 14:00:00,N011,1.3462,1.115,0.0,Normal,Low,Low
2025-01-17 14:00:00,N012,5.292980000000001,1.477,0.0,Normal,Low,Moderate
2025-01-17 14:00:00,N013,4.03328,1.447,0.0,Normal,Low,Low
2025-01-17 14:00:00,N014,28.760244842635885,0.399858109206082,8.63,Severe_Blockage,Critical,Critical
2025-01-17 14:00:00,N015,4.1318,1.228,0.0,Normal,Low,Low
2025-01-17 14:00:00,N016,2.4494999999999996,1.24,0.0,Normal,Low,Low
2025-01-17 14:00:00,N017,5.1158399999999995,1.419,0.0,Normal,Low,Moderate
2025-01-17 14:00:00,N018,4.66098,1.396,0.0,Normal,Low,Low
2025-01-17 14:00:00,N019,4.226039999999999,1.323,0.0,Normal,Low,Low
2025-01-17 14:00:00,N020,2.49288,1.182,0.0,Normal,Low,Low
2025-01-17 15:00:00,N001,1.6104,1.126,0.0,Normal,Low,Low
2025-01-17 15:00:00,N002,3.8883400000000004,1.391,0.0,Normal,Low,Low
2025-01-17 15:00:00,N003,0.9251600000000001,1.06,0.0,Normal,Low,Low
2025-01-17 15:00:00,N004,3.2223,1.279,0.0,Normal,Low,Low
2025-01-17 15:00:00,N005,13.230594929229934,0.5711177881774003,2.837,Severe_Blockage,High,Moderate
2025-01-17 15:00:00,N006,1.0573000000000001,1.075,0.0,Normal,Low,Low
2025-01-17 15:00:00,N007,27.407266049077933,0.26984408383674946,10.006,Severe_Blockage,Critical,Critical
2025-01-17 15:00:00,N008,4.73826,1.465,0.0,Normal,Low,Low
2025-01-17 15:00:00,N009,38.4566476593498,0.258990666490057,14.248,Severe_Blockage,Critical,Critical
2025-01-17 15:00:00,N010,1.02116,1.067,0.0,Normal,Low,Low
2025-01-17 15:00:00,N011,1.4946,1.072,0.0,Normal,Low,Low
2025-01-17 15:00:00,N012,4.35512,1.391,0.0,Normal,Low,Low
2025-01-17 15:00:00,N013,24.826447523366582,0.4045528243037443,7.391,Severe_Blockage,High,High
2025-01-17 15:00:00,N014,4.7345,1.449,0.0,Normal,Low,Low
2025-01-17 15:00:00,N015,12.888811169853653,0.5852049397404882,2.673,Severe_Blockage,High,Moderate
2025-01-17 15:00:00,N016,2.553,1.147,0.0,Normal,Low,Low
2025-01-17 15:00:00,N017,16.37554117574571,0.5997045522398623,3.278,Severe_Blockage,High,High
2025-01-17 15:00:00,N018,3.4156799999999996,1.321,0.0,Normal,Low,Low
2025-01-17 15:00:00,N019,3.44344,1.488,0.0,Normal,Low,Low
2025-01-17 15:00:00,N020,7.771920000000001,1.499,0.0,Normal,Low,Moderate
2025-01-17 16:00:00,N001,3.8544,1.305,0.0,Normal,Low,Low
2025-01-17 16:00:00,N002,13.215961930727696,0.6803341085920266,2.112,Partial_Blockage,Moderate,Moderate
2025-01-17 16:00:00,N003,2.3358,1.205,0.0,Normal,Low,Low
2025-01-17 16:00:00,N004,3.67996,1.498,0.0,Normal,Low,Low
2025-01-17 16:00:00,N005,0.88536,1.097,0.0,Normal,Low,Low
2025-01-17 16:00:00,N006,10.87195291889929,0.6943480504670876,1.662,Partial_Blockage,Moderate,Moderate
2025-01-17 16:00:00,N007,2.54904,1.233,0.0,Normal,Low,Low
2025-01-17 16:00:00,N008,3.2695,1.298,0.0,Normal,Low,Low
2025-01-17 16:00:00,N009,21.93177119459011,0.4015229408445134,6.563,Severe_Blockage,High,High
2025-01-17 16:00:00,N010,4.689,1.497,0.0,Normal,Low,Low
2025-01-17 16:00:00,N011,3.869,1.321,0.0,Normal,Low,Low
2025-01-17 16:00:00,N012,22.435915074123066,0.47395113651317833,5.901,Severe_Blockage,High,High
2025-01-17 16:00:00,N013,13.279545830490704,0.6692098361116199,2.196,Partial_Blockage,Moderate,Moderate
2025-01-17 16:00:00,N014,25.05795823512562,0.3136528091432143,8.599,Severe_Blockage,Critical,Critical
2025-01-17 16:00:00,N015,15.608625832057012,0.5367088474892626,3.616,Severe_Blockage,High,High
2025-01-17 16:00:00,N016,4.093999999999999,1.414,0.0,Normal,Low,Low
2025-01-17 16:00:00,N017,3.94784,1.205,0.0,Normal,Low,Low
2025-01-17 16:00:00,N018,6.42812,1.5,0.0,Normal,Low,Moderate
2025-01-17 16:00:00,N019,12.513611569841498,0.7240453534854093,1.727,Partial_Blockage,Moderate,Moderate
2025-01-17 16:00:00,N020,4.4969600000000005,1.26,0.0,Normal,Low,Low
2025-01-17 17:00:00,N001,2.1296,1.15,0.0,Normal,Low,Low
2025-01-17 17:00:00,N002,1.4008800000000001,1.103,0.0,Normal,Low,Low
2025-01-17 17:00:00,N003,4.87312,1.38,0.0,Normal,Low,Low
2025-01-17 17:00:00,N004,3.5959,1.243,0.0,Normal,Low,Low
2025-01-17 17:00:00,N005,2.856,1.273,0.0,Normal,Low,Low
2025-01-17 17:00:00,N006,1.9788,1.115,0.0,Normal,Low,Low
2025-01-17 17:00:00,N007,3.5568,1.275,0.0,Normal,Low,Low
2025-01-17 17:00:00,N008,4.2755,1.53,0.0,Normal,Low,Low
2025-01-17 17:00:00,N009,3.36896,1.333,0.0,Normal,Low,Low
2025-01-17 17:00:00,N010,2.64668,1.162,0.0,Normal,Low,Low
2025-01-17 17:00:00,N011,1.8868,1.154,0.0,Normal,Low,Low
2025-01-17 17:00:00,N012,6.608140000000001,1.473,0.0,Normal,Low,Moderate
2025-01-17 17:00:00,N013,5.797840000000001,1.498,0.0,Normal,Low,Moderate
2025-01-17 17:00:00,N014,8.553924207904545,0.670461414685737,1.409,Partial_Blockage,Moderate,Moderate
2025-01-17 17:00:00,N015,2.33192,1.135,0.0,Normal,Low,Low
2025-01-17 17:00:00,N016,2.7485,1.294,0.0,Normal,Low,Low
2025-01-17 17:00:00,N017,11.64136803543462,0.575512006226036,2.471,Severe_Blockage,High,Moderate
2025-01-17 17:00:00,N018,3.10732,1.173,0.0,Normal,Low,Low
2025-01-17 17:00:00,N019,20.59490754869224,0.49788048854025313,5.171,Severe_Blockage,High,High
2025-01-17 17:00:00,N020,5.41346,1.395,0.0,Normal,Low,Moderate
2025-01-17 18:00:00,N001,0.7040000000000001,1.099,0.0,Normal,Low,Low
2025-01-17 18:00:00,N002,9.135286448072305,0.7466844517518865,1.157,Partial_Blockage,Moderate,Moderate
2025-01-17 18:00:00,N003,1.68544,1.232,0.0,Normal,Low,Low
2025-01-17 18:00:00,N004,1.60648,1.12,0.0,Normal,Low,Low
2025-01-17 18:00:00,N005,2.7607999999999997,1.299,0.0,Normal,Low,Low
2025-01-17 18:00:00,N006,30.504542411595494,0.3570634170184641,9.806,Severe_Blockage,Critical,Critical
2025-01-17 18:00:00,N007,36.43345395429281,0.3054263142039776,12.653,Severe_Blockage,Critical,Critical
2025-01-17 18:00:00,N008,3.7423200000000003,1.287,0.0,Normal,Low,Low
2025-01-17 18:00:00,N009,3.01056,1.214,0.0,Normal,Low,Low
2025-01-17 18:00:00,N010,1.62552,1.125,0.0,Normal,Low,Low
2025-01-17 18:00:00,N011,1.8762,1.161,0.0,Normal,Low,Low
2025-01-17 18:00:00,N012,17.064242765732075,0.5632634335901233,3.726,Severe_Blockage,High,High
2025-01-17 18:00:00,N013,2.8934400000000005,1.265,0.0,Normal,Low,Low
2025-01-17 18:00:00,N014,1.5818799999999997,1.102,0.0,Normal,Low,Low
2025-01-17 18:00:00,N015,37.53352261860816,0.2958162667739108,13.215,Severe_Blockage,Critical,Critical
2025-01-17 18:00:00,N016,3.4154999999999998,1.356,0.0,Normal,Low,Low
2025-01-17 18:00:00,N017,1.1212799999999998,1.107,0.0,Normal,Low,Low
2025-01-17 18:00:00,N018,4.41192,1.273,0.0,Normal,Low,Low
2025-01-17 18:00:00,N019,9.750569501150407,0.6514502211093343,1.699,Partial_Blockage,Moderate,Moderate
2025-01-17 18:00:00,N020,2.49288,1.203,0.0,Normal,Low,Low
2025-01-17 19:00:00,N001,2.5872,1.295,0.0,Normal,Low,Low
2025-01-17 19:00:00,N002,3.85242,1.502,0.0,Normal,Low,Low
2025-01-17 19:00:00,N003,4.87312,1.388,0.0,Normal,Low,Low
2025-01-17 19:00:00,N004,1.32628,1.103,0.0,Normal,Low,Low
2025-01-17 19:00:00,N005,4.67432,1.403,0.0,Normal,Low,Low
2025-01-17 19:00:00,N006,26.306939680707597,0.36270080673198657,8.383,Severe_Blockage,Critical,Critical
2025-01-17 19:00:00,N007,3.0331599999999996,1.191,0.0,Normal,Low,Low
2025-01-17 19:00:00,N008,6.32774,1.426,0.0,Normal,Low,Moderate
2025-01-17 19:00:00,N009,2.18112,1.247,0.0,Normal,Low,Low
2025-01-17 19:00:00,N010,2.77172,1.303,0.0,Normal,Low,Low
2025-01-17 19:00:00,N011,5.3318,1.389,0.0,Normal,Low,Moderate
2025-01-17 19:00:00,N012,13.240139887253067,0.5857458751849838,2.742,Severe_Blockage,High,Moderate
2025-01-17 19:00:00,N013,4.6032,1.416,0.0,Normal,Low,Low
2025-01-17 19:00:00,N014,21.655206459463567,0.45736790434728636,5.875,Severe_Blockage,High,High
2025-01-17 19:00:00,N015,6.2826,1.487,0.0,Normal,Low,Moderate
2025-01-17 19:00:00,N016,2.3345,1.14,0.0,Normal,Low,Low
2025-01-17 19:00:00,N017,2.8032,1.361,0.0,Normal,Low,Low
2025-01-17 19:00:00,N018,5.76396,1.421,0.0,Normal,Low,Moderate
2025-01-17 19:00:00,N019,6.790559999999999,1.4,0.0,Normal,Low,Moderate
2025-01-17 19:00:00,N020,3.22608,1.243,0.0,Normal,Low,Low
2025-01-17 20:00:00,N001,25.783224326235146,0.354477596994867,8.322,Severe_Blockage,Critical,Critical
2025-01-17 20:00:00,N002,4.2206,1.281,0.0,Normal,Low,Low
2025-01-17 20:00:00,N003,9.61107026693158,0.5791395197931455,2.022,Severe_Blockage,High,Moderate
2025-01-17 20:00:00,N004,2.2415999999999996,1.186,0.0,Normal,Low,Low
2025-01-17 20:00:00,N005,39.13101600507039,0.3949620330046453,11.838,Severe_Blockage,Critical,Critical
2025-01-17 20:00:00,N006,4.6948,1.468,0.0,Normal,Low,Low
2025-01-17 20:00:00,N007,31.431368548835962,0.32442641384270915,10.617,Severe_Blockage,Critical,Critical
2025-01-17 20:00:00,N008,18.391070522180204,0.5737618395956923,3.919,Severe_Blockage,High,High
2025-01-17 20:00:00,N009,3.71712,1.272,0.0,Normal,Low,Low
2025-01-17 20:00:00,N010,0.65646,1.062,0.0,Normal,Low,Low
2025-01-17 20:00:00,N011,5.0562,1.471,0.0,Normal,Low,Moderate
2025-01-17 20:00:00,N012,4.3766799999999995,1.518,0.0,Normal,Low,Low
2025-01-17 20:00:00,N013,3.3537600000000003,1.24,0.0,Normal,Low,Low
2025-01-17 20:00:00,N014,8.343344309521159,0.5593906494982942,1.838,Severe_Blockage,High,Moderate
2025-01-17 20:00:00,N015,1.16596,1.059,0.0,Normal,Low,Low
2025-01-17 20:00:00,N016,20.86401955537933,0.5121758640720712,5.089,Severe_Blockage,High,High
2025-01-17 20:00:00,N017,4.088,1.467,0.0,Normal,Low,Low
2025-01-17 20:00:00,N018,2.71594,1.194,0.0,Normal,Low,Low
2025-01-17 20:00:00,N019,17.777165158292036,0.4612857209608612,4.788,Severe_Blockage,High,High
2025-01-17 20:00:00,N020,5.54788,1.534,0.0,Normal,Low,Moderate
2025-01-17 21:00:00,N001,3.7224000000000004,1.396,0.0,Normal,Low,Low
2025-01-17 21:00:00,N002,12.230129144851347,0.5881511782242427,2.518,Severe_Blockage,High,Moderate
2025-01-17 21:00:00,N003,1.84116,1.187,0.0,Normal,Low,Low
2025-01-17 21:00:00,N004,22.869801163644254,0.4624810343015769,6.146,Severe_Blockage,High,High
2025-01-17 21:00:00,N005,0.87584,1.079,0.0,Normal,Low,Low
2025-01-17 21:00:00,N006,39.422998638117065,0.3912834589673093,11.999,Severe_Blockage,Critical,Critical
2025-01-17 21:00:00,N007,3.76428,1.365,0.0,Normal,Low,Low
2025-01-17 21:00:00,N008,3.1689,1.296,0.0,Normal,Low,Low
2025-01-17 21:00:00,N009,26.702621819628305,0.3169526492851046,9.12,Severe_Blockage,Critical,Critical
2025-01-17 21:00:00,N010,2.4695400000000003,1.207,0.0,Normal,Low,Low
2025-01-17 21:00:00,N011,18.679228300368187,0.4690371144121283,4.959,Severe_Blockage,High,High
2025-01-17 21:00:00,N012,1.26126,1.072,0.0,Normal,Low,Low
2025-01-17 21:00:00,N013,4.24152,1.249,0.0,Normal,Low,Low
2025-01-17 21:00:00,N014,4.645379999999999,1.481,0.0,Normal,Low,Low
2025-01-17 21:00:00,N015,1.8678000000000001,1.185,0.0,Normal,Low,Low
2025-01-17 21:00:00,N016,3.0589999999999997,1.207,0.0,Normal,Low,Low
2025-01-17 21:00:00,N017,2.69808,1.149,0.0,Normal,Low,Low
2025-01-17 21:00:00,N018,0.78276,1.062,0.0,Normal,Low,Low
2025-01-17 21:00:00,N019,2.6367599999999998,1.182,0.0,Normal,Low,Low
2025-01-17 21:00:00,N020,6.86764,1.52,0.0,Normal,Low,Moderate
2025-01-17 22:00:00,N001,1.0735999999999999,1.084,0.0,Normal,Low,Low
2025-01-17 22:00:00,N002,2.5323599999999997,1.306,0.0,Normal,Low,Low
2025-01-17 22:00:00,N003,1.53888,1.127,0.0,Normal,Low,Low
2025-01-17 22:00:00,N004,35.555592027449336,0.3955649375635485,10.746,Severe_Blockage,Critical,Critical
2025-01-17 22:00:00,N005,4.0935999999999995,1.341,0.0,Normal,Low,Low
2025-01-17 22:00:00,N006,1.8235999999999999,1.149,0.0,Normal,Low,Low
2025-01-17 22:00:00,N007,2.97388,1.266,0.0,Normal,Low,Low
2025-01-17 22:00:00,N008,2.07236,1.135,0.0,Normal,Low,Low
2025-01-17 22:00:00,N009,3.26656,1.282,0.0,Normal,Low,Low
2025-01-17 22:00:00,N010,5.33504,1.496,0.0,Normal,Low,Moderate
2025-01-17 22:00:00,N011,1.6218000000000001,1.149,0.0,Normal,Low,Low
2025-01-17 22:00:00,N012,16.990498622850897,0.5461916749468922,3.855,Severe_Blockage,High,High
2025-01-17 22:00:00,N013,29.670809683115678,0.39504025607618765,8.975,Severe_Blockage,Critical,Critical
2025-01-17 22:00:00,N014,15.56120911050585,0.4753403336720469,4.082,Severe_Blockage,High,High
2025-01-17 22:00:00,N015,2.1734400000000003,1.162,0.0,Normal,Low,Low
2025-01-17 22:00:00,N016,1.8285,1.09,0.0,Normal,Low,Low
2025-01-17 22:00:00,N017,4.391679999999999,1.42,0.0,Normal,Low,Low
2025-01-17 22:00:00,N018,17.801055309714258,0.5975106578992895,3.582,Severe_Blockage,High,High
2025-01-17 22:00:00,N019,22.459357839217816,0.5772972649322586,4.747,Severe_Blockage,High,High
2025-01-17 22:00:00,N020,30.660876571074816,0.3713862225360076,9.637,Severe_Blockage,Critical,Critical
2025-01-17 23:00:00,N001,16.619363533783897,0.5758551944382516,3.525,Severe_Blockage,High,High
2025-01-17 23:00:00,N002,4.91206,1.466,0.0,Normal,Low,Low
2025-01-17 23:00:00,N003,1.75872,1.151,0.0,Normal,Low,Low
2025-01-17 23:00:00,N004,4.09092,1.397,0.0,Normal,Low,Low
2025-01-17 23:00:00,N005,1.72312,1.319,0.0,Normal,Low,Low
2025-01-17 23:00:00,N006,2.9196999999999997,1.27,0.0,Normal,Low,Low
2025-01-17 23:00:00,N007,1.89696,1.195,0.0,Normal,Low,Low
2025-01-17 23:00:00,N008,5.37204,1.511,0.0,Normal,Low,Moderate
2025-01-17 23:00:00,N009,4.6080000000000005,1.249,0.0,Normal,Low,Low
2025-01-17 23:00:00,N010,6.47082,1.502,0.0,Normal,Low,Moderate
2025-01-17 23:00:00,N011,4.929,1.398,0.0,Normal,Low,Low
2025-01-17 23:00:00,N012,6.75906,1.474,0.0,Normal,Low,Moderate
2025-01-17 23:00:00,N013,1.6878400000000002,1.161,0.0,Normal,Low,Low
2025-01-17 23:00:00,N014,5.313779999999999,1.531,0.0,Normal,Low,Moderate
2025-01-17 23:00:00,N015,2.1734400000000003,1.178,0.0,Normal,Low,Low
2025-01-17 23:00:00,N016,1.0234999999999999,1.069,0.0,Normal,Low,Low
2025-01-17 23:00:00,N017,3.08352,1.203,0.0,Normal,Low,Low
2025-01-17 23:00:00,N018,0.8301999999999999,1.093,0.0,Normal,Low,Low
2025-01-17 23:00:00,N019,1.73376,1.114,0.0,Normal,Low,Low
2025-01-17 23:00:00,N020,2.1385,1.15,0.0,Normal,Low,Low
2025-01-18 00:00:00,N001,1.0295999999999998,1.091,0.0,Normal,Low,Low
2025-01-18 00:00:00,N002,5.66638,1.427,0.0,Normal,Low,Moderate
2025-01-18 00:00:00,N003,22.125758643493313,0.4047322707068529,6.585,Severe_Blockage,High,High
2025-01-18 00:00:00,N004,4.996899999999999,1.436,0.0,Normal,Low,Low
2025-01-18 00:00:00,N005,3.96032,1.262,0.0,Normal,Low,Low
2025-01-18 00:00:00,N006,2.7645,1.186,0.0,Normal,Low,Low
2025-01-18 00:00:00,N007,3.61608,1.454,0.0,Normal,Low,Low
2025-01-18 00:00:00,N008,1.8208600000000001,1.138,0.0,Normal,Low,Low
2025-01-18 00:00:00,N009,3.42016,1.308,0.0,Normal,Low,Low
2025-01-18 00:00:00,N010,8.571266020516708,0.557089386999954,1.898,Severe_Blockage,High,Moderate
2025-01-18 00:00:00,N011,2.6076,1.161,0.0,Normal,Low,Low
2025-01-18 00:00:00,N012,2.8243600000000004,1.306,0.0,Normal,Low,Low
2025-01-18 00:00:00,N013,15.441908191614829,0.5785565779117441,3.254,Severe_Blockage,High,High
2025-01-18 00:00:00,N014,5.41404,1.503,0.0,Normal,Low,Moderate
2025-01-18 00:00:00,N015,23.819525217561555,0.568572971138347,5.138,Severe_Blockage,High,High
2025-01-18 00:00:00,N016,4.232,1.393,0.0,Normal,Low,Low
2025-01-18 00:00:00,N017,14.80646073057991,0.6625993559703233,2.498,Partial_Blockage,Moderate,Moderate
2025-01-18 00:00:00,N018,12.375770451279294,0.7191147695656395,1.738,Partial_Blockage,Moderate,Moderate
2025-01-18 00:00:00,N019,13.589631947467275,0.7228920385674071,1.883,Partial_Blockage,Moderate,Moderate
2025-01-18 00:00:00,N020,13.413431468243065,0.5646005385141127,2.92,Severe_Blockage,High,Moderate
2025-01-18 01:00:00,N001,31.228957744485754,0.3791001199433178,9.695,Severe_Blockage,Critical,Critical
2025-01-18 01:00:00,N002,0.6914600000000001,1.071,0.0,Normal,Low,Low
2025-01-18 01:00:00,N003,9.713098609009904,0.6355890269307412,1.77,Partial_Blockage,Moderate,Moderate
2025-01-18 01:00:00,N004,1.6344999999999998,1.159,0.0,Normal,Low,Low
2025-01-18 01:00:00,N005,3.22728,1.266,0.0,Normal,Low,Low
2025-01-18 01:00:00,N006,1.5907999999999998,1.12,0.0,Normal,Low,Low
2025-01-18 01:00:00,N007,3.20112,1.196,0.0,Normal,Low,Low
2025-01-18 01:00:00,N008,2.6759600000000003,1.166,0.0,Normal,Low,Low
2025-01-18 01:00:00,N009,2.38592,1.131,0.0,Normal,Low,Low
2025-01-18 01:00:00,N010,0.8336000000000001,1.059,0.0,Normal,Low,Low
2025-01-18 01:00:00,N011,2.6712000000000002,1.231,0.0,Normal,Low,Low
2025-01-18 01:00:00,N012,4.236540000000001,1.383,0.0,Normal,Low,Low
2025-01-18 01:00:00,N013,1.4905600000000003,1.131,0.0,Normal,Low,Low
2025-01-18 01:00:00,N014,5.157819999999999,1.311,0.0,Normal,Low,Moderate
2025-01-18 01:00:00,N015,1.0074800000000002,1.095,0.0,Normal,Low,Low
2025-01-18 01:00:00,N016,7.935,1.475,0.0,Normal,Low,Moderate
2025-01-18 01:00:00,N017,2.4528,1.181,0.0,Normal,Low,Low
2025-01-18 01:00:00,N018,9.269534334914372,0.6274583344171933,1.727,Partial_Blockage,Moderate,Moderate
2025-01-18 01:00:00,N019,3.28692,1.213,0.0,Normal,Low,Low
2025-01-18 01:00:00,N020,12.521989994045757,0.6713422053959346,2.058,Partial_Blockage,Moderate,Moderate
2025-01-18 02:00:00,N001,2.0591999999999997,1.239,0.0,Normal,Low,Low
2025-01-18 02:00:00,N002,16.91771970665778,0.5520774507450332,3.789,Severe_Blockage,High,High
2025-01-18 02:00:00,N003,1.65796,1.179,0.0,Normal,Low,Low
2025-01-18 02:00:00,N004,3.72666,1.346,0.0,Normal,Low,Low
2025-01-18 02:00:00,N005,22.90038221638228,0.5115631098105369,5.593,Severe_Blockage,High,High
2025-01-18 02:00:00,N006,5.0537,1.378,0.0,Normal,Low,Moderate
2025-01-18 02:00:00,N007,3.58644,1.43,0.0,Normal,Low,Low
2025-01-18 02:00:00,N008,1.48888,1.112,0.0,Normal,Low,Low
2025-01-18 02:00:00,N009,0.9728,1.067,0.0,Normal,Low,Low
2025-01-18 02:00:00,N010,3.25104,1.259,0.0,Normal,Low,Low
2025-01-18 02:00:00,N011,14.044437936337044,0.6276273370229927,2.615,Partial_Blockage,Moderate,Moderate
2025-01-18 02:00:00,N012,4.84022,1.512,0.0,Normal,Low,Low
2025-01-18 02:00:00,N013,1.9180000000000001,1.154,0.0,Normal,Low,Low
2025-01-18 02:00:00,N014,16.78038908363262,0.48859233488518594,4.291,Severe_Blockage,High,High
2025-01-18 02:00:00,N015,5.13928,1.302,0.0,Normal,Low,Moderate
2025-01-18 02:00:00,N016,2.76,1.282,0.0,Normal,Low,Low
2025-01-18 02:00:00,N017,5.956799999999999,1.423,0.0,Normal,Low,Moderate
2025-01-18 02:00:00,N018,19.568776074848444,0.40178764494274266,5.853,Severe_Blockage,High,High
2025-01-18 02:00:00,N019,17.95916605404812,0.4408861166142775,5.021,Severe_Blockage,High,High
2025-01-18 02:00:00,N020,2.63952,1.177,0.0,Normal,Low,Low
2025-01-18 03:00:00,N001,1.8304,1.187,0.0,Normal,Low,Low
2025-01-18 03:00:00,N002,1.54456,1.177,0.0,Normal,Low,Low
2025-01-18 03:00:00,N003,5.29448,1.538,0.0,Normal,Low,Moderate
2025-01-18 03:00:00,N004,29.71249917861379,0.39915154449096435,8.926,Severe_Blockage,Critical,Critical
2025-01-18 03:00:00,N005,1.34232,1.116,0.0,Normal,Low,Low
2025-01-18 03:00:00,N006,4.4037999999999995,1.409,0.0,Normal,Low,Low
2025-01-18 03:00:00,N007,3.14184,1.206,0.0,Normal,Low,Low
2025-01-18 03:00:00,N008,2.7162,1.203,0.0,Normal,Low,Low
2025-01-18 03:00:00,N009,5.376,1.388,0.0,Normal,Low,Moderate
2025-01-18 03:00:00,N010,6.93972,1.525,0.0,Normal,Low,Moderate
2025-01-18 03:00:00,N011,3.4874,1.205,0.0,Normal,Low,Low
2025-01-18 03:00:00,N012,30.80959907980968,0.3463623120680874,10.069,Severe_Blockage,Critical,Critical
2025-01-18 03:00:00,N013,3.1016800000000004,1.191,0.0,Normal,Low,Low
2025-01-18 03:00:00,N014,5.358339999999999,1.484,0.0,Normal,Low,Moderate
2025-01-18 03:00:00,N015,3.8601200000000007,1.427,0.0,Normal,Low,Low
2025-01-18 03:00:00,N016,27.180254575126565,0.2661624625558374,9.973,Severe_Blockage,Critical,Critical
2025-01-18 03:00:00,N017,4.777119999999999,1.302,0.0,Normal,Low,Low
2025-01-18 03:00:00,N018,39.56248974785703,0.25079844730606304,14.82,Severe_Blockage,Critical,Critical
2025-01-18 03:00:00,N019,2.93776,1.186,0.0,Normal,Low,Low
2025-01-18 03:00:00,N020,2.17516,1.13,0.0,Normal,Low,Low
2025-01-18 04:00:00,N001,1.2936,1.139,0.0,Normal,Low,Low
2025-01-18 04:00:00,N002,4.041,1.413,0.0,Normal,Low,Low
2025-01-18 04:00:00,N003,3.46248,1.449,0.0,Normal,Low,Low
2025-01-18 04:00:00,N004,3.2783399999999996,1.42,0.0,Normal,Low,Low
2025-01-18 04:00:00,N005,5.77864,1.522,0.0,Normal,Low,Moderate
2025-01-18 04:00:00,N006,3.9188,1.512,0.0,Normal,Low,Low
2025-01-18 04:00:00,N007,38.67230807852184,0.29021909324711836,13.724,Severe_Blockage,Critical,Critical
2025-01-18 04:00:00,N008,1.24744,1.102,0.0,Normal,Low,Low
2025-01-18 04:00:00,N009,1.51552,1.124,0.0,Normal,Low,Low
2025-01-18 04:00:00,N010,4.09506,1.436,0.0,Normal,Low,Low
2025-01-18 04:00:00,N011,4.3566,1.465,0.0,Normal,Low,Low
2025-01-18 04:00:00,N012,2.38238,1.165,0.0,Normal,Low,Low
2025-01-18 04:00:00,N013,1.27136,1.12,0.0,Normal,Low,Low
2025-01-18 04:00:00,N014,2.4842199999999997,1.163,0.0,Normal,Low,Low
2025-01-18 04:00:00,N015,2.1055200000000003,1.22,0.0,Normal,Low,Low
2025-01-18 04:00:00,N016,3.703,1.295,0.0,Normal,Low,Low
2025-01-18 04:00:00,N017,14.49527615670047,0.6077179215410321,2.843,Partial_Blockage,Moderate,Moderate
2025-01-18 04:00:00,N018,3.77148,1.323,0.0,Normal,Low,Low
2025-01-18 04:00:00,N019,2.14312,1.162,0.0,Normal,Low,Low
2025-01-18 04:00:00,N020,2.8594799999999996,1.16,0.0,Normal,Low,Low
2025-01-18 05:00:00,N001,4.0656,1.359,0.0,Normal,Low,Low
2025-01-18 05:00:00,N002,10.1230991242059,0.6309519316114021,1.868,Partial_Blockage,Moderate,Moderate
2025-01-18 05:00:00,N003,1.1908,1.1,0.0,Normal,Low,Low
2025-01-18 05:00:00,N004,4.84746,1.518,0.0,Normal,Low,Low
2025-01-18 05:00:00,N005,13.581248731439407,0.6350724160470284,2.478,Partial_Blockage,Moderate,Moderate
2025-01-18 05:00:00,N006,1.4841,1.099,0.0,Normal,Low,Low
2025-01-18 05:00:00,N007,4.6436,1.52,0.0,Normal,Low,Low
2025-01-18 05:00:00,N008,3.70208,1.349,0.0,Normal,Low,Low
2025-01-18 05:00:00,N009,27.58767906547415,0.2761721515914592,9.984,Severe_Blockage,Critical,Critical
2025-01-18 05:00:00,N010,24.922164428009367,0.5172314310468143,6.016,Severe_Blockage,High,High
2025-01-18 05:00:00,N011,2.3638,1.202,0.0,Normal,Low,Low
2025-01-18 05:00:00,N012,3.0830800000000003,1.308,0.0,Normal,Low,Low
2025-01-18 05:00:00,N013,5.414240000000001,1.332,0.0,Normal,Low,Moderate
2025-01-18 05:00:00,N014,0.8689199999999999,1.062,0.0,Normal,Low,Low
2025-01-18 05:00:00,N015,4.55064,1.255,0.0,Normal,Low,Low
2025-01-18 05:00:00,N016,8.135583462216244,0.7381669000092783,1.065,Partial_Blockage,Moderate,Moderate
2025-01-18 05:00:00,N017,2.11408,1.175,0.0,Normal,Low,Low
2025-01-18 05:00:00,N018,1.8976,1.142,0.0,Normal,Low,Low
2025-01-18 05:00:00,N019,1.3966399999999999,1.085,0.0,Normal,Low,Low
2025-01-18 05:00:00,N020,5.5845400000000005,1.502,0.0,Normal,Low,Moderate
2025-01-18 06:00:00,N001,3.7487999999999997,1.494,0.0,Normal,Low,Low
2025-01-18 06:00:00,N002,2.9185,1.29,0.0,Normal,Low,Low
2025-01-18 06:00:00,N003,24.43694498324915,0.42345988724396316,7.044,Severe_Blockage,High,High
2025-01-18 06:00:00,N004,2.12018,1.228,0.0,Normal,Low,Low
2025-01-18 06:00:00,N005,2.31336,1.255,0.0,Normal,Low,Low
2025-01-18 06:00:00,N006,1.94,1.223,0.0,Normal,Low,Low
2025-01-18 06:00:00,N007,2.0846799999999996,1.175,0.0,Normal,Low,Low
2025-01-18 06:00:00,N008,4.49682,1.306,0.0,Normal,Low,Low
2025-01-18 06:00:00,N009,24.92128156340731,0.4500017768378464,6.853,Severe_Blockage,High,High
2025-01-18 06:00:00,N010,23.43685564201953,0.5378389643648339,5.416,Severe_Blockage,High,High
2025-01-18 06:00:00,N011,4.4626,1.384,0.0,Normal,Low,Low
2025-01-18 06:00:00,N012,3.2124400000000004,1.454,0.0,Normal,Low,Low
2025-01-18 06:00:00,N013,18.350467313247577,0.5100619551614549,4.495,Severe_Blockage,High,High
2025-01-18 06:00:00,N014,11.453137188828292,0.6491041704245012,2.009,Partial_Blockage,Moderate,Moderate
2025-01-18 06:00:00,N015,2.2640000000000002,1.268,0.0,Normal,Low,Low
2025-01-18 06:00:00,N016,4.105499999999999,1.364,0.0,Normal,Low,Low
2025-01-18 06:00:00,N017,3.4339199999999996,1.222,0.0,Normal,Low,Low
2025-01-18 06:00:00,N018,2.62106,1.184,0.0,Normal,Low,Low
2025-01-18 06:00:00,N019,8.246087180690006,0.5942297602329483,1.673,Severe_Blockage,High,Moderate
2025-01-18 06:00:00,N020,3.5926799999999997,1.175,0.0,Normal,Low,Low
2025-01-18 07:00:00,N001,34.82402990263534,0.3291395071823193,11.681,Severe_Blockage,Critical,Critical
2025-01-18 07:00:00,N002,1.53558,1.112,0.0,Normal,Low,Low
2025-01-18 07:00:00,N003,1.2824,1.137,0.0,Normal,Low,Low
2025-01-18 07:00:00,N004,2.71794,1.261,0.0,Normal,Low,Low
2025-01-18 07:00:00,N005,3.02736,1.178,0.0,Normal,Low,Low
2025-01-18 07:00:00,N006,3.2009999999999996,1.213,0.0,Normal,Low,Low
2025-01-18 07:00:00,N007,0.96824,1.078,0.0,Normal,Low,Low
2025-01-18 07:00:00,N008,22.014011293817084,0.4927692698818297,5.583,Severe_Blockage,High,High
2025-01-18 07:00:00,N009,11.68617034651287,0.6362772939634102,2.125,Partial_Blockage,Moderate,Moderate
2025-01-18 07:00:00,N010,2.93844,1.272,0.0,Normal,Low,Low
2025-01-18 07:00:00,N011,3.5086000000000004,1.182,0.0,Normal,Low,Low
2025-01-18 07:00:00,N012,9.19829231522752,0.6383015909919737,1.664,Partial_Blockage,Moderate,Moderate
2025-01-18 07:00:00,N013,2.5317600000000002,1.214,0.0,Normal,Low,Low
2025-01-18 07:00:00,N014,1.9049399999999999,1.124,0.0,Normal,Low,Low
2025-01-18 07:00:00,N015,6.24864,1.441,0.0,Normal,Low,Moderate
2025-01-18 07:00:00,N016,9.125531684616764,0.7109414200008394,1.319,Partial_Blockage,Moderate,Moderate
2025-01-18 07:00:00,N017,0.77088,1.06,0.0,Normal,Low,Low
2025-01-18 07:00:00,N018,2.81082,1.239,0.0,Normal,Low,Low
2025-01-18 07:00:00,N019,4.74376,1.249,0.0,Normal,Low,Low
2025-01-18 07:00:00,N020,13.675356518875777,0.7429009752192999,1.758,Partial_Blockage,Moderate,Moderate
2025-01-18 08:00:00,N001,20.33610519067905,0.5029019962769476,5.055,Severe_Blockage,High,High
2025-01-18 08:00:00,N002,19.109295275286566,0.4259892105200856,5.484,Severe_Blockage,High,High
2025-01-18 08:00:00,N003,15.769083305054144,0.5018447184193366,3.928,Severe_Blockage,High,High
2025-01-18 08:00:00,N004,0.95268,1.088,0.0,Normal,Low,Low
2025-01-18 08:00:00,N005,3.4272,1.408,0.0,Normal,Low,Low
2025-01-18 08:00:00,N006,2.3571,1.305,0.0,Normal,Low,Low
2025-01-18 08:00:00,N007,1.8870799999999999,1.163,0.0,Normal,Low,Low
2025-01-18 08:00:00,N008,5.351920000000001,1.498,0.0,Normal,Low,Moderate
2025-01-18 08:00:00,N009,2.56,1.199,0.0,Normal,Low,Low
2025-01-18 08:00:00,N010,6.81468,1.463,0.0,Normal,Low,Moderate
2025-01-18 08:00:00,N011,23.801549474858433,0.561894126971745,5.214,Severe_Blockage,High,High
2025-01-18 08:00:00,N012,2.05898,1.127,0.0,Normal,Low,Low
2025-01-18 08:00:00,N013,4.351120000000001,1.333,0.0,Normal,Low,Low
2025-01-18 08:00:00,N014,0.9468999999999999,1.065,0.0,Normal,Low,Low
2025-01-18 08:00:00,N015,31.02356430704945,0.27841565237492,11.193,Severe_Blockage,Critical,Critical
2025-01-18 08:00:00,N016,4.174499999999999,1.53,0.0,Normal,Low,Low
2025-01-18 08:00:00,N017,0.7942400000000001,1.053,0.0,Normal,Low,Low
2025-01-18 08:00:00,N018,3.7358999999999996,1.282,0.0,Normal,Low,Low
2025-01-18 08:00:00,N019,13.246966638102924,0.690799422690937,2.048,Partial_Blockage,Moderate,Moderate
2025-01-18 08:00:00,N020,3.43382,1.381,0.0,Normal,Low,Low
2025-01-18 09:00:00,N001,36.42642407983125,0.3010190838979513,12.731,Severe_Blockage,Critical,Critical
2025-01-18 09:00:00,N002,1.2571999999999999,1.131,0.0,Normal,Low,Low
2025-01-18 09:00:00,N003,29.403869644895693,0.34113841749453183,9.687,Severe_Blockage,Critical,Critical
2025-01-18 09:00:00,N004,4.58594,1.51,0.0,Normal,Low,Low
2025-01-18 09:00:00,N005,2.8940799999999998,1.458,0.0,Normal,Low,Low
2025-01-18 09:00:00,N006,2.9682,1.204,0.0,Normal,Low,Low
2025-01-18 09:00:00,N007,11.26697879134534,0.6489702105179107,1.978,Partial_Blockage,Moderate,Moderate
2025-01-18 09:00:00,N008,4.70808,1.521,0.0,Normal,Low,Low
2025-01-18 09:00:00,N009,6.02112,1.528,0.0,Normal,Low,Moderate
2025-01-18 09:00:00,N010,4.09506,1.496,0.0,Normal,Low,Low
2025-01-18 09:00:00,N011,25.679278376374548,0.334322294742269,8.547,Severe_Blockage,Critical,Critical
2025-01-18 09:00:00,N012,2.49018,1.301,0.0,Normal,Low,Low
2025-01-18 09:00:00,N013,1.1069600000000002,1.071,0.0,Normal,Low,Low
2025-01-18 09:00:00,N014,11.39310478267015,0.6280517938176825,2.119,Partial_Blockage,Moderate,Moderate
2025-01-18 09:00:00,N015,17.14721942585634,0.4461684629423247,4.748,Severe_Blockage,High,High
2025-01-18 09:00:00,N016,30.594087071323436,0.2569442742372063,11.367,Severe_Blockage,Critical,Critical
2025-01-18 09:00:00,N017,6.85616,1.479,0.0,Normal,Low,Moderate
2025-01-18 09:00:00,N018,23.71512322077765,0.535622399065085,5.506,Severe_Blockage,High,High
2025-01-18 09:00:00,N019,12.967203216491036,0.6057013115375139,2.556,Partial_Blockage,Moderate,Moderate
2025-01-18 09:00:00,N020,10.021970442181013,0.5983688201412956,2.013,Severe_Blockage,High,Moderate
2025-01-18 10:00:00,N001,1.54,1.126,0.0,Normal,Low,Low
2025-01-18 10:00:00,N002,4.63368,1.443,0.0,Normal,Low,Low
2025-01-18 10:00:00,N003,3.37088,1.356,0.0,Normal,Low,Low
2025-01-18 10:00:00,N004,1.70922,1.118,0.0,Normal,Low,Low
2025-01-18 10:00:00,N005,0.9615199999999999,1.071,0.0,Normal,Low,Low
2025-01-18 10:00:00,N006,3.783,1.444,0.0,Normal,Low,Low
2025-01-18 10:00:00,N007,5.60196,1.415,0.0,Normal,Low,Moderate
2025-01-18 10:00:00,N008,1.09654,1.08,0.0,Normal,Low,Low
2025-01-18 10:00:00,N009,5.8368,1.416,0.0,Normal,Low,Moderate
2025-01-18 10:00:00,N010,3.4386,1.235,0.0,Normal,Low,Low
2025-01-18 10:00:00,N011,2.1942,1.149,0.0,Normal,Low,Low
2025-01-18 10:00:00,N012,1.31516,1.143,0.0,Normal,Low,Low
2025-01-18 10:00:00,N013,22.761958287599253,0.5841642609429227,4.733,Severe_Blockage,High,High
2025-01-18 10:00:00,N014,4.522839999999999,1.433,0.0,Normal,Low,Low
2025-01-18 10:00:00,N015,2.56964,1.153,0.0,Normal,Low,Low
2025-01-18 10:00:00,N016,21.67797237344783,0.4995019802104995,5.425,Severe_Blockage,High,High
2025-01-18 10:00:00,N017,12.93817254657625,0.6103427384154173,2.521,Partial_Blockage,Moderate,Moderate
2025-01-18 10:00:00,N018,3.2733599999999994,1.305,0.0,Normal,Low,Low
2025-01-18 10:00:00,N019,2.54044,1.18,0.0,Normal,Low,Low
2025-01-18 10:00:00,N020,6.19554,1.387,0.0,Normal,Low,Moderate
2025-01-18 11:00:00,N001,4.3824000000000005,1.386,0.0,Normal,Low,Low
2025-01-18 11:00:00,N002,1.54456,1.097,0.0,Normal,Low,Low
2025-01-18 11:00:00,N003,0.76028,1.072,0.0,Normal,Low,Low
2025-01-18 11:00:00,N004,2.21358,1.297,0.0,Normal,Low,Low
2025-01-18 11:00:00,N005,14.072683526756531,0.7130907873051302,2.019,Partial_Blockage,Moderate,Moderate
2025-01-18 11:00:00,N006,1.2804,1.081,0.0,Normal,Low,Low
2025-01-18 11:00:00,N007,2.50952,1.332,0.0,Normal,Low,Low
2025-01-18 11:00:00,N008,5.4827,1.508,0.0,Normal,Low,Moderate
2025-01-18 11:00:00,N009,5.77536,1.518,0.0,Normal,Low,Moderate
2025-01-18 11:00:00,N010,4.47018,1.24,0.0,Normal,Low,Low
2025-01-18 11:00:00,N011,3.1906,1.231,0.0,Normal,Low,Low
2025-01-18 11:00:00,N012,3.03996,1.237,0.0,Normal,Low,Low
2025-01-18 11:00:00,N013,10.618024556837483,0.6326288044375569,1.95,Partial_Blockage,Moderate,Moderate
2025-01-18 11:00:00,N014,5.5142999999999995,1.477,0.0,Normal,Low,Moderate
2025-01-18 11:00:00,N015,17.411833102253013,0.49120053917731127,4.43,Severe_Blockage,High,High
2025-01-18 11:00:00,N016,3.1624999999999996,1.332,0.0,Normal,Low,Low
2025-01-18 11:00:00,N017,11.846177768741708,0.5841386689906217,2.463,Severe_Blockage,High,Moderate
2025-01-18 11:00:00,N018,3.8426400000000003,1.242,0.0,Normal,Low,Low
2025-01-18 11:00:00,N019,3.28692,1.355,0.0,Normal,Low,Low
2025-01-18 11:00:00,N020,7.1487,1.411,0.0,Normal,Low,Moderate
2025-01-18 12:00:00,N001,1.9008,1.182,0.0,Normal,Low,Low
2025-01-18 12:00:00,N002,1.31108,1.127,0.0,Normal,Low,Low
2025-01-18 12:00:00,N003,2.14344,1.1,0.0,Normal,Low,Low
2025-01-18 12:00:00,N004,5.59466,1.474,0.0,Normal,Low,Moderate
2025-01-18 12:00:00,N005,5.0931999999999995,1.416,0.0,Normal,Low,Moderate
2025-01-18 12:00:00,N006,1.7751000000000001,1.179,0.0,Normal,Low,Low
2025-01-18 12:00:00,N007,0.65208,1.06,0.0,Normal,Low,Low
2025-01-18 12:00:00,N008,3.44052,1.215,0.0,Normal,Low,Low
2025-01-18 12:00:00,N009,1.2185599999999999,1.119,0.0,Normal,Low,Low
2025-01-18 12:00:00,N010,4.8974,1.509,0.0,Normal,Low,Low
2025-01-18 12:00:00,N011,3.6252,1.228,0.0,Normal,Low,Low
2025-01-18 12:00:00,N012,1.25048,1.123,0.0,Normal,Low,Low
2025-01-18 12:00:00,N013,2.07144,1.094,0.0,Normal,Low,Low
2025-01-18 12:00:00,N014,5.079839999999999,1.372,0.0,Normal,Low,Moderate
2025-01-18 12:00:00,N015,4.31292,1.325,0.0,Normal,Low,Low
2025-01-18 12:00:00,N016,10.62894387175099,0.7041578478248787,1.572,Partial_Blockage,Moderate,Moderate
2025-01-18 12:00:00,N017,8.811740301167827,0.7172909397270963,1.246,Partial_Blockage,Moderate,Moderate
2025-01-18 12:00:00,N018,32.18596546877842,0.2729705279031807,11.7,Severe_Blockage,Critical,Critical
2025-01-18 12:00:00,N019,5.57452,1.324,0.0,Normal,Low,Moderate
2025-01-18 12:00:00,N020,11.50463232402802,0.7044564167837298,1.7,Partial_Blockage,Moderate,Moderate
2025-01-18 13:00:00,N001,1.0735999999999999,1.09,0.0,Normal,Low,Low
2025-01-18 13:00:00,N002,22.840160009569082,0.424759580749035,6.569,Severe_Blockage,High,High
2025-01-18 13:00:00,N003,2.54648,1.185,0.0,Normal,Low,Low
2025-01-18 13:00:00,N004,0.8592799999999999,1.068,0.0,Normal,Low,Low
2025-01-18 13:00:00,N005,4.76,1.328,0.0,Normal,Low,Low
2025-01-18 13:00:00,N006,3.0846,1.203,0.0,Normal,Low,Low
2025-01-18 13:00:00,N007,29.406704376476064,0.3914259517791862,8.948,Severe_Blockage,Critical,Critical
2025-01-18 13:00:00,N008,20.673386668454583,0.5643377714750455,4.503,Severe_Blockage,High,High
2025-01-18 13:00:00,N009,14.709496871168895,0.6579850488187576,2.515,Partial_Blockage,Moderate,Moderate
2025-01-18 13:00:00,N010,1.6567800000000001,1.238,0.0,Normal,Low,Low
2025-01-18 13:00:00,N011,2.5122000000000004,1.159,0.0,Normal,Low,Low
2025-01-18 13:00:00,N012,22.231605940548505,0.4465265097120201,6.152,Severe_Blockage,High,High
2025-01-18 13:00:00,N013,2.8057600000000003,1.238,0.0,Normal,Low,Low
2025-01-18 13:00:00,N014,2.52878,1.166,0.0,Normal,Low,Low
2025-01-18 13:00:00,N015,12.56372310098364,0.5839911654918724,2.613,Severe_Blockage,High,Moderate
2025-01-18 13:00:00,N016,3.013,1.195,0.0,Normal,Low,Low
2025-01-18 13:00:00,N017,9.289647649794215,0.5815026795368106,1.944,Severe_Blockage,High,Moderate
2025-01-18 13:00:00,N018,3.6647399999999997,1.274,0.0,Normal,Low,Low
2025-01-18 13:00:00,N019,12.692554051760695,0.7049402517644466,1.873,Partial_Blockage,Moderate,Moderate
2025-01-18 13:00:00,N020,7.2098,1.525,0.0,Normal,Low,Moderate
2025-01-18 14:00:00,N001,0.9592,1.075,0.0,Normal,Low,Low
2025-01-18 14:00:00,N002,2.03846,1.166,0.0,Normal,Low,Low
2025-01-18 14:00:00,N003,1.39232,1.1,0.0,Normal,Low,Low
2025-01-18 14:00:00,N004,4.763399999999999,1.419,0.0,Normal,Low,Low
2025-01-18 14:00:00,N005,21.555200751114228,0.43750605233695256,6.062,Severe_Blockage,High,High
2025-01-18 14:00:00,N006,1.0185,1.108,0.0,Normal,Low,Low
2025-01-18 14:00:00,N007,23.853708982474505,0.5669705425060445,5.165,Severe_Blockage,High,High
2025-01-18 14:00:00,N008,2.3238600000000003,1.163,0.0,Normal,Low,Low
2025-01-18 14:00:00,N009,3.76832,1.218,0.0,Normal,Low,Low
2025-01-18 14:00:00,N010,8.595416357695425,0.5786487768894337,1.811,Severe_Blockage,High,Moderate
2025-01-18 14:00:00,N011,6.0314000000000005,1.401,0.0,Normal,Low,Moderate
2025-01-18 14:00:00,N012,3.6759800000000005,1.319,0.0,Normal,Low,Low
2025-01-18 14:00:00,N013,11.643708488965446,0.6440094765686094,2.073,Partial_Blockage,Moderate,Moderate
2025-01-18 14:00:00,N014,5.3806199999999995,1.341,0.0,Normal,Low,Moderate
2025-01-18 14:00:00,N015,6.022240000000001,1.364,0.0,Normal,Low,Moderate
2025-01-18 14:00:00,N016,4.691999999999999,1.453,0.0,Normal,Low,Low
2025-01-18 14:00:00,N017,11.740426482023356,0.7014120597071541,1.753,Partial_Blockage,Moderate,Moderate
2025-01-18 14:00:00,N018,5.37258,1.385,0.0,Normal,Low,Moderate
2025-01-18 14:00:00,N019,4.4668399999999995,1.312,0.0,Normal,Low,Low
2025-01-18 14:00:00,N020,4.96132,1.354,0.0,Normal,Low,Low
2025-01-18 15:00:00,N001,10.847743174150356,0.6851719001030292,1.708,Partial_Blockage,Moderate,Moderate
2025-01-18 15:00:00,N002,1.83192,1.147,0.0,Normal,Low,Low
2025-01-18 15:00:00,N003,1.89612,1.159,0.0,Normal,Low,Low
2025-01-18 15:00:00,N004,5.3705,1.497,0.0,Normal,Low,Moderate
2025-01-18 15:00:00,N005,24.26938795357227,0.5591492759714864,5.35,Severe_Blockage,High,High
2025-01-18 15:00:00,N006,2.134,1.16,0.0,Normal,Low,Low
2025-01-18 15:00:00,N007,20.932075728347012,0.5243851050167008,4.978,Severe_Blockage,High,High
2025-01-18 15:00:00,N008,4.40628,1.367,0.0,Normal,Low,Low
2025-01-18 15:00:00,N009,1.6384,1.113,0.0,Normal,Low,Low
2025-01-18 15:00:00,N010,2.54248,1.185,0.0,Normal,Low,Low
2025-01-18 15:00:00,N011,3.9114,1.29,0.0,Normal,Low,Low
2025-01-18 15:00:00,N012,4.50604,1.439,0.0,Normal,Low,Low
2025-01-18 15:00:00,N013,7.244560000000001,1.508,0.0,Normal,Low,Moderate
2025-01-18 15:00:00,N014,5.068699999999999,1.357,0.0,Normal,Low,Moderate
2025-01-18 15:00:00,N015,1.7885600000000004,1.117,0.0,Normal,Low,Low
2025-01-18 15:00:00,N016,4.0249999999999995,1.338,0.0,Normal,Low,Low
2025-01-18 15:00:00,N017,2.81488,1.189,0.0,Normal,Low,Low
2025-01-18 15:00:00,N018,13.451535656886222,0.6893327199980275,2.089,Partial_Blockage,Moderate,Moderate
2025-01-18 15:00:00,N019,6.69424,1.426,0.0,Normal,Low,Moderate
2025-01-18 15:00:00,N020,19.132330079255738,0.5746564830510539,4.069,Severe_Blockage,High,High
2025-01-18 16:00:00,N001,8.453653892372985,0.7205553286504279,1.181,Partial_Blockage,Moderate,Moderate
2025-01-18 16:00:00,N002,2.77482,1.19,0.0,Normal,Low,Low
2025-01-18 16:00:00,N003,5.8166,1.445,0.0,Normal,Low,Moderate
2025-01-18 16:00:00,N004,6.042979999999999,1.518,0.0,Normal,Low,Moderate
2025-01-18 16:00:00,N005,7.2161599999999995,1.358,0.0,Normal,Low,Moderate
2025-01-18 16:00:00,N006,16.272576182847263,0.4386556327739787,4.567,Severe_Blockage,High,High
2025-01-18 16:00:00,N007,5.928,1.431,0.0,Normal,Low,Moderate
2025-01-18 16:00:00,N008,2.92746,1.173,0.0,Normal,Low,Low
2025-01-18 16:00:00,N009,7.4444799999999995,1.453,0.0,Normal,Low,Moderate
2025-01-18 16:00:00,N010,3.0218,1.218,0.0,Normal,Low,Low
2025-01-18 16:00:00,N011,6.6992,1.404,0.0,Normal,Low,Moderate
2025-01-18 16:00:00,N012,2.46862,1.112,0.0,Normal,Low,Low
2025-01-18 16:00:00,N013,9.431995268944645,0.7012647241617215,1.409,Partial_Blockage,Moderate,Moderate
2025-01-18 16:00:00,N014,2.1054599999999994,1.077,0.0,Normal,Low,Low
2025-01-18 16:00:00,N015,4.980800000000001,1.254,0.0,Normal,Low,Low
2025-01-18 16:00:00,N016,5.6925,1.293,0.0,Normal,Low,Moderate
2025-01-18 16:00:00,N017,32.64212027693882,0.3352640081582577,10.849,Severe_Blockage,Critical,Critical
2025-01-18 16:00:00,N018,5.97744,1.339,0.0,Normal,Low,Moderate
2025-01-18 16:00:00,N019,2.87756,1.113,0.0,Normal,Low,Low
2025-01-18 16:00:00,N020,24.845115532909865,0.5367417676208759,5.755,Severe_Blockage,High,High
2025-01-18 17:00:00,N001,7.128,1.476,0.0,Normal,Low,Moderate
2025-01-18 17:00:00,N002,22.63072519063862,0.4778060519077715,5.909,Severe_Blockage,High,High
2025-01-18 17:00:00,N003,33.831805473407364,0.32327967445951933,11.447,Severe_Blockage,Critical,Critical
2025-01-18 17:00:00,N004,4.94086,1.252,0.0,Normal,Low,Low
2025-01-18 17:00:00,N005,8.12056,1.471,0.0,Normal,Low,Moderate
2025-01-18 17:00:00,N006,8.577188622576767,0.5851895374175109,1.779,Severe_Blockage,High,Moderate
2025-01-18 17:00:00,N007,3.56668,1.162,0.0,Normal,Low,Low
2025-01-18 17:00:00,N008,3.3902200000000002,1.138,0.0,Normal,Low,Low
2025-01-18 17:00:00,N009,5.888,1.344,0.0,Normal,Low,Moderate
2025-01-18 17:00:00,N010,6.8772,1.426,0.0,Normal,Low,Moderate
2025-01-18 17:00:00,N011,3.2648,1.116,0.0,Normal,Low,Low
2025-01-18 17:00:00,N012,22.257194731003537,0.5583145177630167,4.915,Severe_Blockage,High,High
2025-01-18 17:00:00,N013,4.077120000000001,1.184,0.0,Normal,Low,Low
2025-01-18 17:00:00,N014,12.4072267910758,0.5876549494598577,2.558,Severe_Blockage,High,Moderate
2025-01-18 17:00:00,N015,3.1130000000000004,1.121,0.0,Normal,Low,Low
2025-01-18 17:00:00,N016,21.160539428785416,0.5922761569894359,4.314,Severe_Blockage,High,High
2025-01-18 17:00:00,N017,2.26592,1.085,0.0,Normal,Low,Low
2025-01-18 17:00:00,N018,3.78334,1.155,0.0,Normal,Low,Low
2025-01-18 17:00:00,N019,2.13108,1.082,0.0,Normal,Low,Low
2025-01-18 17:00:00,N020,14.652378930260603,0.7423650280994853,1.887,Partial_Blockage,Moderate,Moderate
2025-01-18 18:00:00,N001,8.624,1.438,0.0,Normal,Low,Moderate
2025-01-18 18:00:00,N002,3.6099599999999996,1.158,0.0,Normal,Low,Low
2025-01-18 18:00:00,N003,17.83019321773849,0.5216122004868644,4.265,Severe_Blockage,High,High
2025-01-18 18:00:00,N004,3.1008799999999996,1.091,0.0,Normal,Low,Low
2025-01-18 18:00:00,N005,9.78656,1.458,0.0,Normal,Low,Moderate
2025-01-18 18:00:00,N006,12.067803701317533,0.7220245038175517,1.677,Partial_Blockage,Moderate,Moderate
2025-01-18 18:00:00,N007,10.85812,1.52,0.0,Normal,Low,Moderate
2025-01-18 18:00:00,N008,7.83674,1.288,0.0,Normal,Low,Moderate
2025-01-18 18:00:00,N009,6.7072,1.241,0.0,Normal,Low,Moderate
2025-01-18 18:00:00,N010,31.048619805170524,0.25157602848847704,11.619,Severe_Blockage,Critical,Critical
2025-01-18 18:00:00,N011,6.391800000000001,1.243,0.0,Normal,Low,Moderate
2025-01-18 18:00:00,N012,6.866860000000001,1.225,0.0,Normal,Low,Moderate
2025-01-18 18:00:00,N013,4.285360000000001,1.129,0.0,Normal,Low,Low
2025-01-18 18:00:00,N014,7.909399999999999,1.353,0.0,Normal,Low,Moderate
2025-01-18 18:00:00,N015,6.973120000000001,1.25,0.0,Normal,Low,Moderate
2025-01-18 18:00:00,N016,4.462,1.143,0.0,Normal,Low,Low
2025-01-18 18:00:00,N017,18.14134774098044,0.5477260764239693,4.102,Severe_Blockage,High,High
2025-01-18 18:00:00,N018,9.12034,1.352,0.0,Normal,Low,Moderate
2025-01-18 18:00:00,N019,5.2735199999999995,1.144,0.0,Normal,Low,Moderate
2025-01-18 18:00:00,N020,3.3971599999999995,1.089,0.0,Normal,Low,Low
2025-01-18 19:00:00,N001,8.324800000000002,1.346,0.0,Normal,Low,Moderate
2025-01-18 19:00:00,N002,2.03846,1.056,0.0,Normal,Low,Low
2025-01-18 19:00:00,N003,5.56012,1.195,0.0,Normal,Low,Moderate
2025-01-18 19:00:00,N004,5.21172,1.148,0.0,Normal,Low,Moderate
2025-01-18 19:00:00,N005,12.73776,1.449,0.0,Normal,Low,Moderate
2025-01-18 19:00:00,N006,12.72513202609667,0.5732998661257442,2.715,Severe_Blockage,High,Moderate
2025-01-18 19:00:00,N007,10.38388,1.399,0.0,Normal,Low,Moderate
2025-01-18 19:00:00,N008,9.81856,1.31,0.0,Normal,Low,Moderate
2025-01-18 19:00:00,N009,11.182080000000001,1.416,0.0,Normal,Low,Moderate
2025-01-18 19:00:00,N010,28.989242505186944,0.26110295611227713,10.71,Severe_Blockage,Critical,Critical
2025-01-18 19:00:00,N011,19.725000882804196,0.4929965152800927,5.0,Severe_Blockage,High,High
2025-01-18 19:00:00,N012,19.49293058471809,0.44397652735662857,5.419,Severe_Blockage,High,High
2025-01-18 19:00:00,N013,9.94072,0.5918441335408039,2.029,Severe_Blockage,High,Moderate
2025-01-18 19:00:00,N014,3.2751599999999996,1.084,0.0,Normal,Low,Low
2025-01-18 19:00:00,N015,17.786215742536395,0.543906907792346,4.056,Severe_Blockage,High,High
2025-01-18 19:00:00,N016,9.154,1.24,0.0,Normal,Low,Moderate
2025-01-18 19:00:00,N017,10.17328,1.352,0.0,Normal,Low,Moderate
2025-01-18 19:00:00,N018,12.109060000000001,1.367,0.0,Normal,Low,Moderate
2025-01-18 19:00:00,N019,9.0902,1.286,0.0,Normal,Low,Moderate
2025-01-18 19:00:00,N020,15.20168,1.519,0.0,Normal,Low,High
2025-01-18 20:00:00,N001,34.00044162614422,0.2594907327241937,12.589,Severe_Blockage,Critical,Critical
2025-01-18 20:00:00,N002,1.63436,1.068,0.0,Normal,Low,Low
2025-01-18 20:00:00,N003,2.2075600000000004,1.079,0.0,Normal,Low,Low
2025-01-18 20:00:00,N004,2.6712399999999996,1.113,0.0,Normal,Low,Low
2025-01-18 20:00:00,N005,30.417599656265352,0.35648510184923854,9.787,Severe_Blockage,Critical,Critical
2025-01-18 20:00:00,N006,8.055647790107857,0.6882530403237889,1.256,Partial_Blockage,Moderate,Moderate
2025-01-18 20:00:00,N007,4.57444,1.23,0.0,Normal,Low,Low
2025-01-18 20:00:00,N008,3.13872,1.114,0.0,Normal,Low,Low
2025-01-18 20:00:00,N009,26.389417131129605,0.37776524733881467,8.21,Severe_Blockage,Critical,Critical
2025-01-18 20:00:00,N010,6.3353600000000005,1.306,0.0,Normal,Low,Moderate
2025-01-18 20:00:00,N011,8.958898605077563,0.6729244359633122,1.465,Partial_Blockage,Moderate,Moderate
2025-01-18 20:00:00,N012,13.489696470573229,0.626643977961251,2.518,Partial_Blockage,Moderate,Moderate
2025-01-18 20:00:00,N013,3.7702400000000003,1.163,0.0,Normal,Low,Low
2025-01-18 20:00:00,N014,6.77312,1.262,0.0,Normal,Low,Moderate
2025-01-18 20:00:00,N015,12.171724269587825,0.6112246589330774,2.366,Partial_Blockage,Moderate,Moderate
2025-01-18 20:00:00,N016,18.495979120577054,0.5417120340437085,4.238,Severe_Blockage,High,High
2025-01-18 20:00:00,N017,8.56144,1.357,0.0,Normal,Low,Moderate
2025-01-18 20:00:00,N018,4.17472,1.144,0.0,Normal,Low,Low
2025-01-18 20:00:00,N019,9.100802212559156,0.5991867761024894,1.824,Severe_Blockage,High,Moderate
2025-01-18 20:00:00,N020,7.17314,1.26,0.0,Normal,Low,Moderate
2025-01-18 21:00:00,N001,1.5664,1.083,0.0,Normal,Low,Low
2025-01-18 21:00:00,N002,2.27194,1.134,0.0,Normal,Low,Low
2025-01-18 21:00:00,N003,4.983040000000001,1.304,0.0,Normal,Low,Low
2025-01-18 21:00:00,N004,3.8293999999999992,1.202,0.0,Normal,Low,Low
2025-01-18 21:00:00,N005,3.46528,1.158,0.0,Normal,Low,Low
2025-01-18 21:00:00,N006,3.2398,1.157,0.0,Normal,Low,Low
2025-01-18 21:00:00,N007,2.87508,1.151,0.0,Normal,Low,Low
2025-01-18 21:00:00,N008,4.69802,1.262,0.0,Normal,Low,Low
2025-01-18 21:00:00,N009,6.57408,1.334,0.0,Normal,Low,Moderate
2025-01-18 21:00:00,N010,2.19862,1.115,0.0,Normal,Low,Low
2025-01-18 21:00:00,N011,8.2468,1.456,0.0,Normal,Low,Moderate
2025-01-18 21:00:00,N012,6.83452,1.392,0.0,Normal,Low,Moderate
2025-01-18 21:00:00,N013,3.57296,1.151,0.0,Normal,Low,Low
2025-01-18 21:00:00,N014,2.4396599999999995,1.108,0.0,Normal,Low,Low
2025-01-18 21:00:00,N015,8.173378249843717,0.6449647273925895,1.451,Partial_Blockage,Moderate,Moderate
2025-01-18 21:00:00,N016,14.352166217851343,0.5523727056881655,3.212,Severe_Blockage,High,Moderate
2025-01-18 21:00:00,N017,11.231370563325425,0.6261322010281929,2.1,Partial_Blockage,Moderate,Moderate
2025-01-18 21:00:00,N018,2.85826,1.129,0.0,Normal,Low,Low
2025-01-18 21:00:00,N019,8.82532,1.403,0.0,Normal,Low,Moderate
2025-01-18 21:00:00,N020,10.797431537183632,0.70384412816847,1.599,Partial_Blockage,Moderate,Moderate
2025-01-18 22:00:00,N001,4.9896,1.396,0.0,Normal,Low,Low
2025-01-18 22:00:00,N002,3.43036,1.313,0.0,Normal,Low,Low
2025-01-18 22:00:00,N003,2.3999200000000003,1.149,0.0,Normal,Low,Low
2025-01-18 22:00:00,N004,2.4937799999999997,1.196,0.0,Normal,Low,Low
2025-01-18 22:00:00,N005,20.006328571539058,0.5340227497168486,4.661,Severe_Blockage,High,High
2025-01-18 22:00:00,N006,3.783,1.337,0.0,Normal,Low,Low
2025-01-18 22:00:00,N007,4.7028799999999995,1.3,0.0,Normal,Low,Low
2025-01-18 22:00:00,N008,1.46876,1.075,0.0,Normal,Low,Low
2025-01-18 22:00:00,N009,2.32448,1.107,0.0,Normal,Low,Low
2025-01-18 22:00:00,N010,33.634093710273454,0.36815401714992946,10.626,Severe_Blockage,Critical,Critical
2025-01-18 22:00:00,N011,13.71102415181741,0.6189417923596776,2.612,Partial_Blockage,Moderate,Moderate
2025-01-18 22:00:00,N012,29.10533078437877,0.35560431534585235,9.378,Severe_Blockage,Critical,Critical
2025-01-18 22:00:00,N013,0.9644800000000001,1.054,0.0,Normal,Low,Low
2025-01-18 22:00:00,N014,13.184978405013476,0.5662201765686232,2.86,Severe_Blockage,High,Moderate
2025-01-18 22:00:00,N015,10.831541294167288,0.7045737922695604,1.6,Partial_Blockage,Moderate,Moderate
2025-01-18 22:00:00,N016,5.416499999999999,1.283,0.0,Normal,Low,Moderate
2025-01-18 22:00:00,N017,28.980498241503696,0.26333494886315023,10.674,Severe_Blockage,Critical,Critical
2025-01-18 22:00:00,N018,3.87822,1.211,0.0,Normal,Low,Low
2025-01-18 22:00:00,N019,2.91368,1.151,0.0,Normal,Low,Low
2025-01-18 22:00:00,N020,16.70644359382694,0.4988741486419987,4.186,Severe_Blockage,High,High
2025-01-18 23:00:00,N001,7.3832,1.446,0.0,Normal,Low,Moderate
2025-01-18 23:00:00,N002,2.54134,1.122,0.0,Normal,Low,Low
2025-01-18 23:00:00,N003,6.5494,1.44,0.0,Normal,Low,Moderate
2025-01-18 23:00:00,N004,12.426182525249516,0.6798026607349614,1.989,Partial_Blockage,Moderate,Moderate
2025-01-18 23:00:00,N005,1.3899199999999998,1.058,0.0,Normal,Low,Low
2025-01-18 23:00:00,N006,3.7151,1.175,0.0,Normal,Low,Low
2025-01-18 23:00:00,N007,8.516559999999998,1.531,0.0,Normal,Low,Moderate
2025-01-18 23:00:00,N008,2.4244600000000003,1.087,0.0,Normal,Low,Low
2025-01-18 23:00:00,N009,4.36224,1.2,0.0,Normal,Low,Low
2025-01-18 23:00:00,N010,4.10548,1.208,0.0,Normal,Low,Low
2025-01-18 23:00:00,N011,8.956999999999999,1.478,0.0,Normal,Low,Moderate
2025-01-18 23:00:00,N012,6.672820000000001,1.354,0.0,Normal,Low,Moderate
2025-01-18 23:00:00,N013,3.60584,1.104,0.0,Normal,Low,Low
2025-01-18 23:00:00,N014,6.628299999999999,1.242,0.0,Normal,Low,Moderate
2025-01-18 23:00:00,N015,11.195480000000002,0.623458322825833,2.108,Partial_Blockage,Moderate,Moderate
2025-01-18 23:00:00,N016,13.4305914418076,0.6884911641099711,2.092,Partial_Blockage,Moderate,Moderate
2025-01-18 23:00:00,N017,7.3,1.345,0.0,Normal,Low,Moderate
2025-01-18 23:00:00,N018,5.97744,1.244,0.0,Normal,Low,Moderate
2025-01-18 23:00:00,N019,7.13972,1.283,0.0,Normal,Low,Moderate
2025-01-18 23:00:00,N020,8.82284,1.495,0.0,Normal,Low,Moderate
2025-01-19 00:00:00,N001,2.5608,1.202,0.0,Normal,Low,Low
2025-01-19 00:00:00,N002,12.40420518097358,0.5678872058266581,2.68,Severe_Blockage,High,Moderate
2025-01-19 00:00:00,N003,3.5357600000000002,1.231,0.0,Normal,Low,Low
2025-01-19 00:00:00,N004,4.567259999999999,1.334,0.0,Normal,Low,Low
2025-01-19 00:00:00,N005,6.41648,1.46,0.0,Normal,Low,Moderate
2025-01-19 00:00:00,N006,5.1507,1.315,0.0,Normal,Low,Moderate
2025-01-19 00:00:00,N007,1.02752,1.057,0.0,Normal,Low,Low
2025-01-19 00:00:00,N008,3.03812,1.192,0.0,Normal,Low,Low
2025-01-19 00:00:00,N009,13.026698496868498,0.5862887571661197,2.695,Severe_Blockage,High,Moderate
2025-01-19 00:00:00,N010,7.210640000000001,1.454,0.0,Normal,Low,Moderate
2025-01-19 00:00:00,N011,22.101913948011042,0.48376190324212764,5.705,Severe_Blockage,High,High
2025-01-19 00:00:00,N012,6.209280000000001,1.428,0.0,Normal,Low,Moderate
2025-01-19 00:00:00,N013,6.44448,1.409,0.0,Normal,Low,Moderate
2025-01-19 00:00:00,N014,8.989366650535606,0.5556348549563721,1.997,Severe_Blockage,High,Moderate
2025-01-19 00:00:00,N015,1.8678000000000001,1.107,0.0,Normal,Low,Low
2025-01-19 00:00:00,N016,16.52948137830878,0.47271085901605997,4.358,Severe_Blockage,High,High
2025-01-19 00:00:00,N017,7.0430399999999995,1.474,0.0,Normal,Low,Moderate
2025-01-19 00:00:00,N018,5.53862,1.244,0.0,Normal,Low,Moderate
2025-01-19 00:00:00,N019,7.80192,1.398,0.0,Normal,Low,Moderate
2025-01-19 00:00:00,N020,4.839119999999999,1.254,0.0,Normal,Low,Low
2025-01-19 01:00:00,N001,3.3704,1.339,0.0,Normal,Low,Low
2025-01-19 01:00:00,N002,4.34632,1.363,0.0,Normal,Low,Low
2025-01-19 01:00:00,N003,5.09296,1.385,0.0,Normal,Low,Moderate
2025-01-19 01:00:00,N004,4.42716,1.307,0.0,Normal,Low,Low
2025-01-19 01:00:00,N005,1.5707999999999998,1.112,0.0,Normal,Low,Low
2025-01-19 01:00:00,N006,3.9576,1.389,0.0,Normal,Low,Low
2025-01-19 01:00:00,N007,1.84756,1.129,0.0,Normal,Low,Low
2025-01-19 01:00:00,N008,30.683944861832472,0.2799287531386191,11.047,Severe_Blockage,Critical,Critical
2025-01-19 01:00:00,N009,2.7136,1.284,0.0,Normal,Low,Low
2025-01-19 01:00:00,N010,4.30346,1.242,0.0,Normal,Low,Low
2025-01-19 01:00:00,N011,21.53245677292421,0.5072608019596315,5.305,Severe_Blockage,High,High
2025-01-19 01:00:00,N012,4.62462,1.494,0.0,Normal,Low,Low
2025-01-19 01:00:00,N013,1.4028800000000001,1.094,0.0,Normal,Low,Low
2025-01-19 01:00:00,N014,5.291499999999999,1.417,0.0,Normal,Low,Moderate
2025-01-19 01:00:00,N015,2.8979200000000005,1.165,0.0,Normal,Low,Low
2025-01-19 01:00:00,N016,26.994146549110607,0.25398548400463355,10.069,Severe_Blockage,Critical,Critical
2025-01-19 01:00:00,N017,1.5300799999999999,1.08,0.0,Normal,Low,Low
2025-01-19 01:00:00,N018,4.506799999999999,1.299,0.0,Normal,Low,Low
2025-01-19 01:00:00,N019,5.6467600000000004,1.337,0.0,Normal,Low,Moderate
2025-01-19 01:00:00,N020,3.12832,1.182,0.0,Normal,Low,Low
2025-01-19 02:00:00,N001,3.3,1.406,0.0,Normal,Low,Low
2025-01-19 02:00:00,N002,4.660620000000001,1.413,0.0,Normal,Low,Low
2025-01-19 02:00:00,N003,23.876105274548042,0.4361622390119938,6.731,Severe_Blockage,High,High
2025-01-19 02:00:00,N004,3.34372,1.205,0.0,Normal,Low,Low
2025-01-19 02:00:00,N005,12.854095526685134,0.5593065619154313,2.832,Severe_Blockage,High,Moderate
2025-01-19 02:00:00,N006,5.3738,1.365,0.0,Normal,Low,Moderate
2025-01-19 02:00:00,N007,3.87296,1.347,0.0,Normal,Low,Low
2025-01-19 02:00:00,N008,1.006,1.075,0.0,Normal,Low,Low
2025-01-19 02:00:00,N009,4.5568,1.322,0.0,Normal,Low,Low
2025-01-19 02:00:00,N010,1.16704,1.067,0.0,Normal,Low,Low
2025-01-19 02:00:00,N011,4.081,1.405,0.0,Normal,Low,Low
2025-01-19 02:00:00,N012,5.7026200000000005,1.393,0.0,Normal,Low,Moderate
2025-01-19 02:00:00,N013,5.7540000000000004,1.48,0.0,Normal,Low,Moderate
2025-01-19 02:00:00,N014,17.565483450356652,0.500335399171361,4.388,Severe_Blockage,High,High
2025-01-19 02:00:00,N015,6.735400000000001,1.35,0.0,Normal,Low,Moderate
2025-01-19 02:00:00,N016,3.4614999999999996,1.343,0.0,Normal,Low,Low
2025-01-19 02:00:00,N017,7.13648,1.463,0.0,Normal,Low,Moderate
2025-01-19 02:00:00,N018,2.62106,1.165,0.0,Normal,Low,Low
2025-01-19 02:00:00,N019,5.971839999999999,1.439,0.0,Normal,Low,Moderate
2025-01-19 02:00:00,N020,19.40376801584787,0.5569481695818896,4.298,Severe_Blockage,High,High
2025-01-19 03:00:00,N001,2.9392,1.265,0.0,Normal,Low,Low
2025-01-19 03:00:00,N002,2.31684,1.142,0.0,Normal,Low,Low
2025-01-19 03:00:00,N003,8.663761009127615,0.6079921050221482,1.698,Partial_Blockage,Moderate,Moderate
2025-01-19 03:00:00,N004,3.0635199999999996,1.374,0.0,Normal,Low,Low
2025-01-19 03:00:00,N005,1.18048,1.064,0.0,Normal,Low,Low
2025-01-19 03:00:00,N006,3.4435,1.268,0.0,Normal,Low,Low
2025-01-19 03:00:00,N007,24.890675134107326,0.41737304370563644,7.251,Severe_Blockage,High,High
2025-01-19 03:00:00,N008,2.0623,1.187,0.0,Normal,Low,Low
2025-01-19 03:00:00,N009,1.30048,1.079,0.0,Normal,Low,Low
2025-01-19 03:00:00,N010,23.269548193958002,0.4302051213262904,6.629,Severe_Blockage,High,High
2025-01-19 03:00:00,N011,27.660004949450975,0.3584157951945218,8.873,Severe_Blockage,Critical,Critical
2025-01-19 03:00:00,N012,1.5631000000000002,1.097,0.0,Normal,Low,Low
2025-01-19 03:00:00,N013,3.1236,1.296,0.0,Normal,Low,Low
2025-01-19 03:00:00,N014,8.98623603238216,0.6747260262519306,1.461,Partial_Blockage,Moderate,Moderate
2025-01-19 03:00:00,N015,16.196304552410428,0.40664663255290784,4.805,Severe_Blockage,High,High
2025-01-19 03:00:00,N016,6.5895,1.466,0.0,Normal,Low,Moderate
2025-01-19 03:00:00,N017,3.23536,1.139,0.0,Normal,Low,Low
2025-01-19 03:00:00,N018,6.15534,1.422,0.0,Normal,Low,Moderate
2025-01-19 03:00:00,N019,9.35508,1.49,0.0,Normal,Low,Moderate
2025-01-19 03:00:00,N020,30.439969867855254,0.2898158594087386,10.809,Severe_Blockage,Critical,Critical
2025-01-19 04:00:00,N001,3.1768,1.294,0.0,Normal,Low,Low
2025-01-19 04:00:00,N002,2.81074,1.265,0.0,Normal,Low,Low
2025-01-19 04:00:00,N003,3.08692,1.359,0.0,Normal,Low,Low
2025-01-19 04:00:00,N004,9.231247966705286,0.6282261391869128,1.716,Partial_Blockage,Moderate,Moderate
2025-01-19 04:00:00,N005,3.5795199999999996,1.209,0.0,Normal,Low,Low
2025-01-19 04:00:00,N006,4.7336,1.469,0.0,Normal,Low,Low
2025-01-19 04:00:00,N007,9.175638323469938,0.6282646460279304,1.705,Partial_Blockage,Moderate,Moderate
2025-01-19 04:00:00,N008,5.71408,1.459,0.0,Normal,Low,Moderate
2025-01-19 04:00:00,N009,1.80224,1.124,0.0,Normal,Low,Low
2025-01-19 04:00:00,N010,3.87624,1.304,0.0,Normal,Low,Low
2025-01-19 04:00:00,N011,16.17049270847624,0.5946291691984146,3.278,Severe_Blockage,High,High
2025-01-19 04:00:00,N012,24.386061662291,0.48600767299464664,6.267,Severe_Blockage,High,High
2025-01-19 04:00:00,N013,2.3016,1.132,0.0,Normal,Low,Low
2025-01-19 04:00:00,N014,3.75418,1.405,0.0,Normal,Low,Low
2025-01-19 04:00:00,N015,6.46372,1.481,0.0,Normal,Low,Moderate
2025-01-19 04:00:00,N016,4.14,1.337,0.0,Normal,Low,Low
2025-01-19 04:00:00,N017,2.14912,1.139,0.0,Normal,Low,Low
2025-01-19 04:00:00,N018,4.83888,1.246,0.0,Normal,Low,Low
2025-01-19 04:00:00,N019,5.61064,1.258,0.0,Normal,Low,Moderate
2025-01-19 04:00:00,N020,6.24442,1.368,0.0,Normal,Low,Moderate
2025-01-19 05:00:00,N001,4.444,1.429,0.0,Normal,Low,Low
2025-01-19 05:00:00,N002,2.88258,1.211,0.0,Normal,Low,Low
2025-01-19 05:00:00,N003,3.27012,1.227,0.0,Normal,Low,Low
2025-01-19 05:00:00,N004,21.139458631384507,0.5790577920008801,4.449,Severe_Blockage,High,High
2025-01-19 05:00:00,N005,2.21816,1.252,0.0,Normal,Low,Low
2025-01-19 05:00:00,N006,6.7512,1.517,0.0,Normal,Low,Moderate
2025-01-19 05:00:00,N007,21.849364371235602,0.41570705608858993,6.383,Severe_Blockage,High,High
2025-01-19 05:00:00,N008,3.17896,1.291,0.0,Normal,Low,Low
2025-01-19 05:00:00,N009,1.96608,1.15,0.0,Normal,Low,Low
2025-01-19 05:00:00,N010,3.87624,1.257,0.0,Normal,Low,Low
2025-01-19 05:00:00,N011,12.86447752794836,0.6358860155660575,2.342,Partial_Blockage,Moderate,Moderate
2025-01-19 05:00:00,N012,4.05328,1.313,0.0,Normal,Low,Low
2025-01-19 05:00:00,N013,3.2332000000000005,1.267,0.0,Normal,Low,Low
2025-01-19 05:00:00,N014,7.073899999999999,1.348,0.0,Normal,Low,Moderate
2025-01-19 05:00:00,N015,2.1734400000000003,1.112,0.0,Normal,Low,Low
2025-01-19 05:00:00,N016,36.074784054286,0.3846493315651157,11.099,Severe_Blockage,Critical,Critical
2025-01-19 05:00:00,N017,15.172930244147832,0.5584315057329599,3.35,Severe_Blockage,High,High
2025-01-19 05:00:00,N018,20.5729934621445,0.5252800066873073,4.883,Severe_Blockage,High,High
2025-01-19 05:00:00,N019,19.014826777231747,0.4926220436186107,4.824,Severe_Blockage,High,High
2025-01-19 05:00:00,N020,2.28514,1.139,0.0,Normal,Low,Low
2025-01-19 06:00:00,N001,1.7776,1.121,0.0,Normal,Low,Low
2025-01-19 06:00:00,N002,1.49068,1.088,0.0,Normal,Low,Low
2025-01-19 06:00:00,N003,1.79536,1.109,0.0,Normal,Low,Low
2025-01-19 06:00:00,N004,2.04546,1.124,0.0,Normal,Low,Low
2025-01-19 06:00:00,N005,3.07496,1.286,0.0,Normal,Low,Low
2025-01-19 06:00:00,N006,24.028283075720445,0.45960958530014945,6.492,Severe_Blockage,High,High
2025-01-19 06:00:00,N007,6.62948,1.394,0.0,Normal,Low,Moderate
2025-01-19 06:00:00,N008,4.96964,1.282,0.0,Normal,Low,Low
2025-01-19 06:00:00,N009,1.77152,1.11,0.0,Normal,Low,Low
2025-01-19 06:00:00,N010,4.61606,1.308,0.0,Normal,Low,Low
2025-01-19 06:00:00,N011,24.60936270488606,0.5355150943832347,5.715,Severe_Blockage,High,High
2025-01-19 06:00:00,N012,4.9264600000000005,1.285,0.0,Normal,Low,Low
2025-01-19 06:00:00,N013,7.09112,1.484,0.0,Normal,Low,Moderate
2025-01-19 06:00:00,N014,4.823619999999999,1.227,0.0,Normal,Low,Low
2025-01-19 06:00:00,N015,3.1809200000000004,1.129,0.0,Normal,Low,Low
2025-01-19 06:00:00,N016,2.6565,1.114,0.0,Normal,Low,Low
2025-01-19 06:00:00,N017,7.615359999999999,1.469,0.0,Normal,Low,Moderate
2025-01-19 06:00:00,N018,2.2652599999999996,1.125,0.0,Normal,Low,Low
2025-01-19 06:00:00,N019,1.05952,1.063,0.0,Normal,Low,Low
2025-01-19 06:00:00,N020,4.277,1.214,0.0,Normal,Low,Low
2025-01-19 07:00:00,N001,2.64,1.249,0.0,Normal,Low,Low
2025-01-19 07:00:00,N002,6.1962,1.512,0.0,Normal,Low,Moderate
2025-01-19 07:00:00,N003,11.617401616017736,0.7401320520257381,1.509,Partial_Blockage,Moderate,Moderate
2025-01-19 07:00:00,N004,5.613339999999999,1.436,0.0,Normal,Low,Moderate
2025-01-19 07:00:00,N005,6.188,1.428,0.0,Normal,Low,Moderate
2025-01-19 07:00:00,N006,4.8015,1.401,0.0,Normal,Low,Low
2025-01-19 07:00:00,N007,5.29568,1.489,0.0,Normal,Low,Moderate
2025-01-19 07:00:00,N008,0.79474,1.055,0.0,Normal,Low,Low
2025-01-19 07:00:00,N009,1.8534400000000002,1.111,0.0,Normal,Low,Low
2025-01-19 07:00:00,N010,1.6984599999999999,1.141,0.0,Normal,Low,Low
2025-01-19 07:00:00,N011,22.56752261128381,0.5522399115054791,5.052,Severe_Blockage,High,High
2025-01-19 07:00:00,N012,28.613882207847457,0.29126756149504524,10.14,Severe_Blockage,Critical,Critical
2025-01-19 07:00:00,N013,1.9947200000000003,1.121,0.0,Normal,Low,Low
2025-01-19 07:00:00,N014,3.2528799999999998,1.257,0.0,Normal,Low,Low
2025-01-19 07:00:00,N015,2.0602400000000003,1.14,0.0,Normal,Low,Low
2025-01-19 07:00:00,N016,18.73894561540863,0.5655758642686765,4.07,Severe_Blockage,High,High
2025-01-19 07:00:00,N017,4.95232,1.356,0.0,Normal,Low,Low
2025-01-19 07:00:00,N018,1.9568999999999999,1.114,0.0,Normal,Low,Low
2025-01-19 07:00:00,N019,4.3344,1.247,0.0,Normal,Low,Low
2025-01-19 07:00:00,N020,14.970381578119214,0.7488018930803826,1.88,Partial_Blockage,Moderate,Moderate
2025-01-19 08:00:00,N001,24.317022663401232,0.543014033361363,5.556,Severe_Blockage,High,High
2025-01-19 08:00:00,N002,5.1635,1.351,0.0,Normal,Low,Moderate
2025-01-19 08:00:00,N003,3.50828,1.253,0.0,Normal,Low,Low
2025-01-19 08:00:00,N004,20.090244682548473,0.529437507363032,4.727,Severe_Blockage,High,High
2025-01-19 08:00:00,N005,14.1232834763736,0.6368172940674025,2.565,Partial_Blockage,Moderate,Moderate
2025-01-19 08:00:00,N006,5.5096,1.42,0.0,Normal,Low,Moderate
2025-01-19 08:00:00,N007,10.732195693965856,0.5861939699443649,2.221,Severe_Blockage,High,Moderate
2025-01-19 08:00:00,N008,4.36604,1.47,0.0,Normal,Low,Low
2025-01-19 08:00:00,N009,8.221551265004118,0.5805744764281562,1.724,Severe_Blockage,High,Moderate
2025-01-19 08:00:00,N010,4.7932,1.393,0.0,Normal,Low,Low
2025-01-19 08:00:00,N011,1.855,1.105,0.0,Normal,Low,Low
2025-01-19 08:00:00,N012,3.9454800000000003,1.249,0.0,Normal,Low,Low
2025-01-19 08:00:00,N013,1.2604,1.091,0.0,Normal,Low,Low
2025-01-19 08:00:00,N014,1.3145199999999997,1.08,0.0,Normal,Low,Low
2025-01-19 08:00:00,N015,19.9995746018761,0.5359281683238111,4.641,Severe_Blockage,High,High
2025-01-19 08:00:00,N016,4.6345,1.395,0.0,Normal,Low,Low
2025-01-19 08:00:00,N017,4.8472,1.319,0.0,Normal,Low,Low
2025-01-19 08:00:00,N018,17.60173088556948,0.43888997169283217,4.938,Severe_Blockage,High,High
2025-01-19 08:00:00,N019,1.6976399999999998,1.09,0.0,Normal,Low,Low
2025-01-19 08:00:00,N020,1.4664,1.063,0.0,Normal,Low,Low
2025-01-19 09:00:00,N001,1.3816000000000002,1.114,0.0,Normal,Low,Low
2025-01-19 09:00:00,N002,2.12826,1.144,0.0,Normal,Low,Low
2025-01-19 09:00:00,N003,26.322521603862377,0.340554735873938,8.679,Severe_Blockage,Critical,Critical
2025-01-19 09:00:00,N004,0.96202,1.082,0.0,Normal,Low,Low
2025-01-19 09:00:00,N005,2.69416,1.179,0.0,Normal,Low,Low
2025-01-19 09:00:00,N006,27.823380578444993,0.28040425466249863,10.011,Severe_Blockage,Critical,Critical
2025-01-19 09:00:00,N007,3.952,1.314,0.0,Normal,Low,Low
2025-01-19 09:00:00,N008,3.30974,1.249,0.0,Normal,Low,Low
2025-01-19 09:00:00,N009,1.792,1.12,0.0,Normal,Low,Low
2025-01-19 09:00:00,N010,24.747794280576525,0.4845701926939435,6.378,Severe_Blockage,High,High
2025-01-19 09:00:00,N011,2.173,1.113,0.0,Normal,Low,Low
2025-01-19 09:00:00,N012,2.9645,1.263,0.0,Normal,Low,Low
2025-01-19 09:00:00,N013,2.78384,1.178,0.0,Normal,Low,Low
2025-01-19 09:00:00,N014,5.436319999999999,1.333,0.0,Normal,Low,Moderate
2025-01-19 09:00:00,N015,2.2074000000000003,1.159,0.0,Normal,Low,Low
2025-01-19 09:00:00,N016,8.791368522227538,0.6447508544625157,1.562,Partial_Blockage,Moderate,Moderate
2025-01-19 09:00:00,N017,4.648639999999999,1.481,0.0,Normal,Low,Low
2025-01-19 09:00:00,N018,4.06798,1.34,0.0,Normal,Low,Low
2025-01-19 09:00:00,N019,1.78192,1.071,0.0,Normal,Low,Low
2025-01-19 09:00:00,N020,1.24644,1.058,0.0,Normal,Low,Low
2025-01-19 10:00:00,N001,4.9544,1.451,0.0,Normal,Low,Low
2025-01-19 10:00:00,N002,3.08014,1.205,0.0,Normal,Low,Low
2025-01-19 10:00:00,N003,4.09452,1.238,0.0,Normal,Low,Low
2025-01-19 10:00:00,N004,2.22292,1.156,0.0,Normal,Low,Low
2025-01-19 10:00:00,N005,4.57912,1.41,0.0,Normal,Low,Low
2025-01-19 10:00:00,N006,2.2795,1.143,0.0,Normal,Low,Low
2025-01-19 10:00:00,N007,2.5688,1.227,0.0,Normal,Low,Low
2025-01-19 10:00:00,N008,12.75051921537586,0.6102703701728567,2.485,Partial_Blockage,Moderate,Moderate
2025-01-19 10:00:00,N009,9.072114277742575,0.6573699526752083,1.554,Partial_Blockage,Moderate,Moderate
2025-01-19 10:00:00,N010,24.703361913794943,0.5871352740392085,5.1,Severe_Blockage,High,High
2025-01-19 10:00:00,N011,2.5546,1.111,0.0,Normal,Low,Low
2025-01-19 10:00:00,N012,4.02094,1.261,0.0,Normal,Low,Low
2025-01-19 10:00:00,N013,1.7207200000000002,1.106,0.0,Normal,Low,Low
2025-01-19 10:00:00,N014,4.021539999999999,1.269,0.0,Normal,Low,Low
2025-01-19 10:00:00,N015,34.872906179948195,0.29902520123858695,12.223,Severe_Blockage,Critical,Critical
2025-01-19 10:00:00,N016,2.8059999999999996,1.202,0.0,Normal,Low,Low
2025-01-19 10:00:00,N017,10.686236323605684,0.5945822648030896,2.166,Severe_Blockage,High,Moderate
2025-01-19 10:00:00,N018,5.19468,1.322,0.0,Normal,Low,Moderate
2025-01-19 10:00:00,N019,6.89892,1.533,0.0,Normal,Low,Moderate
2025-01-19 10:00:00,N020,14.533758424632094,0.6226611786916038,2.742,Partial_Blockage,Moderate,Moderate
2025-01-19 11:00:00,N001,1.9976,1.433,0.0,Normal,Low,Low
2025-01-19 11:00:00,N002,3.16994,1.357,0.0,Normal,Low,Low
2025-01-19 11:00:00,N003,2.78464,1.217,0.0,Normal,Low,Low
2025-01-19 11:00:00,N004,32.44608706689699,0.25611277654713127,12.068,Severe_Blockage,Critical,Critical
2025-01-19 11:00:00,N005,2.32288,1.141,0.0,Normal,Low,Low
2025-01-19 11:00:00,N006,5.6454,1.501,0.0,Normal,Low,Moderate
2025-01-19 11:00:00,N007,4.47564,1.478,0.0,Normal,Low,Low
2025-01-19 11:00:00,N008,2.3641,1.161,0.0,Normal,Low,Low
2025-01-19 11:00:00,N009,3.072,1.222,0.0,Normal,Low,Low
2025-01-19 11:00:00,N010,0.9273800000000001,1.06,0.0,Normal,Low,Low
2025-01-19 11:00:00,N011,2.0034,1.137,0.0,Normal,Low,Low
2025-01-19 11:00:00,N012,15.19216804556612,0.4675673472261546,4.044,Severe_Blockage,High,High
2025-01-19 11:00:00,N013,1.33712,1.085,0.0,Normal,Low,Low
2025-01-19 11:00:00,N014,4.7345,1.49,0.0,Normal,Low,Low
2025-01-19 11:00:00,N015,4.3242400000000005,1.293,0.0,Normal,Low,Low
2025-01-19 11:00:00,N016,5.3475,1.388,0.0,Normal,Low,Moderate
2025-01-19 11:00:00,N017,6.026879999999999,1.457,0.0,Normal,Low,Moderate
2025-01-19 11:00:00,N018,26.670776602855998,0.34432982157437325,8.744,Severe_Blockage,Critical,Critical
2025-01-19 11:00:00,N019,1.4929599999999998,1.078,0.0,Normal,Low,Low
2025-01-19 11:00:00,N020,5.2546,1.482,0.0,Normal,Low,Moderate
2025-01-19 12:00:00,N001,1.4871999999999999,1.167,0.0,Normal,Low,Low
2025-01-19 12:00:00,N002,1.8229399999999998,1.179,0.0,Normal,Low,Low
2025-01-19 12:00:00,N003,1.35568,1.117,0.0,Normal,Low,Low
2025-01-19 12:00:00,N004,2.97012,1.274,0.0,Normal,Low,Low
2025-01-19 12:00:00,N005,2.08488,1.234,0.0,Normal,Low,Low
2025-01-19 12:00:00,N006,18.632381786478668,0.5494160177862132,4.198,Severe_Blockage,High,High
2025-01-19 12:00:00,N007,1.62032,1.148,0.0,Normal,Low,Low
2025-01-19 12:00:00,N008,4.93946,1.364,0.0,Normal,Low,Low
2025-01-19 12:00:00,N009,3.6659200000000003,1.285,0.0,Normal,Low,Low
2025-01-19 12:00:00,N010,5.157900000000001,1.401,0.0,Normal,Low,Moderate
2025-01-19 12:00:00,N011,3.7842000000000002,1.201,0.0,Normal,Low,Low
2025-01-19 12:00:00,N012,17.30672540989258,0.5822114328042017,3.615,Severe_Blockage,High,High
2025-01-19 12:00:00,N013,2.9592000000000005,1.181,0.0,Normal,Low,Low
2025-01-19 12:00:00,N014,0.5013,1.062,0.0,Normal,Low,Low
2025-01-19 12:00:00,N015,31.12531293128995,0.2957221616158982,10.96,Severe_Blockage,Critical,Critical
2025-01-19 12:00:00,N016,5.566,1.512,0.0,Normal,Low,Moderate
2025-01-19 12:00:00,N017,1.3665599999999998,1.096,0.0,Normal,Low,Low
2025-01-19 12:00:00,N018,4.34076,1.419,0.0,Normal,Low,Low
2025-01-19 12:00:00,N019,10.553507192545394,0.6545471157543814,1.823,Partial_Blockage,Moderate,Moderate
2025-01-19 12:00:00,N020,5.6578599999999994,1.439,0.0,Normal,Low,Moderate
2025-01-19 13:00:00,N001,11.45545485994973,0.6348958262862437,2.091,Partial_Blockage,Moderate,Moderate
2025-01-19 13:00:00,N002,0.88004,1.074,0.0,Normal,Low,Low
2025-01-19 13:00:00,N003,2.57396,1.178,0.0,Normal,Low,Low
2025-01-19 13:00:00,N004,5.09964,1.536,0.0,Normal,Low,Moderate
2025-01-19 13:00:00,N005,2.11344,1.276,0.0,Normal,Low,Low
2025-01-19 13:00:00,N006,1.1252,1.066,0.0,Normal,Low,Low
2025-01-19 13:00:00,N007,4.2484,1.333,0.0,Normal,Low,Low
2025-01-19 13:00:00,N008,2.2635,1.362,0.0,Normal,Low,Low
2025-01-19 13:00:00,N009,0.9728,1.074,0.0,Normal,Low,Low
2025-01-19 13:00:00,N010,0.65646,1.076,0.0,Normal,Low,Low
2025-01-19 13:00:00,N011,9.0207412139499,0.7441721123775263,1.154,Partial_Blockage,Moderate,Moderate
2025-01-19 13:00:00,N012,22.156743093138367,0.41594311587348753,6.47,Severe_Blockage,High,High
2025-01-19 13:00:00,N013,3.2880000000000003,1.219,0.0,Normal,Low,Low
2025-01-19 13:00:00,N014,3.6205,1.246,0.0,Normal,Low,Low
2025-01-19 13:00:00,N015,7.131600000000001,1.488,0.0,Normal,Low,Moderate
2025-01-19 13:00:00,N016,8.968277372102312,0.6142489516330394,1.73,Partial_Blockage,Moderate,Moderate
2025-01-19 13:00:00,N017,5.5012799999999995,1.516,0.0,Normal,Low,Moderate
2025-01-19 13:00:00,N018,4.51866,1.375,0.0,Normal,Low,Low
2025-01-19 13:00:00,N019,6.6822,1.525,0.0,Normal,Low,Moderate
2025-01-19 13:00:00,N020,23.025075292560082,0.5743750841878733,4.9,Severe_Blockage,High,High
2025-01-19 14:00:00,N001,4.2152,1.398,0.0,Normal,Low,Low
2025-01-19 14:00:00,N002,4.22958,1.48,0.0,Normal,Low,Low
2025-01-19 14:00:00,N003,4.3052,1.404,0.0,Normal,Low,Low
2025-01-19 14:00:00,N004,2.62454,1.187,0.0,Normal,Low,Low
2025-01-19 14:00:00,N005,3.17968,1.263,0.0,Normal,Low,Low
2025-01-19 14:00:00,N006,0.9506,1.059,0.0,Normal,Low,Low
2025-01-19 14:00:00,N007,4.8510800000000005,1.294,0.0,Normal,Low,Low
2025-01-19 14:00:00,N008,3.0884199999999997,1.237,0.0,Normal,Low,Low
2025-01-19 14:00:00,N009,1.10592,1.078,0.0,Normal,Low,Low
2025-01-19 14:00:00,N010,3.04264,1.269,0.0,Normal,Low,Low
2025-01-19 14:00:00,N011,4.3672,1.315,0.0,Normal,Low,Low
2025-01-19 14:00:00,N012,2.45784,1.129,0.0,Normal,Low,Low
2025-01-19 14:00:00,N013,27.65273302160588,0.37689878620019557,8.615,Severe_Blockage,Critical,Critical
2025-01-19 14:00:00,N014,1.38136,1.124,0.0,Normal,Low,Low
2025-01-19 14:00:00,N015,15.509570253874125,0.41671283127137015,4.523,Severe_Blockage,High,High
2025-01-19 14:00:00,N016,33.60795178247237,0.37099295392120446,10.57,Severe_Blockage,Critical,Critical
2025-01-19 14:00:00,N017,4.29824,1.459,0.0,Normal,Low,Low
2025-01-19 14:00:00,N018,2.71594,1.176,0.0,Normal,Low,Low
2025-01-19 14:00:00,N019,3.34712,1.297,0.0,Normal,Low,Low
2025-01-19 14:00:00,N020,2.16294,1.123,0.0,Normal,Low,Low
2025-01-19 15:00:00,N001,3.1064,1.401,0.0,Normal,Low,Low
2025-01-19 15:00:00,N002,1.69722,1.16,0.0,Normal,Low,Low
2025-01-19 15:00:00,N003,21.55814507633216,0.5434410899475163,4.921,Severe_Blockage,High,High
2025-01-19 15:00:00,N004,2.9607799999999997,1.231,0.0,Normal,Low,Low
2025-01-19 15:00:00,N005,5.712,1.497,0.0,Normal,Low,Moderate
2025-01-19 15:00:00,N006,20.49613637220311,0.5112766717165088,5.008,Severe_Blockage,High,High
2025-01-19 15:00:00,N007,1.9463599999999999,1.173,0.0,Normal,Low,Low
2025-01-19 15:00:00,N008,3.84292,1.352,0.0,Normal,Low,Low
2025-01-19 15:00:00,N009,20.812395946554776,0.512034899753495,5.078,Severe_Blockage,High,High
2025-01-19 15:00:00,N010,3.30314,1.324,0.0,Normal,Low,Low
2025-01-19 15:00:00,N011,10.055256727590987,0.7139498596269791,1.438,Partial_Blockage,Moderate,Moderate
2025-01-19 15:00:00,N012,3.68676,1.278,0.0,Normal,Low,Low
2025-01-19 15:00:00,N013,5.49096,1.433,0.0,Normal,Low,Moderate
2025-01-19 15:00:00,N014,3.9435599999999997,1.301,0.0,Normal,Low,Low
2025-01-19 15:00:00,N015,3.7242800000000003,1.439,0.0,Normal,Low,Low
2025-01-19 15:00:00,N016,2.921,1.208,0.0,Normal,Low,Low
2025-01-19 15:00:00,N017,12.355464264833277,0.7439528049408741,1.582,Partial_Blockage,Moderate,Moderate
2025-01-19 15:00:00,N018,1.6603999999999999,1.084,0.0,Normal,Low,Low
2025-01-19 15:00:00,N019,6.60996,1.47,0.0,Normal,Low,Moderate
2025-01-19 15:00:00,N020,5.0346400000000004,1.522,0.0,Normal,Low,Moderate
2025-01-19 16:00:00,N001,1.3024,1.128,0.0,Normal,Low,Low
2025-01-19 16:00:00,N002,3.53812,1.284,0.0,Normal,Low,Low
2025-01-19 16:00:00,N003,14.780747407815227,0.5506724572462758,3.321,Severe_Blockage,High,Moderate
2025-01-19 16:00:00,N004,1.9707399999999997,1.174,0.0,Normal,Low,Low
2025-01-19 16:00:00,N005,28.53656759460938,0.3347523153882005,9.492,Severe_Blockage,Critical,Critical
2025-01-19 16:00:00,N006,6.5863,1.529,0.0,Normal,Low,Moderate
2025-01-19 16:00:00,N007,3.8828400000000003,1.32,0.0,Normal,Low,Low
2025-01-19 16:00:00,N008,2.1126,1.225,0.0,Normal,Low,Low
2025-01-19 16:00:00,N009,0.8294400000000001,1.055,0.0,Normal,Low,Low
2025-01-19 16:00:00,N010,2.084,1.179,0.0,Normal,Low,Low
2025-01-19 16:00:00,N011,4.844200000000001,1.457,0.0,Normal,Low,Low
2025-01-19 16:00:00,N012,27.941805327167682,0.3704350221935156,8.796,Severe_Blockage,Critical,Critical
2025-01-19 16:00:00,N013,2.9592000000000005,1.226,0.0,Normal,Low,Low
2025-01-19 16:00:00,N014,1.4482,1.189,0.0,Normal,Low,Low
2025-01-19 16:00:00,N015,2.4338,1.184,0.0,Normal,Low,Low
2025-01-19 16:00:00,N016,4.5655,1.316,0.0,Normal,Low,Low
2025-01-19 16:00:00,N017,21.74669181255774,0.5261552545820847,5.152,Severe_Blockage,High,High
2025-01-19 16:00:00,N018,16.85728442989548,0.5777193807618576,3.559,Severe_Blockage,High,High
2025-01-19 16:00:00,N019,1.19196,1.056,0.0,Normal,Low,Low
2025-01-19 16:00:00,N020,29.067050768391226,0.3981057246286125,8.748,Severe_Blockage,Critical,Critical
2025-01-19 17:00:00,N001,2.7896,1.24,0.0,Normal,Low,Low
2025-01-19 17:00:00,N002,2.26296,1.321,0.0,Normal,Low,Low
2025-01-19 17:00:00,N003,2.3266400000000003,1.32,0.0,Normal,Low,Low
2025-01-19 17:00:00,N004,2.8113399999999995,1.314,0.0,Normal,Low,Low
2025-01-19 17:00:00,N005,1.20904,1.085,0.0,Normal,Low,Low
2025-01-19 17:00:00,N006,5.5193,1.503,0.0,Normal,Low,Moderate
2025-01-19 17:00:00,N007,2.4304799999999998,1.185,0.0,Normal,Low,Low
2025-01-19 17:00:00,N008,13.436858513496793,0.5752372552573025,2.854,Severe_Blockage,High,Moderate
2025-01-19 17:00:00,N009,8.388366160811284,0.6466443724935362,1.482,Partial_Blockage,Moderate,Moderate
2025-01-19 17:00:00,N010,3.9075,1.499,0.0,Normal,Low,Low
2025-01-19 17:00:00,N011,3.5616,1.218,0.0,Normal,Low,Low
2025-01-19 17:00:00,N012,20.680203824333333,0.5052776167780191,5.115,Severe_Blockage,High,High
2025-01-19 17:00:00,N013,35.06920643349393,0.25349192222233796,13.09,Severe_Blockage,Critical,Critical
2025-01-19 17:00:00,N014,4.03268,1.372,0.0,Normal,Low,Low
2025-01-19 17:00:00,N015,4.075200000000001,1.356,0.0,Normal,Low,Low
2025-01-19 17:00:00,N016,12.134438544775874,0.6378811162620363,2.197,Partial_Blockage,Moderate,Moderate
2025-01-19 17:00:00,N017,1.4716799999999999,1.072,0.0,Normal,Low,Low
2025-01-19 17:00:00,N018,4.29332,1.253,0.0,Normal,Low,Low
2025-01-19 17:00:00,N019,1.58928,1.076,0.0,Normal,Low,Low
2025-01-19 17:00:00,N020,21.795438552841066,0.4154379250878809,6.37,Severe_Blockage,High,High
2025-01-19 18:00:00,N001,35.732394951863476,0.3249027708802703,12.061,Severe_Blockage,Critical,Critical
2025-01-19 18:00:00,N002,3.8883400000000004,1.489,0.0,Normal,Low,Low
2025-01-19 18:00:00,N003,2.9128800000000004,1.245,0.0,Normal,Low,Low
2025-01-19 18:00:00,N004,13.089865657220043,0.7231180836510687,1.812,Partial_Blockage,Moderate,Moderate
2025-01-19 18:00:00,N005,0.9329599999999999,1.053,0.0,Normal,Low,Low
2025-01-19 18:00:00,N006,4.946999999999999,1.272,0.0,Normal,Low,Low
2025-01-19 18:00:00,N007,2.69724,1.216,0.0,Normal,Low,Low
2025-01-19 18:00:00,N008,1.52912,1.118,0.0,Normal,Low,Low
2025-01-19 18:00:00,N009,24.37706942143764,0.47565033645581356,6.391,Severe_Blockage,High,High
2025-01-19 18:00:00,N010,18.94657189612897,0.46257976656980654,5.091,Severe_Blockage,High,High
2025-01-19 18:00:00,N011,5.353,1.524,0.0,Normal,Low,Moderate
2025-01-19 18:00:00,N012,0.8085,1.06,0.0,Normal,Low,Low
2025-01-19 18:00:00,N013,3.5181600000000004,1.341,0.0,Normal,Low,Low
2025-01-19 18:00:00,N014,3.8767199999999997,1.279,0.0,Normal,Low,Low
2025-01-19 18:00:00,N015,5.829800000000001,1.336,0.0,Normal,Low,Moderate
2025-01-19 18:00:00,N016,13.998240789699993,0.5524967499142994,3.132,Severe_Blockage,High,Moderate
2025-01-19 18:00:00,N017,6.52912,1.374,0.0,Normal,Low,Moderate
2025-01-19 18:00:00,N018,16.016154428976158,0.5756829332890343,3.398,Severe_Blockage,High,High
2025-01-19 18:00:00,N019,4.47888,1.463,0.0,Normal,Low,Low
2025-01-19 18:00:00,N020,7.03872,1.427,0.0,Normal,Low,Moderate
2025-01-19 19:00:00,N001,23.242590099547737,0.526884726492731,5.498,Severe_Blockage,High,High
2025-01-19 19:00:00,N002,3.85242,1.439,0.0,Normal,Low,Low
2025-01-19 19:00:00,N003,2.30832,1.153,0.0,Normal,Low,Low
2025-01-19 19:00:00,N004,1.8679999999999999,1.154,0.0,Normal,Low,Low
2025-01-19 19:00:00,N005,1.77072,1.172,0.0,Normal,Low,Low
2025-01-19 19:00:00,N006,15.380198712053936,0.45263472089676887,4.209,Severe_Blockage,High,High
2025-01-19 19:00:00,N007,3.58644,1.284,0.0,Normal,Low,Low
2025-01-19 19:00:00,N008,2.1226599999999998,1.151,0.0,Normal,Low,Low
2025-01-19 19:00:00,N009,2.22208,1.289,0.0,Normal,Low,Low
2025-01-19 19:00:00,N010,4.4806,1.33,0.0,Normal,Low,Low
2025-01-19 19:00:00,N011,15.060924054968174,0.581809828112013,3.149,Severe_Blockage,High,High
2025-01-19 19:00:00,N012,2.06976,1.145,0.0,Normal,Low,Low
2025-01-19 19:00:00,N013,0.8768000000000001,1.106,0.0,Normal,Low,Low
2025-01-19 19:00:00,N014,2.5510599999999997,1.191,0.0,Normal,Low,Low
2025-01-19 19:00:00,N015,25.5527731091508,0.38680686973745426,7.834,Severe_Blockage,Critical,Critical
2025-01-19 19:00:00,N016,18.493580457446335,0.40604494223695337,5.492,Severe_Blockage,High,High
2025-01-19 19:00:00,N017,10.349184946045355,0.6610598272435376,1.754,Partial_Blockage,Moderate,Moderate
2025-01-19 19:00:00,N018,4.41192,1.266,0.0,Normal,Low,Low
2025-01-19 19:00:00,N019,1.9264000000000001,1.119,0.0,Normal,Low,Low
2025-01-19 19:00:00,N020,4.81468,1.325,0.0,Normal,Low,Low
2025-01-19 20:00:00,N001,1.76,1.125,0.0,Normal,Low,Low
2025-01-19 20:00:00,N002,2.50542,1.344,0.0,Normal,Low,Low
2025-01-19 20:00:00,N003,3.07776,1.292,0.0,Normal,Low,Low
2025-01-19 20:00:00,N004,4.67934,1.319,0.0,Normal,Low,Low
2025-01-19 20:00:00,N005,2.1705599999999996,1.229,0.0,Normal,Low,Low
2025-01-19 20:00:00,N006,1.1252,1.117,0.0,Normal,Low,Low
2025-01-19 20:00:00,N007,10.250470265620915,0.6000502441446938,2.05,Partial_Blockage,Moderate,Moderate
2025-01-19 20:00:00,N008,22.51337339725469,0.4428726099523126,6.271,Severe_Blockage,High,High
2025-01-19 20:00:00,N009,8.620283956284975,0.6655785630442653,1.441,Partial_Blockage,Moderate,Moderate
2025-01-19 20:00:00,N010,5.03286,1.37,0.0,Normal,Low,Moderate
2025-01-19 20:00:00,N011,3.6464000000000003,1.471,0.0,Normal,Low,Low
2025-01-19 20:00:00,N012,0.61446,1.055,0.0,Normal,Low,Low
2025-01-19 20:00:00,N013,3.47432,1.179,0.0,Normal,Low,Low
2025-01-19 20:00:00,N014,3.5425199999999997,1.21,0.0,Normal,Low,Low
2025-01-19 20:00:00,N015,3.9620000000000006,1.305,0.0,Normal,Low,Low
2025-01-19 20:00:00,N016,4.669,1.467,0.0,Normal,Low,Low
2025-01-19 20:00:00,N017,0.8175999999999999,1.064,0.0,Normal,Low,Low
2025-01-19 20:00:00,N018,1.45878,1.117,0.0,Normal,Low,Low
2025-01-19 20:00:00,N019,5.26148,1.325,0.0,Normal,Low,Moderate
2025-01-19 20:00:00,N020,8.764870774907317,0.6165171616672116,1.681,Partial_Blockage,Moderate,Moderate
2025-01-19 21:00:00,N001,3.3615999999999997,1.405,0.0,Normal,Low,Low
2025-01-19 21:00:00,N002,4.79532,1.488,0.0,Normal,Low,Low
2025-01-19 21:00:00,N003,2.3358,1.144,0.0,Normal,Low,Low
2025-01-19 21:00:00,N004,12.613641710796893,0.6812274826882622,2.01,Partial_Blockage,Moderate,Moderate
2025-01-19 21:00:00,N005,4.607679999999999,1.335,0.0,Normal,Low,Low
2025-01-19 21:00:00,N006,3.2009999999999996,1.228,0.0,Normal,Low,Low
2025-01-19 21:00:00,N007,1.6499599999999999,1.11,0.0,Normal,Low,Low
2025-01-19 21:00:00,N008,12.470832669705175,0.5747863493106034,2.651,Severe_Blockage,High,Moderate
2025-01-19 21:00:00,N009,1.04448,1.123,0.0,Normal,Low,Low
2025-01-19 21:00:00,N010,19.052694590966027,0.452287179394744,5.218,Severe_Blockage,High,High
2025-01-19 21:00:00,N011,2.7984000000000004,1.2,0.0,Normal,Low,Low
2025-01-19 21:00:00,N012,1.11034,1.064,0.0,Normal,Low,Low
2025-01-19 21:00:00,N013,2.3016,1.198,0.0,Normal,Low,Low
2025-01-19 21:00:00,N014,1.1697,1.084,0.0,Normal,Low,Low
2025-01-19 21:00:00,N015,5.320400000000001,1.345,0.0,Normal,Low,Moderate
2025-01-19 21:00:00,N016,22.799292605482,0.4795339740940782,5.933,Severe_Blockage,High,High
2025-01-19 21:00:00,N017,3.14192,1.187,0.0,Normal,Low,Low
2025-01-19 21:00:00,N018,5.96558,1.506,0.0,Normal,Low,Moderate
2025-01-19 21:00:00,N019,37.339669852527834,0.34334337009136107,12.26,Severe_Blockage,Critical,Critical
2025-01-19 21:00:00,N020,2.89614,1.187,0.0,Normal,Low,Low
2025-01-19 22:00:00,N001,1.4696,1.116,0.0,Normal,Low,Low
2025-01-19 22:00:00,N002,3.17892,1.372,0.0,Normal,Low,Low
2025-01-19 22:00:00,N003,3.664,1.32,0.0,Normal,Low,Low
2025-01-19 22:00:00,N004,1.03674,1.079,0.0,Normal,Low,Low
2025-01-19 22:00:00,N005,4.045999999999999,1.328,0.0,Normal,Low,Low
2025-01-19 22:00:00,N006,2.5802,1.247,0.0,Normal,Low,Low
2025-01-19 22:00:00,N007,22.922535970174167,0.44205985885381177,6.395,Severe_Blockage,High,High
2025-01-19 22:00:00,N008,3.28962,1.213,0.0,Normal,Low,Low
2025-01-19 22:00:00,N009,1.00352,1.083,0.0,Normal,Low,Low
2025-01-19 22:00:00,N010,2.15694,1.155,0.0,Normal,Low,Low
2025-01-19 22:00:00,N011,2.2260000000000004,1.154,0.0,Normal,Low,Low
2025-01-19 22:00:00,N012,3.2124400000000004,1.212,0.0,Normal,Low,Low
2025-01-19 22:00:00,N013,11.538375310734272,0.6364588851984466,2.097,Partial_Blockage,Moderate,Moderate
2025-01-19 22:00:00,N014,3.1748999999999996,1.195,0.0,Normal,Low,Low
2025-01-19 22:00:00,N015,1.6640400000000002,1.087,0.0,Normal,Low,Low
2025-01-19 22:00:00,N016,2.4494999999999996,1.179,0.0,Normal,Low,Low
2025-01-19 22:00:00,N017,2.60464,1.206,0.0,Normal,Low,Low
2025-01-19 22:00:00,N018,1.74342,1.099,0.0,Normal,Low,Low
2025-01-19 22:00:00,N019,35.96062815102347,0.3078791464160192,12.445,Severe_Blockage,Critical,Critical
2025-01-19 22:00:00,N020,9.17722,0.7041883364278638,1.357,Partial_Blockage,Moderate,Moderate
2025-01-19 23:00:00,N001,4.7696,1.527,0.0,Normal,Low,Low
2025-01-19 23:00:00,N002,2.62216,1.226,0.0,Normal,Low,Low
2025-01-19 23:00:00,N003,1.77704,1.186,0.0,Normal,Low,Low
2025-01-19 23:00:00,N004,2.71794,1.265,0.0,Normal,Low,Low
2025-01-19 23:00:00,N005,23.937360066724167,0.4516105911943923,6.563,Severe_Blockage,High,High
2025-01-19 23:00:00,N006,3.4046999999999996,1.198,0.0,Normal,Low,Low
2025-01-19 23:00:00,N007,3.2603999999999997,1.401,0.0,Normal,Low,Low
2025-01-19 23:00:00,N008,4.76844,1.521,0.0,Normal,Low,Low
2025-01-19 23:00:00,N009,3.65568,1.3,0.0,Normal,Low,Low
2025-01-19 23:00:00,N010,5.064120000000001,1.392,0.0,Normal,Low,Moderate
2025-01-19 23:00:00,N011,2.2578,1.168,0.0,Normal,Low,Low
2025-01-19 23:00:00,N012,2.7596800000000004,1.177,0.0,Normal,Low,Low
2025-01-19 23:00:00,N013,17.08818934285429,0.40705679988354027,5.066,Severe_Blockage,High,High
2025-01-19 23:00:00,N014,27.135818874824054,0.2976823924604226,9.529,Severe_Blockage,Critical,Critical
2025-01-19 23:00:00,N015,1.0527600000000001,1.067,0.0,Normal,Low,Low
2025-01-19 23:00:00,N016,1.127,1.14,0.0,Normal,Low,Low
2025-01-19 23:00:00,N017,29.11876003993664,0.3760684520593729,9.084,Severe_Blockage,Critical,Critical
2025-01-19 23:00:00,N018,29.791205888553364,0.36950404202663206,9.392,Severe_Blockage,Critical,Critical
2025-01-19 23:00:00,N019,1.7096799999999999,1.108,0.0,Normal,Low,Low
2025-01-19 23:00:00,N020,36.05896780137764,0.345100596544178,11.807,Severe_Blockage,Critical,Critical
2025-01-20 00:00:00,N001,2.6048,1.263,0.0,Normal,Low,Low
2025-01-20 00:00:00,N002,1.65232,1.124,0.0,Normal,Low,Low
2025-01-20 00:00:00,N003,1.72208,1.148,0.0,Normal,Low,Low
2025-01-20 00:00:00,N004,2.8954,1.249,0.0,Normal,Low,Low
2025-01-20 00:00:00,N005,5.34072,1.467,0.0,Normal,Low,Moderate
2025-01-20 00:00:00,N006,3.9188,1.418,0.0,Normal,Low,Low
2025-01-20 00:00:00,N007,21.085630229990148,0.4266834340836375,6.044,Severe_Blockage,High,High
2025-01-20 00:00:00,N008,2.012,1.17,0.0,Normal,Low,Low
2025-01-20 00:00:00,N009,3.90144,1.386,0.0,Normal,Low,Low
2025-01-20 00:00:00,N010,1.75056,1.172,0.0,Normal,Low,Low
2025-01-20 00:00:00,N011,21.18809928972935,0.5564065865285605,4.699,Severe_Blockage,High,High
2025-01-20 00:00:00,N012,3.60052,1.363,0.0,Normal,Low,Low
2025-01-20 00:00:00,N013,0.95352,1.073,0.0,Normal,Low,Low
2025-01-20 00:00:00,N014,20.472519140475928,0.41432830861893283,5.995,Severe_Blockage,High,High
2025-01-20 00:00:00,N015,3.19224,1.349,0.0,Normal,Low,Low
2025-01-20 00:00:00,N016,1.817,1.136,0.0,Normal,Low,Low
2025-01-20 00:00:00,N017,4.29824,1.37,0.0,Normal,Low,Low
2025-01-20 00:00:00,N018,13.843877733004936,0.6685987246655992,2.294,Partial_Blockage,Moderate,Moderate
2025-01-20 00:00:00,N019,4.2139999999999995,1.372,0.0,Normal,Low,Low
2025-01-20 00:00:00,N020,26.938989188430988,0.32841869969984716,9.046,Severe_Blockage,Critical,Critical
2025-01-20 01:00:00,N001,4.1096,1.493,0.0,Normal,Low,Low
2025-01-20 01:00:00,N002,37.852722664054916,0.36853141555466445,11.951,Severe_Blockage,Critical,Critical
2025-01-20 01:00:00,N003,3.55408,1.454,0.0,Normal,Low,Low
2025-01-20 01:00:00,N004,26.188293266096462,0.37426043247630325,8.194,Severe_Blockage,Critical,Critical
2025-01-20 01:00:00,N005,4.569599999999999,1.467,0.0,Normal,Low,Low
2025-01-20 01:00:00,N006,4.4232,1.45,0.0,Normal,Low,Low
2025-01-20 01:00:00,N007,9.847805508444157,0.5843509993481634,2.047,Severe_Blockage,High,Moderate
2025-01-20 01:00:00,N008,1.46876,1.133,0.0,Normal,Low,Low
2025-01-20 01:00:00,N009,4.17792,1.354,0.0,Normal,Low,Low
2025-01-20 01:00:00,N010,3.21978,1.262,0.0,Normal,Low,Low
2025-01-20 01:00:00,N011,2.6076,1.229,0.0,Normal,Low,Low
2025-01-20 01:00:00,N012,23.74577327843282,0.41631793852344334,6.93,Severe_Blockage,High,High
2025-01-20 01:00:00,N013,4.559360000000001,1.363,0.0,Normal,Low,Low
2025-01-20 01:00:00,N014,1.24768,1.087,0.0,Normal,Low,Low
2025-01-20 01:00:00,N015,6.32788,1.374,0.0,Normal,Low,Moderate
2025-01-20 01:00:00,N016,4.622999999999999,1.289,0.0,Normal,Low,Low
2025-01-20 01:00:00,N017,4.45008,1.391,0.0,Normal,Low,Low
2025-01-20 01:00:00,N018,21.943089332962156,0.48356580330468635,5.666,Severe_Blockage,High,High
2025-01-20 01:00:00,N019,5.2133199999999995,1.328,0.0,Normal,Low,Moderate
2025-01-20 01:00:00,N020,21.37399759339936,0.5291113734520895,5.032,Severe_Blockage,High,High
2025-01-20 02:00:00,N001,2.2352,1.338,0.0,Normal,Low,Low
2025-01-20 02:00:00,N002,1.2212800000000001,1.09,0.0,Normal,Low,Low
2025-01-20 02:00:00,N003,0.8702,1.08,0.0,Normal,Low,Low
2025-01-20 02:00:00,N004,18.07792007615565,0.5858477733687493,3.744,Severe_Blockage,High,High
2025-01-20 02:00:00,N005,2.39904,1.179,0.0,Normal,Low,Low
2025-01-20 02:00:00,N006,3.2592,1.298,0.0,Normal,Low,Low
2025-01-20 02:00:00,N007,2.41072,1.215,0.0,Normal,Low,Low
2025-01-20 02:00:00,N008,19.401198369391793,0.5214523401398914,4.642,Severe_Blockage,High,High
2025-01-20 02:00:00,N009,9.022947841447602,0.7191982832980635,1.267,Partial_Blockage,Moderate,Moderate
2025-01-20 02:00:00,N010,1.91728,1.12,0.0,Normal,Low,Low
2025-01-20 02:00:00,N011,1.4310000000000003,1.083,0.0,Normal,Low,Low
2025-01-20 02:00:00,N012,3.1908800000000004,1.192,0.0,Normal,Low,Low
2025-01-20 02:00:00,N013,5.534800000000001,1.504,0.0,Normal,Low,Moderate
2025-01-20 02:00:00,N014,1.51504,1.105,0.0,Normal,Low,Low
2025-01-20 02:00:00,N015,11.143651954528314,0.628625815970245,2.069,Partial_Blockage,Moderate,Moderate
2025-01-20 02:00:00,N016,0.828,1.053,0.0,Normal,Low,Low
2025-01-20 02:00:00,N017,15.428299990936896,0.4510395948630011,4.235,Severe_Blockage,High,High
2025-01-20 02:00:00,N018,9.772509501723112,0.5900815116394854,2.003,Severe_Blockage,High,Moderate
2025-01-20 02:00:00,N019,2.05884,1.147,0.0,Normal,Low,Low
2025-01-20 02:00:00,N020,2.2484800000000003,1.201,0.0,Normal,Low,Low
2025-01-20 03:00:00,N001,3.0448,1.373,0.0,Normal,Low,Low
2025-01-20 03:00:00,N002,1.64334,1.132,0.0,Normal,Low,Low
2025-01-20 03:00:00,N003,8.632321781196648,0.5843391598895812,1.794,Severe_Blockage,High,Moderate
2025-01-20 03:00:00,N004,3.5025,1.397,0.0,Normal,Low,Low
2025-01-20 03:00:00,N005,15.758988409893572,0.5655282048767137,3.423,Severe_Blockage,High,High
2025-01-20 03:00:00,N006,4.3262,1.35,0.0,Normal,Low,Low
2025-01-20 03:00:00,N007,16.268661178018377,0.5168274954664979,3.93,Severe_Blockage,High,High
2025-01-20 03:00:00,N008,24.431443073915155,0.4853423283816444,6.287,Severe_Blockage,High,High
2025-01-20 03:00:00,N009,2.51904,1.281,0.0,Normal,Low,Low
2025-01-20 03:00:00,N010,2.7300400000000002,1.171,0.0,Normal,Low,Low
2025-01-20 03:00:00,N011,1.8232000000000002,1.134,0.0,Normal,Low,Low
2025-01-20 03:00:00,N012,6.32786,1.424,0.0,Normal,Low,Moderate
2025-01-20 03:00:00,N013,2.25776,1.192,0.0,Normal,Low,Low
2025-01-20 03:00:00,N014,4.3446,1.33,0.0,Normal,Low,Low
2025-01-20 03:00:00,N015,3.5431600000000003,1.335,0.0,Normal,Low,Low
2025-01-20 03:00:00,N016,2.7024999999999997,1.189,0.0,Normal,Low,Low
2025-01-20 03:00:00,N017,1.4483199999999998,1.082,0.0,Normal,Low,Low
2025-01-20 03:00:00,N018,0.8539199999999999,1.058,0.0,Normal,Low,Low
2025-01-20 03:00:00,N019,2.56452,1.151,0.0,Normal,Low,Low
2025-01-20 03:00:00,N020,6.19554,1.501,0.0,Normal,Low,Moderate
2025-01-20 04:00:00,N001,5.5352,1.495,0.0,Normal,Low,Moderate
2025-01-20 04:00:00,N002,13.088192595581745,0.7284832024350417,1.777,Partial_Blockage,Moderate,Moderate
2025-01-20 04:00:00,N003,0.71448,1.06,0.0,Normal,Low,Low
2025-01-20 04:00:00,N004,10.136070516010154,0.6669597910492463,1.688,Partial_Blockage,Moderate,Moderate
2025-01-20 04:00:00,N005,9.712811941783432,0.702663692119109,1.444,Partial_Blockage,Moderate,Moderate
2025-01-20 04:00:00,N006,3.6278,1.373,0.0,Normal,Low,Low
2025-01-20 04:00:00,N007,0.71136,1.078,0.0,Normal,Low,Low
2025-01-20 04:00:00,N008,21.565506519961257,0.5176802255139347,5.201,Severe_Blockage,High,High
2025-01-20 04:00:00,N009,21.90008742665552,0.5591208842898007,4.828,Severe_Blockage,High,High
2025-01-20 04:00:00,N010,4.5327,1.407,0.0,Normal,Low,Low
2025-01-20 04:00:00,N011,2.7454,1.176,0.0,Normal,Low,Low
2025-01-20 04:00:00,N012,1.4660800000000003,1.081,0.0,Normal,Low,Low
2025-01-20 04:00:00,N013,21.77864364305101,0.5560480529237766,4.834,Severe_Blockage,High,High
2025-01-20 04:00:00,N014,6.550319999999999,1.504,0.0,Normal,Low,Moderate
2025-01-20 04:00:00,N015,25.475757292163316,0.3922872297854649,7.741,Severe_Blockage,Critical,Critical
2025-01-20 04:00:00,N016,16.36187637541707,0.44849895274050705,4.512,Severe_Blockage,High,High
2025-01-20 04:00:00,N017,4.74208,1.441,0.0,Normal,Low,Low
2025-01-20 04:00:00,N018,4.3289,1.301,0.0,Normal,Low,Low
2025-01-20 04:00:00,N019,4.35848,1.488,0.0,Normal,Low,Low
2025-01-20 04:00:00,N020,1.4664,1.117,0.0,Normal,Low,Low
2025-01-20 05:00:00,N001,3.3,1.418,0.0,Normal,Low,Low
2025-01-20 05:00:00,N002,5.495760000000001,1.507,0.0,Normal,Low,Moderate
2025-01-20 05:00:00,N003,18.813899573680796,0.44462246463752564,5.224,Severe_Blockage,High,High
2025-01-20 05:00:00,N004,1.18618,1.086,0.0,Normal,Low,Low
2025-01-20 05:00:00,N005,8.4586934363536,0.6891640756646045,1.315,Partial_Blockage,Moderate,Moderate
2025-01-20 05:00:00,N006,3.8024,1.289,0.0,Normal,Low,Low
2025-01-20 05:00:00,N007,9.086926662836095,0.6174039741468941,1.738,Partial_Blockage,Moderate,Moderate
2025-01-20 05:00:00,N008,5.7342,1.456,0.0,Normal,Low,Moderate
2025-01-20 05:00:00,N009,3.56352,1.412,0.0,Normal,Low,Low
2025-01-20 05:00:00,N010,1.43796,1.126,0.0,Normal,Low,Low
2025-01-20 05:00:00,N011,2.2896,1.268,0.0,Normal,Low,Low
2025-01-20 05:00:00,N012,3.0723000000000003,1.235,0.0,Normal,Low,Low
2025-01-20 05:00:00,N013,1.73168,1.105,0.0,Normal,Low,Low
2025-01-20 05:00:00,N014,4.366879999999999,1.346,0.0,Normal,Low,Low
2025-01-20 05:00:00,N015,2.35456,1.333,0.0,Normal,Low,Low
2025-01-20 05:00:00,N016,2.7944999999999998,1.196,0.0,Normal,Low,Low
2025-01-20 05:00:00,N017,1.3899199999999998,1.124,0.0,Normal,Low,Low
2025-01-20 05:00:00,N018,8.29014,1.461,0.0,Normal,Low,Moderate
2025-01-20 05:00:00,N019,3.20264,1.321,0.0,Normal,Low,Low
2025-01-20 05:00:00,N020,4.0325999999999995,1.198,0.0,Normal,Low,Low
2025-01-20 06:00:00,N001,0.8623999999999999,1.092,0.0,Normal,Low,Low
2025-01-20 06:00:00,N002,21.87886865593452,0.5978678174783596,4.399,Severe_Blockage,High,High
2025-01-20 06:00:00,N003,2.21672,1.134,0.0,Normal,Low,Low
2025-01-20 06:00:00,N004,3.21296,1.284,0.0,Normal,Low,Low
2025-01-20 06:00:00,N005,5.05512,1.511,0.0,Normal,Low,Moderate
2025-01-20 06:00:00,N006,1.6199,1.106,0.0,Normal,Low,Low
2025-01-20 06:00:00,N007,4.2978,1.358,0.0,Normal,Low,Low
2025-01-20 06:00:00,N008,2.1629,1.218,0.0,Normal,Low,Low
2025-01-20 06:00:00,N009,4.352,1.469,0.0,Normal,Low,Low
2025-01-20 06:00:00,N010,4.34514,1.382,0.0,Normal,Low,Low
2025-01-20 06:00:00,N011,5.724000000000001,1.49,0.0,Normal,Low,Moderate
2025-01-20 06:00:00,N012,8.062161352865141,0.7271253239736613,1.1,Partial_Blockage,Moderate,Moderate
2025-01-20 06:00:00,N013,9.955959914793016,0.7291252857155484,1.348,Partial_Blockage,Moderate,Moderate
2025-01-20 06:00:00,N014,3.6205,1.231,0.0,Normal,Low,Low
2025-01-20 06:00:00,N015,24.03921932411386,0.5552797158752569,5.345,Severe_Blockage,High,High
2025-01-20 06:00:00,N016,5.8305,1.366,0.0,Normal,Low,Moderate
2025-01-20 06:00:00,N017,1.07456,1.067,0.0,Normal,Low,Low
2025-01-20 06:00:00,N018,1.6366799999999997,1.094,0.0,Normal,Low,Low
2025-01-20 06:00:00,N019,2.67288,1.188,0.0,Normal,Low,Low
2025-01-20 06:00:00,N020,6.56214,1.472,0.0,Normal,Low,Moderate
2025-01-20 07:00:00,N001,2.4904,1.2,0.0,Normal,Low,Low
2025-01-20 07:00:00,N002,14.174734738673713,0.6537510849927687,2.454,Partial_Blockage,Moderate,Moderate
2025-01-20 07:00:00,N003,3.32508,1.275,0.0,Normal,Low,Low
2025-01-20 07:00:00,N004,3.0541799999999997,1.282,0.0,Normal,Low,Low
2025-01-20 07:00:00,N005,2.82744,1.328,0.0,Normal,Low,Low
2025-01-20 07:00:00,N006,2.2989,1.247,0.0,Normal,Low,Low
2025-01-20 07:00:00,N007,1.01764,1.085,0.0,Normal,Low,Low
2025-01-20 07:00:00,N008,38.16890337725056,0.27768770437369683,13.785,Severe_Blockage,Critical,Critical
2025-01-20 07:00:00,N009,6.041600000000001,1.486,0.0,Normal,Low,Moderate
2025-01-20 07:00:00,N010,11.048002593972994,0.6955702652399082,1.682,Partial_Blockage,Moderate,Moderate
2025-01-20 07:00:00,N011,3.9008000000000003,1.38,0.0,Normal,Low,Low
2025-01-20 07:00:00,N012,28.585596132270343,0.2688679533030968,10.45,Severe_Blockage,Critical,Critical
2025-01-20 07:00:00,N013,4.7676,1.299,0.0,Normal,Low,Low
2025-01-20 07:00:00,N014,1.24768,1.082,0.0,Normal,Low,Low
2025-01-20 07:00:00,N015,4.516680000000001,1.272,0.0,Normal,Low,Low
2025-01-20 07:00:00,N016,10.130028799334562,0.5630966795988777,2.213,Severe_Blockage,High,Moderate
2025-01-20 07:00:00,N017,3.5857599999999996,1.313,0.0,Normal,Low,Low
2025-01-20 07:00:00,N018,0.7115999999999999,1.053,0.0,Normal,Low,Low
2025-01-20 07:00:00,N019,24.68500722029416,0.4639546217761005,6.616,Severe_Blockage,High,High
2025-01-20 07:00:00,N020,2.6273,1.196,0.0,Normal,Low,Low
2025-01-20 08:00:00,N001,3.432,1.349,0.0,Normal,Low,Low
2025-01-20 08:00:00,N002,13.070736154510026,0.6500551331378216,2.287,Partial_Blockage,Moderate,Moderate
2025-01-20 08:00:00,N003,5.0838,1.534,0.0,Normal,Low,Moderate
2025-01-20 08:00:00,N004,1.1394799999999998,1.085,0.0,Normal,Low,Low
2025-01-20 08:00:00,N005,9.571715725520612,0.6147183155739568,1.844,Partial_Blockage,Moderate,Moderate
2025-01-20 08:00:00,N006,2.6481,1.278,0.0,Normal,Low,Low
2025-01-20 08:00:00,N007,1.482,1.16,0.0,Normal,Low,Low
2025-01-20 08:00:00,N008,3.32986,1.224,0.0,Normal,Low,Low
2025-01-20 08:00:00,N009,1.3312000000000002,1.079,0.0,Normal,Low,Low
2025-01-20 08:00:00,N010,4.00128,1.355,0.0,Normal,Low,Low
2025-01-20 08:00:00,N011,2.4274,1.167,0.0,Normal,Low,Low
2025-01-20 08:00:00,N012,1.3906200000000002,1.181,0.0,Normal,Low,Low
2025-01-20 08:00:00,N013,29.48708636578166,0.25207403710784376,11.027,Severe_Blockage,Critical,Critical
2025-01-20 08:00:00,N014,6.461199999999999,1.466,0.0,Normal,Low,Moderate
2025-01-20 08:00:00,N015,4.516680000000001,1.421,0.0,Normal,Low,Low
2025-01-20 08:00:00,N016,5.795999999999999,1.432,0.0,Normal,Low,Moderate
2025-01-20 08:00:00,N017,1.7519999999999998,1.137,0.0,Normal,Low,Low
2025-01-20 08:00:00,N018,21.255052154151077,0.4970817884020109,5.345,Severe_Blockage,High,High
2025-01-20 08:00:00,N019,16.41912103329536,0.594645134961767,3.328,Severe_Blockage,High,High
2025-01-20 08:00:00,N020,3.04278,1.156,0.0,Normal,Low,Low
2025-01-20 09:00:00,N001,4.6464,1.453,0.0,Normal,Low,Low
2025-01-20 09:00:00,N002,3.5291400000000004,1.43,0.0,Normal,Low,Low
2025-01-20 09:00:00,N003,1.0259200000000002,1.115,0.0,Normal,Low,Low
2025-01-20 09:00:00,N004,15.555036290371394,0.5800889064004688,3.266,Severe_Blockage,High,High
2025-01-20 09:00:00,N005,2.32288,1.166,0.0,Normal,Low,Low
2025-01-20 09:00:00,N006,38.52597126945944,0.2513025397695805,14.422,Severe_Blockage,Critical,Critical
2025-01-20 09:00:00,N007,10.335337266447805,0.6685075297742508,1.713,Partial_Blockage,Moderate,Moderate
2025-01-20 09:00:00,N008,2.80674,1.178,0.0,Normal,Low,Low
2025-01-20 09:00:00,N009,2.34496,1.215,0.0,Normal,Low,Low
2025-01-20 09:00:00,N010,22.047923426129415,0.42035975712611723,6.39,Severe_Blockage,High,High
2025-01-20 09:00:00,N011,2.6182000000000003,1.155,0.0,Normal,Low,Low
2025-01-20 09:00:00,N012,5.08816,1.398,0.0,Normal,Low,Moderate
2025-01-20 09:00:00,N013,3.02496,1.212,0.0,Normal,Low,Low
2025-01-20 09:00:00,N014,10.089079830311345,0.6500415055615419,1.765,Partial_Blockage,Moderate,Moderate
2025-01-20 09:00:00,N015,1.8112000000000004,1.13,0.0,Normal,Low,Low
2025-01-20 09:00:00,N016,6.072,1.518,0.0,Normal,Low,Moderate
2025-01-20 09:00:00,N017,5.255999999999999,1.359,0.0,Normal,Low,Moderate
2025-01-20 09:00:00,N018,1.87388,1.138,0.0,Normal,Low,Low
2025-01-20 09:00:00,N019,10.74347855072292,0.6361243355829717,1.955,Partial_Blockage,Moderate,Moderate
2025-01-20 09:00:00,N020,2.57842,1.118,0.0,Normal,Low,Low
2025-01-20 10:00:00,N001,1.6543999999999999,1.24,0.0,Normal,Low,Low
2025-01-20 10:00:00,N002,1.5625200000000001,1.149,0.0,Normal,Low,Low
2025-01-20 10:00:00,N003,2.08848,1.249,0.0,Normal,Low,Low
2025-01-20 10:00:00,N004,18.047116033027002,0.4829262360486847,4.666,Severe_Blockage,High,High
2025-01-20 10:00:00,N005,0.9996,1.08,0.0,Normal,Low,Low
2025-01-20 10:00:00,N006,10.814543580755757,0.7401247030210362,1.405,Partial_Blockage,Moderate,Moderate
2025-01-20 10:00:00,N007,1.3930799999999999,1.127,0.0,Normal,Low,Low
2025-01-20 10:00:00,N008,2.77656,1.249,0.0,Normal,Low,Low
2025-01-20 10:00:00,N009,5.56032,1.49,0.0,Normal,Low,Moderate
2025-01-20 10:00:00,N010,1.2920800000000001,1.113,0.0,Normal,Low,Low
2025-01-20 10:00:00,N011,3.5404,1.172,0.0,Normal,Low,Low
2025-01-20 10:00:00,N012,9.203976748563003,0.66940400656943,1.521,Partial_Blockage,Moderate,Moderate
2025-01-20 10:00:00,N013,3.36472,1.229,0.0,Normal,Low,Low
2025-01-20 10:00:00,N014,12.455697803779387,0.6207267843007162,2.362,Partial_Blockage,Moderate,Moderate
2025-01-20 10:00:00,N015,3.93936,1.334,0.0,Normal,Low,Low
2025-01-20 10:00:00,N016,2.691,1.134,0.0,Normal,Low,Low
2025-01-20 10:00:00,N017,4.0296,1.346,0.0,Normal,Low,Low
2025-01-20 10:00:00,N018,3.19034,1.198,0.0,Normal,Low,Low
2025-01-20 10:00:00,N019,5.538399999999999,1.503,0.0,Normal,Low,Moderate
2025-01-20 10:00:00,N020,2.96946,1.327,0.0,Normal,Low,Low
2025-01-20 11:00:00,N001,5.2184,1.537,0.0,Normal,Low,Moderate
2025-01-20 11:00:00,N002,2.88258,1.268,0.0,Normal,Low,Low
2025-01-20 11:00:00,N003,36.679117039391194,0.2990322162549288,12.855,Severe_Blockage,Critical,Critical
2025-01-20 11:00:00,N004,4.4365,1.311,0.0,Normal,Low,Low
2025-01-20 11:00:00,N005,1.96112,1.215,0.0,Normal,Low,Low
2025-01-20 11:00:00,N006,3.1234,1.25,0.0,Normal,Low,Low
2025-01-20 11:00:00,N007,4.04092,1.402,0.0,Normal,Low,Low
2025-01-20 11:00:00,N008,1.72026,1.187,0.0,Normal,Low,Low
2025-01-20 11:00:00,N009,3.3792,1.31,0.0,Normal,Low,Low
2025-01-20 11:00:00,N010,15.769877725330089,0.4086165255624261,4.663,Severe_Blockage,High,High
2025-01-20 11:00:00,N011,36.231267966168396,0.2643568491481506,13.327,Severe_Blockage,Critical,Critical
2025-01-20 11:00:00,N012,3.234,1.251,0.0,Normal,Low,Low
2025-01-20 11:00:00,N013,12.38083740714469,0.6540731539534381,2.141,Partial_Blockage,Moderate,Moderate
2025-01-20 11:00:00,N014,6.082439999999999,1.468,0.0,Normal,Low,Moderate
2025-01-20 11:00:00,N015,4.7544,1.283,0.0,Normal,Low,Low
2025-01-20 11:00:00,N016,5.566,1.515,0.0,Normal,Low,Moderate
2025-01-20 11:00:00,N017,13.797930314935861,0.7222224893795378,1.916,Partial_Blockage,Moderate,Moderate
2025-01-20 11:00:00,N018,6.582299999999999,1.497,0.0,Normal,Low,Moderate
2025-01-20 11:00:00,N019,8.126999999999999,1.531,0.0,Normal,Low,Moderate
2025-01-20 11:00:00,N020,2.57842,1.158,0.0,Normal,Low,Low
2025-01-20 12:00:00,N001,0.8888,1.063,0.0,Normal,Low,Low
2025-01-20 12:00:00,N002,2.694,1.258,0.0,Normal,Low,Low
2025-01-20 12:00:00,N003,1.8045200000000001,1.128,0.0,Normal,Low,Low
2025-01-20 12:00:00,N004,4.838119999999999,1.388,0.0,Normal,Low,Low
2025-01-20 12:00:00,N005,23.119673220884835,0.5127831053168747,5.632,Severe_Blockage,High,High
2025-01-20 12:00:00,N006,32.20213703243088,0.356422958308199,10.362,Severe_Blockage,Critical,Critical
2025-01-20 12:00:00,N007,1.04728,1.082,0.0,Normal,Low,Low
2025-01-20 12:00:00,N008,3.5310599999999996,1.316,0.0,Normal,Low,Low
2025-01-20 12:00:00,N009,37.66833984042293,0.29685547070493823,13.243,Severe_Blockage,Critical,Critical
2025-01-20 12:00:00,N010,4.33472,1.456,0.0,Normal,Low,Low
2025-01-20 12:00:00,N011,1.59,1.118,0.0,Normal,Low,Low
2025-01-20 12:00:00,N012,2.6842200000000003,1.18,0.0,Normal,Low,Low
2025-01-20 12:00:00,N013,3.36472,1.413,0.0,Normal,Low,Low
2025-01-20 12:00:00,N014,6.126999999999999,1.437,0.0,Normal,Low,Moderate
2025-01-20 12:00:00,N015,3.2375200000000004,1.244,0.0,Normal,Low,Low
2025-01-20 12:00:00,N016,4.484999999999999,1.337,0.0,Normal,Low,Low
2025-01-20 12:00:00,N017,2.69808,1.189,0.0,Normal,Low,Low
2025-01-20 12:00:00,N018,3.51056,1.194,0.0,Normal,Low,Low
2025-01-20 12:00:00,N019,6.5256799999999995,1.438,0.0,Normal,Low,Moderate
2025-01-20 12:00:00,N020,4.912439999999999,1.354,0.0,Normal,Low,Low
2025-01-20 13:00:00,N001,4.5144,1.398,0.0,Normal,Low,Low
2025-01-20 13:00:00,N002,3.93324,1.284,0.0,Normal,Low,Low
2025-01-20 13:00:00,N003,3.7098,1.355,0.0,Normal,Low,Low
2025-01-20 13:00:00,N004,3.3624,1.405,0.0,Normal,Low,Low
2025-01-20 13:00:00,N005,3.2844,1.455,0.0,Normal,Low,Low
2025-01-20 13:00:00,N006,12.820669584145486,0.6932495951438609,1.966,Partial_Blockage,Moderate,Moderate
2025-01-20 13:00:00,N007,4.920240000000001,1.422,0.0,Normal,Low,Low
2025-01-20 13:00:00,N008,4.3962200000000005,1.382,0.0,Normal,Low,Low
2025-01-20 13:00:00,N009,4.116479999999999,1.307,0.0,Normal,Low,Low
2025-01-20 13:00:00,N010,1.70888,1.202,0.0,Normal,Low,Low
2025-01-20 13:00:00,N011,3.8160000000000003,1.315,0.0,Normal,Low,Low
2025-01-20 13:00:00,N012,10.551325418438982,0.5805362284257076,2.213,Severe_Blockage,High,Moderate
2025-01-20 13:00:00,N013,0.9316000000000001,1.062,0.0,Normal,Low,Low
2025-01-20 13:00:00,N014,22.885244838021155,0.575087805417593,4.862,Severe_Blockage,High,High
2025-01-20 13:00:00,N015,2.56964,1.239,0.0,Normal,Low,Low
2025-01-20 13:00:00,N016,3.1624999999999996,1.367,0.0,Normal,Low,Low
2025-01-20 13:00:00,N017,1.15632,1.068,0.0,Normal,Low,Low
2025-01-20 13:00:00,N018,4.5661,1.409,0.0,Normal,Low,Low
2025-01-20 13:00:00,N019,4.08156,1.277,0.0,Normal,Low,Low
2025-01-20 13:00:00,N020,4.59472,1.496,0.0,Normal,Low,Low
2025-01-20 14:00:00,N001,12.853337075265902,0.6562778440973543,2.209,Partial_Blockage,Moderate,Moderate
2025-01-20 14:00:00,N002,3.4573,1.303,0.0,Normal,Low,Low
2025-01-20 14:00:00,N003,1.15416,1.134,0.0,Normal,Low,Low
2025-01-20 14:00:00,N004,4.16564,1.382,0.0,Normal,Low,Low
2025-01-20 14:00:00,N005,14.105173985826504,0.6491129597488353,2.475,Partial_Blockage,Moderate,Moderate
2025-01-20 14:00:00,N006,5.0052,1.484,0.0,Normal,Low,Moderate
2025-01-20 14:00:00,N007,2.223,1.177,0.0,Normal,Low,Low
2025-01-20 14:00:00,N008,5.27144,1.348,0.0,Normal,Low,Moderate
2025-01-20 14:00:00,N009,13.202232565083378,0.7394825987380926,1.72,Partial_Blockage,Moderate,Moderate
2025-01-20 14:00:00,N010,24.878707217447236,0.4436124056740643,6.921,Severe_Blockage,High,High
2025-01-20 14:00:00,N011,5.5756,1.464,0.0,Normal,Low,Moderate
2025-01-20 14:00:00,N012,5.292980000000001,1.465,0.0,Normal,Low,Moderate
2025-01-20 14:00:00,N013,2.8715200000000003,1.218,0.0,Normal,Low,Low
2025-01-20 14:00:00,N014,1.18084,1.082,0.0,Normal,Low,Low
2025-01-20 14:00:00,N015,4.901560000000001,1.535,0.0,Normal,Low,Low
2025-01-20 14:00:00,N016,5.807499999999999,1.516,0.0,Normal,Low,Moderate
2025-01-20 14:00:00,N017,2.5579199999999997,1.254,0.0,Normal,Low,Low
2025-01-20 14:00:00,N018,2.3127,1.173,0.0,Normal,Low,Low
2025-01-20 14:00:00,N019,2.408,1.231,0.0,Normal,Low,Low
2025-01-20 14:00:00,N020,1.97964,1.16,0.0,Normal,Low,Low
2025-01-20 15:00:00,N001,1.4871999999999999,1.138,0.0,Normal,Low,Low
2025-01-20 15:00:00,N002,5.09166,1.509,0.0,Normal,Low,Moderate
2025-01-20 15:00:00,N003,0.5496,1.058,0.0,Normal,Low,Low
2025-01-20 15:00:00,N004,1.2422199999999999,1.086,0.0,Normal,Low,Low
2025-01-20 15:00:00,N005,5.06464,1.484,0.0,Normal,Low,Moderate
2025-01-20 15:00:00,N006,1.0864,1.09,0.0,Normal,Low,Low
2025-01-20 15:00:00,N007,2.01552,1.141,0.0,Normal,Low,Low
2025-01-20 15:00:00,N008,4.3761,1.52,0.0,Normal,Low,Low
2025-01-20 15:00:00,N009,3.7068800000000004,1.328,0.0,Normal,Low,Low
2025-01-20 15:00:00,N010,3.9804399999999998,1.53,0.0,Normal,Low,Low
2025-01-20 15:00:00,N011,1.4416000000000002,1.086,0.0,Normal,Low,Low
2025-01-20 15:00:00,N012,5.75652,1.372,0.0,Normal,Low,Moderate
2025-01-20 15:00:00,N013,5.523840000000001,1.392,0.0,Normal,Low,Moderate
2025-01-20 15:00:00,N014,2.9966599999999994,1.177,0.0,Normal,Low,Low
2025-01-20 15:00:00,N015,16.950332155380515,0.5774423862045356,3.581,Severe_Blockage,High,High
2025-01-20 15:00:00,N016,13.724305958103827,0.5715048486743557,2.94,Severe_Blockage,High,Moderate
2025-01-20 15:00:00,N017,4.23984,1.182,0.0,Normal,Low,Low
2025-01-20 15:00:00,N018,6.08418,1.466,0.0,Normal,Low,Moderate
2025-01-20 15:00:00,N019,1.52908,1.103,0.0,Normal,Low,Low
2025-01-20 15:00:00,N020,4.9491,1.295,0.0,Normal,Low,Low
2025-01-20 16:00:00,N001,3.7664000000000004,1.463,0.0,Normal,Low,Low
2025-01-20 16:00:00,N002,3.7985400000000005,1.364,0.0,Normal,Low,Low
2025-01-20 16:00:00,N003,22.507025509358414,0.49618112951372007,5.67,Severe_Blockage,High,High
2025-01-20 16:00:00,N004,5.09964,1.539,0.0,Normal,Low,Moderate
2025-01-20 16:00:00,N005,36.690124764703306,0.31260451743703555,12.61,Severe_Blockage,Critical,Critical
2025-01-20 16:00:00,N006,3.5987,1.233,0.0,Normal,Low,Low
2025-01-20 16:00:00,N007,4.40648,1.492,0.0,Normal,Low,Low
2025-01-20 16:00:00,N008,3.7423200000000003,1.396,0.0,Normal,Low,Low
2025-01-20 16:00:00,N009,8.668528915125362,0.6406710622348913,1.557,Partial_Blockage,Moderate,Moderate
2025-01-20 16:00:00,N010,4.75152,1.329,0.0,Normal,Low,Low
2025-01-20 16:00:00,N011,5.236400000000001,1.364,0.0,Normal,Low,Moderate
2025-01-20 16:00:00,N012,5.18518,1.379,0.0,Normal,Low,Moderate
2025-01-20 16:00:00,N013,1.0412000000000001,1.064,0.0,Normal,Low,Low
2025-01-20 16:00:00,N014,32.61531669603646,0.29492656709614645,11.498,Severe_Blockage,Critical,Critical
2025-01-20 16:00:00,N015,1.56216,1.099,0.0,Normal,Low,Low
2025-01-20 16:00:00,N016,3.2775,1.302,0.0,Normal,Low,Low
2025-01-20 16:00:00,N017,4.52016,1.261,0.0,Normal,Low,Low
2025-01-20 16:00:00,N018,1.75528,1.095,0.0,Normal,Low,Low
2025-01-20 16:00:00,N019,13.280750438048317,0.74981060362738,1.661,Partial_Blockage,Moderate,Moderate
2025-01-20 16:00:00,N020,2.57842,1.13,0.0,Normal,Low,Low
2025-01-20 17:00:00,N001,1.232,1.089,0.0,Normal,Low,Low
2025-01-20 17:00:00,N002,1.68824,1.178,0.0,Normal,Low,Low
2025-01-20 17:00:00,N003,5.77996,1.498,0.0,Normal,Low,Moderate
2025-01-20 17:00:00,N004,3.6426,1.307,0.0,Normal,Low,Low
2025-01-20 17:00:00,N005,2.25624,1.135,0.0,Normal,Low,Low
2025-01-20 17:00:00,N006,2.5317,1.18,0.0,Normal,Low,Low
2025-01-20 17:00:00,N007,1.6499599999999999,1.125,0.0,Normal,Low,Low
2025-01-20 17:00:00,N008,3.25944,1.271,0.0,Normal,Low,Low
2025-01-20 17:00:00,N009,17.270877812927715,0.4846611888438718,4.45,Severe_Blockage,High,High
2025-01-20 17:00:00,N010,2.4695400000000003,1.374,0.0,Normal,Low,Low
2025-01-20 17:00:00,N011,1.4627999999999999,1.116,0.0,Normal,Low,Low
2025-01-20 17:00:00,N012,2.1667799999999997,1.13,0.0,Normal,Low,Low
2025-01-20 17:00:00,N013,2.1372,1.35,0.0,Normal,Low,Low
2025-01-20 17:00:00,N014,4.177499999999999,1.332,0.0,Normal,Low,Low
2025-01-20 17:00:00,N015,1.9017600000000001,1.112,0.0,Normal,Low,Low
2025-01-20 17:00:00,N016,1.863,1.162,0.0,Normal,Low,Low
2025-01-20 17:00:00,N017,1.72864,1.119,0.0,Normal,Low,Low
2025-01-20 17:00:00,N018,4.459359999999999,1.322,0.0,Normal,Low,Low
2025-01-20 17:00:00,N019,4.56316,1.372,0.0,Normal,Low,Low
2025-01-20 17:00:00,N020,5.14462,1.438,0.0,Normal,Low,Moderate
2025-01-20 18:00:00,N001,1.8568,1.129,0.0,Normal,Low,Low
2025-01-20 18:00:00,N002,17.223451811137657,0.5555843681663619,3.827,Severe_Blockage,High,High
2025-01-20 18:00:00,N003,11.889353168343428,0.7413016742061442,1.538,Partial_Blockage,Moderate,Moderate
2025-01-20 18:00:00,N004,3.38108,1.333,0.0,Normal,Low,Low
2025-01-20 18:00:00,N005,0.97104,1.062,0.0,Normal,Low,Low
2025-01-20 18:00:00,N006,1.1931,1.093,0.0,Normal,Low,Low
2025-01-20 18:00:00,N007,3.27028,1.28,0.0,Normal,Low,Low
2025-01-20 18:00:00,N008,1.0864800000000001,1.076,0.0,Normal,Low,Low
2025-01-20 18:00:00,N009,32.32377835421949,0.32065702780671335,10.979,Severe_Blockage,Critical,Critical
2025-01-20 18:00:00,N010,21.279035807471764,0.5928231453875148,4.332,Severe_Blockage,High,High
2025-01-20 18:00:00,N011,15.909348210769785,0.5876594983035577,3.28,Severe_Blockage,High,High
2025-01-20 18:00:00,N012,5.918220000000001,1.478,0.0,Normal,Low,Moderate
2025-01-20 18:00:00,N013,13.068728583352431,0.6268856100468416,2.438,Partial_Blockage,Moderate,Moderate
2025-01-20 18:00:00,N014,18.27963835405797,0.4069426560173996,5.42,Severe_Blockage,High,High
2025-01-20 18:00:00,N015,1.2565200000000003,1.082,0.0,Normal,Low,Low
2025-01-20 18:00:00,N016,1.288,1.089,0.0,Normal,Low,Low
2025-01-20 18:00:00,N017,1.4016,1.083,0.0,Normal,Low,Low
2025-01-20 18:00:00,N018,2.92942,1.19,0.0,Normal,Low,Low
2025-01-20 18:00:00,N019,2.87756,1.321,0.0,Normal,Low,Low
2025-01-20 18:00:00,N020,11.230903609937887,0.616924721788824,2.151,Partial_Blockage,Moderate,Moderate
2025-01-20 19:00:00,N001,1.584,1.179,0.0,Normal,Low,Low
2025-01-20 19:00:00,N002,1.9306999999999999,1.142,0.0,Normal,Low,Low
2025-01-20 19:00:00,N003,5.111280000000001,1.325,0.0,Normal,Low,Moderate
2025-01-20 19:00:00,N004,4.69802,1.36,0.0,Normal,Low,Low
2025-01-20 19:00:00,N005,3.19872,1.226,0.0,Normal,Low,Low
2025-01-20 19:00:00,N006,18.932266596010084,0.5849465691799836,3.929,Severe_Blockage,High,High
2025-01-20 19:00:00,N007,1.09668,1.056,0.0,Normal,Low,Low
2025-01-20 19:00:00,N008,1.03618,1.111,0.0,Normal,Low,Low
2025-01-20 19:00:00,N009,28.453170381690043,0.26938111969503775,10.394,Severe_Blockage,Critical,Critical
2025-01-20 19:00:00,N010,1.8235000000000001,1.216,0.0,Normal,Low,Low
2025-01-20 19:00:00,N011,0.6678000000000001,1.061,0.0,Normal,Low,Low
2025-01-20 19:00:00,N012,3.4603800000000002,1.259,0.0,Normal,Low,Low
2025-01-20 19:00:00,N013,19.144138624248818,0.40351398093639734,5.71,Severe_Blockage,High,High
2025-01-20 19:00:00,N014,37.284142727965126,0.284400882937642,13.34,Severe_Blockage,Critical,Critical
2025-01-20 19:00:00,N015,3.7356000000000003,1.289,0.0,Normal,Low,Low
2025-01-20 19:00:00,N016,2.0469999999999997,1.126,0.0,Normal,Low,Low
2025-01-20 19:00:00,N017,4.52016,1.417,0.0,Normal,Low,Low
2025-01-20 19:00:00,N018,30.950109211951023,0.28740052771809926,11.028,Severe_Blockage,Critical,Critical
2025-01-20 19:00:00,N019,1.6976399999999998,1.123,0.0,Normal,Low,Low
2025-01-20 19:00:00,N020,27.839924596339483,0.2821858442826936,9.992,Severe_Blockage,Critical,Critical
2025-01-20 20:00:00,N001,3.2384,1.272,0.0,Normal,Low,Low
2025-01-20 20:00:00,N002,1.3739400000000002,1.11,0.0,Normal,Low,Low
2025-01-20 20:00:00,N003,1.98772,1.152,0.0,Normal,Low,Low
2025-01-20 20:00:00,N004,1.55978,1.136,0.0,Normal,Low,Low
2025-01-20 20:00:00,N005,4.569599999999999,1.365,0.0,Normal,Low,Low
2025-01-20 20:00:00,N006,1.5423,1.137,0.0,Normal,Low,Low
2025-01-20 20:00:00,N007,6.21452,1.512,0.0,Normal,Low,Moderate
2025-01-20 20:00:00,N008,1.53918,1.084,0.0,Normal,Low,Low
2025-01-20 20:00:00,N009,0.86016,1.053,0.0,Normal,Low,Low
2025-01-20 20:00:00,N010,27.70291260563425,0.34305645240202265,9.1,Severe_Blockage,Critical,Critical
2025-01-20 20:00:00,N011,19.294440855217054,0.5379820644934468,4.457,Severe_Blockage,High,High
2025-01-20 20:00:00,N012,8.213535536834474,0.6828768544845996,1.302,Partial_Blockage,Moderate,Moderate
2025-01-20 20:00:00,N013,31.945230246044943,0.2808337609081824,11.487,Severe_Blockage,Critical,Critical
2025-01-20 20:00:00,N014,24.489194448685016,0.4911427851038375,6.231,Severe_Blockage,High,High
2025-01-20 20:00:00,N015,4.8676,1.517,0.0,Normal,Low,Low
2025-01-20 20:00:00,N016,4.358499999999999,1.367,0.0,Normal,Low,Low
2025-01-20 20:00:00,N017,5.59472,1.526,0.0,Normal,Low,Moderate
2025-01-20 20:00:00,N018,3.21406,1.222,0.0,Normal,Low,Low
2025-01-20 20:00:00,N019,5.4661599999999995,1.364,0.0,Normal,Low,Moderate
2025-01-20 20:00:00,N020,2.08962,1.178,0.0,Normal,Low,Low
2025-01-20 21:00:00,N001,1.6896,1.15,0.0,Normal,Low,Low
2025-01-20 21:00:00,N002,0.6914600000000001,1.058,0.0,Normal,Low,Low
2025-01-20 21:00:00,N003,3.24264,1.421,0.0,Normal,Low,Low
2025-01-20 21:00:00,N004,3.6612799999999996,1.252,0.0,Normal,Low,Low
2025-01-20 21:00:00,N005,2.82744,1.207,0.0,Normal,Low,Low
2025-01-20 21:00:00,N006,3.9576,1.299,0.0,Normal,Low,Low
2025-01-20 21:00:00,N007,0.76076,1.061,0.0,Normal,Low,Low
2025-01-20 21:00:00,N008,5.9354000000000005,1.442,0.0,Normal,Low,Moderate
2025-01-20 21:00:00,N009,2.16064,1.128,0.0,Normal,Low,Low
2025-01-20 21:00:00,N010,1.59426,1.105,0.0,Normal,Low,Low
2025-01-20 21:00:00,N011,4.6958,1.356,0.0,Normal,Low,Low
2025-01-20 21:00:00,N012,0.9702000000000001,1.07,0.0,Normal,Low,Low
2025-01-20 21:00:00,N013,4.559360000000001,1.29,0.0,Normal,Low,Low
2025-01-20 21:00:00,N014,3.4088399999999996,1.241,0.0,Normal,Low,Low
2025-01-20 21:00:00,N015,3.7469200000000003,1.459,0.0,Normal,Low,Low
2025-01-20 21:00:00,N016,4.036499999999999,1.307,0.0,Normal,Low,Low
2025-01-20 21:00:00,N017,2.87328,1.331,0.0,Normal,Low,Low
2025-01-20 21:00:00,N018,3.3801,1.297,0.0,Normal,Low,Low
2025-01-20 21:00:00,N019,5.36984,1.443,0.0,Normal,Low,Moderate
2025-01-20 21:00:00,N020,4.87578,1.34,0.0,Normal,Low,Low
2025-01-20 22:00:00,N001,2.1736,1.203,0.0,Normal,Low,Low
2025-01-20 22:00:00,N002,1.04168,1.073,0.0,Normal,Low,Low
2025-01-20 22:00:00,N003,21.7767373271054,0.44311689432518775,6.064,Severe_Blockage,High,High
2025-01-20 22:00:00,N004,2.2415999999999996,1.197,0.0,Normal,Low,Low
2025-01-20 22:00:00,N005,0.98056,1.059,0.0,Normal,Low,Low
2025-01-20 22:00:00,N006,1.5714000000000001,1.18,0.0,Normal,Low,Low
2025-01-20 22:00:00,N007,3.76428,1.436,0.0,Normal,Low,Low
2025-01-20 22:00:00,N008,5.009880000000001,1.428,0.0,Normal,Low,Moderate
2025-01-20 22:00:00,N009,4.31104,1.504,0.0,Normal,Low,Low
2025-01-20 22:00:00,N010,6.34578,1.427,0.0,Normal,Low,Moderate
2025-01-20 22:00:00,N011,2.0988,1.177,0.0,Normal,Low,Low
2025-01-20 22:00:00,N012,2.27458,1.172,0.0,Normal,Low,Low
2025-01-20 22:00:00,N013,3.9675200000000004,1.274,0.0,Normal,Low,Low
2025-01-20 22:00:00,N014,5.436319999999999,1.472,0.0,Normal,Low,Moderate
2025-01-20 22:00:00,N015,23.075914391618426,0.5213260132881834,5.523,Severe_Blockage,High,High
2025-01-20 22:00:00,N016,24.52072379333997,0.5542423741239684,5.465,Severe_Blockage,High,High
2025-01-20 22:00:00,N017,21.448635668524492,0.5381348306086192,4.953,Severe_Blockage,High,High
2025-01-20 22:00:00,N018,1.9924799999999998,1.141,0.0,Normal,Low,Low
2025-01-20 22:00:00,N019,8.158608386690892,0.5625383445920269,1.785,Severe_Blockage,High,Moderate
2025-01-20 22:00:00,N020,1.2831000000000001,1.105,0.0,Normal,Low,Low
2025-01-20 23:00:00,N001,0.8712,1.101,0.0,Normal,Low,Low
2025-01-20 23:00:00,N002,11.000529024414613,0.63177545713748,2.025,Partial_Blockage,Moderate,Moderate
2025-01-20 23:00:00,N003,0.8152400000000001,1.094,0.0,Normal,Low,Low
2025-01-20 23:00:00,N004,20.043048794677738,0.5609579176436541,4.4,Severe_Blockage,High,High
2025-01-20 23:00:00,N005,2.35144,1.281,0.0,Normal,Low,Low
2025-01-20 23:00:00,N006,1.9108999999999998,1.254,0.0,Normal,Low,Low
2025-01-20 23:00:00,N007,1.30416,1.148,0.0,Normal,Low,Low
2025-01-20 23:00:00,N008,31.387038346473684,0.2762928069286489,11.358,Severe_Blockage,Critical,Critical
2025-01-20 23:00:00,N009,4.51584,1.435,0.0,Normal,Low,Low
2025-01-20 23:00:00,N010,2.66752,1.214,0.0,Normal,Low,Low
2025-01-20 23:00:00,N011,4.3884,1.46,0.0,Normal,Low,Low
2025-01-20 23:00:00,N012,1.70324,1.123,0.0,Normal,Low,Low
2025-01-20 23:00:00,N013,3.2441600000000004,1.346,0.0,Normal,Low,Low
2025-01-20 23:00:00,N014,35.47444591882308,0.27425350272419824,12.873,Severe_Blockage,Critical,Critical
2025-01-20 23:00:00,N015,5.422280000000001,1.501,0.0,Normal,Low,Moderate
2025-01-20 23:00:00,N016,2.6334999999999997,1.163,0.0,Normal,Low,Low
2025-01-20 23:00:00,N017,3.8660799999999997,1.334,0.0,Normal,Low,Low
2025-01-20 23:00:00,N018,1.85016,1.149,0.0,Normal,Low,Low
2025-01-20 23:00:00,N019,2.6126799999999997,1.165,0.0,Normal,Low,Low
2025-01-20 23:00:00,N020,1.5763800000000001,1.093,0.0,Normal,Low,Low
2025-01-21 00:00:00,N001,2.9304,1.391,0.0,Normal,Low,Low
2025-01-21 00:00:00,N002,2.00254,1.234,0.0,Normal,Low,Low
2025-01-21 00:00:00,N003,0.9984400000000001,1.065,0.0,Normal,Low,Low
2025-01-21 00:00:00,N004,1.7932799999999998,1.176,0.0,Normal,Low,Low
2025-01-21 00:00:00,N005,1.25664,1.104,0.0,Normal,Low,Low
2025-01-21 00:00:00,N006,15.927233376763665,0.4462816509887983,4.41,Severe_Blockage,High,High
2025-01-21 00:00:00,N007,36.02997785023357,0.3498590022359171,11.712,Severe_Blockage,Critical,Critical
2025-01-21 00:00:00,N008,1.79068,1.165,0.0,Normal,Low,Low
2025-01-21 00:00:00,N009,5.20192,1.451,0.0,Normal,Low,Moderate
2025-01-21 00:00:00,N010,37.57467582838418,0.30747233085393805,13.011,Severe_Blockage,Critical,Critical
2025-01-21 00:00:00,N011,1.0388,1.069,0.0,Normal,Low,Low
2025-01-21 00:00:00,N012,5.0666,1.448,0.0,Normal,Low,Moderate
2025-01-21 00:00:00,N013,1.8851200000000001,1.123,0.0,Normal,Low,Low
2025-01-21 00:00:00,N014,5.46974,1.473,0.0,Normal,Low,Moderate
2025-01-21 00:00:00,N015,9.065689120221608,0.5731764005626074,1.935,Severe_Blockage,High,Moderate
2025-01-21 00:00:00,N016,3.1969999999999996,1.227,0.0,Normal,Low,Low
2025-01-21 00:00:00,N017,6.237119999999999,1.514,0.0,Normal,Low,Moderate
2025-01-21 00:00:00,N018,4.151,1.388,0.0,Normal,Low,Low
2025-01-21 00:00:00,N019,2.4200399999999997,1.247,0.0,Normal,Low,Low
2025-01-21 00:00:00,N020,1.3930799999999999,1.116,0.0,Normal,Low,Low
2025-01-21 01:00:00,N001,4.5408,1.396,0.0,Normal,Low,Low
2025-01-21 01:00:00,N002,3.5650600000000003,1.354,0.0,Normal,Low,Low
2025-01-21 01:00:00,N003,4.6258,1.512,0.0,Normal,Low,Low
2025-01-21 01:00:00,N004,9.706382823383237,0.6485484330030464,1.706,Partial_Blockage,Moderate,Moderate
2025-01-21 01:00:00,N005,1.29472,1.214,0.0,Normal,Low,Low
2025-01-21 01:00:00,N006,18.38014832157832,0.5954094744095757,3.718,Severe_Blockage,High,High
2025-01-21 01:00:00,N007,0.97812,1.09,0.0,Normal,Low,Low
2025-01-21 01:00:00,N008,4.13466,1.411,0.0,Normal,Low,Low
2025-01-21 01:00:00,N009,1.04448,1.089,0.0,Normal,Low,Low
2025-01-21 01:00:00,N010,3.62616,1.234,0.0,Normal,Low,Low
2025-01-21 01:00:00,N011,12.208172527636679,0.5679700086184831,2.637,Severe_Blockage,High,Moderate
2025-01-21 01:00:00,N012,12.26440111948276,0.7073729801874373,1.794,Partial_Blockage,Moderate,Moderate
2025-01-21 01:00:00,N013,1.33712,1.084,0.0,Normal,Low,Low
2025-01-21 01:00:00,N014,5.358339999999999,1.341,0.0,Normal,Low,Moderate
2025-01-21 01:00:00,N015,24.89611934291865,0.4584903033963407,6.741,Severe_Blockage,High,High
2025-01-21 01:00:00,N016,9.022704963930458,0.7345769515697668,1.197,Partial_Blockage,Moderate,Moderate
2025-01-21 01:00:00,N017,0.8409599999999999,1.065,0.0,Normal,Low,Low
2025-01-21 01:00:00,N018,1.35204,1.07,0.0,Normal,Low,Low
2025-01-21 01:00:00,N019,6.60996,1.443,0.0,Normal,Low,Moderate
2025-01-21 01:00:00,N020,20.969607055405532,0.5455523293065108,4.765,Severe_Blockage,High,High
2025-01-21 02:00:00,N001,5.0864,1.523,0.0,Normal,Low,Moderate
2025-01-21 02:00:00,N002,1.06862,1.12,0.0,Normal,Low,Low
2025-01-21 02:00:00,N003,12.818969858633107,0.7257073113225875,1.758,Partial_Blockage,Moderate,Moderate
2025-01-21 02:00:00,N004,0.86862,1.067,0.0,Normal,Low,Low
2025-01-21 02:00:00,N005,1.4565599999999999,1.126,0.0,Normal,Low,Low
2025-01-21 02:00:00,N006,3.2107,1.294,0.0,Normal,Low,Low
2025-01-21 02:00:00,N007,20.067639396702326,0.41930379323406153,5.827,Severe_Blockage,High,High
2025-01-21 02:00:00,N008,2.8369199999999997,1.188,0.0,Normal,Low,Low
2025-01-21 02:00:00,N009,4.4544,1.462,0.0,Normal,Low,Low
2025-01-21 02:00:00,N010,39.99965530626541,0.302004364266448,13.96,Severe_Blockage,Critical,Critical
2025-01-21 02:00:00,N011,4.2294,1.45,0.0,Normal,Low,Low
2025-01-21 02:00:00,N012,2.19912,1.114,0.0,Normal,Low,Low
2025-01-21 02:00:00,N013,5.1292800000000005,1.43,0.0,Normal,Low,Moderate
2025-01-21 02:00:00,N014,21.690765554271792,0.45832687130770333,5.875,Severe_Blockage,High,High
2025-01-21 02:00:00,N015,12.647700715752098,0.6145050630302565,2.438,Partial_Blockage,Moderate,Moderate
2025-01-21 02:00:00,N016,5.3245,1.411,0.0,Normal,Low,Moderate
2025-01-21 02:00:00,N017,1.7753599999999998,1.095,0.0,Normal,Low,Low
2025-01-21 02:00:00,N018,30.753278454010353,0.3249204252918164,10.38,Severe_Blockage,Critical,Critical
2025-01-21 02:00:00,N019,19.886871513669696,0.5355001698972252,4.619,Severe_Blockage,High,High
2025-01-21 02:00:00,N020,5.2546,1.503,0.0,Normal,Low,Moderate
2025-01-21 03:00:00,N001,4.118399999999999,1.504,0.0,Normal,Low,Low
2025-01-21 03:00:00,N002,0.9429000000000001,1.124,0.0,Normal,Low,Low
2025-01-21 03:00:00,N003,22.849608641206615,0.5479715606537692,5.164,Severe_Blockage,High,High
2025-01-21 03:00:00,N004,2.08282,1.248,0.0,Normal,Low,Low
2025-01-21 03:00:00,N005,2.9987999999999997,1.27,0.0,Normal,Low,Low
2025-01-21 03:00:00,N006,1.7168999999999999,1.122,0.0,Normal,Low,Low
2025-01-21 03:00:00,N007,9.055554616438123,0.7370749873185723,1.19,Partial_Blockage,Moderate,Moderate
2025-01-21 03:00:00,N008,20.62227554621567,0.5142011095879117,5.009,Severe_Blockage,High,High
2025-01-21 03:00:00,N009,2.02752,1.123,0.0,Normal,Low,Low
2025-01-21 03:00:00,N010,2.05274,1.143,0.0,Normal,Low,Low
2025-01-21 03:00:00,N011,4.6428,1.385,0.0,Normal,Low,Low
2025-01-21 03:00:00,N012,11.467590511152308,0.7390789012502232,1.496,Partial_Blockage,Moderate,Moderate
2025-01-21 03:00:00,N013,36.84477273222774,0.37989966602529646,11.424,Severe_Blockage,Critical,Critical
2025-01-21 03:00:00,N014,1.20312,1.082,0.0,Normal,Low,Low
2025-01-21 03:00:00,N015,2.83,1.311,0.0,Normal,Low,Low
2025-01-21 03:00:00,N016,3.0014999999999996,1.32,0.0,Normal,Low,Low
2025-01-21 03:00:00,N017,5.92176,1.518,0.0,Normal,Low,Moderate
2025-01-21 03:00:00,N018,4.744,1.405,0.0,Normal,Low,Low
2025-01-21 03:00:00,N019,0.61404,1.055,0.0,Normal,Low,Low
2025-01-21 03:00:00,N020,2.63952,1.184,0.0,Normal,Low,Low
2025-01-21 04:00:00,N001,3.3528000000000002,1.361,0.0,Normal,Low,Low
2025-01-21 04:00:00,N002,2.39766,1.185,0.0,Normal,Low,Low
2025-01-21 04:00:00,N003,3.68232,1.405,0.0,Normal,Low,Low
2025-01-21 04:00:00,N004,3.792039999999999,1.343,0.0,Normal,Low,Low
2025-01-21 04:00:00,N005,4.655279999999999,1.412,0.0,Normal,Low,Low
2025-01-21 04:00:00,N006,1.94,1.163,0.0,Normal,Low,Low
2025-01-21 04:00:00,N007,5.898359999999999,1.456,0.0,Normal,Low,Moderate
2025-01-21 04:00:00,N008,2.45464,1.152,0.0,Normal,Low,Low
2025-01-21 04:00:00,N009,10.65997991309962,0.564829721593209,2.319,Severe_Blockage,High,Moderate
2025-01-21 04:00:00,N010,5.4705,1.329,0.0,Normal,Low,Moderate
2025-01-21 04:00:00,N011,1.7808,1.132,0.0,Normal,Low,Low
2025-01-21 04:00:00,N012,3.02918,1.303,0.0,Normal,Low,Low
2025-01-21 04:00:00,N013,0.95352,1.054,0.0,Normal,Low,Low
2025-01-21 04:00:00,N014,1.5373199999999998,1.101,0.0,Normal,Low,Low
2025-01-21 04:00:00,N015,0.9395600000000001,1.064,0.0,Normal,Low,Low
2025-01-21 04:00:00,N016,1.1039999999999999,1.068,0.0,Normal,Low,Low
2025-01-21 04:00:00,N017,5.24432,1.381,0.0,Normal,Low,Moderate
2025-01-21 04:00:00,N018,3.51056,1.31,0.0,Normal,Low,Low
2025-01-21 04:00:00,N019,14.043353218146887,0.6011597931711348,2.801,Partial_Blockage,Moderate,Moderate
2025-01-21 04:00:00,N020,3.33606,1.302,0.0,Normal,Low,Low
2025-01-21 05:00:00,N001,3.2648,1.261,0.0,Normal,Low,Low
2025-01-21 05:00:00,N002,0.8351400000000001,1.093,0.0,Normal,Low,Low
2025-01-21 05:00:00,N003,0.71448,1.056,0.0,Normal,Low,Low
2025-01-21 05:00:00,N004,2.8954,1.268,0.0,Normal,Low,Low
2025-01-21 05:00:00,N005,0.79968,1.089,0.0,Normal,Low,Low
2025-01-21 05:00:00,N006,1.3192000000000002,1.133,0.0,Normal,Low,Low
2025-01-21 05:00:00,N007,21.71838981875723,0.4488468097116289,5.985,Severe_Blockage,High,High
2025-01-21 05:00:00,N008,3.43046,1.461,0.0,Normal,Low,Low
2025-01-21 05:00:00,N009,20.34385480058274,0.43869789772212736,5.71,Severe_Blockage,High,High
2025-01-21 05:00:00,N010,1.18788,1.093,0.0,Normal,Low,Low
2025-01-21 05:00:00,N011,3.5616,1.423,0.0,Normal,Low,Low
2025-01-21 05:00:00,N012,2.7489,1.219,0.0,Normal,Low,Low
2025-01-21 05:00:00,N013,1.8303200000000002,1.113,0.0,Normal,Low,Low
2025-01-21 05:00:00,N014,3.4534,1.27,0.0,Normal,Low,Low
2025-01-21 05:00:00,N015,5.173240000000001,1.414,0.0,Normal,Low,Moderate
2025-01-21 05:00:00,N016,27.18579642600068,0.3545455793575363,8.774,Severe_Blockage,Critical,Critical
2025-01-21 05:00:00,N017,5.7348799999999995,1.446,0.0,Normal,Low,Moderate
2025-01-21 05:00:00,N018,0.9962399999999999,1.063,0.0,Normal,Low,Low
2025-01-21 05:00:00,N019,1.51704,1.118,0.0,Normal,Low,Low
2025-01-21 05:00:00,N020,4.04482,1.393,0.0,Normal,Low,Low
2025-01-21 06:00:00,N001,0.9856000000000001,1.097,0.0,Normal,Low,Low
2025-01-21 06:00:00,N002,8.385858297455082,0.6983078609524822,1.265,Partial_Blockage,Moderate,Moderate
2025-01-21 06:00:00,N003,19.834472117737782,0.5485042186854977,4.478,Severe_Blockage,High,High
2025-01-21 06:00:00,N004,4.567259999999999,1.52,0.0,Normal,Low,Low
2025-01-21 06:00:00,N005,23.002836166454188,0.5979867025179062,4.624,Severe_Blockage,High,High
2025-01-21 06:00:00,N006,5.0925,1.421,0.0,Normal,Low,Moderate
2025-01-21 06:00:00,N007,21.51619187456582,0.4343013476100628,6.086,Severe_Blockage,High,High
2025-01-21 06:00:00,N008,3.3600399999999997,1.261,0.0,Normal,Low,Low
2025-01-21 06:00:00,N009,33.10899357200111,0.32485292282485634,11.177,Severe_Blockage,Critical,Critical
2025-01-21 06:00:00,N010,19.21933355352939,0.490937676725215,4.892,Severe_Blockage,High,High
2025-01-21 06:00:00,N011,4.3354,1.435,0.0,Normal,Low,Low
2025-01-21 06:00:00,N012,3.1693200000000004,1.236,0.0,Normal,Low,Low
2025-01-21 06:00:00,N013,1.2494399999999999,1.101,0.0,Normal,Low,Low
2025-01-21 06:00:00,N014,3.13034,1.266,0.0,Normal,Low,Low
2025-01-21 06:00:00,N015,2.0376000000000003,1.316,0.0,Normal,Low,Low
2025-01-21 06:00:00,N016,38.74520083571114,0.35591780055707983,12.478,Severe_Blockage,Critical,Critical
2025-01-21 06:00:00,N017,3.6792,1.214,0.0,Normal,Low,Low
2025-01-21 06:00:00,N018,2.17038,1.142,0.0,Normal,Low,Low
2025-01-21 06:00:00,N019,20.24574833271334,0.46304544924873176,5.436,Severe_Blockage,High,High
2025-01-21 06:00:00,N020,18.59214686014546,0.5435167607773893,4.244,Severe_Blockage,High,High
2025-01-21 07:00:00,N001,2.0856,1.153,0.0,Normal,Low,Low
2025-01-21 07:00:00,N002,2.39766,1.249,0.0,Normal,Low,Low
2025-01-21 07:00:00,N003,1.7037600000000002,1.168,0.0,Normal,Low,Low
2025-01-21 07:00:00,N004,4.53924,1.365,0.0,Normal,Low,Low
2025-01-21 07:00:00,N005,1.9992,1.125,0.0,Normal,Low,Low
2025-01-21 07:00:00,N006,1.552,1.093,0.0,Normal,Low,Low
2025-01-21 07:00:00,N007,31.59996357997813,0.2605495686801421,11.683,Severe_Blockage,Critical,Critical
2025-01-21 07:00:00,N008,5.4827,1.421,0.0,Normal,Low,Moderate
2025-01-21 07:00:00,N009,1.75104,1.168,0.0,Normal,Low,Low
2025-01-21 07:00:00,N010,9.640928113597365,0.5834233893215722,2.008,Severe_Blockage,High,Moderate
2025-01-21 07:00:00,N011,5.8511999999999995,1.477,0.0,Normal,Low,Moderate
2025-01-21 07:00:00,N012,1.0025400000000002,1.08,0.0,Normal,Low,Low
2025-01-21 07:00:00,N013,10.580586009085678,0.7247390800938917,1.456,Partial_Blockage,Moderate,Moderate
2025-01-21 07:00:00,N014,3.1748999999999996,1.231,0.0,Normal,Low,Low
2025-01-21 07:00:00,N015,0.9395600000000001,1.124,0.0,Normal,Low,Low
2025-01-21 07:00:00,N016,0.9544999999999999,1.115,0.0,Normal,Low,Low
2025-01-21 07:00:00,N017,1.2030399999999999,1.084,0.0,Normal,Low,Low
2025-01-21 07:00:00,N018,6.72462,1.466,0.0,Normal,Low,Moderate
2025-01-21 07:00:00,N019,1.10768,1.065,0.0,Normal,Low,Low
2025-01-21 07:00:00,N020,2.5662000000000003,1.183,0.0,Normal,Low,Low
2025-01-21 08:00:00,N001,2.6136000000000004,1.259,0.0,Normal,Low,Low
2025-01-21 08:00:00,N002,2.1552,1.214,0.0,Normal,Low,Low
2025-01-21 08:00:00,N003,2.78464,1.22,0.0,Normal,Low,Low
2025-01-21 08:00:00,N004,4.24036,1.446,0.0,Normal,Low,Low
2025-01-21 08:00:00,N005,4.40776,1.415,0.0,Normal,Low,Low
2025-01-21 08:00:00,N006,0.9797,1.075,0.0,Normal,Low,Low
2025-01-21 08:00:00,N007,2.4601200000000003,1.268,0.0,Normal,Low,Low
2025-01-21 08:00:00,N008,10.52339006521029,0.7079679121100051,1.537,Partial_Blockage,Moderate,Moderate
2025-01-21 08:00:00,N009,4.17792,1.42,0.0,Normal,Low,Low
2025-01-21 08:00:00,N010,3.56364,1.302,0.0,Normal,Low,Low
2025-01-21 08:00:00,N011,2.2260000000000004,1.167,0.0,Normal,Low,Low
2025-01-21 08:00:00,N012,2.6842200000000003,1.229,0.0,Normal,Low,Low
2025-01-21 08:00:00,N013,1.8851200000000001,1.15,0.0,Normal,Low,Low
2025-01-21 08:00:00,N014,3.8321599999999996,1.276,0.0,Normal,Low,Low
2025-01-21 08:00:00,N015,1.1093600000000001,1.053,0.0,Normal,Low,Low
2025-01-21 08:00:00,N016,20.63827108134879,0.4369638001792945,5.81,Severe_Blockage,High,High
2025-01-21 08:00:00,N017,21.9110717956947,0.4032390324462794,6.538,Severe_Blockage,High,High
2025-01-21 08:00:00,N018,3.0242999999999998,1.223,0.0,Normal,Low,Low
2025-01-21 08:00:00,N019,1.51704,1.119,0.0,Normal,Low,Low
2025-01-21 08:00:00,N020,10.914836083889082,0.565983671583214,2.369,Severe_Blockage,High,Moderate
2025-01-21 09:00:00,N001,33.837373666137,0.29783010339037785,11.88,Severe_Blockage,Critical,Critical
2025-01-21 09:00:00,N002,15.66988314288825,0.41436504091439824,4.588,Severe_Blockage,High,High
2025-01-21 09:00:00,N003,2.7205200000000005,1.261,0.0,Normal,Low,Low
2025-01-21 09:00:00,N004,1.5971399999999998,1.094,0.0,Normal,Low,Low
2025-01-21 09:00:00,N005,16.274307609385385,0.4795142417922692,4.235,Severe_Blockage,High,High
2025-01-21 09:00:00,N006,3.2301,1.228,0.0,Normal,Low,Low
2025-01-21 09:00:00,N007,3.8531999999999997,1.475,0.0,Normal,Low,Low
2025-01-21 09:00:00,N008,1.52912,1.103,0.0,Normal,Low,Low
2025-01-21 09:00:00,N009,12.540959406982273,0.6591483637412267,2.137,Partial_Blockage,Moderate,Moderate
2025-01-21 09:00:00,N010,2.98012,1.175,0.0,Normal,Low,Low
2025-01-21 09:00:00,N011,1.4946,1.208,0.0,Normal,Low,Low
2025-01-21 09:00:00,N012,4.24732,1.328,0.0,Normal,Low,Low
2025-01-21 09:00:00,N013,2.65232,1.138,0.0,Normal,Low,Low
2025-01-21 09:00:00,N014,2.75158,1.382,0.0,Normal,Low,Low
2025-01-21 09:00:00,N015,4.4827200000000005,1.303,0.0,Normal,Low,Low
2025-01-21 09:00:00,N016,2.0814999999999997,1.16,0.0,Normal,Low,Low
2025-01-21 09:00:00,N017,4.62528,1.346,0.0,Normal,Low,Low
2025-01-21 09:00:00,N018,3.4156799999999996,1.272,0.0,Normal,Low,Low
2025-01-21 09:00:00,N019,1.95048,1.131,0.0,Normal,Low,Low
2025-01-21 09:00:00,N020,2.0040799999999996,1.143,0.0,Normal,Low,Low
2025-01-21 10:00:00,N001,30.59545583641436,0.28871623912095634,10.881,Severe_Blockage,Critical,Critical
2025-01-21 10:00:00,N002,3.4573,1.353,0.0,Normal,Low,Low
2025-01-21 10:00:00,N003,4.96472,1.447,0.0,Normal,Low,Low
2025-01-21 10:00:00,N004,1.18618,1.128,0.0,Normal,Low,Low
2025-01-21 10:00:00,N005,2.68464,1.294,0.0,Normal,Low,Low
2025-01-21 10:00:00,N006,1.5132,1.084,0.0,Normal,Low,Low
2025-01-21 10:00:00,N007,3.3789599999999997,1.292,0.0,Normal,Low,Low
2025-01-21 10:00:00,N008,35.371263895446226,0.28348662167275845,12.672,Severe_Blockage,Critical,Critical
2025-01-21 10:00:00,N009,1.92512,1.21,0.0,Normal,Low,Low
2025-01-21 10:00:00,N010,5.01202,1.521,0.0,Normal,Low,Moderate
2025-01-21 10:00:00,N011,4.5792,1.426,0.0,Normal,Low,Low
2025-01-21 10:00:00,N012,2.2638000000000003,1.24,0.0,Normal,Low,Low
2025-01-21 10:00:00,N013,10.77670819247554,0.7342205326914532,1.432,Partial_Blockage,Moderate,Moderate
2025-01-21 10:00:00,N014,11.348270700839576,0.6128769284468845,2.197,Partial_Blockage,Moderate,Moderate
2025-01-21 10:00:00,N015,1.34708,1.088,0.0,Normal,Low,Low
2025-01-21 10:00:00,N016,1.9665,1.221,0.0,Normal,Low,Low
2025-01-21 10:00:00,N017,35.62630218975078,0.34887001496768427,11.599,Severe_Blockage,Critical,Critical
2025-01-21 10:00:00,N018,2.965,1.147,0.0,Normal,Low,Low
2025-01-21 10:00:00,N019,1.2642,1.081,0.0,Normal,Low,Low
2025-01-21 10:00:00,N020,3.16498,1.161,0.0,Normal,Low,Low
2025-01-21 11:00:00,N001,19.26914001735561,0.43134417829698307,5.479,Severe_Blockage,High,High
2025-01-21 11:00:00,N002,5.85496,1.433,0.0,Normal,Low,Moderate
2025-01-21 11:00:00,N003,6.40284,1.514,0.0,Normal,Low,Moderate
2025-01-21 11:00:00,N004,5.29578,1.462,0.0,Normal,Low,Moderate
2025-01-21 11:00:00,N005,23.34298886712686,0.49540317814645085,5.889,Severe_Blockage,High,High
2025-01-21 11:00:00,N006,3.492,1.424,0.0,Normal,Low,Low
2025-01-21 11:00:00,N007,3.58644,1.326,0.0,Normal,Low,Low
2025-01-21 11:00:00,N008,3.28962,1.466,0.0,Normal,Low,Low
2025-01-21 11:00:00,N009,0.95232,1.1,0.0,Normal,Low,Low
2025-01-21 11:00:00,N010,3.1260000000000003,1.469,0.0,Normal,Low,Low
2025-01-21 11:00:00,N011,36.47480768201872,0.2661514529388401,13.383,Severe_Blockage,Critical,Critical
2025-01-21 11:00:00,N012,4.22576,1.318,0.0,Normal,Low,Low
2025-01-21 11:00:00,N013,5.16216,1.519,0.0,Normal,Low,Moderate
2025-01-21 11:00:00,N014,16.128815531803866,0.4195902972595979,4.681,Severe_Blockage,High,High
2025-01-21 11:00:00,N015,9.014145292160558,0.6359769913644318,1.641,Partial_Blockage,Moderate,Moderate
2025-01-21 11:00:00,N016,12.107559812816266,0.703182958820635,1.797,Partial_Blockage,Moderate,Moderate
2025-01-21 11:00:00,N017,2.79152,1.163,0.0,Normal,Low,Low
2025-01-21 11:00:00,N018,0.9606600000000001,1.067,0.0,Normal,Low,Low
2025-01-21 11:00:00,N019,9.137683771151066,0.6279666191897447,1.7,Partial_Blockage,Moderate,Moderate
2025-01-21 11:00:00,N020,22.77225319307587,0.4510092797396323,6.251,Severe_Blockage,High,High
2025-01-21 12:00:00,N001,3.7048,1.238,0.0,Normal,Low,Low
2025-01-21 12:00:00,N002,1.9127399999999999,1.25,0.0,Normal,Low,Low
2025-01-21 12:00:00,N003,1.68544,1.118,0.0,Normal,Low,Low
2025-01-21 12:00:00,N004,2.9421,1.333,0.0,Normal,Low,Low
2025-01-21 12:00:00,N005,12.817034610786688,0.5938085919668767,2.603,Severe_Blockage,High,Moderate
2025-01-21 12:00:00,N006,39.2488443553357,0.38608703079718365,12.048,Severe_Blockage,Critical,Critical
2025-01-21 12:00:00,N007,5.52292,1.429,0.0,Normal,Low,Moderate
2025-01-21 12:00:00,N008,8.962604086256144,0.6820086970811999,1.425,Partial_Blockage,Moderate,Moderate
2025-01-21 12:00:00,N009,2.9798400000000003,1.2,0.0,Normal,Low,Low
2025-01-21 12:00:00,N010,4.9495000000000005,1.474,0.0,Normal,Low,Low
2025-01-21 12:00:00,N011,5.353,1.304,0.0,Normal,Low,Moderate
2025-01-21 12:00:00,N012,4.333559999999999,1.517,0.0,Normal,Low,Low
2025-01-21 12:00:00,N013,4.384,1.292,0.0,Normal,Low,Low
2025-01-21 12:00:00,N014,11.14040165923181,0.6880310378702728,1.738,Partial_Blockage,Moderate,Moderate
2025-01-21 12:00:00,N015,5.320400000000001,1.394,0.0,Normal,Low,Moderate
2025-01-21 12:00:00,N016,5.094499999999999,1.477,0.0,Normal,Low,Moderate
2025-01-21 12:00:00,N017,4.38,1.271,0.0,Normal,Low,Low
2025-01-21 12:00:00,N018,1.2453,1.091,0.0,Normal,Low,Low
2025-01-21 12:00:00,N019,18.61925487775528,0.5997348056120142,3.726,Severe_Blockage,High,High
2025-01-21 12:00:00,N020,2.29736,1.164,0.0,Normal,Low,Low
2025-01-21 13:00:00,N001,3.7487999999999997,1.391,0.0,Normal,Low,Low
2025-01-21 13:00:00,N002,5.4508600000000005,1.371,0.0,Normal,Low,Moderate
2025-01-21 13:00:00,N003,3.03196,1.477,0.0,Normal,Low,Low
2025-01-21 13:00:00,N004,2.97012,1.407,0.0,Normal,Low,Low
2025-01-21 13:00:00,N005,1.7992799999999998,1.15,0.0,Normal,Low,Low
2025-01-21 13:00:00,N006,2.8712,1.261,0.0,Normal,Low,Low
2025-01-21 13:00:00,N007,2.28228,1.163,0.0,Normal,Low,Low
2025-01-21 13:00:00,N008,3.10854,1.343,0.0,Normal,Low,Low
2025-01-21 13:00:00,N009,2.0787199999999997,1.153,0.0,Normal,Low,Low
2025-01-21 13:00:00,N010,1.52132,1.117,0.0,Normal,Low,Low
2025-01-21 13:00:00,N011,2.1942,1.188,0.0,Normal,Low,Low
2025-01-21 13:00:00,N012,13.548672039640962,0.625432485193949,2.537,Partial_Blockage,Moderate,Moderate
2025-01-21 13:00:00,N013,4.932,1.424,0.0,Normal,Low,Low
2025-01-21 13:00:00,N014,19.229672754622275,0.5558943969253896,4.27,Severe_Blockage,High,High
2025-01-21 13:00:00,N015,20.31343105270306,0.5046697210271572,5.031,Severe_Blockage,High,High
2025-01-21 13:00:00,N016,7.256499999999999,1.395,0.0,Normal,Low,Moderate
2025-01-21 13:00:00,N017,4.7303999999999995,1.316,0.0,Normal,Low,Low
2025-01-21 13:00:00,N018,6.238359999999999,1.334,0.0,Normal,Low,Moderate
2025-01-21 13:00:00,N019,5.06884,1.378,0.0,Normal,Low,Moderate
2025-01-21 13:00:00,N020,2.63952,1.157,0.0,Normal,Low,Low
2025-01-21 14:00:00,N001,2.6664,1.241,0.0,Normal,Low,Low
2025-01-21 14:00:00,N002,1.85886,1.16,0.0,Normal,Low,Low
2025-01-21 14:00:00,N003,3.05944,1.274,0.0,Normal,Low,Low
2025-01-21 14:00:00,N004,2.68992,1.396,0.0,Normal,Low,Low
2025-01-21 14:00:00,N005,2.6751199999999997,1.217,0.0,Normal,Low,Low
2025-01-21 14:00:00,N006,0.9021,1.059,0.0,Normal,Low,Low
2025-01-21 14:00:00,N007,1.80804,1.104,0.0,Normal,Low,Low
2025-01-21 14:00:00,N008,0.99594,1.085,0.0,Normal,Low,Low
2025-01-21 14:00:00,N009,14.579158745980138,0.6719109069390656,2.392,Partial_Blockage,Moderate,Moderate
2025-01-21 14:00:00,N010,3.2823,1.368,0.0,Normal,Low,Low
2025-01-21 14:00:00,N011,2.4486000000000003,1.195,0.0,Normal,Low,Low
2025-01-21 14:00:00,N012,5.61638,1.485,0.0,Normal,Low,Moderate
2025-01-21 14:00:00,N013,1.5563200000000001,1.098,0.0,Normal,Low,Low
2025-01-21 14:00:00,N014,1.5707399999999998,1.083,0.0,Normal,Low,Low
2025-01-21 14:00:00,N015,5.16192,1.402,0.0,Normal,Low,Moderate
2025-01-21 14:00:00,N016,2.4494999999999996,1.154,0.0,Normal,Low,Low
2025-01-21 14:00:00,N017,30.74408478120668,0.3818919879444108,9.502,Severe_Blockage,Critical,Critical
2025-01-21 14:00:00,N018,4.07984,1.443,0.0,Normal,Low,Low
2025-01-21 14:00:00,N019,1.806,1.136,0.0,Normal,Low,Low
2025-01-21 14:00:00,N020,6.7821,1.428,0.0,Normal,Low,Moderate
2025-01-21 15:00:00,N001,4.18,1.439,0.0,Normal,Low,Low
2025-01-21 15:00:00,N002,0.9967800000000001,1.098,0.0,Normal,Low,Low
2025-01-21 15:00:00,N003,3.7006400000000004,1.375,0.0,Normal,Low,Low
2025-01-21 15:00:00,N004,4.42716,1.386,0.0,Normal,Low,Low
2025-01-21 15:00:00,N005,20.65067783254213,0.40993358871081415,6.093,Severe_Blockage,High,High
2025-01-21 15:00:00,N006,2.3862,1.206,0.0,Normal,Low,Low
2025-01-21 15:00:00,N007,2.7861599999999997,1.243,0.0,Normal,Low,Low
2025-01-21 15:00:00,N008,4.56724,1.393,0.0,Normal,Low,Low
2025-01-21 15:00:00,N009,13.786058563180722,0.6897930707284774,2.138,Partial_Blockage,Moderate,Moderate
2025-01-21 15:00:00,N010,5.376720000000001,1.333,0.0,Normal,Low,Moderate
2025-01-21 15:00:00,N011,13.118385997359892,0.6456257314202296,2.324,Partial_Blockage,Moderate,Moderate
2025-01-21 15:00:00,N012,7.179480000000001,1.473,0.0,Normal,Low,Moderate
2025-01-21 15:00:00,N013,4.20864,1.399,0.0,Normal,Low,Low
2025-01-21 15:00:00,N014,25.851715510676026,0.3494518363830328,8.409,Severe_Blockage,Critical,Critical
2025-01-21 15:00:00,N015,0.8716400000000001,1.058,0.0,Normal,Low,Low
2025-01-21 15:00:00,N016,22.920658750912974,0.5360565797678988,5.317,Severe_Blockage,High,High
2025-01-21 15:00:00,N017,4.22816,1.23,0.0,Normal,Low,Low
2025-01-21 15:00:00,N018,1.74342,1.102,0.0,Normal,Low,Low
2025-01-21 15:00:00,N019,16.02902974223636,0.46381625413531413,4.297,Severe_Blockage,High,High
2025-01-21 15:00:00,N020,5.29126,1.369,0.0,Normal,Low,Moderate
2025-01-21 16:00:00,N001,2.4024,1.182,0.0,Normal,Low,Low
2025-01-21 16:00:00,N002,3.78058,1.358,0.0,Normal,Low,Low
2025-01-21 16:00:00,N003,5.0746400000000005,1.427,0.0,Normal,Low,Moderate
2025-01-21 16:00:00,N004,9.40144412165045,0.5894056886851176,1.93,Severe_Blockage,High,Moderate
2025-01-21 16:00:00,N005,4.31256,1.392,0.0,Normal,Low,Low
2025-01-21 16:00:00,N006,8.655499631829153,0.6855682081355609,1.361,Partial_Blockage,Moderate,Moderate
2025-01-21 16:00:00,N007,15.365421990795664,0.5914521002665645,3.139,Severe_Blockage,High,High
2025-01-21 16:00:00,N008,3.98376,1.396,0.0,Normal,Low,Low
2025-01-21 16:00:00,N009,2.1504000000000003,1.129,0.0,Normal,Low,Low
2025-01-21 16:00:00,N010,28.598921991197596,0.2506674307970176,10.715,Severe_Blockage,Critical,Critical
2025-01-21 16:00:00,N011,16.694531796071786,0.4624836673745017,4.487,Severe_Blockage,High,High
2025-01-21 16:00:00,N012,12.976112227050006,0.5869944573519943,2.68,Severe_Blockage,High,Moderate
2025-01-21 16:00:00,N013,1.6768800000000001,1.117,0.0,Normal,Low,Low
2025-01-21 16:00:00,N014,4.13294,1.437,0.0,Normal,Low,Low
2025-01-21 16:00:00,N015,21.395366324076964,0.42743566709796094,6.125,Severe_Blockage,High,High
2025-01-21 16:00:00,N016,3.8869999999999996,1.385,0.0,Normal,Low,Low
2025-01-21 16:00:00,N017,3.8660799999999997,1.292,0.0,Normal,Low,Low
2025-01-21 16:00:00,N018,15.267478729818452,0.4183117295120914,4.44,Severe_Blockage,High,High
2025-01-21 16:00:00,N019,5.56248,1.386,0.0,Normal,Low,Moderate
2025-01-21 16:00:00,N020,2.49288,1.09,0.0,Normal,Low,Low
2025-01-21 17:00:00,N001,1.0912,1.171,0.0,Normal,Low,Low
2025-01-21 17:00:00,N002,4.8761399999999995,1.5,0.0,Normal,Low,Low
2025-01-21 17:00:00,N003,4.186120000000001,1.463,0.0,Normal,Low,Low
2025-01-21 17:00:00,N004,6.57536,1.494,0.0,Normal,Low,Moderate
2025-01-21 17:00:00,N005,11.060831030166746,0.7010464140351172,1.653,Partial_Blockage,Moderate,Moderate
2025-01-21 17:00:00,N006,4.3553,1.348,0.0,Normal,Low,Low
2025-01-21 17:00:00,N007,3.3394399999999997,1.316,0.0,Normal,Low,Low
2025-01-21 17:00:00,N008,2.4144,1.193,0.0,Normal,Low,Low
2025-01-21 17:00:00,N009,10.689330069442153,0.6202808873096726,2.029,Partial_Blockage,Moderate,Moderate
2025-01-21 17:00:00,N010,15.219766789410196,0.5528555842119466,3.403,Severe_Blockage,High,High
2025-01-21 17:00:00,N011,27.013084400580464,0.2807379701666385,9.715,Severe_Blockage,Critical,Critical
2025-01-21 17:00:00,N012,3.84846,1.261,0.0,Normal,Low,Low
2025-01-21 17:00:00,N013,5.260800000000001,1.476,0.0,Normal,Low,Moderate
2025-01-21 17:00:00,N014,0.8354999999999999,1.054,0.0,Normal,Low,Low
2025-01-21 17:00:00,N015,19.577829402135194,0.5545863127767917,4.36,Severe_Blockage,High,High
2025-01-21 17:00:00,N016,13.78887542714587,0.6947222155626108,2.105,Partial_Blockage,Moderate,Moderate
2025-01-21 17:00:00,N017,24.62116106490881,0.42189142550855885,7.117,Severe_Blockage,High,High
2025-01-21 17:00:00,N018,5.42002,1.405,0.0,Normal,Low,Moderate
2025-01-21 17:00:00,N019,2.4922799999999996,1.146,0.0,Normal,Low,Low
2025-01-21 17:00:00,N020,2.57842,1.115,0.0,Normal,Low,Low
2025-01-21 18:00:00,N001,24.25362876253466,0.4496568281360456,6.674,Severe_Blockage,High,High
2025-01-21 18:00:00,N002,2.28092,1.288,0.0,Normal,Low,Low
2025-01-21 18:00:00,N003,0.7786,1.057,0.0,Normal,Low,Low
2025-01-21 18:00:00,N004,1.5971399999999998,1.148,0.0,Normal,Low,Low
2025-01-21 18:00:00,N005,10.421421607182577,0.5731465622622707,2.224,Severe_Blockage,High,Moderate
2025-01-21 18:00:00,N006,1.1252,1.102,0.0,Normal,Low,Low
2025-01-21 18:00:00,N007,4.53492,1.535,0.0,Normal,Low,Low
2025-01-21 18:00:00,N008,15.339395322892203,0.5696530719699963,3.301,Severe_Blockage,High,High
2025-01-21 18:00:00,N009,5.31456,1.31,0.0,Normal,Low,Moderate
2025-01-21 18:00:00,N010,1.32334,1.124,0.0,Normal,Low,Low
2025-01-21 18:00:00,N011,0.8480000000000001,1.076,0.0,Normal,Low,Low
2025-01-21 18:00:00,N012,4.031720000000001,1.446,0.0,Normal,Low,Low
2025-01-21 18:00:00,N013,3.84696,1.4,0.0,Normal,Low,Low
2025-01-21 18:00:00,N014,14.193687869250068,0.7214026671601848,1.977,Partial_Blockage,Moderate,Moderate
2025-01-21 18:00:00,N015,8.839689419181777,0.5752450847617926,1.877,Severe_Blockage,High,Moderate
2025-01-21 18:00:00,N016,4.071,1.426,0.0,Normal,Low,Low
2025-01-21 18:00:00,N017,4.23984,1.312,0.0,Normal,Low,Low
2025-01-21 18:00:00,N018,1.2453,1.061,0.0,Normal,Low,Low
2025-01-21 18:00:00,N019,7.043399999999999,1.457,0.0,Normal,Low,Moderate
2025-01-21 18:00:00,N020,1.3564200000000002,1.107,0.0,Normal,Low,Low
2025-01-21 19:00:00,N001,21.878154277962878,0.5289544872865614,5.153,Severe_Blockage,High,High
2025-01-21 19:00:00,N002,1.53558,1.117,0.0,Normal,Low,Low
2025-01-21 19:00:00,N003,4.87312,1.508,0.0,Normal,Low,Low
2025-01-21 19:00:00,N004,4.08158,1.426,0.0,Normal,Low,Low
2025-01-21 19:00:00,N005,3.4557599999999997,1.338,0.0,Normal,Low,Low
2025-01-21 19:00:00,N006,3.0749,1.427,0.0,Normal,Low,Low
2025-01-21 19:00:00,N007,8.53236092573521,0.5640812507937558,1.86,Severe_Blockage,High,Moderate
2025-01-21 19:00:00,N008,19.477098042528873,0.5740125237378209,4.148,Severe_Blockage,High,High
2025-01-21 19:00:00,N009,2.16064,1.173,0.0,Normal,Low,Low
2025-01-21 19:00:00,N010,2.2403,1.168,0.0,Normal,Low,Low
2025-01-21 19:00:00,N011,3.6252,1.382,0.0,Normal,Low,Low
2025-01-21 19:00:00,N012,8.962406783932314,0.5935689147996491,1.821,Severe_Blockage,High,Moderate
2025-01-21 19:00:00,N013,1.30424,1.056,0.0,Normal,Low,Low
2025-01-21 19:00:00,N014,3.2974399999999995,1.286,0.0,Normal,Low,Low
2025-01-21 19:00:00,N015,18.214401329845717,0.49695570129926797,4.581,Severe_Blockage,High,High
2025-01-21 19:00:00,N016,3.1395,1.174,0.0,Normal,Low,Low
2025-01-21 19:00:00,N017,3.29376,1.189,0.0,Normal,Low,Low
2025-01-21 19:00:00,N018,3.53428,1.227,0.0,Normal,Low,Low
2025-01-21 19:00:00,N019,1.33644,1.114,0.0,Normal,Low,Low
2025-01-21 19:00:00,N020,4.36254,1.282,0.0,Normal,Low,Low
